id_municipio,nome_municipio,sigla_uf,taxa_2023,meta_2024,prob_risco,faixa,nao_atingiu_2024
2910206,Dom Macedo Costa,BA,85.87,80.0,0.982,critico,1
4305124,Cerrito,RS,75.07,75.82,0.981,critico,1
4304408,Canela,RS,78.68,78.87,0.978,critico,1
4304507,Canguçu,RS,79.7,79.74,0.975,critico,1
4305504,Ciríaco,RS,86.67,80.0,0.974,critico,0
4315800,Roca Sales,RS,75.61,76.28,0.973,critico,1
4318804,São Lourenço do Sul,RS,79.09,79.22,0.973,critico,1
4309100,Gramado,RS,79.08,79.21,0.973,critico,1
4307500,Espumoso,RS,81.25,80.0,0.972,critico,1
4301909,Barra do Ribeiro,RS,68.6,70.43,0.972,critico,1
4318903,São Luiz Gonzaga,RS,80.28,80.0,0.972,critico,1
4319901,Sapiranga,RS,72.77,73.9,0.972,critico,1
4305900,Coronel Bicaco,RS,79.2,79.32,0.971,critico,1
4315404,Redentora,RS,81.44,80.0,0.97,critico,1
4308078,Fazenda Vilanova,RS,80.0,80.0,0.969,critico,1
4307906,Farroupilha,RS,83.04,80.0,0.969,critico,1
4305009,Catuípe,RS,83.62,80.0,0.969,critico,1
4313607,Paim Filho,RS,78.96,79.11,0.969,critico,1
4321451,Teutônia,RS,83.41,80.0,0.968,critico,1
4316907,Santa Maria,RS,65.32,67.72,0.967,critico,1
4301552,Áurea,RS,86.67,80.0,0.967,critico,1
4318408,São Jerônimo,RS,81.83,80.0,0.967,critico,1
4313037,Nova Esperança do Sul,RS,86.19,80.0,0.967,critico,0
2915700,Itamari,BA,59.67,63.04,0.967,critico,1
2909000,Cordeiros,BA,69.32,71.03,0.966,critico,1
4319604,São Sepé,RS,82.29,80.0,0.966,critico,1
4303905,Campo Bom,RS,77.34,77.73,0.966,critico,1
2914109,Ipupiara,BA,66.75,68.9,0.965,critico,1
4309209,Gravataí,RS,63.64,66.33,0.965,critico,1
4305108,Caxias do Sul,RS,69.15,70.89,0.964,critico,1
2920304,Malhada de Pedras,BA,70.36,71.89,0.964,critico,1
4302105,Bento Gonçalves,RS,77.38,77.77,0.964,critico,1
4320354,Sentinela do Sul,RS,73.81,74.77,0.964,critico,1
4300877,Araricá,RS,75.69,76.34,0.964,critico,1
4313508,Osório,RS,67.79,69.76,0.964,critico,1
4305801,Constantina,RS,80.01,80.0,0.964,critico,1
4304952,Caseiros,RS,86.13,80.0,0.963,critico,1
4306957,Entre Rios do Sul,RS,79.48,79.55,0.962,critico,1
4319125,São Martinho da Serra,RS,76.47,77.0,0.962,critico,1
4303103,Cachoeirinha,RS,58.04,61.68,0.962,critico,1
4313953,Pantano Grande,RS,72.52,73.69,0.961,critico,1
4311403,Lajeado,RS,74.67,75.49,0.961,critico,1
4310108,Igrejinha,RS,80.14,80.0,0.96,critico,1
4322608,Venâncio Aires,RS,78.14,78.41,0.96,critico,1
4317400,Santiago,RS,72.84,73.95,0.96,critico,1
4323002,Viamão,RS,58.86,62.36,0.96,critico,1
4317806,Santo Augusto,RS,77.71,78.05,0.96,critico,1
4314506,Pinheiro Machado,RS,67.1,69.19,0.96,critico,1
4312807,Nova Araçá,RS,82.28,80.0,0.959,critico,1
4314209,Pedro Osório,RS,67.71,69.69,0.959,critico,1
4315156,Progresso,RS,78.42,78.65,0.959,critico,1
4304200,Candelária,RS,75.36,76.07,0.958,critico,1
4311601,Liberato Salzano,RS,73.29,74.33,0.958,critico,1
4320404,Serafina Corrêa,RS,83.22,80.0,0.956,critico,1
4312450,Morro Redondo,RS,72.96,74.06,0.956,critico,1
2931350,Teixeira de Freitas,BA,51.85,56.5,0.956,critico,1
4321501,Torres,RS,62.86,65.68,0.956,critico,1
2918902,Lajedão,BA,58.38,61.97,0.956,critico,1
4316956,Santa Maria do Herval,RS,78.3,78.55,0.955,critico,1
4322509,Vacaria,RS,65.96,68.24,0.955,critico,1
2900504,Érico Cardoso,BA,68.05,69.97,0.955,critico,1
4321808,Três de Maio,RS,79.03,79.17,0.954,critico,1
4320453,Sério,RS,85.41,80.0,0.954,critico,1
4315701,Rio Pardo,RS,73.36,74.39,0.954,critico,1
4310207,Ijuí,RS,76.47,77.0,0.954,critico,1
4321956,Trindade do Sul,RS,82.51,80.0,0.954,critico,1
4301057,Arroio do Sal,RS,67.46,69.49,0.953,critico,1
4307708,Esteio,RS,63.38,66.11,0.953,critico,1
4306809,Encantado,RS,80.77,80.0,0.953,critico,1
2921807,Mortugaba,BA,68.97,70.74,0.952,critico,1
4322400,Uruguaiana,RS,61.3,64.39,0.952,critico,1
4308607,Garibaldi,RS,74.4,75.26,0.952,critico,1
4314068,Passa Sete,RS,85.26,80.0,0.952,critico,1
2933257,Vereda,BA,67.84,69.8,0.952,critico,1
4313060,Nova Hartz,RS,72.08,73.32,0.952,critico,1
4315750,Riozinho,RS,76.01,76.61,0.952,critico,1
4322806,Veranópolis,RS,77.14,77.57,0.952,critico,1
2927408,Salvador,BA,39.16,45.52,0.951,critico,1
4321667,Três Cachoeiras,RS,87.85,80.0,0.951,critico,1
4305132,Cerro Branco,RS,71.87,73.15,0.951,critico,1
4317202,Santa Rosa,RS,72.42,73.6,0.951,critico,1
4308052,Faxinalzinho,RS,78.18,78.45,0.951,critico,1
4301602,Bagé,RS,62.01,64.98,0.951,critico,1
4300638,Amaral Ferrador,RS,70.56,72.06,0.951,critico,1
4313409,Novo Hamburgo,RS,62.37,65.27,0.95,critico,1
4321907,Três Passos,RS,82.86,80.0,0.95,critico,1
4313805,Palmitinho,RS,84.12,80.0,0.95,critico,1
4316451,Salto do Jacuí,RS,81.46,80.0,0.95,critico,1
4303608,Cambará do Sul,RS,60.0,63.31,0.95,critico,0
4318002,São Borja,RS,65.4,67.78,0.95,critico,1
2926806,Rio do Antônio,BA,62.54,65.42,0.95,critico,1
2917409,Jacaraci,BA,63.77,66.43,0.95,critico,1
4320008,Sapucaia do Sul,RS,59.14,62.6,0.949,critico,1
2913002,Ibitiara,BA,62.17,65.11,0.949,critico,1
4313201,Nova Petrópolis,RS,91.67,80.0,0.949,critico,1
4323705,Vista Gaúcha,RS,74.26,75.14,0.949,critico,0
4311106,Jaguari,RS,64.9,67.37,0.949,critico,1
4305447,Chuvisca,RS,71.05,72.46,0.948,critico,1
4306403,Dois Irmãos,RS,78.45,78.68,0.948,critico,1
4318705,São Leopoldo,RS,57.01,60.83,0.948,critico,1
4319000,São Marcos,RS,83.78,80.0,0.948,critico,1
4302402,Bom Retiro do Sul,RS,78.19,78.46,0.947,critico,1
4318457,São José das Missões,RS,78.44,78.67,0.947,critico,1
4301636,Balneário Pinhal,RS,58.38,61.97,0.947,critico,1
4302303,Bom Jesus,RS,72.59,73.75,0.946,critico,1
4304713,Caraá,RS,90.82,80.0,0.946,critico,1
2904605,Brumado,BA,53.28,57.7,0.946,critico,1
4301008,Arroio do Meio,RS,82.6,80.0,0.946,critico,1
4320206,Seberi,RS,83.74,80.0,0.946,critico,1
4313300,Nova Prata,RS,78.78,78.96,0.945,critico,1
4322905,Viadutos,RS,86.68,80.0,0.945,critico,0
2924504,Pindaí,BA,71.04,72.46,0.945,critico,1
2923001,Nova Viçosa,BA,56.37,60.29,0.945,critico,1
4307609,Estância Velha,RS,67.25,69.31,0.945,critico,1
4314001,Paraí,RS,92.98,80.0,0.944,critico,1
4318614,São José do Sul,RS,85.0,80.0,0.944,critico,1
4308201,Flores da Cunha,RS,79.01,79.15,0.944,critico,1
4309654,Hulha Negra,RS,70.19,71.75,0.944,critico,1
4320701,Sobradinho,RS,82.34,80.0,0.943,critico,1
4317707,Santo Antônio das Missões,RS,73.47,74.48,0.943,critico,1
4304689,Capela de Santana,RS,67.66,69.65,0.943,critico,1
4317608,Santo Antônio da Patrulha,RS,77.32,77.72,0.943,critico,1
2919405,Licínio de Almeida,BA,75.0,75.76,0.942,critico,1
4317905,Santo Cristo,RS,76.02,76.62,0.942,critico,1
4312443,Morrinhos do Sul,RS,80.01,80.0,0.942,critico,1
2918704,Lafaiete Coutinho,BA,67.65,69.64,0.942,critico,1
1303304,Novo Aripuanã,AM,83.98,80.0,0.942,critico,1
4302352,Bom Princípio,RS,73.71,74.68,0.942,critico,1
4304705,Carazinho,RS,63.87,66.52,0.942,critico,1
4323507,Vista Alegre,RS,90.0,80.0,0.942,critico,1
4306908,Encruzilhada do Sul,RS,63.87,66.52,0.941,critico,1
4315206,Putinga,RS,87.73,80.0,0.941,critico,0
4301206,Arroio do Tigre,RS,80.42,80.0,0.941,critico,1
2929503,São Sebastião do Passé,BA,49.95,54.89,0.941,critico,1
4310801,Ivoti,RS,77.4,77.79,0.941,critico,1
4316600,Sananduva,RS,74.42,75.28,0.94,critico,1
4305959,Cotiporã,RS,73.99,74.92,0.94,critico,1
1302603,Manaus,AM,52.2,56.8,0.94,critico,1
4312054,Marques de Souza,RS,75.87,76.49,0.94,critico,1
2931004,Tanhaçu,BA,58.73,62.26,0.939,critico,1
4304903,Casca,RS,83.0,80.0,0.939,critico,1
4319158,São Miguel das Missões,RS,76.3,76.86,0.939,critico,1
4304606,Canoas,RS,53.16,57.6,0.939,critico,1
4301503,Augusto Pestana,RS,82.81,80.0,0.938,critico,1
4308102,Feliz,RS,72.78,73.9,0.938,critico,1
4317509,Santo Ângelo,RS,64.36,66.92,0.938,critico,1
4314050,Parobé,RS,57.83,61.51,0.938,critico,1
4321436,Terra de Areia,RS,66.9,69.02,0.938,critico,1
4318481,São José do Hortêncio,RS,78.76,78.94,0.937,critico,1
2931053,Tanque Novo,BA,63.45,66.17,0.937,critico,1
2909505,Cravolândia,BA,57.33,61.09,0.937,critico,1
4311809,Marau,RS,66.61,68.78,0.937,critico,1
2921005,Mata de São João,BA,54.01,58.32,0.937,critico,1
4301073,Arroio do Padre,RS,94.58,80.0,0.937,critico,1
4322525,Vale Verde,RS,85.54,80.0,0.936,critico,1
4307401,Esmeralda,RS,84.43,80.0,0.936,critico,1
4310306,Ilópolis,RS,87.4,80.0,0.936,critico,1
4316808,Santa Cruz do Sul,RS,64.84,67.32,0.936,critico,1
4308300,Fontoura Xavier,RS,62.05,65.01,0.936,critico,1
4313391,Novo Cabrais,RS,86.08,80.0,0.936,critico,1
4319737,São Valério do Sul,RS,71.43,72.78,0.936,critico,1
4309902,Ibiraiaras,RS,78.46,78.69,0.935,critico,1
4306007,Crissiumal,RS,73.17,74.23,0.935,critico,1
4313102,Nova Palma,RS,81.13,80.0,0.935,critico,1
2925303,Porto Seguro,BA,46.72,52.13,0.935,critico,1
2904209,Botuporã,BA,62.08,65.03,0.935,critico,1
4321600,Tramandaí,RS,54.39,58.64,0.935,critico,1
4312138,Mato Castelhano,RS,76.48,77.01,0.935,critico,1
4321857,Três Palmeiras,RS,80.96,80.0,0.935,critico,1
4322327,Turuçu,RS,82.83,80.0,0.935,critico,1
4312302,Miraguaí,RS,78.98,79.13,0.935,critico,1
4303509,Camaquã,RS,58.61,62.16,0.935,critico,1
4323770,Westfália,RS,82.91,80.0,0.935,critico,1
4319109,São Martinho,RS,83.57,80.0,0.934,critico,1
2905206,Caetité,BA,49.15,54.21,0.934,critico,1
4312252,Minas do Leão,RS,73.26,74.31,0.934,critico,1
4318309,São Gabriel,RS,61.13,64.25,0.934,critico,1
4313490,Novo Barreiro,RS,62.07,65.03,0.934,critico,1
4309001,Giruá,RS,76.29,76.85,0.934,critico,1
4314100,Passo Fundo,RS,58.54,62.1,0.934,critico,1
4301800,Barracão,RS,73.34,74.37,0.934,critico,1
2930006,Sebastião Laranjeiras,BA,59.03,62.51,0.934,critico,1
4319406,São Pedro do Sul,RS,77.14,77.57,0.933,critico,1
2928703,Santo Antônio de Jesus,BA,33.47,40.35,0.933,critico,0
4300208,Ajuricaba,RS,80.14,80.0,0.933,critico,0
4319356,São Pedro da Serra,RS,80.67,80.0,0.933,critico,1
2912004,Ibiassucê,BA,65.01,67.46,0.933,critico,1
2920601,Maragogipe,BA,47.43,52.74,0.933,critico,0
2929057,São Félix do Coribe,BA,54.89,59.05,0.933,critico,1
4315008,Porto Lucena,RS,78.57,78.78,0.932,critico,0
4312401,Montenegro,RS,65.93,68.22,0.932,critico,1
4320909,Tapejara,RS,69.7,71.34,0.932,critico,1
4315602,Rio Grande,RS,54.17,58.45,0.932,critico,1
4315172,Protásio Alves,RS,79.98,79.98,0.932,critico,1
4306973,Erebango,RS,73.33,74.36,0.932,critico,1
4305207,Cerro Largo,RS,75.07,75.82,0.931,critico,1
4311718,Maçambará,RS,66.97,69.08,0.931,critico,1
4322707,Vera Cruz,RS,66.46,68.66,0.931,critico,1
2924702,Piripá,BA,64.26,66.84,0.931,critico,1
4316428,Sagrada Família,RS,78.81,78.98,0.931,critico,1
4312906,Nova Bassano,RS,77.91,78.22,0.931,critico,1
4308706,Gaurama,RS,78.81,78.98,0.931,critico,1
2922409,Mutuípe,BA,58.37,61.96,0.931,critico,1
4306700,Dona Francisca,RS,81.25,80.0,0.931,critico,1
2907509,Catu,BA,43.47,49.32,0.931,critico,1
2928604,Santo Amaro,BA,43.81,49.62,0.931,critico,1
4310439,Ipê,RS,81.57,80.0,0.931,critico,1
4313904,Panambi,RS,75.28,76.0,0.93,critico,1
4300505,Alpestre,RS,74.94,75.71,0.93,critico,1
4320800,Soledade,RS,66.25,68.48,0.93,critico,1
4315305,Quaraí,RS,54.77,58.95,0.93,critico,1
4318440,São Jorge,RS,76.67,77.17,0.929,critico,1
4311734,Mampituba,RS,66.23,68.47,0.929,critico,1
4314027,Paraíso do Sul,RS,82.26,80.0,0.929,critico,1
4308409,Formigueiro,RS,89.47,80.0,0.928,critico,1
2922003,Mucuri,BA,49.09,54.16,0.928,critico,1
4300455,Alegria,RS,100.0,80.0,0.928,critico,1
4323101,Vicente Dutra,RS,72.28,73.49,0.928,critico,1
2925204,Pojuca,BA,60.54,63.76,0.928,critico,1
2923035,Novo Horizonte,BA,60.58,63.79,0.928,critico,0
4314498,Pinheirinho do Vale,RS,85.11,80.0,0.928,critico,1
2904308,Brejões,BA,53.47,57.86,0.927,critico,1
4308003,Faxinal do Soturno,RS,79.13,79.26,0.927,critico,1
4319802,São Vicente do Sul,RS,77.33,77.73,0.927,critico,1
4321329,Taquaruçu do Sul,RS,83.99,80.0,0.927,critico,0
4322533,Vale do Sol,RS,86.11,80.0,0.927,critico,1
4319307,São Paulo das Missões,RS,77.73,78.07,0.926,critico,1
4316105,Ronda Alta,RS,75.29,76.01,0.926,critico,1
4303806,Campinas do Sul,RS,91.46,80.0,0.926,critico,1
4322301,Tuparendi,RS,88.1,80.0,0.926,critico,1
2933307,Vitória da Conquista,BA,47.86,53.11,0.926,critico,1
4318424,São João da Urtiga,RS,76.53,77.05,0.926,critico,1
4306601,Dom Pedrito,RS,57.45,61.19,0.926,critico,1
4322541,Vale Real,RS,76.3,76.86,0.926,critico,1
4320677,Sinimbu,RS,69.64,71.29,0.926,critico,1
4322251,Tupandi,RS,81.98,80.0,0.926,critico,1
4310538,Itaara,RS,58.94,62.43,0.925,critico,1
4320321,Senador Salgado Filho,RS,83.97,80.0,0.925,critico,1
4317103,Sant'Ana do Livramento,RS,49.75,54.72,0.924,critico,1
4313086,Nova Pádua,RS,84.62,80.0,0.924,critico,1
4311627,Lindolfo Collor,RS,67.55,69.56,0.924,critico,1
2919009,Lajedinho,BA,50.0,54.93,0.924,critico,1
4314704,Planalto,RS,72.47,73.65,0.923,critico,1
2917201,Ituaçu,BA,57.52,61.25,0.923,critico,1
4303673,Campestre da Serra,RS,90.0,80.0,0.923,critico,0
4312385,Monte Belo do Sul,RS,80.97,80.0,0.923,critico,1
4304697,Capitão,RS,87.05,80.0,0.923,critico,1
4320107,Sarandi,RS,71.47,72.81,0.923,critico,1
4322152,Tunas,RS,68.21,70.11,0.922,critico,1
4305306,Chapada,RS,75.31,76.02,0.922,critico,1
2919959,Maetinga,BA,60.98,64.12,0.922,critico,1
4300034,Aceguá,RS,69.95,71.55,0.922,critico,1
4312658,Não-Me-Toque,RS,66.12,68.38,0.922,critico,1
2918001,Jequié,BA,37.87,44.37,0.922,critico,1
4303004,Cachoeira do Sul,RS,57.47,61.21,0.922,critico,1
4319364,São Pedro das Missões,RS,90.0,80.0,0.922,critico,0
2905008,Caculé,BA,51.82,56.48,0.922,critico,1
4322202,Tupanciretã,RS,71.92,73.19,0.921,critico,1
4311304,Lagoa Vermelha,RS,61.02,64.16,0.921,critico,1
2910800,Feira de Santana,BA,31.96,38.95,0.921,critico,1
4310579,Itapuca,RS,80.62,80.0,0.921,critico,1
4315107,Porto Xavier,RS,71.76,73.05,0.921,critico,1
4311254,Lagoão,RS,84.62,80.0,0.92,critico,1
4300604,Alvorada,RS,46.56,52.0,0.92,critico,1
4316006,Rolante,RS,88.63,80.0,0.92,critico,1
4306502,Dom Feliciano,RS,59.64,63.01,0.92,critico,1
2927804,Santa Cruz da Vitória,BA,45.13,50.76,0.919,critico,1
2929909,Seabra,BA,48.67,53.8,0.918,critico,1
4307807,Estrela,RS,67.6,69.6,0.918,critico,1
4313334,Nova Ramada,RS,86.97,80.0,0.918,critico,1
4305173,Cerro Grande do Sul,RS,57.48,61.22,0.918,critico,1
4321105,Tapes,RS,58.59,62.14,0.918,critico,1
4302006,Barros Cassal,RS,51.05,55.82,0.917,critico,1
2913408,Igaporã,BA,57.17,60.96,0.917,critico,1
4314076,Passo do Sobrado,RS,88.54,80.0,0.917,critico,1
4313656,Palmares do Sul,RS,53.49,57.88,0.917,critico,1
4305355,Charqueadas,RS,63.76,66.43,0.917,critico,1
4304309,Cândido Godói,RS,75.52,76.2,0.917,critico,1
4303202,Cacique Doble,RS,88.64,80.0,0.916,critico,1
4317756,Santo Antônio do Planalto,RS,77.14,77.57,0.916,critico,1
4314753,Poço das Antas,RS,85.45,80.0,0.916,critico,1
4310363,Imigrante,RS,78.24,78.5,0.916,critico,1
2912301,Ibicuí,BA,58.94,62.43,0.916,critico,1
2900801,Alcobaça,BA,45.33,50.94,0.915,critico,1
4306130,Cruzaltense,RS,77.78,78.11,0.915,critico,1
4307005,Erechim,RS,61.21,64.31,0.915,critico,1
4309704,Humaitá,RS,90.66,80.0,0.915,critico,1
4313441,Novo Tiradentes,RS,71.43,72.78,0.915,critico,1
2932606,Urandi,BA,59.24,62.68,0.914,critico,1
4307203,Erval Grande,RS,91.99,80.0,0.914,critico,1
2908309,Conceição do Almeida,BA,53.85,58.18,0.913,critico,1
4320263,Segredo,RS,75.0,75.76,0.913,critico,0
2930154,Serra do Ramalho,BA,36.17,42.83,0.913,critico,1
2933455,Wanderley,BA,54.03,58.33,0.912,critico,1
4302253,Boa Vista do Sul,RS,73.33,74.36,0.912,critico,0
2912806,Ibirapuã,BA,60.48,63.71,0.912,critico,1
4309308,Guaíba,RS,49.72,54.7,0.912,critico,1
4311122,Jaquirana,RS,68.5,70.35,0.912,critico,1
4321469,Tio Hugo,RS,87.5,80.0,0.912,critico,1
2903508,Belo Campo,BA,47.6,52.89,0.911,critico,1
2911709,Guanambi,BA,48.58,53.73,0.911,critico,1
4323200,Victor Graeff,RS,88.92,80.0,0.911,critico,1
4312104,Mata,RS,65.56,67.91,0.911,critico,1
4310405,Independência,RS,66.59,68.77,0.911,critico,1
4310702,Itatiba do Sul,RS,88.89,80.0,0.911,critico,1
2917102,Itororó,BA,47.4,52.72,0.911,critico,1
4302204,Boa Vista do Buricá,RS,81.93,80.0,0.911,critico,1
2902401,Aurelino Leal,BA,42.65,48.61,0.911,critico,1
4321204,Taquara,RS,63.93,66.57,0.91,critico,1
2910776,Feira da Mata,BA,55.73,59.76,0.91,critico,1
1303205,Novo Airão,AM,75.88,76.5,0.91,critico,1
4309753,Ibarama,RS,71.02,72.44,0.91,critico,1
1302108,Japurá,AM,77.3,77.7,0.91,critico,0
2929750,Saubara,BA,43.18,49.07,0.91,critico,0
4321626,Travesseiro,RS,87.67,80.0,0.909,critico,1
4302659,Brochier,RS,64.81,67.29,0.909,critico,1
4314464,Pinhal da Serra,RS,74.14,75.04,0.909,critico,1
4301651,Barão,RS,86.39,80.0,0.909,critico,1
2931806,Tremedal,BA,49.49,54.5,0.909,critico,1
2919926,Madre de Deus,BA,40.71,46.9,0.909,critico,1
4320651,Silveira Martins,RS,66.67,68.83,0.908,critico,1
4304663,Capão do Leão,RS,48.68,53.81,0.908,critico,1
4317301,Santa Vitória do Palmar,RS,56.01,59.99,0.908,critico,1
4308904,Getúlio Vargas,RS,73.54,74.54,0.907,critico,1
2913507,Iguaí,BA,49.55,54.55,0.907,critico,1
4323804,Xangri-lá,RS,56.84,60.68,0.907,critico,1
2901007,Amargosa,BA,51.07,55.84,0.906,critico,1
4314035,Pareci Novo,RS,73.01,74.1,0.906,critico,1
2914604,Irecê,BA,42.02,48.05,0.906,critico,1
4316501,Salvador do Sul,RS,88.12,80.0,0.905,critico,1
4313359,Nova Roma do Sul,RS,82.57,80.0,0.905,critico,0
2921104,Medeiros Neto,BA,51.46,56.17,0.905,critico,1
4320578,Sete de Setembro,RS,78.57,78.78,0.905,critico,1
4301958,Barra Funda,RS,68.75,70.55,0.904,critico,1
2909604,Crisópolis,BA,50.31,55.2,0.904,critico,1
4321303,Taquari,RS,49.6,54.6,0.904,critico,1
2925105,Poções,BA,44.01,49.79,0.904,critico,1
2921203,Miguel Calmon,BA,47.8,53.06,0.903,critico,1
2905909,Campo Alegre de Lourdes,BA,36.68,43.29,0.903,critico,1
4312757,Nova Alvorada,RS,90.0,80.0,0.903,critico,1
4318101,São Francisco de Assis,RS,58.21,61.82,0.903,critico,1
4303301,Caibaté,RS,89.44,80.0,0.903,critico,1
2930709,Simões Filho,BA,42.62,48.58,0.903,critico,1
4316303,Roque Gonzales,RS,75.71,76.36,0.903,critico,1
2916401,Itapetinga,BA,39.63,45.94,0.902,critico,1
4302808,Caçapava do Sul,RS,54.77,58.95,0.902,critico,1
4322558,Vanini,RS,83.67,80.0,0.902,critico,1
2917904,Jandaíra,BA,50.51,55.37,0.902,critico,1
2921450,Mirante,BA,52.17,56.77,0.901,critico,1
4321402,Tenente Portela,RS,67.61,69.61,0.901,critico,1
4306106,Cruz Alta,RS,57.42,61.17,0.901,critico,1
2933406,Wagner,BA,53.42,57.82,0.901,critico,1
4315552,Rio dos Índios,RS,88.89,80.0,0.901,critico,0
2908606,Conde,BA,40.59,46.79,0.901,critico,1
2931608,Teolândia,BA,47.32,52.65,0.901,critico,1
2910057,Dias d'Ávila,BA,35.5,42.22,0.901,critico,1
2919702,Macarani,BA,49.05,54.13,0.9,critico,1
2917607,Jaguaquara,BA,46.31,51.78,0.9,critico,0
4310850,Jaboticaba,RS,85.54,80.0,0.9,critico,1
4312377,Monte Alegre dos Campos,RS,63.26,66.01,0.9,critico,1
4306924,Engenho Velho,RS,76.92,77.38,0.899,critico,1
4311908,Marcelino Ramos,RS,73.23,74.28,0.899,critico,0
2923902,Pau Brasil,BA,44.65,50.35,0.899,critico,1
2919801,Macaúbas,BA,43.5,49.35,0.899,critico,1
2926301,Riachão do Jacuípe,BA,38.41,44.85,0.899,critico,1
2927309,Salinas da Margarida,BA,47.81,53.07,0.898,critico,1
2929602,Sapeaçu,BA,56.84,60.68,0.898,critico,0
4304804,Carlos Barbosa,RS,67.4,69.44,0.898,critico,1
4307559,Estação,RS,73.44,74.46,0.898,critico,1
2921401,Mirangaba,BA,33.73,40.59,0.898,critico,1
2913606,Ilhéus,BA,32.25,39.22,0.897,critico,1
4314803,Portão,RS,56.04,60.02,0.897,critico,1
4320552,Sertão Santana,RS,74.77,75.57,0.897,critico,1
4309555,Harmonia,RS,85.53,80.0,0.897,critico,1
2913903,Ipiaú,BA,33.64,40.51,0.897,critico,1
4305871,Coronel Barros,RS,84.76,80.0,0.897,critico,1
2910701,Euclides da Cunha,BA,33.07,39.98,0.896,critico,1
4308508,Frederico Westphalen,RS,63.23,65.99,0.896,critico,1
4315149,Presidente Lucena,RS,87.03,80.0,0.896,critico,1
2928406,Santa Rita de Cássia,BA,46.95,52.33,0.896,critico,1
4321352,Tavares,RS,65.7,68.03,0.895,critico,1
1301951,Itamarati,AM,70.62,72.11,0.895,critico,0
4315909,Rodeio Bonito,RS,88.57,80.0,0.895,critico,1
4312500,Mostardas,RS,51.38,56.1,0.895,critico,1
2902302,Aratuípe,BA,47.9,53.15,0.895,critico,0
4311007,Jaguarão,RS,48.21,53.41,0.895,critico,1
2903953,Bom Jesus da Serra,BA,41.85,47.9,0.895,critico,1
2910727,Eunápolis,BA,34.62,41.41,0.895,critico,1
2911253,Gavião,BA,60.47,63.7,0.895,critico,1
4306452,Dois Lajeados,RS,91.2,80.0,0.895,critico,1
4319505,São Sebastião do Caí,RS,57.7,61.4,0.895,critico,1
4300851,Arambaré,RS,57.54,61.27,0.894,critico,1
4312153,Mato Leitão,RS,88.99,80.0,0.894,critico,1
2914802,Itabuna,BA,31.6,38.61,0.894,critico,1
4310900,Jacutinga,RS,84.62,80.0,0.894,critico,1
2909802,Cruz das Almas,BA,34.64,41.43,0.893,critico,1
1508050,Trairão,PA,70.84,72.29,0.893,critico,1
4306205,Cruzeiro do Sul,RS,68.21,70.11,0.892,critico,1
4305975,Coxilha,RS,63.41,66.14,0.892,critico,1
2914703,Itaberaba,BA,42.22,48.23,0.892,critico,1
4323408,Vila Maria,RS,94.44,80.0,0.892,critico,1
1504307,Maracanã,PA,68.07,69.99,0.891,critico,1
4317558,Santo Antônio do Palma,RS,72.22,73.44,0.891,critico,1
4305702,Condor,RS,81.15,80.0,0.891,critico,1
2926707,Rio de Contas,BA,50.44,55.31,0.891,critico,0
4300802,Antônio Prado,RS,65.93,68.22,0.891,critico,1
4316758,Santa Clara do Sul,RS,91.08,80.0,0.89,critico,1
2918803,Laje,BA,46.61,52.04,0.89,critico,1
2906600,Candiba,BA,46.72,52.13,0.89,critico,1
2901601,Antas,BA,44.12,49.89,0.889,critico,1
1501402,Belém,PA,48.22,53.42,0.889,critico,1
4314423,Picada Café,RS,85.93,80.0,0.889,critico,1
2928059,Santa Luzia,BA,33.46,40.34,0.888,critico,1
4300901,Aratiba,RS,85.04,80.0,0.887,critico,1
2925956,Rafael Jambeiro,BA,48.41,53.58,0.886,critico,1
1508159,Uruará,PA,65.52,67.88,0.886,critico,1
4307302,Erval Seco,RS,67.41,69.44,0.886,critico,1
2917300,Ituberá,BA,44.09,49.86,0.886,critico,1
4309506,Guarani das Missões,RS,70.37,71.9,0.886,critico,1
4306379,Dilermando de Aguiar,RS,67.29,69.35,0.886,critico,1
2917334,Iuiu,BA,49.03,54.11,0.886,critico,1
4322855,Vespasiano Corrêa,RS,81.25,80.0,0.885,critico,1
2926657,Ribeirão do Largo,BA,47.25,52.59,0.885,critico,0
2904407,Brejolândia,BA,41.09,47.23,0.885,critico,1
2915601,Itamaraju,BA,44.07,49.84,0.885,critico,1
4305850,Coqueiros do Sul,RS,86.57,80.0,0.885,critico,1
4302709,Butiá,RS,51.25,55.99,0.884,critico,1
4304655,Capão do Cipó,RS,88.68,80.0,0.884,critico,1
2925931,Quixabeira,BA,38.72,45.13,0.884,critico,0
2915502,Itajuípe,BA,34.37,41.18,0.884,critico,1
4321709,Três Coroas,RS,55.48,59.55,0.884,critico,1
2933109,Várzea do Poço,BA,44.82,50.5,0.884,critico,1
2923803,Paripiranga,BA,51.85,56.5,0.884,critico,1
2922730,Nova Fátima,BA,46.81,52.21,0.884,critico,1
4314159,Paverama,RS,63.58,66.28,0.883,critico,1
4310504,Iraí,RS,67.21,69.28,0.883,critico,1
4318499,São José do Inhacorá,RS,82.48,80.0,0.883,critico,1
2915007,Itaeté,BA,41.31,47.43,0.883,critico,1
4314605,Piratini,RS,60.04,63.34,0.882,critico,1
4313003,Nova Bréscia,RS,77.31,77.71,0.882,critico,0
4308250,Floriano Peixoto,RS,85.71,80.0,0.881,critico,1
4316709,Santa Bárbara do Sul,RS,66.04,68.31,0.881,critico,1
4319372,São Pedro do Butiá,RS,85.71,80.0,0.881,critico,1
4300570,Alto Feliz,RS,72.7,73.84,0.881,critico,1
4309605,Horizontina,RS,71.23,72.61,0.88,critico,1
2906857,Capela do Alto Alegre,BA,35.87,42.56,0.88,critico,0
2923407,Palmas de Monte Alto,BA,45.51,51.09,0.878,critico,1
1713601,Monte do Carmo,TO,69.96,71.56,0.878,critico,1
4320859,Tabaí,RS,59.69,63.05,0.878,critico,1
2912509,Ibipitanga,BA,44.17,49.93,0.877,critico,1
2927705,Santa Cruz Cabrália,BA,40.45,46.67,0.877,critico,1
4305587,Colinas,RS,86.88,80.0,0.877,critico,1
4323358,Vila Lângaro,RS,71.21,72.6,0.876,critico,1
4312617,Muitos Capões,RS,68.75,70.55,0.876,critico,1
2903409,Belmonte,BA,35.8,42.49,0.876,critico,1
2902708,Barra,BA,26.84,34.04,0.876,critico,1
2922755,Nova Ibiá,BA,50.34,55.22,0.875,critico,1
2932903,Valença,BA,31.04,38.08,0.875,critico,1
4323606,Vista Alegre do Prata,RS,95.03,80.0,0.875,critico,0
4319711,São Valentim do Sul,RS,94.12,80.0,0.875,critico,1
4306734,Doutor Maurício Cardoso,RS,76.88,77.35,0.874,critico,1
2916104,Itaparica,BA,38.25,44.71,0.874,critico,1
2909208,Coronel João Sá,BA,28.7,35.85,0.874,critico,0
4320230,Sede Nova,RS,85.29,80.0,0.874,critico,1
4305405,Chiapetta,RS,78.57,78.78,0.873,critico,0
2913200,Ibotirama,BA,42.38,48.37,0.873,critico,1
2907558,Caturama,BA,46.92,52.31,0.873,critico,1
2929305,São Gonçalo dos Campos,BA,36.4,43.04,0.873,critico,1
2929107,São Felipe,BA,45.9,51.43,0.873,critico,1
4309050,Glorinha,RS,65.09,67.53,0.872,critico,1
2903201,Barreiras,BA,37.98,44.47,0.872,critico,1
2932002,Uauá,BA,44.93,50.59,0.872,critico,1
4301875,Barra do Quaraí,RS,61.01,64.15,0.872,critico,1
1721000,Palmas,TO,58.66,62.2,0.871,critico,1
2910107,Dom Basílio,BA,48.34,53.52,0.871,critico,1
4313375,Nova Santa Rita,RS,57.28,61.05,0.871,critico,0
4306320,Derrubadas,RS,49.71,54.69,0.871,critico,0
4315073,Porto Vera Cruz,RS,63.16,65.93,0.87,critico,0
4306551,Dom Pedro de Alcântara,RS,95.45,80.0,0.87,critico,1
2911303,Gentio do Ouro,BA,45.07,50.71,0.87,critico,0
4315354,Quinze de Novembro,RS,68.89,70.67,0.87,critico,0
2909703,Cristópolis,BA,44.52,50.23,0.87,critico,1
1302405,Lábrea,AM,64.34,66.9,0.87,critico,1
2930766,Sítio do Quinto,BA,44.05,49.83,0.87,critico,1
1302900,Maués,AM,53.17,57.61,0.87,critico,1
2902609,Baixa Grande,BA,36.29,42.94,0.869,critico,1
4311502,Lavras do Sul,RS,57.89,61.56,0.869,critico,1
4302238,Boa Vista do Incra,RS,71.3,72.67,0.869,critico,1
1300706,Boca do Acre,AM,59.09,62.56,0.869,critico,1
4316733,Santa Cecília do Sul,RS,75.0,75.76,0.869,critico,1
2907301,Castro Alves,BA,44.01,49.79,0.869,critico,1
2906006,Campo Formoso,BA,36.78,43.38,0.869,critico,1
4303707,Campina das Missões,RS,91.99,80.0,0.869,critico,1
4311239,Lagoa Bonita do Sul,RS,70.83,72.28,0.869,critico,1
2910404,Encruzilhada,BA,41.87,47.92,0.869,critico,1
4306056,Cristal,RS,66.3,68.53,0.869,critico,0
4315313,Quatro Irmãos,RS,52.94,57.42,0.869,critico,1
4302220,Boa Vista do Cadeado,RS,71.42,72.77,0.868,critico,1
1500800,Ananindeua,PA,59.04,62.51,0.868,critico,1
2931400,Teodoro Sampaio,BA,41.03,47.18,0.868,critico,1
2918555,Jussari,BA,35.85,42.54,0.868,critico,1
4317954,Santo Expedito do Sul,RS,100.0,80.0,0.867,critico,1
4307450,Esperança do Sul,RS,97.22,80.0,0.867,critico,0
2932705,Uruçuca,BA,30.01,37.1,0.867,critico,1
4311700,Machadinho,RS,67.76,69.73,0.867,critico,1
2806701,São Cristóvão,SE,55.87,59.87,0.867,critico,0
2933208,Vera Cruz,BA,39.14,45.5,0.866,critico,1
4300059,Água Santa,RS,64.61,67.13,0.866,critico,1
2911204,Gandu,BA,33.26,40.16,0.866,critico,0
2914901,Itacaré,BA,32.32,39.28,0.866,critico,1
4307815,Estrela Velha,RS,96.83,80.0,0.866,critico,1
4303558,Camargo,RS,80.0,80.0,0.866,critico,1
2906501,Candeias,BA,32.66,39.6,0.866,critico,1
2917508,Jacobina,BA,30.73,37.79,0.865,critico,1
2925907,Quijingue,BA,38.46,44.9,0.865,critico,1
2932101,Ubaíra,BA,47.39,52.71,0.865,critico,1
2901957,Apuarema,BA,37.0,43.58,0.865,critico,1
2923605,Paramirim,BA,46.89,52.28,0.865,critico,1
2919058,Lajedo do Tabocal,BA,55.06,59.2,0.864,critico,1
1501725,Brasil Novo,PA,73.21,74.26,0.864,critico,0
2901304,Andaraí,BA,44.8,50.48,0.863,critico,1
1506187,Rondon do Pará,PA,60.17,63.45,0.863,critico,0
2919207,Lauro de Freitas,BA,29.63,36.74,0.863,critico,1
2508554,Logradouro,PB,80.75,80.0,0.863,critico,0
2910750,Fátima,BA,42.51,48.48,0.863,critico,0
2906907,Caravelas,BA,40.91,47.08,0.862,critico,0
2904001,Boninal,BA,45.05,50.69,0.862,critico,1
2902005,Aracatu,BA,41.95,47.99,0.862,critico,1
4318200,São Francisco de Paula,RS,56.8,60.65,0.861,critico,1
4304002,Campo Novo,RS,62.91,65.72,0.861,critico,1
2932507,Una,BA,37.89,44.38,0.861,critico,0
4318507,São José do Norte,RS,53.9,58.23,0.86,critico,1
1302702,Manicoré,AM,51.77,56.43,0.859,critico,0
2910008,Dário Meira,BA,37.81,44.31,0.859,critico,1
4313706,Palmeira das Missões,RS,48.72,53.85,0.859,critico,1
2908002,Coaraci,BA,37.24,43.8,0.859,critico,1
2903102,Barra do Rocha,BA,38.14,44.61,0.859,critico,1
2903904,Bom Jesus da Lapa,BA,33.88,40.73,0.858,critico,1
4300109,Agudo,RS,56.12,60.08,0.858,critico,1
1712157,Lavandeira,TO,69.23,70.95,0.857,critico,1
1505908,Porto de Moz,PA,72.52,73.69,0.857,critico,0
2906709,Cândido Sales,BA,38.1,44.57,0.857,critico,1
4106902,Curitiba,PR,70.41,71.93,0.857,critico,1
2916609,Itapitanga,BA,31.02,38.06,0.857,critico,1
1300102,Anori,AM,75.99,76.6,0.857,critico,0
2920502,Maracás,BA,52.47,57.02,0.856,critico,1
2411502,Santo Antônio,RN,66.5,68.69,0.855,critico,1
1300201,Atalaia do Norte,AM,54.2,58.48,0.854,critico,0
2902807,Barra da Estiva,BA,47.58,52.87,0.853,critico,1
2919504,Livramento de Nossa Senhora,BA,38.43,44.87,0.853,critico,1
2903706,Boa Nova,BA,44.22,49.97,0.853,critico,1
1720853,Sucupira,TO,77.59,77.95,0.852,critico,1
4302600,Braga,RS,40.0,46.27,0.852,critico,1
2924801,Piritiba,BA,43.07,48.97,0.852,critico,1
2908101,Cocos,BA,48.62,53.76,0.852,critico,1
1302553,Manaquiri,AM,47.0,52.37,0.851,critico,1
4302501,Bossoroca,RS,50.0,54.93,0.851,critico,1
4312005,Mariano Moro,RS,94.12,80.0,0.851,critico,1
4322376,Unistalda,RS,58.82,62.33,0.85,critico,1
2925006,Planalto,BA,40.09,46.35,0.85,critico,1
2927200,Ruy Barbosa,BA,38.25,44.71,0.85,critico,1
4316204,Rondinha,RS,87.52,80.0,0.85,critico,1
1303106,Nova Olinda do Norte,AM,51.39,56.11,0.85,critico,1
4310462,Ipiranga do Sul,RS,82.35,80.0,0.85,critico,1
2924900,Planaltino,BA,53.78,58.12,0.849,critico,1
2920106,Mairi,BA,40.81,46.99,0.849,critico,1
2923209,Oliveira dos Brejinhos,BA,38.11,44.58,0.849,critico,1
2906899,Caraíbas,BA,46.59,52.02,0.849,critico,1
4322004,Triunfo,RS,66.82,68.96,0.849,critico,1
2926608,Ribeira do Pombal,BA,34.39,41.2,0.849,critico,1
2413607,Severiano Melo,RN,71.63,72.95,0.849,critico,1
4307864,Fagundes Varela,RS,92.86,80.0,0.848,critico,1
1504422,Marituba,PA,57.34,61.1,0.848,critico,1
2901205,Anagé,BA,36.54,43.17,0.848,critico,1
2904803,Caatiba,BA,48.46,53.62,0.847,critico,1
1503606,Itaituba,PA,61.0,64.14,0.845,critico,1
2905602,Camacan,BA,34.0,40.84,0.845,critico,1
4312179,Mato Queimado,RS,88.24,80.0,0.845,critico,1
2909406,Cotegipe,BA,40.77,46.95,0.844,critico,1
4312203,Maximiliano de Almeida,RS,93.75,80.0,0.844,critico,1
4319752,São Vendelino,RS,100.0,80.0,0.843,critico,1
2904100,Boquira,BA,39.47,45.8,0.843,critico,1
4323309,Vila Flores,RS,90.54,80.0,0.843,critico,1
4305439,Chuí,RS,50.0,54.93,0.843,critico,1
2921054,Matina,BA,41.7,47.77,0.843,critico,1
1301654,Guajará,AM,61.86,64.85,0.842,critico,1
4311270,Lagoa dos Três Cantos,RS,61.9,64.89,0.842,critico,1
1507755,Sapucaia,PA,79.88,79.9,0.842,critico,1
2903276,Barrocas,BA,42.08,48.11,0.841,critico,1
1505031,Novo Progresso,PA,61.43,64.5,0.841,critico,1
2905404,Cairu,BA,36.91,43.5,0.84,critico,1
2933174,Varzedo,BA,44.14,49.91,0.84,critico,1
4321006,Tapera,RS,61.35,64.43,0.84,critico,0
2412005,São Gonçalo do Amarante,RN,52.34,56.91,0.84,critico,1
2933505,Wenceslau Guimarães,BA,38.38,44.82,0.84,critico,1
2922201,Muniz Ferreira,BA,45.91,51.44,0.84,critico,1
2512903,Rio Tinto,PB,77.84,78.16,0.838,critico,1
1505502,Paragominas,PA,62.45,65.34,0.838,critico,1
2903805,Boa Vista do Tupim,BA,33.4,40.29,0.837,critico,1
4300646,Ametista do Sul,RS,48.98,54.07,0.836,critico,0
1505064,Novo Repartimento,PA,55.6,59.65,0.836,critico,1
4315503,Restinga Sêca,RS,45.49,51.07,0.836,critico,1
2927002,Rio Real,BA,40.97,47.13,0.835,critico,1
2918407,Juazeiro,BA,31.18,38.21,0.835,critico,1
2923506,Palmeiras,BA,43.73,49.55,0.835,critico,1
4310413,Inhacorá,RS,62.65,65.51,0.833,critico,1
4301701,Barão de Cotegipe,RS,92.23,80.0,0.833,critico,1
1504802,Monte Alegre,PA,53.95,58.27,0.833,critico,1
2926400,Riacho de Santana,BA,42.15,48.17,0.832,critico,0
2931301,Tapiramutá,BA,33.06,39.97,0.832,critico,0
4307104,Herval,RS,52.82,57.32,0.831,critico,0
4302907,Cacequi,RS,50.76,55.58,0.831,critico,1
1506807,Santarém,PA,54.92,59.08,0.831,critico,1
1716109,Paraíso do Tocantins,TO,60.56,63.78,0.83,critico,1
2407807,Monte Alegre,RN,59.18,62.63,0.829,critico,1
2909307,Correntina,BA,36.71,43.32,0.829,critico,1
2902658,Banzaê,BA,40.8,46.98,0.829,critico,1
2403251,Parnamirim,RN,44.3,50.04,0.829,critico,1
4314472,Pinhal Grande,RS,63.64,66.33,0.829,critico,1
2931905,Tucano,BA,28.98,36.12,0.828,critico,1
1300409,Barcelos,AM,48.61,53.75,0.828,critico,1
2900355,Adustina,BA,44.68,50.37,0.828,critico,1
4308854,Gentil,RS,94.44,80.0,0.827,critico,0
2904050,Bonito,BA,40.18,46.43,0.827,critico,1
2911600,Governador Mangabeira,BA,36.92,43.51,0.827,critico,1
2921500,Monte Santo,BA,30.9,37.95,0.826,critico,1
2916856,Itatim,BA,51.6,56.29,0.825,critico,1
4312476,Morro Reuter,RS,51.54,56.24,0.825,critico,0
2901809,Antônio Gonçalves,BA,32.58,39.52,0.825,critico,1
2403608,Extremoz,RN,48.0,53.23,0.824,critico,1
2932309,Ubatã,BA,31.43,38.45,0.822,critico,0
3304557,Rio de Janeiro,RJ,56.19,60.14,0.822,critico,0
2924306,Piatã,BA,42.2,48.21,0.822,critico,1
2928109,Santa Maria da Vitória,BA,32.33,39.29,0.822,critico,1
2925501,Prado,BA,34.88,41.65,0.821,critico,1
1301852,Iranduba,AM,45.23,50.85,0.821,critico,1
4310009,Ibirubá,RS,59.96,63.28,0.82,critico,1
1300060,Amaturá,AM,62.67,65.52,0.82,critico,1
2932408,Uibaí,BA,33.09,40.0,0.819,critico,1
4311791,Maratá,RS,67.82,69.78,0.819,critico,1
2504801,Coremas,PB,67.07,69.16,0.818,critico,1
2906105,Canápolis,BA,37.3,43.85,0.818,critico,1
2911402,Glória,BA,35.91,42.59,0.816,critico,1
2922607,Nilo Peçanha,BA,36.06,42.73,0.816,critico,0
2407708,Montanhas,RN,58.69,62.22,0.816,critico,1
2901106,Amélia Rodrigues,BA,37.49,44.02,0.816,critico,0
4314175,Pedras Altas,RS,64.71,67.21,0.814,critico,1
4312609,Muçum,RS,50.88,55.68,0.814,critico,1
4308433,Forquetinha,RS,60.8,63.97,0.814,critico,1
1502202,Capanema,PA,62.0,64.97,0.813,critico,1
2926905,Rio do Pires,BA,36.5,43.13,0.813,critico,1
4319208,São Nicolau,RS,57.89,61.56,0.812,critico,1
2924009,Paulo Afonso,BA,24.79,32.01,0.812,critico,1
2402709,Cerro Corá,RN,60.42,63.66,0.811,critico,1
2921708,Morro do Chapéu,BA,36.21,42.87,0.811,critico,1
4302378,Bom Progresso,RS,56.25,60.19,0.811,critico,0
4314134,Paulo Bento,RS,62.5,65.38,0.811,critico,1
3303401,Nova Friburgo,RJ,65.29,67.69,0.811,critico,0
1507979,Terra Santa,PA,70.72,72.19,0.81,critico,1
1502954,Eldorado do Carajás,PA,52.88,57.37,0.81,critico,1
4313011,Nova Candelária,RS,90.91,80.0,0.81,critico,1
2930600,Serrolândia,BA,32.84,39.77,0.81,critico,1
2933604,Xique-Xique,BA,31.02,38.06,0.808,critico,1
2908903,Coração de Maria,BA,30.95,37.99,0.808,critico,1
2916807,Itarantim,BA,38.17,44.64,0.808,critico,1
2913705,Inhambupe,BA,29.49,36.61,0.808,critico,1
1506708,Santana do Araguaia,PA,54.53,58.75,0.808,critico,1
2508208,Lagoa de Dentro,PB,67.61,69.61,0.808,critico,1
4111001,Itambaracá,PR,79.12,79.25,0.807,critico,0
2404853,Itajá,RN,56.95,60.78,0.806,critico,1
2204006,Francinópolis,PI,77.97,78.27,0.806,critico,0
2928901,São Desidério,BA,44.69,50.38,0.805,critico,0
2414803,Vera Cruz,RN,58.73,62.26,0.805,critico,1
2914000,Ipirá,BA,29.98,37.07,0.805,critico,1
2413003,São Vicente,RN,62.96,65.76,0.804,critico,1
2924652,Pintadas,BA,44.93,50.59,0.804,critico,0
2900702,Alagoinhas,BA,33.57,40.44,0.804,critico,1
2931202,Taperoá,BA,38.83,45.23,0.804,critico,0
2924603,Pindobaçu,BA,34.17,41.0,0.804,critico,1
2902500,Baianópolis,BA,39.85,46.14,0.803,critico,1
1304237,Tonantins,AM,45.93,51.45,0.803,critico,1
2927903,Santa Inês,BA,47.34,52.67,0.802,critico,1
2917805,Jaguaripe,BA,25.85,33.07,0.802,critico,0
1500131,Abel Figueiredo,PA,59.81,63.15,0.802,critico,1
2901353,Andorinha,BA,32.96,39.88,0.802,critico,1
1502939,Dom Eliseu,PA,59.32,62.75,0.801,critico,0
2920403,Manoel Vitorino,BA,39.54,45.86,0.801,critico,1
1504208,Marabá,PA,51.46,56.17,0.801,critico,1
2909109,Coribe,BA,47.33,52.66,0.8,critico,1
1300144,Apuí,AM,56.79,60.64,0.8,critico,1
4320503,Sertão,RS,59.81,63.15,0.799,critico,1
2928802,Santo Estêvão,BA,32.65,39.59,0.799,critico,1
1507904,Soure,PA,62.77,65.61,0.799,critico,1
2923100,Olindina,BA,34.5,41.3,0.799,critico,1
2402402,Carnaúba dos Dantas,RN,65.52,67.88,0.798,critico,1
4321634,Três Arroios,RS,100.0,80.0,0.796,critico,1
3304201,Resende,RJ,68.62,70.45,0.796,critico,0
1304302,Urucará,AM,57.02,60.83,0.796,critico,0
2922854,Nova Redenção,BA,31.91,38.9,0.794,critico,1
2107704,Paraibano,MA,78.85,79.02,0.794,critico,1
2915106,Itagi,BA,37.75,44.26,0.793,critico,1
4300661,André da Rocha,RS,68.75,70.55,0.793,critico,1
2919553,Luís Eduardo Magalhães,BA,29.41,36.53,0.793,critico,1
4318606,São José do Ouro,RS,62.54,65.42,0.793,critico,1
2905701,Camaçari,BA,33.55,40.43,0.793,critico,1
1503457,Ipixuna do Pará,PA,39.7,46.0,0.792,critico,1
4305603,Colorado,RS,63.64,66.33,0.792,critico,0
1505536,Parauapebas,PA,54.32,58.58,0.791,critico,1
2513000,Salgadinho,PB,72.73,73.86,0.791,critico,0
2915304,Itagimirim,BA,32.81,39.74,0.79,critico,1
2916906,Itiruçu,BA,32.86,39.79,0.79,critico,1
4115200,Maringá,PR,80.49,80.0,0.79,critico,1
2906808,Cansanção,BA,29.69,36.8,0.79,critico,1
2902906,Barra do Choça,BA,36.09,42.76,0.789,critico,1
2907905,Cipó,BA,27.9,35.07,0.789,critico,1
2923308,Ouriçangas,BA,35.94,42.62,0.789,critico,0
3303906,Petrópolis,RJ,62.52,65.4,0.789,critico,1
2914406,Iraquara,BA,38.87,45.26,0.788,critico,1
1506138,Redenção,PA,55.06,59.2,0.788,critico,1
2104701,Graça Aranha,MA,72.78,73.9,0.788,critico,0
1506559,Santa Luzia do Pará,PA,56.45,60.36,0.787,critico,1
4307054,Ernestina,RS,61.92,64.9,0.787,critico,1
1303007,Nhamundá,AM,64.67,67.18,0.787,critico,1
2708303,São José da Laje,AL,79.22,79.33,0.787,critico,0
2701407,Campo Alegre,AL,65.49,67.86,0.786,critico,1
2906303,Canavieiras,BA,28.98,36.12,0.786,critico,1
2912905,Ibirataia,BA,32.79,39.72,0.786,critico,1
2912707,Ibirapitanga,BA,31.23,38.26,0.786,critico,1
2913804,Ipecaetá,BA,34.83,41.61,0.786,critico,0
2914653,Itabela,BA,31.1,38.14,0.785,critico,1
2503506,Cacimba de Dentro,PB,79.49,79.56,0.785,critico,1
2918100,Jeremoabo,BA,27.04,34.24,0.785,critico,1
2919306,Lençóis,BA,36.17,42.83,0.785,critico,1
2930501,Serrinha,BA,25.2,32.42,0.784,critico,1
1502509,Chaves,PA,44.8,50.48,0.783,critico,0
1700350,Aliança do Tocantins,TO,95.52,80.0,0.783,critico,1
1506195,Rurópolis,PA,57.97,61.62,0.782,critico,1
1303403,Parintins,AM,51.88,56.53,0.782,critico,1
2516003,Solânea,PB,78.56,78.77,0.782,critico,1
2929008,São Félix,BA,32.07,39.05,0.782,critico,1
2905107,Caém,BA,35.37,42.1,0.782,critico,1
1718402,Presidente Kennedy,TO,69.46,71.14,0.781,critico,1
2901700,Antônio Cardoso,BA,33.89,40.74,0.781,critico,1
4315131,Pouso Novo,RS,92.31,80.0,0.781,critico,0
1303700,Santo Antônio do Içá,AM,59.68,63.05,0.78,critico,1
2933059,Várzea da Roça,BA,32.58,39.52,0.78,critico,1
4323457,Vila Nova do Sul,RS,49.03,54.11,0.78,critico,1
1301704,Humaitá,AM,50.25,55.15,0.78,critico,0
3304524,Rio das Ostras,RJ,65.82,68.13,0.779,critico,0
4119905,Ponta Grossa,PR,75.79,76.43,0.779,critico,1
4319703,São Valentim,RS,91.76,80.0,0.779,critico,1
1508084,Tucumã,PA,58.8,62.31,0.779,critico,1
2905800,Camamu,BA,25.96,33.17,0.778,critico,1
2901502,Anguera,BA,38.74,45.15,0.778,critico,0
2932804,Utinga,BA,33.84,40.69,0.778,critico,1
4104808,Cascavel,PR,80.11,80.0,0.778,critico,1
2921302,Milagres,BA,33.87,40.72,0.778,critico,0
2916500,Itapicuru,BA,28.08,35.25,0.777,critico,0
4309803,Ibiaçá,RS,70.33,71.87,0.777,critico,1
2909901,Curaçá,BA,29.66,36.77,0.777,critico,1
2929255,São Gabriel,BA,33.19,40.09,0.777,critico,1
1508126,Ulianópolis,PA,61.76,64.77,0.775,critico,1
4316402,Rosário do Sul,RS,35.19,41.94,0.775,critico,1
2918357,João Dourado,BA,34.64,41.43,0.775,critico,0
2903003,Barra do Mendes,BA,39.25,45.6,0.775,critico,1
1719004,Santa Tereza do Tocantins,TO,48.09,53.31,0.774,critico,1
4322343,Ubiretama,RS,100.0,80.0,0.774,critico,1
2929354,São José da Vitória,BA,31.3,38.32,0.774,critico,1
4312955,Nova Boa Vista,RS,100.0,80.0,0.774,critico,1
1600535,Porto Grande,AP,65.21,67.62,0.773,critico,0
2509339,Matinhas,PB,79.28,79.38,0.773,critico,1
2702108,Colônia Leopoldina,AL,84.66,80.0,0.772,critico,1
1708205,Formoso do Araguaia,TO,63.68,66.36,0.772,critico,1
4308458,Fortaleza dos Valos,RS,100.0,80.0,0.771,critico,1
4316477,Salvador das Missões,RS,100.0,80.0,0.77,critico,1
2908200,Conceição da Feira,BA,31.68,38.68,0.77,critico,1
1502301,Capitão Poço,PA,50.98,55.77,0.769,critico,1
2911808,Guaratinga,BA,22.69,29.89,0.769,critico,1
4118501,Pato Branco,PR,78.22,78.48,0.768,critico,1
2200053,Acauã,PI,81.71,80.0,0.768,critico,0
2108801,Pirapemas,MA,83.02,80.0,0.768,critico,1
1501576,Bom Jesus do Tocantins,PA,58.11,61.74,0.768,critico,1
2411601,São Bento do Norte,RN,57.76,61.45,0.767,critico,1
1718204,Porto Nacional,TO,56.8,60.65,0.767,critico,1
1500602,Altamira,PA,46.67,52.09,0.766,critico,1
2410256,Porto do Mangue,RN,58.35,61.94,0.766,critico,1
1301001,Carauari,AM,47.38,52.7,0.765,critico,1
2511905,Pitimbu,PB,75.96,76.57,0.764,critico,1
2907103,Carinhanha,BA,28.55,35.7,0.764,critico,1
2908408,Conceição do Coité,BA,28.58,35.73,0.764,critico,1
2900108,Abaíra,BA,34.57,41.37,0.763,critico,0
4124707,São Jerônimo da Serra,PR,81.2,80.0,0.762,critico,1
4312351,Montauri,RS,100.0,80.0,0.762,critico,1
2929370,São José do Jacuípe,BA,23.18,30.39,0.761,critico,1
4113700,Londrina,PR,73.87,74.82,0.761,critico,1
2512788,Riacho de Santo Antônio,PB,78.57,78.78,0.761,critico,1
2901155,América Dourada,BA,32.19,39.16,0.761,critico,0
1711506,Jaú do Tocantins,TO,61.09,64.21,0.76,critico,1
2933158,Várzea Nova,BA,32.8,39.73,0.76,critico,1
2700904,Belo Monte,AL,83.89,80.0,0.76,critico,0
1600154,Pedra Branca do Amapari,AP,66.25,68.48,0.76,critico,1
3546801,Santa Isabel,SP,72.24,73.45,0.76,critico,1
1505635,Piçarra,PA,58.29,61.89,0.759,critico,1
4108403,Francisco Beltrão,PR,79.67,79.72,0.758,critico,1
4103701,Cambé,PR,79.11,79.24,0.758,critico,1
2701001,Boca da Mata,AL,73.6,74.59,0.758,critico,0
2803005,Itabaianinha,SE,59.05,62.52,0.757,critico,1
2704609,Maravilha,AL,68.8,70.6,0.757,critico,0
2516508,Taperoá,PB,78.33,78.57,0.757,critico,0
4210050,Macieira,SC,80.0,80.0,0.757,critico,1
2907608,Central,BA,30.85,37.9,0.756,critico,1
2201606,Beneditinos,PI,77.58,77.94,0.756,critico,1
2903300,Barro Preto,BA,39.29,45.64,0.756,critico,1
2509057,Marcação,PB,68.93,70.7,0.756,critico,1
3527108,Lins,SP,74.25,75.13,0.755,critico,0
2111201,São José de Ribamar,MA,62.27,65.19,0.755,critico,1
4314787,Ponte Preta,RS,60.0,63.31,0.755,critico,1
2109403,Primeira Cruz,MA,75.54,76.22,0.755,critico,1
2906402,Candeal,BA,30.92,37.97,0.754,critico,1
4118402,Paranavaí,PR,80.45,80.0,0.754,critico,1
4128203,União da Vitória,PR,74.94,75.71,0.754,critico,1
2930907,Tabocas do Brejo Velho,BA,35.84,42.53,0.753,critico,0
2924405,Pilão Arcado,BA,23.9,31.12,0.753,critico,1
2932200,Ubaitaba,BA,29.79,36.89,0.753,critico,1
1501501,Benevides,PA,60.59,63.8,0.752,critico,0
2901403,Angical,BA,38.05,44.53,0.752,critico,1
1709500,Gurupi,TO,44.44,50.17,0.752,critico,0
1503507,Irituia,PA,45.28,50.89,0.752,critico,1
4117214,Nova Santa Bárbara,PR,84.94,80.0,0.751,critico,1
4311643,Linha Nova,RS,100.0,80.0,0.751,critico,1
2930402,Serra Preta,BA,31.84,38.83,0.75,critico,1
2915205,Itagibá,BA,36.92,43.51,0.75,critico,0
2515906,Serraria,PB,83.64,80.0,0.75,critico,1
2912400,Ibipeba,BA,29.8,36.9,0.75,critico,1
2705903,Olho d'Água Grande,AL,88.26,80.0,0.749,critico,0
2504900,Cruz do Espírito Santo,PB,56.43,60.34,0.749,critico,1
2902054,Araçás,BA,36.67,43.28,0.749,critico,1
2210102,São José do Peixe,PI,76.0,76.6,0.749,critico,1
1703107,Barrolândia,TO,59.45,62.85,0.748,critico,1
4312708,Nonoai,RS,42.12,48.14,0.748,critico,0
1501808,Breves,PA,44.0,49.78,0.748,critico,0
1502152,Canaã dos Carajás,PA,62.1,65.05,0.747,critico,0
4109500,Guaraqueçaba,PR,70.13,71.7,0.746,critico,1
4301107,Arroio dos Ratos,RS,40.49,46.7,0.746,critico,1
4321493,Toropi,RS,100.0,80.0,0.744,critico,1
2806909,São Francisco,SE,34.78,41.56,0.744,critico,0
2927507,Santa Bárbara,BA,21.01,28.15,0.744,critico,0
1505106,Óbidos,PA,48.83,53.94,0.744,critico,0
1500206,Acará,PA,39.02,45.4,0.743,critico,1
1100122,Ji-Paraná,RO,81.83,80.0,0.742,critico,1
2100402,Altamira do Maranhão,MA,90.52,80.0,0.742,critico,1
1301902,Itacoatiara,AM,46.31,51.78,0.741,critico,1
2911857,Heliópolis,BA,31.4,38.42,0.741,critico,1
2907806,Cícero Dantas,BA,30.93,37.98,0.74,critico,1
1304062,Tabatinga,AM,41.53,47.62,0.74,critico,1
2917003,Itiúba,BA,27.79,34.97,0.739,critico,1
3551207,Sarutaiá,SP,78.96,79.11,0.739,critico,0
2410900,Riachuelo,RN,41.04,47.19,0.739,critico,1
1705508,Colinas do Tocantins,TO,51.01,55.79,0.738,critico,0
2501104,Areia,PB,85.08,80.0,0.738,critico,0
2922656,Nordestina,BA,31.25,38.28,0.738,critico,1
2112605,Urbano Santos,MA,76.76,77.24,0.738,critico,1
2406304,Lagoa de Pedras,RN,47.72,52.99,0.737,critico,1
4120606,Prudentópolis,PR,82.7,80.0,0.737,critico,0
3303609,Paracambi,RJ,64.31,66.88,0.737,critico,0
1503093,Goianésia do Pará,PA,46.05,51.56,0.737,critico,1
3533106,Nova Guataporanga,SP,66.67,68.83,0.737,critico,0
2512762,Riachão do Poço,PB,68.24,70.13,0.737,critico,0
2933000,Valente,BA,32.24,39.21,0.737,critico,1
4125506,São José dos Pinhais,PR,67.19,69.26,0.736,critico,1
1505809,Portel,PA,43.69,49.51,0.736,critico,1
2931707,Terra Nova,BA,23.25,30.46,0.735,critico,1
3303302,Niterói,RJ,51.92,56.56,0.735,critico,1
1502004,Cachoeira do Arari,PA,52.11,56.72,0.735,critico,1
2707503,Porto Real do Colégio,AL,67.71,69.69,0.735,critico,0
3538204,Pinhalzinho,SP,78.11,78.39,0.734,critico,0
2924207,Pedro Alexandre,BA,29.14,36.27,0.734,critico,1
2929404,São Miguel das Matas,BA,28.76,35.91,0.734,critico,0
3302205,Itaperuna,RJ,68.63,70.46,0.733,critico,1
2401107,Areia Branca,RN,52.23,56.82,0.732,critico,1
1503705,Itupiranga,PA,42.67,48.62,0.732,critico,1
1505437,Ourilândia do Norte,PA,48.68,53.81,0.732,critico,1
2503605,Caiçara,PB,53.84,58.17,0.732,critico,0
4127700,Toledo,PR,79.58,79.64,0.732,critico,0
1501303,Barcarena,PA,46.55,51.99,0.731,critico,1
2205540,Lagoinha do Piauí,PI,81.92,80.0,0.731,critico,0
1710508,Itacajá,TO,60.46,63.69,0.731,critico,1
1502608,Colares,PA,54.39,58.64,0.73,critico,1
3306305,Volta Redonda,RJ,60.12,63.41,0.73,critico,1
2917359,Jaborandi,BA,40.89,47.06,0.73,critico,1
1508407,Xinguara,PA,49.86,54.82,0.73,critico,1
2513505,Santana de Mangueira,PB,81.58,80.0,0.73,critico,0
2930204,Sento Sé,BA,26.41,33.62,0.73,critico,1
3304300,Rio Bonito,RJ,55.86,59.87,0.729,critico,1
1506005,Prainha,PA,57.34,61.1,0.729,critico,1
2401008,Apodi,RN,36.86,43.46,0.728,critico,0
4109401,Guarapuava,PR,74.41,75.27,0.727,critico,1
2400208,Assú,RN,42.17,48.18,0.727,critico,1
4314456,Pinhal,RS,56.45,60.36,0.727,critico,1
2410009,Pilões,RN,64.71,67.21,0.727,critico,1
2514800,São José dos Cordeiros,PB,80.25,80.0,0.726,critico,0
1304104,Tapauá,AM,49.27,54.31,0.726,critico,1
2701100,Branquinha,AL,76.44,76.97,0.725,critico,0
2503803,Caldas Brandão,PB,54.92,59.08,0.725,critico,1
3540408,Populina,SP,77.91,78.22,0.725,critico,0
2206902,Novo Oriente do Piauí,PI,69.0,70.76,0.725,critico,0
2913101,Ibititá,BA,26.1,33.31,0.725,critico,1
2926004,Remanso,BA,25.1,32.32,0.725,critico,0
2900900,Almadina,BA,31.19,38.22,0.724,critico,1
4106456,Coronel Domingos Soares,PR,78.28,78.53,0.724,critico,1
2801009,Campo do Brito,SE,39.18,45.54,0.724,critico,1
2513968,São Domingos,PB,83.33,80.0,0.724,critico,1
3514700,Echaporã,SP,77.86,78.18,0.724,critico,0
4101408,Apucarana,PR,82.14,80.0,0.723,critico,1
2908507,Conceição do Jacuípe,BA,34.3,41.12,0.723,critico,1
2510709,Passagem,PB,79.52,79.59,0.723,critico,1
2702009,Coité do Nóia,AL,74.97,75.74,0.722,critico,0
1718899,Santa Rita do Tocantins,TO,63.15,65.92,0.722,critico,1
5107297,São José do Povo,MT,80.66,80.0,0.722,critico,1
1501451,Belterra,PA,60.62,63.83,0.722,critico,1
2907707,Chorrochó,BA,34.56,41.36,0.721,critico,1
2930303,Serra Dourada,BA,28.99,36.13,0.721,critico,1
2922706,Nova Canaã,BA,29.48,36.6,0.721,critico,0
2921906,Mucugê,BA,41.65,47.73,0.72,critico,1
1600600,Santana,AP,41.76,47.82,0.72,critico,0
4105805,Colombo,PR,64.92,67.38,0.719,critico,1
4203006,Caçador,SC,69.87,71.48,0.718,critico,1
2105427,Itinga do Maranhão,MA,79.92,79.93,0.718,critico,1
2104677,Governador Nunes Freire,MA,76.23,76.8,0.718,critico,1
2709301,União dos Palmares,AL,89.35,80.0,0.717,critico,0
2110609,São Bernardo,MA,74.43,75.28,0.717,critico,1
1720937,Taipas do Tocantins,TO,55.85,59.86,0.716,critico,1
2206696,Murici dos Portelas,PI,66.93,69.05,0.716,critico,1
2202604,Castelo do Piauí,PI,75.09,75.84,0.716,critico,0
1501907,Bujaru,PA,51.4,56.12,0.716,critico,1
2926509,Ribeira do Amparo,BA,28.72,35.87,0.714,critico,1
2911501,Gongogi,BA,27.74,34.92,0.714,critico,0
4101507,Arapongas,PR,75.98,76.59,0.713,critico,1
2509404,Mogeiro,PB,73.21,74.26,0.712,critico,1
2905156,Caetanos,BA,24.86,32.08,0.712,critico,0
4104105,Campo do Tenente,PR,80.36,80.0,0.712,critico,0
2410801,Riacho de Santana,RN,47.5,52.8,0.712,critico,0
2112209,Timon,MA,67.8,69.77,0.711,critico,0
3305208,São Pedro da Aldeia,RJ,56.22,60.17,0.711,critico,1
4108304,Foz do Iguaçu,PR,73.01,74.1,0.71,critico,1
1301159,Careiro da Várzea,AM,38.04,44.52,0.71,critico,1
2508307,Lagoa Seca,PB,66.54,68.72,0.71,critico,1
2910305,Elísio Medrado,BA,29.96,37.06,0.71,critico,1
2803708,Macambira,SE,38.3,44.75,0.709,critico,1
2922102,Mundo Novo,BA,26.61,33.82,0.709,critico,1
3303856,Paty do Alferes,RJ,66.48,68.68,0.709,critico,0
1504000,Limoeiro do Ajuru,PA,47.64,52.92,0.709,critico,1
2920007,Maiquinique,BA,29.83,36.93,0.709,critico,1
3514502,Duartina,SP,81.82,80.0,0.708,critico,1
2914208,Irajuba,BA,40.34,46.57,0.708,critico,0
2916203,Itapé,BA,30.59,37.65,0.708,critico,1
1501956,Cachoeira do Piriá,PA,47.73,53.0,0.708,critico,1
2405900,João Dias,RN,46.15,51.64,0.708,critico,1
1708304,Goianorte,TO,53.56,57.94,0.708,critico,1
2401503,Barcelona,RN,55.27,59.37,0.707,critico,0
2918308,Jitaúna,BA,24.15,31.37,0.707,critico,0
2900207,Abaré,BA,28.28,35.44,0.707,critico,1
4114302,Mandirituba,PR,79.38,79.47,0.707,critico,1
2107902,Passagem Franca,MA,76.76,77.24,0.707,critico,1
4108502,General Carneiro,PR,79.05,79.19,0.706,critico,1
2105948,Lago dos Rodrigues,MA,88.14,80.0,0.706,critico,0
2928208,Santana,BA,29.91,37.01,0.706,critico,0
2928000,Santaluz,BA,25.08,32.3,0.705,critico,1
2931509,Teofilândia,BA,28.06,35.23,0.705,critico,1
3535101,Palmares Paulista,SP,82.65,80.0,0.705,critico,1
1715150,Novo Alegre,TO,71.67,72.98,0.705,critico,1
4115705,Matinhos,PR,70.38,71.91,0.705,critico,1
2927101,Rodelas,BA,23.27,30.48,0.705,critico,1
2911659,Guajeru,BA,29.2,36.33,0.704,critico,0
1506500,Santa Izabel do Pará,PA,40.8,46.98,0.704,critico,1
2904704,Buerarema,BA,24.27,31.49,0.703,critico,1
2106300,Magalhães de Almeida,MA,51.59,56.28,0.703,critico,0
2504405,Conceição,PB,77.83,78.15,0.703,critico,0
2205276,Jatobá do Piauí,PI,73.84,74.79,0.703,critico,0
2927606,Santa Brígida,BA,25.65,32.87,0.703,critico,1
4107652,Fazenda Rio Grande,PR,68.86,70.65,0.703,critico,1
3302106,Itaocara,RJ,65.31,67.71,0.703,critico,0
1502103,Cametá,PA,40.41,46.63,0.702,critico,1
2902104,Araci,BA,20.27,27.37,0.702,critico,1
3525607,João Ramalho,SP,81.82,80.0,0.702,critico,1
2703304,Inhapi,AL,65.05,67.49,0.702,critico,0
2807402,Tobias Barreto,SE,41.9,47.95,0.702,critico,1
4310652,Itati,RS,47.37,52.69,0.702,critico,0
3302254,Itatiaia,RJ,65.0,67.45,0.701,critico,0
2111029,São João do Carú,MA,65.17,67.59,0.701,critico,0
3514601,Dumont,SP,76.77,77.25,0.701,critico,1
2917706,Jaguarari,BA,30.56,37.63,0.7,critico,0
1508035,Tracuateua,PA,48.47,53.63,0.699,alto,1
2505907,Emas,PB,65.44,67.81,0.699,alto,1
4126678,Tamarana,PR,73.85,74.8,0.699,alto,1
3524204,Jaborandi,SP,82.62,80.0,0.699,alto,1
2502052,Bernardino Batista,PB,61.38,64.46,0.698,alto,0
2930105,Senhor do Bonfim,BA,19.93,27.01,0.698,alto,1
2203404,Dom Expedito Lopes,PI,77.13,77.56,0.698,alto,1
2905305,Cafarnaum,BA,21.63,28.79,0.697,alto,0
3305901,Trajano de Moraes,RJ,77.24,77.65,0.697,alto,0
2900405,Água Fria,BA,21.0,28.14,0.697,alto,0
1503309,Igarapé-Miri,PA,36.72,43.33,0.697,alto,1
1506302,Salvaterra,PA,51.95,56.58,0.697,alto,1
4104303,Campo Mourão,PR,77.59,77.95,0.697,alto,1
4209805,Leoberto Leal,SC,75.0,75.76,0.696,alto,1
2918605,Jussiape,BA,32.1,39.08,0.696,alto,1
1303957,São Sebastião do Uatumã,AM,51.77,56.43,0.696,alto,1
2100303,Aldeias Altas,MA,67.9,69.85,0.695,alto,1
2923704,Paratinga,BA,21.13,28.27,0.695,alto,1
2101301,Bacuri,MA,67.67,69.66,0.695,alto,1
1505403,Ourém,PA,48.52,53.68,0.695,alto,0
1100288,Rolim de Moura,RO,68.81,70.6,0.695,alto,0
4115804,Medianeira,PR,79.22,79.33,0.695,alto,1
4110102,Imbituva,PR,80.43,80.0,0.694,alto,1
1303536,Presidente Figueiredo,AM,34.17,41.0,0.694,alto,1
2111409,São Luís Gonzaga do Maranhão,MA,74.81,75.6,0.694,alto,1
3300605,Bom Jesus do Itabapoana,RJ,57.91,61.57,0.693,alto,0
4105508,Cianorte,PR,79.56,79.62,0.693,alto,1
2208304,Piracuruca,PI,75.64,76.3,0.693,alto,0
1303569,Rio Preto da Eva,AM,35.31,42.05,0.692,alto,0
3504107,Atibaia,SP,70.55,72.05,0.692,alto,1
4110706,Irati,PR,82.74,80.0,0.692,alto,0
1504109,Magalhães Barata,PA,54.01,58.32,0.692,alto,0
1303502,Pauini,AM,38.95,45.33,0.692,alto,0
2512804,Riacho dos Cavalos,PB,69.19,70.92,0.692,alto,1
4128633,Doutor Ulysses,PR,76.32,76.87,0.692,alto,1
2905503,Caldeirão Grande,BA,21.3,28.45,0.692,alto,1
4200200,Agrolândia,SC,81.23,80.0,0.692,alto,1
2404309,Governador Dix-Sept Rosado,RN,57.85,61.52,0.692,alto,1
2925709,Presidente Jânio Quadros,BA,30.41,37.48,0.692,alto,1
3502804,Araçatuba,SP,65.78,68.1,0.691,alto,0
2104552,Governador Edison Lobão,MA,80.4,80.0,0.691,alto,1
3542404,Regente Feijó,SP,77.73,78.07,0.691,alto,1
2513109,Salgado de São Félix,PB,87.4,80.0,0.691,alto,1
4315057,Porto Mauá,RS,41.07,47.22,0.69,alto,0
4117057,Nova Laranjeiras,PR,77.48,77.85,0.69,alto,1
1505551,Pau D'Arco,PA,50.65,55.49,0.69,alto,1
4112009,Jaguariaíva,PR,80.92,80.0,0.69,alto,1
2507101,Itapororoca,PB,71.75,73.05,0.69,alto,0
1504752,Mojuí dos Campos,PA,55.19,59.31,0.689,alto,1
2920452,Mansidão,BA,30.7,37.76,0.689,alto,1
3300704,Cabo Frio,RJ,54.58,58.8,0.689,alto,1
1501758,Brejo Grande do Araguaia,PA,61.58,64.62,0.689,alto,0
2911907,Iaçu,BA,22.93,30.13,0.689,alto,1
2805000,Pedra Mole,SE,47.62,52.91,0.689,alto,1
2410504,Rafael Fernandes,RN,55.6,59.65,0.688,alto,1
3525904,Jundiaí,SP,69.22,70.94,0.688,alto,1
2912608,Ibiquera,BA,20.08,27.17,0.687,alto,1
2906204,Canarana,BA,29.21,36.34,0.687,alto,1
3529005,Marília,SP,59.16,62.61,0.687,alto,0
2925808,Queimadas,BA,27.35,34.54,0.687,alto,1
2106359,Marajá do Sena,MA,83.33,80.0,0.687,alto,1
4121307,Rancho Alegre,PR,77.01,77.46,0.687,alto,0
3539202,Pirapozinho,SP,75.08,75.83,0.687,alto,1
4109757,Ibema,PR,72.84,73.95,0.686,alto,1
2925402,Potiraguá,BA,27.88,35.06,0.686,alto,1
4125605,São Mateus do Sul,PR,83.07,80.0,0.686,alto,1
2114007,Zé Doca,MA,81.54,80.0,0.686,alto,1
2403202,Doutor Severiano,RN,53.88,58.21,0.686,alto,1
2806107,Rosário do Catete,SE,39.18,45.54,0.686,alto,1
2205201,Jaicós,PI,78.99,79.14,0.686,alto,1
2912202,Ibicoara,BA,27.86,35.04,0.686,alto,1
1504059,Mãe do Rio,PA,45.48,51.07,0.684,alto,1
4209102,Joinville,SC,65.94,68.23,0.683,alto,0
2205706,Luís Correia,PI,62.07,65.03,0.683,alto,1
3525805,Júlio Mesquita,SP,66.76,68.91,0.683,alto,1
2411106,Ruy Barbosa,RN,58.23,61.84,0.683,alto,1
2506103,Fagundes,PB,60.71,63.9,0.683,alto,1
5001102,Aquidauana,MS,70.0,71.59,0.683,alto,1
2203008,Cristalândia do Piauí,PI,79.93,79.94,0.683,alto,1
2611606,Recife,PE,62.39,65.29,0.683,alto,1
1302504,Manacapuru,AM,43.99,49.77,0.683,alto,1
4109807,Ibiporã,PR,73.36,74.39,0.682,alto,1
1506583,Santa Maria das Barreiras,PA,53.64,58.01,0.682,alto,1
2407104,Macaíba,RN,29.15,36.28,0.681,alto,1
4314308,Pejuçara,RS,61.46,64.52,0.681,alto,1
4216107,São Domingos,SC,78.45,78.68,0.681,alto,1
2511509,Pilar,PB,73.41,74.43,0.681,alto,1
3539608,Planalto,SP,74.51,75.35,0.681,alto,0
1507953,Tailândia,PA,37.67,44.19,0.681,alto,1
2906873,Capim Grosso,BA,26.2,33.41,0.681,alto,1
1720499,São Valério,TO,65.57,67.92,0.681,alto,1
4106407,Cornélio Procópio,PR,76.78,77.26,0.681,alto,1
2502706,Borborema,PB,82.74,80.0,0.68,alto,1
2514206,São José da Lagoa Tapada,PB,85.74,80.0,0.68,alto,1
2403103,Currais Novos,RN,41.2,47.33,0.68,alto,1
2507507,João Pessoa,PB,46.71,52.13,0.68,alto,0
3501202,Álvares Florence,SP,78.62,78.82,0.68,alto,1
1502764,Cumaru do Norte,PA,50.13,55.05,0.679,alto,1
4119954,Pontal do Paraná,PR,71.19,72.58,0.679,alto,1
4102109,Astorga,PR,79.57,79.63,0.679,alto,1
2408003,Mossoró,RN,38.06,44.54,0.678,alto,0
2111300,São Luís,MA,47.49,52.79,0.678,alto,0
2506004,Esperança,PB,61.5,64.55,0.678,alto,1
2512507,Queimadas,PB,85.04,80.0,0.678,alto,0
4109302,Guaraniaçu,PR,80.03,80.0,0.678,alto,1
1303809,São Gabriel da Cachoeira,AM,36.49,43.12,0.678,alto,1
4304853,Carlos Gomes,RS,54.55,58.77,0.678,alto,1
4317004,Santana da Boa Vista,RS,48.82,53.93,0.678,alto,1
3556354,Vargem,SP,74.45,75.3,0.677,alto,1
1508001,Tomé-Açu,PA,48.0,53.23,0.677,alto,1
4127502,Tibagi,PR,77.76,78.09,0.677,alto,1
3305307,São Sebastião do Alto,RJ,63.7,66.38,0.677,alto,1
2902252,Arataca,BA,16.86,23.69,0.677,alto,1
2916708,Itaquara,BA,34.36,41.17,0.677,alto,1
1501709,Bragança,PA,42.72,48.67,0.676,alto,1
2110104,Santa Quitéria do Maranhão,MA,89.14,80.0,0.676,alto,0
4203808,Canoinhas,SC,73.93,74.87,0.676,alto,1
2500809,Araçagi,PB,64.03,66.65,0.675,alto,1
3300225,Areal,RJ,62.45,65.34,0.675,alto,1
2205854,Madeiro,PI,62.05,65.01,0.675,alto,1
2922300,Muritiba,BA,23.34,30.55,0.674,alto,0
2920809,Marcionílio Souza,BA,21.15,28.29,0.674,alto,1
2516706,Teixeira,PB,72.85,73.96,0.674,alto,0
2403004,Cruzeta,RN,51.8,56.46,0.673,alto,0
2504306,Catolé do Rocha,PB,55.21,59.32,0.673,alto,1
3534906,Pacaembu,SP,64.61,67.13,0.672,alto,1
3300407,Barra Mansa,RJ,59.19,62.64,0.672,alto,0
3302403,Macaé,RJ,59.86,63.19,0.672,alto,1
2803500,Lagarto,SE,35.6,42.31,0.672,alto,1
2207777,Patos do Piauí,PI,81.59,80.0,0.671,alto,1
3530300,Mirassol,SP,67.6,69.6,0.671,alto,1
2104651,Governador Newton Bello,MA,69.13,70.87,0.671,alto,0
2110500,São Bento,MA,93.75,80.0,0.671,alto,1
3531506,Monte Azul Paulista,SP,72.91,74.01,0.671,alto,1
3548500,Santos,SP,55.93,59.92,0.671,alto,1
2400109,Acari,RN,44.07,49.84,0.671,alto,1
4117800,Palmital,PR,74.27,75.15,0.67,alto,1
2708204,São Brás,AL,67.19,69.26,0.67,alto,0
4218707,Tubarão,SC,70.32,71.86,0.67,alto,1
3300209,Araruama,RJ,50.86,55.66,0.67,alto,0
3304706,Santo Antônio de Pádua,RJ,66.37,68.58,0.669,alto,0
4127601,Tijucas do Sul,PR,78.76,78.94,0.669,alto,1
2409209,Passagem,RN,47.42,52.73,0.669,alto,1
1501006,Aveiro,PA,57.23,61.01,0.669,alto,0
3548708,São Bernardo do Campo,SP,55.57,59.62,0.669,alto,1
3303104,Natividade,RJ,60.3,63.56,0.669,alto,1
2613909,Serra Talhada,PE,76.13,76.71,0.668,alto,0
1503044,Floresta do Araguaia,PA,47.77,53.03,0.668,alto,0
1707009,Dianópolis,TO,51.81,56.47,0.668,alto,0
4104204,Campo Largo,PR,73.34,74.37,0.668,alto,1
3504800,Bálsamo,SP,81.58,80.0,0.668,alto,0
2508802,Malta,PB,68.43,70.29,0.668,alto,1
2101608,Barra do Corda,MA,65.45,67.82,0.667,alto,1
4204301,Concórdia,SC,76.4,76.94,0.667,alto,1
4203105,Caibi,SC,75.47,76.16,0.667,alto,1
3505708,Barueri,SP,62.8,65.63,0.666,alto,0
1600238,Ferreira Gomes,AP,73.43,74.45,0.666,alto,0
1505007,Nova Timboteua,PA,50.32,55.21,0.666,alto,1
1100940,Cujubim,RO,77.47,77.84,0.666,alto,1
1301209,Coari,AM,38.77,45.17,0.665,alto,1
2409506,Pedra Grande,RN,45.48,51.07,0.665,alto,1
3541000,Praia Grande,SP,50.73,55.55,0.665,alto,1
3306206,Vassouras,RJ,65.42,67.8,0.665,alto,1
2100956,Arame,MA,76.25,76.81,0.665,alto,1
1707405,Esperantina,TO,40.82,47.0,0.665,alto,0
3547403,Santa Rita d'Oeste,SP,60.37,63.62,0.664,alto,1
1505601,Peixe-Boi,PA,53.76,58.11,0.664,alto,0
2509305,Mataraca,PB,85.94,80.0,0.664,alto,1
4101903,Assaí,PR,88.72,80.0,0.663,alto,0
4124202,Santo Antônio do Caiuá,PR,82.83,80.0,0.663,alto,0
2900603,Aiquara,BA,29.26,36.39,0.663,alto,1
1700251,Abreulândia,TO,62.07,65.03,0.663,alto,0
2201919,Bom Princípio do Piauí,PI,87.91,80.0,0.663,alto,1
4208906,Jaraguá do Sul,SC,72.79,73.91,0.662,alto,0
2919108,Lamarão,BA,22.24,29.42,0.662,alto,1
2925253,Ponto Novo,BA,23.17,30.38,0.662,alto,0
2920908,Mascote,BA,22.32,29.51,0.661,alto,1
2204808,Ipiranga do Piauí,PI,85.43,80.0,0.661,alto,0
1713304,Miranorte,TO,52.55,57.09,0.661,alto,0
4114609,Marechal Cândido Rondon,PR,75.3,76.01,0.661,alto,0
1504455,Medicilândia,PA,48.99,54.08,0.661,alto,1
2103109,Cedral,MA,69.8,71.43,0.661,alto,1
1100155,Ouro Preto do Oeste,RO,72.39,73.58,0.661,alto,1
3553708,Taquaritinga,SP,62.12,65.07,0.66,alto,0
4107207,Dois Vizinhos,PR,83.75,80.0,0.66,alto,0
2107456,Olinda Nova do Maranhão,MA,80.81,80.0,0.659,alto,1
4215802,São Bento do Sul,SC,73.1,74.17,0.659,alto,0
2923357,Ourolândia,BA,22.65,29.85,0.659,alto,0
3511300,Cedral,SP,72.92,74.02,0.658,alto,1
2515104,São Sebastião de Lagoa de Roça,PB,64.39,66.95,0.658,alto,1
4107009,Curiúva,PR,80.2,80.0,0.658,alto,1
2512606,Quixaba,PB,69.23,70.95,0.658,alto,1
4113205,Lapa,PR,81.08,80.0,0.658,alto,1
3305802,Teresópolis,RJ,59.73,63.09,0.658,alto,0
2108603,Pinheiro,MA,53.04,57.5,0.658,alto,1
2108900,Poção de Pedras,MA,89.32,80.0,0.658,alto,1
4124053,Santa Terezinha de Itaipu,PR,81.3,80.0,0.657,alto,1
2104503,Governador Archer,MA,88.98,80.0,0.657,alto,1
2516409,Tacima,PB,55.93,59.92,0.657,alto,0
4111506,Ivaiporã,PR,66.58,68.76,0.657,alto,0
2806206,Salgado,SE,33.77,40.63,0.657,alto,0
1720150,São Félix do Tocantins,TO,83.33,80.0,0.657,alto,1
4104907,Castro,PR,74.26,75.14,0.657,alto,1
2504850,Coxixola,PB,75.0,75.76,0.657,alto,0
3556909,Vista Alegre do Alto,SP,81.39,80.0,0.656,alto,1
3550001,São Luiz do Paraitinga,SP,73.42,74.44,0.656,alto,1
1300029,Alvarães,AM,39.91,46.19,0.656,alto,0
2100204,Alcântara,MA,73.46,74.47,0.656,alto,1
2928950,São Domingos,BA,25.27,32.49,0.655,alto,0
2922805,Nova Itarana,BA,32.97,39.89,0.655,alto,1
3305133,São José de Ubá,RJ,75.12,75.86,0.655,alto,0
2807204,Siriri,SE,47.06,52.43,0.655,alto,1
2915809,Itambé,BA,22.21,29.39,0.655,alto,1
3305406,Sapucaia,RJ,65.59,67.94,0.654,alto,1
3303005,Miracema,RJ,67.56,69.57,0.654,alto,1
3504404,Avanhandava,SP,70.93,72.36,0.654,alto,0
3506508,Birigui,SP,71.09,72.5,0.654,alto,0
2918506,Jussara,BA,23.19,30.4,0.654,alto,0
2913457,Igrapiúna,BA,30.3,37.38,0.654,alto,0
1101708,Urupá,RO,70.92,72.36,0.654,alto,1
4102901,Bituruna,PR,80.76,80.0,0.654,alto,1
2704302,Maceió,AL,39.23,45.58,0.654,alto,1
4107900,Floresta,PR,76.39,76.93,0.654,alto,1
2100436,Alto Alegre do Maranhão,MA,70.23,71.78,0.653,alto,1
2510600,Ouro Velho,PB,89.76,80.0,0.653,alto,0
2910602,Esplanada,BA,19.87,26.95,0.653,alto,1
4115606,Matelândia,PR,73.52,74.52,0.653,alto,1
1705557,Combinado,TO,62.09,65.04,0.653,alto,1
4110201,Inácio Martins,PR,73.43,74.45,0.652,alto,1
2208007,Picos,PI,52.95,57.43,0.652,alto,1
2508000,Juru,PB,66.04,68.31,0.652,alto,1
4128500,Wenceslau Braz,PR,81.05,80.0,0.652,alto,1
3519808,Icém,SP,73.35,74.38,0.652,alto,0
3503604,Areiópolis,SP,72.32,73.52,0.652,alto,0
2516755,Tenório,PB,62.16,65.1,0.652,alto,1
4102000,Assis Chateaubriand,PR,80.21,80.0,0.652,alto,0
3500501,Águas de Lindóia,SP,61.38,64.46,0.652,alto,1
2106201,Luís Domingues,MA,76.93,77.39,0.652,alto,0
4123501,Santa Helena,PR,79.21,79.32,0.651,alto,0
5106257,Nova Xavantina,MT,71.61,72.93,0.651,alto,1
2207009,Oeiras,PI,65.92,68.21,0.65,alto,0
1100262,Rio Crespo,RO,83.84,80.0,0.65,alto,1
2201770,Boa Hora,PI,58.74,62.26,0.65,alto,1
2105104,Icatu,MA,66.57,68.75,0.65,alto,0
1504976,Nova Ipixuna,PA,44.35,50.09,0.65,alto,0
4219200,Vidal Ramos,SC,73.28,74.32,0.649,alto,0
2516607,Tavares,PB,75.27,75.99,0.649,alto,1
2500205,Aguiar,PB,68.73,70.54,0.649,alto,1
3301504,Cordeiro,RJ,59.21,62.66,0.649,alto,0
4101804,Araucária,PR,69.52,71.19,0.648,alto,1
3300803,Cachoeiras de Macacu,RJ,50.58,55.43,0.648,alto,1
1703206,Bernardo Sayão,TO,52.8,57.3,0.648,alto,0
2404903,Itaú,RN,52.94,57.42,0.647,alto,1
3303708,Paraíba do Sul,RJ,49.95,54.89,0.647,alto,1
2109452,Raposa,MA,68.06,69.98,0.647,alto,1
2402204,Canguaretama,RN,37.7,44.21,0.647,alto,1
4122404,Rolândia,PR,73.4,74.42,0.647,alto,1
2106607,Matões,MA,72.34,73.54,0.646,alto,1
2907004,Cardeal da Silva,BA,26.67,33.87,0.646,alto,1
2413557,Serrinha dos Pintos,RN,57.44,61.18,0.646,alto,0
4105409,Chopinzinho,PR,80.73,80.0,0.645,alto,1
2107308,Nova Iorque,MA,77.43,77.81,0.645,alto,1
2404606,Ielmo Marinho,RN,41.28,47.4,0.645,alto,1
2611101,Petrolina,PE,66.17,68.42,0.645,alto,0
2101103,Axixá,MA,81.88,80.0,0.645,alto,1
2106631,Matões do Norte,MA,63.8,66.46,0.645,alto,1
4125407,São José da Boa Vista,PR,80.7,80.0,0.645,alto,1
4215679,Santa Terezinha,SC,83.61,80.0,0.645,alto,1
2930774,Sobradinho,BA,26.44,33.65,0.644,alto,0
1100049,Cacoal,RO,62.51,65.39,0.644,alto,0
2922250,Muquém do São Francisco,BA,30.98,38.02,0.644,alto,1
3508702,Caconde,SP,70.23,71.78,0.644,alto,0
3509403,Cajuru,SP,71.78,73.07,0.644,alto,1
1504505,Melgaço,PA,38.0,44.48,0.643,alto,1
3520608,Indiana,SP,81.63,80.0,0.643,alto,1
2500502,Alagoinha,PB,57.29,61.06,0.643,alto,1
2414902,Viçosa,RN,58.93,62.42,0.643,alto,1
4123824,Santa Lúcia,PR,79.5,79.57,0.642,alto,0
2802106,Estância,SE,33.96,40.81,0.642,alto,1
4128401,Uraí,PR,76.55,77.07,0.642,alto,1
3537305,Penápolis,SP,60.58,63.79,0.642,alto,1
2411908,São Francisco do Oeste,RN,56.85,60.69,0.642,alto,0
3544707,Sagres,SP,70.28,71.82,0.642,alto,0
4117206,Nova Olímpia,PR,79.22,79.33,0.641,alto,0
3547601,Santa Rosa de Viterbo,SP,74.36,75.23,0.641,alto,0
2112456,Turilândia,MA,56.43,60.34,0.641,alto,1
2202703,Cocal,PI,73.16,74.22,0.641,alto,0
4117008,Nova Fátima,PR,81.68,80.0,0.641,alto,1
4104402,Cândido de Abreu,PR,83.34,80.0,0.641,alto,0
2506251,Gado Bravo,PB,78.26,78.52,0.641,alto,1
1500107,Abaetetuba,PA,39.73,46.03,0.64,alto,1
5003751,Eldorado,MS,75.4,76.1,0.64,alto,1
3517109,Glicério,SP,70.64,72.12,0.64,alto,0
1501105,Bagre,PA,46.7,52.12,0.64,alto,0
3304409,Rio Claro,RJ,65.58,67.93,0.64,alto,1
2204600,Hugo Napoleão,PI,82.43,80.0,0.64,alto,0
3514205,Dolcinópolis,SP,76.62,77.13,0.64,alto,1
4106506,Coronel Vivida,PR,80.52,80.0,0.64,alto,1
4200606,Águas Mornas,SC,81.28,80.0,0.64,alto,1
2414001,Tangará,RN,42.92,48.84,0.64,alto,1
2803807,Malhada dos Bois,SE,40.0,46.27,0.64,alto,1
2904902,Cachoeira,BA,24.85,32.07,0.639,alto,0
4304101,Campos Borges,RS,26.46,33.67,0.639,alto,0
1702554,Augustinópolis,TO,50.01,54.94,0.639,alto,0
3541208,Presidente Bernardes,SP,64.23,66.81,0.638,alto,0
2513703,Santa Rita,PB,40.83,47.0,0.638,alto,1
3529401,Mauá,SP,45.74,51.29,0.638,alto,1
2107506,Paço do Lumiar,MA,50.71,55.54,0.638,alto,0
2211001,Teresina,PI,48.21,53.41,0.637,alto,0
2511103,Pedra Lavrada,PB,75.61,76.28,0.637,alto,0
1707652,Figueirópolis,TO,62.36,65.27,0.637,alto,1
4123956,Santa Mônica,PR,78.67,78.86,0.637,alto,0
4316972,Santa Margarida do Sul,RS,42.41,48.4,0.637,alto,1
2510402,Olho d'Água,PB,64.17,66.76,0.637,alto,0
2209401,Santo Antônio de Lisboa,PI,61.21,64.31,0.637,alto,1
2512408,Puxinanã,PB,75.57,76.24,0.636,alto,1
3520202,Igaratá,SP,61.45,64.51,0.636,alto,1
3305158,São José do Vale do Rio Preto,RJ,71.41,72.76,0.636,alto,0
3304151,Quissamã,RJ,66.22,68.46,0.636,alto,0
3516309,Francisco Morato,SP,50.64,55.48,0.636,alto,1
3531100,Mongaguá,SP,48.6,53.74,0.636,alto,1
3516002,Flórida Paulista,SP,82.92,80.0,0.636,alto,1
2708600,São Miguel dos Campos,AL,50.08,55.0,0.636,alto,0
4106803,Cruz Machado,PR,80.66,80.0,0.636,alto,0
3301876,Iguaba Grande,RJ,62.45,65.34,0.636,alto,0
3523909,Itu,SP,65.25,67.66,0.635,alto,1
2203206,Curimatá,PI,68.19,70.09,0.635,alto,0
2206720,Nazária,PI,77.65,78.0,0.635,alto,1
4116406,Nossa Senhora das Graças,PR,79.15,79.27,0.635,alto,0
2923050,Novo Triunfo,BA,21.75,28.92,0.635,alto,0
4103503,Califórnia,PR,81.85,80.0,0.635,alto,1
2505279,Curral de Cima,PB,57.14,60.93,0.635,alto,1
3545506,Sandovalina,SP,79.1,79.23,0.635,alto,0
3515350,Euclides da Cunha Paulista,SP,75.97,76.58,0.635,alto,1
3502705,Apiaí,SP,68.43,70.29,0.634,alto,0
2102036,Bom Jesus das Selvas,MA,63.61,66.3,0.634,alto,1
2804458,Nossa Senhora Aparecida,SE,38.1,44.57,0.634,alto,0
3526902,Limeira,SP,62.38,65.28,0.634,alto,1
3507001,Boituva,SP,61.62,64.65,0.634,alto,0
4106209,Contenda,PR,78.38,78.62,0.633,alto,1
2412203,São José de Mipibu,RN,34.64,41.43,0.633,alto,1
4206801,Ibicaré,SC,75.69,76.34,0.633,alto,1
3500758,Alambari,SP,71.59,72.91,0.633,alto,1
4101705,Araruna,PR,76.05,76.65,0.633,alto,0
4215307,Salete,SC,78.0,78.29,0.633,alto,1
4115309,Mariópolis,PR,76.4,76.94,0.633,alto,1
2202729,Cocal dos Alves,PI,80.26,80.0,0.633,alto,0
4127858,Três Barras do Paraná,PR,79.37,79.46,0.633,alto,1
3543238,Ribeirão dos Índios,SP,70.59,72.08,0.632,alto,0
4219507,Xanxerê,SC,66.62,68.79,0.632,alto,0
4302584,Bozano,RS,100.0,80.0,0.632,alto,1
4102406,Bandeirantes,PR,75.41,76.11,0.632,alto,1
2205805,Luzilândia,PI,51.73,56.4,0.632,alto,1
1500305,Afuá,PA,30.81,37.86,0.632,alto,0
4128534,Ventania,PR,74.1,75.01,0.632,alto,0
4100905,Amaporã,PR,71.89,73.16,0.631,alto,0
4119400,Piraí do Sul,PR,72.99,74.08,0.631,alto,1
2104073,Feira Nova do Maranhão,MA,84.89,80.0,0.631,alto,1
4116901,Nova Esperança,PR,74.13,75.03,0.631,alto,1
4112751,Jesuítas,PR,85.83,80.0,0.631,alto,0
4210100,Mafra,SC,72.98,74.07,0.63,alto,0
1500404,Alenquer,PA,36.41,43.05,0.63,alto,1
2206803,Nossa Senhora dos Remédios,PI,64.19,66.78,0.63,alto,1
4104055,Campo Bonito,PR,72.87,73.98,0.63,alto,0
1100148,Nova Brasilândia D'Oeste,RO,74.81,75.6,0.629,alto,0
4121703,Reserva,PR,72.87,73.98,0.629,alto,0
2615706,Triunfo,PE,82.65,80.0,0.629,alto,0
2507804,Junco do Seridó,PB,56.22,60.17,0.629,alto,0
1100205,Porto Velho,RO,65.06,67.5,0.628,alto,1
2112803,Viana,MA,58.28,61.88,0.628,alto,1
4100459,Altamira do Paraná,PR,79.08,79.21,0.628,alto,1
1507151,São Domingos do Araguaia,PA,46.05,51.56,0.628,alto,1
4116208,Morretes,PR,68.42,70.28,0.628,alto,1
2919157,Lapão,BA,25.08,32.3,0.627,alto,1
2507903,Juripiranga,PB,50.41,55.28,0.627,alto,1
1505486,Pacajá,PA,37.32,43.87,0.627,alto,0
2925600,Presidente Dutra,BA,21.28,28.43,0.627,alto,1
3522109,Itanhaém,SP,54.33,58.59,0.627,alto,1
4117255,Nova Prata do Iguaçu,PR,80.81,80.0,0.627,alto,1
2209757,São Gonçalo do Gurguéia,PI,76.47,77.0,0.627,alto,1
4104006,Campina Grande do Sul,PR,70.42,71.94,0.627,alto,1
3532058,Motuca,SP,79.93,79.94,0.627,alto,1
3505609,Barrinha,SP,55.45,59.52,0.627,alto,1
4100509,Altônia,PR,70.4,71.92,0.626,alto,0
4108957,Guamiranga,PR,79.53,79.6,0.626,alto,1
3540903,Pradópolis,SP,74.24,75.13,0.626,alto,1
4109708,Ibaiti,PR,72.88,73.99,0.626,alto,1
4210506,Maravilha,SC,84.42,80.0,0.626,alto,1
4123857,Santa Maria do Oeste,PR,76.25,76.81,0.626,alto,1
4202909,Brusque,SC,68.68,70.5,0.626,alto,1
2503209,Cabedelo,PB,48.92,54.02,0.626,alto,0
4112306,Japira,PR,75.69,76.34,0.626,alto,1
1702000,Araguaçu,TO,44.49,50.21,0.625,alto,1
4125308,São Jorge do Ivaí,PR,82.98,80.0,0.625,alto,1
2800100,Amparo do São Francisco,SE,41.18,47.31,0.625,alto,0
2108256,Pedro do Rosário,MA,65.82,68.13,0.625,alto,1
2608057,Jatobá,PE,76.14,76.72,0.625,alto,1
2100154,Água Doce do Maranhão,MA,67.29,69.35,0.625,alto,1
3519402,Ibirá,SP,71.16,72.56,0.624,alto,1
2800308,Aracaju,SE,29.69,36.8,0.624,alto,0
4123709,Santa Isabel do Ivaí,PR,84.22,80.0,0.623,alto,1
1100080,Costa Marques,RO,80.68,80.0,0.623,alto,1
3520509,Indaiatuba,SP,58.5,62.07,0.623,alto,0
3300902,Cambuci,RJ,69.0,70.76,0.623,alto,1
3550308,São Paulo,SP,37.87,44.37,0.623,alto,0
3531407,Monte Aprazível,SP,73.54,74.54,0.623,alto,1
2501906,Belém,PB,56.8,60.65,0.623,alto,1
1100304,Vilhena,RO,65.62,67.96,0.622,alto,0
3531001,Monções,SP,84.21,80.0,0.622,alto,0
2511301,Piancó,PB,48.84,53.95,0.622,alto,1
4126306,Sengés,PR,80.66,80.0,0.622,alto,0
3553955,Tarumã,SP,83.12,80.0,0.622,alto,0
2201002,Arraial,PI,83.8,80.0,0.622,alto,0
2202737,Coivaras,PI,78.14,78.41,0.622,alto,0
2612208,Salgueiro,PE,75.94,76.55,0.622,alto,1
3556404,Vargem Grande do Sul,SP,69.48,71.16,0.621,alto,1
3500105,Adamantina,SP,67.41,69.44,0.621,alto,1
2105005,Humberto de Campos,MA,61.59,64.63,0.621,alto,1
1600212,Cutias,AP,47.0,52.37,0.621,alto,0
3542701,Restinga,SP,70.28,71.82,0.62,alto,1
4111902,Jaguapitã,PR,76.25,76.81,0.62,alto,1
3548807,São Caetano do Sul,SP,60.95,64.1,0.62,alto,0
2929206,São Francisco do Conde,BA,30.02,37.11,0.62,alto,1
2709152,Teotônio Vilela,AL,52.48,57.03,0.62,alto,0
3550605,São Roque,SP,52.32,56.9,0.62,alto,1
3507100,Bom Jesus dos Perdões,SP,69.87,71.48,0.62,alto,1
4217253,São Pedro de Alcântara,SC,73.98,74.91,0.62,alto,1
4117107,Nova Londrina,PR,77.67,78.01,0.619,alto,1
4121604,Renascença,PR,70.83,72.28,0.619,alto,0
2111706,São Vicente Ferrer,MA,61.03,64.17,0.619,alto,0
2103703,Cururupu,MA,65.83,68.14,0.619,alto,1
3512407,Cordeirópolis,SP,74.43,75.28,0.619,alto,1
3547809,Santo André,SP,52.84,57.33,0.618,alto,1
2106326,Maracaçumé,MA,57.95,61.61,0.618,alto,1
3544806,Sales,SP,67.97,69.91,0.618,alto,1
3306008,Três Rios,RJ,53.49,57.88,0.618,alto,1
4107306,Doutor Camargo,PR,79.12,79.25,0.618,alto,1
5002704,Campo Grande,MS,41.61,47.69,0.618,alto,0
2501302,Aroeiras,PB,67.95,69.89,0.618,alto,1
2508703,Mãe d'Água,PB,70.0,71.59,0.618,alto,1
2102606,Cândido Mendes,MA,61.61,64.65,0.618,alto,1
4217709,Sombrio,SC,64.93,67.39,0.618,alto,1
2807105,Simão Dias,SE,33.19,40.09,0.618,alto,1
2107001,Montes Altos,MA,71.31,72.68,0.617,alto,1
4216800,São José do Cerrito,SC,76.47,77.0,0.617,alto,1
4124400,Santo Antônio do Sudoeste,PR,79.51,79.58,0.617,alto,0
4106001,Congonhinhas,PR,68.8,70.6,0.617,alto,1
4202131,Bela Vista do Toldo,SC,86.2,80.0,0.617,alto,0
2200400,Altos,PI,61.91,64.89,0.616,alto,1
4304622,Capão Bonito do Sul,RS,53.85,58.18,0.616,alto,0
3304607,Santa Maria Madalena,RJ,64.53,67.06,0.616,alto,1
2409407,Pau dos Ferros,RN,38.86,45.25,0.616,alto,1
3516200,Franca,SP,57.72,61.42,0.615,alto,0
4102604,Barracão,PR,72.57,73.73,0.615,alto,0
3543303,Ribeirão Pires,SP,64.35,66.91,0.615,alto,1
2108108,Paulo Ramos,MA,76.26,76.82,0.615,alto,0
2509800,Mulungu,PB,56.27,60.21,0.615,alto,1
4200051,Abdon Batista,SC,72.06,73.3,0.615,alto,0
4115358,Maripá,PR,80.97,80.0,0.615,alto,1
1717909,Ponte Alta do Tocantins,TO,47.6,52.89,0.615,alto,1
2801306,Capela,SE,33.52,40.4,0.615,alto,1
4104709,Carlópolis,PR,73.7,74.67,0.615,alto,1
1505304,Oriximiná,PA,34.52,41.32,0.615,alto,1
2932457,Umburanas,BA,21.31,28.46,0.615,alto,1
4205704,Garopaba,SC,70.59,72.08,0.615,alto,0
1503804,Jacundá,PA,40.47,46.69,0.615,alto,1
4125100,São João do Triunfo,PR,78.58,78.79,0.614,alto,0
2407401,Martins,RN,41.62,47.7,0.614,alto,0
1302306,Jutaí,AM,36.64,43.26,0.614,alto,1
3544301,Roseira,SP,63.56,66.26,0.614,alto,0
2105450,Jatobá,MA,72.81,73.93,0.614,alto,1
2403806,Florânia,RN,36.26,42.91,0.614,alto,0
3540507,Porangaba,SP,69.9,71.51,0.614,alto,1
4120408,Presidente Castelo Branco,PR,76.24,76.81,0.613,alto,1
2921609,Morpará,BA,31.78,38.78,0.613,alto,1
4122156,Rio Bonito do Iguaçu,PR,81.41,80.0,0.613,alto,0
4118907,Pérola,PR,78.4,78.63,0.612,alto,1
2111789,Serrano do Maranhão,MA,67.99,69.93,0.612,alto,1
2611408,Primavera,PE,77.53,77.9,0.612,alto,1
4101606,Arapoti,PR,75.42,76.12,0.612,alto,1
2108009,Pastos Bons,MA,74.16,75.06,0.612,alto,1
4218954,Urupema,SC,80.15,80.0,0.612,alto,1
4119152,Pinhais,PR,62.74,65.58,0.611,alto,1
4106571,Cruzeiro do Iguaçu,PR,81.66,80.0,0.611,alto,0
4204905,Descanso,SC,80.41,80.0,0.611,alto,1
3505104,Barbosa,SP,64.82,67.3,0.611,alto,1
3542909,Ribeirão Bonito,SP,79.24,79.35,0.611,alto,1
3501509,Alvinlândia,SP,74.3,75.18,0.611,alto,0
1503903,Juruti,PA,49.15,54.21,0.611,alto,1
1503002,Faro,PA,51.05,55.82,0.611,alto,1
2906824,Canudos,BA,18.85,25.86,0.61,alto,0
3510005,Cândido Mota,SP,72.74,73.87,0.61,alto,1
1507961,Terra Alta,PA,41.96,48.0,0.61,alto,0
2210706,Simões,PI,68.51,70.36,0.61,alto,0
2505006,Cubati,PB,71.83,73.11,0.61,alto,0
2605806,Frei Miguelinho,PE,68.03,69.96,0.61,alto,0
2615300,Timbaúba,PE,74.11,75.02,0.61,alto,0
2402006,Caicó,RN,35.59,42.3,0.61,alto,0
1506906,Santarém Novo,PA,52.16,56.76,0.61,alto,0
3549904,São José dos Campos,SP,57.44,61.18,0.609,alto,0
3548401,Santópolis do Aguapeí,SP,73.87,74.82,0.609,alto,0
4111308,Itaúna do Sul,PR,77.38,77.77,0.609,alto,1
3510401,Capivari,SP,64.47,67.01,0.609,alto,1
3552908,Taciba,SP,79.93,79.94,0.608,alto,1
4109609,Guaratuba,PR,67.35,69.4,0.608,alto,1
4107405,Enéas Marques,PR,83.61,80.0,0.608,alto,0
2805802,Riachão do Dantas,SE,37.96,44.45,0.608,alto,1
3543501,Riversul,SP,81.07,80.0,0.608,alto,1
3546900,Santa Lúcia,SP,66.83,68.96,0.607,alto,0
4200507,Águas de Chapecó,SC,72.27,73.48,0.607,alto,0
2412104,São João do Sabugi,RN,49.46,54.48,0.607,alto,0
4100301,Agudos do Sul,PR,75.84,76.47,0.607,alto,0
3541406,Presidente Prudente,SP,54.07,58.37,0.607,alto,0
3521309,Ipuã,SP,77.09,77.52,0.607,alto,1
4123808,Santa Izabel do Oeste,PR,82.42,80.0,0.607,alto,0
1300086,Anamã,AM,33.26,40.16,0.607,alto,0
3519071,Hortolândia,SP,58.0,61.65,0.606,alto,1
4124004,Santana do Itararé,PR,78.27,78.52,0.606,alto,1
2804607,Nossa Senhora das Dores,SE,32.7,39.64,0.606,alto,1
4116802,Nova Cantu,PR,79.5,79.57,0.606,alto,0
4100806,Alvorada do Sul,PR,69.39,71.09,0.606,alto,0
3533304,Nova Luzitânia,SP,77.92,78.23,0.606,alto,1
4106704,Cruzeiro do Sul,PR,71.43,72.78,0.606,alto,1
4115002,Marilena,PR,84.46,80.0,0.605,alto,1
4104501,Capanema,PR,78.46,78.69,0.605,alto,0
3510609,Carapicuíba,SP,45.21,50.83,0.605,alto,1
3540606,Porto Feliz,SP,73.63,74.61,0.605,alto,1
3551702,Sertãozinho,SP,53.71,58.07,0.605,alto,1
3523404,Itatiba,SP,65.1,67.53,0.604,alto,0
3529302,Matão,SP,64.39,66.95,0.604,alto,1
4117503,Paiçandu,PR,68.48,70.33,0.604,alto,1
5100300,Alto Araguaia,MT,73.84,74.79,0.604,alto,0
4211058,Monte Carlo,SC,63.76,66.43,0.604,alto,1
2501807,Bayeux,PB,33.89,40.74,0.604,alto,1
2208551,Porto Alegre do Piauí,PI,73.86,74.81,0.604,alto,1
1504950,Nova Esperança do Piriá,PA,35.64,42.35,0.604,alto,0
4118105,Paranacity,PR,83.27,80.0,0.603,alto,0
2928505,Santa Terezinha,BA,26.63,33.84,0.603,alto,1
1716604,Peixe,TO,46.47,51.92,0.603,alto,1
2106409,Mata Roma,MA,69.68,71.33,0.603,alto,0
3514304,Dourado,SP,71.5,72.84,0.603,alto,1
1716703,Colméia,TO,48.45,53.62,0.603,alto,0
3545407,Salto Grande,SP,60.22,63.49,0.603,alto,1
4207007,Içara,SC,69.76,71.39,0.603,alto,1
2801405,Carira,SE,33.52,40.4,0.603,alto,1
2704005,Junqueiro,AL,53.3,57.72,0.603,alto,1
1508209,Vigia,PA,29.77,36.87,0.603,alto,0
3520442,Ilha Solteira,SP,66.53,68.72,0.603,alto,0
2206605,Monte Alegre do Piauí,PI,67.16,69.24,0.602,alto,1
2915403,Itaju do Colônia,BA,20.17,27.27,0.602,alto,1
2401651,Bodó,RN,65.0,67.45,0.602,alto,1
3522406,Itapeva,SP,53.35,57.76,0.602,alto,1
3528106,Macaubal,SP,81.53,80.0,0.602,alto,0
2200459,Alvorada do Gurguéia,PI,68.36,70.23,0.601,alto,1
1506112,Quatipuru,PA,48.89,53.99,0.601,alto,1
2204550,Guaribas,PI,58.08,61.72,0.601,alto,0
5103403,Cuiabá,MT,53.94,58.26,0.601,alto,1
4121752,Reserva do Iguaçu,PR,77.91,78.22,0.601,alto,0
2511400,Picuí,PB,52.51,57.06,0.601,alto,1
3300233,Armação dos Búzios,RJ,67.2,69.27,0.601,alto,1
2110237,Santana do Maranhão,MA,85.85,80.0,0.601,alto,1
5107305,São José do Rio Claro,MT,73.17,74.23,0.601,alto,1
2509909,Natuba,PB,58.78,62.3,0.601,alto,1
3539806,Poá,SP,54.46,58.69,0.601,alto,1
4116109,Moreira Sales,PR,79.33,79.43,0.6,alto,1
3522208,Itapecerica da Serra,SP,53.35,57.76,0.6,alto,1
1502772,Curionópolis,PA,50.76,55.58,0.6,alto,0
3553906,Tarabai,SP,78.46,78.69,0.6,alto,1
1505700,Ponta de Pedras,PA,38.7,45.11,0.6,alto,0
4125704,São Miguel do Iguaçu,PR,73.58,74.57,0.599,alto,0
1718808,Sampaio,TO,43.61,49.44,0.599,alto,1
3504206,Auriflama,SP,68.6,70.43,0.599,alto,0
2109056,Porto Rico do Maranhão,MA,73.83,74.78,0.599,alto,1
1508357,Vitória do Xingu,PA,60.62,63.83,0.599,alto,0
1720259,São Salvador do Tocantins,TO,47.62,52.91,0.599,alto,0
1507458,São Geraldo do Araguaia,PA,46.49,51.94,0.599,alto,0
2109700,Sambaíba,MA,85.92,80.0,0.599,alto,1
3556107,Valentim Gentil,SP,67.1,69.19,0.599,alto,0
2102358,Buritirana,MA,61.37,64.45,0.599,alto,1
2202505,Caracol,PI,60.97,64.12,0.598,alto,1
4104659,Carambeí,PR,75.09,75.84,0.598,alto,1
2506509,Gurjão,PB,73.31,74.35,0.598,alto,0
1507607,São Miguel do Guamá,PA,38.69,45.1,0.598,alto,0
1100924,Chupinguaia,RO,80.72,80.0,0.597,alto,1
1301308,Codajás,AM,43.66,49.49,0.597,alto,1
2103505,Colinas,MA,59.5,62.9,0.597,alto,1
4112207,Janiópolis,PR,82.58,80.0,0.597,alto,1
2400703,Alto do Rodrigues,RN,48.41,53.58,0.597,alto,1
2501609,Barra de Santa Rosa,PB,56.39,60.31,0.597,alto,1
4124020,Santa Tereza do Oeste,PR,73.31,74.35,0.597,alto,0
2504009,Campina Grande,PB,42.4,48.39,0.597,alto,1
4214607,Rio do Oeste,SC,81.39,80.0,0.597,alto,1
2515500,Serra Branca,PB,57.57,61.29,0.597,alto,1
4119509,Piraquara,PR,58.33,61.92,0.596,alto,1
3301850,Guapimirim,RJ,50.19,55.1,0.596,alto,1
1100023,Ariquemes,RO,62.3,65.22,0.596,alto,0
4123907,Santa Mariana,PR,73.65,74.63,0.596,alto,0
4107124,Diamante do Sul,PR,69.4,71.09,0.596,alto,0
3303203,Nilópolis,RJ,44.36,50.1,0.596,alto,1
2910859,Filadélfia,BA,18.28,25.25,0.596,alto,0
4118204,Paranaguá,PR,61.91,64.89,0.596,alto,1
4105300,Céu Azul,PR,81.6,80.0,0.596,alto,0
4210902,Modelo,SC,81.55,80.0,0.596,alto,0
2902203,Aramari,BA,21.73,28.9,0.595,alto,1
2110401,São Benedito do Rio Preto,MA,46.81,52.21,0.595,alto,1
3525854,Jumirim,SP,76.39,76.93,0.595,alto,1
2408805,Parazinho,RN,47.0,52.37,0.595,alto,1
2907202,Casa Nova,BA,13.13,19.44,0.595,alto,0
2111508,São Mateus do Maranhão,MA,64.56,67.09,0.595,alto,1
4117222,Nova Santa Rosa,PR,77.8,78.12,0.594,alto,1
2514453,São José dos Ramos,PB,58.86,62.36,0.594,alto,1
2203909,Floriano,PI,49.16,54.22,0.594,alto,1
5105234,Lambari D'Oeste,MT,87.13,80.0,0.594,alto,1
4107603,Faxinal,PR,83.44,80.0,0.594,alto,1
1706100,Cristalândia,TO,46.85,52.25,0.594,alto,0
2612703,Santa Maria do Cambucá,PE,83.17,80.0,0.593,alto,1
5103106,Cocalinho,MT,78.71,78.9,0.593,alto,1
3541604,Promissão,SP,67.37,69.41,0.593,alto,0
2102507,Cajari,MA,53.27,57.7,0.593,alto,1
4108601,Goioerê,PR,70.49,72.0,0.592,alto,1
1700707,Alvorada,TO,47.86,53.11,0.592,alto,0
5100508,Alto Paraguai,MT,67.56,69.57,0.592,alto,1
2503704,Cajazeiras,PB,51.68,56.36,0.592,alto,1
4204400,Coronel Freitas,SC,74.28,75.16,0.592,alto,0
2101004,Arari,MA,67.49,69.51,0.592,alto,0
1101401,Monte Negro,RO,72.19,73.41,0.592,alto,1
2514404,São José de Espinharas,PB,56.3,60.23,0.592,alto,1
3545159,Saltinho,SP,65.6,67.95,0.591,alto,1
3504503,Avaré,SP,57.49,61.23,0.591,alto,1
3549805,São José do Rio Preto,SP,52.06,56.68,0.591,alto,0
2707800,Roteiro,AL,64.36,66.92,0.591,alto,1
2205003,Itainópolis,PI,74.15,75.05,0.591,alto,1
3518909,Guzolândia,SP,88.59,80.0,0.591,alto,1
3524709,Jaguariúna,SP,62.82,65.65,0.591,alto,0
2201051,Assunção do Piauí,PI,84.48,80.0,0.59,alto,1
3305604,Silva Jardim,RJ,55.39,59.47,0.59,alto,1
4200101,Abelardo Luz,SC,64.82,67.3,0.59,alto,1
2410207,Portalegre,RN,50.87,55.67,0.59,alto,0
3528007,Macatuba,SP,65.03,67.48,0.59,alto,1
3535606,Paraibuna,SP,63.5,66.21,0.59,alto,1
4128609,Verê,PR,81.02,80.0,0.59,alto,1
3528809,Maracaí,SP,84.81,80.0,0.59,alto,0
3510708,Cardoso,SP,68.94,70.71,0.589,alto,1
3544004,Rio das Pedras,SP,65.04,67.48,0.589,alto,1
1507706,São Sebastião da Boa Vista,PA,48.08,53.3,0.589,alto,1
5106703,Ponte Branca,MT,76.77,77.25,0.589,alto,0
3302700,Maricá,RJ,56.64,60.52,0.589,alto,1
2210953,Tamboril do Piauí,PI,68.75,70.55,0.589,alto,1
2401909,Caiçara do Rio do Vento,RN,38.04,44.52,0.588,alto,1
2202711,Cocal de Telha,PI,67.54,69.55,0.588,alto,1
2209856,São João da Canabrava,PI,82.0,80.0,0.588,alto,0
2203602,Eliseu Martins,PI,82.88,80.0,0.588,alto,1
1508308,Viseu,PA,34.28,41.1,0.588,alto,1
2108306,Penalva,MA,55.46,59.53,0.588,alto,0
2210805,Simplício Mendes,PI,88.71,80.0,0.588,alto,1
2930808,Souto Soares,BA,25.49,32.71,0.588,alto,1
3531308,Monte Alto,SP,67.07,69.16,0.588,alto,1
4107751,Figueira,PR,82.1,80.0,0.588,alto,1
5107925,Sorriso,MT,79.08,79.21,0.588,alto,0
2207603,Parnaguá,PI,67.67,69.66,0.587,alto,1
2807501,Tomar do Geru,SE,42.86,48.79,0.587,alto,1
4206504,Guaramirim,SC,70.33,71.87,0.587,alto,1
3529708,Miguelópolis,SP,64.31,66.88,0.587,alto,1
4113304,Laranjeiras do Sul,PR,72.14,73.37,0.586,alto,1
4215554,Santa Helena,SC,78.34,78.58,0.586,alto,1
4112108,Jandaia do Sul,PR,76.99,77.44,0.586,alto,1
3538808,Piraju,SP,64.72,67.22,0.586,alto,0
1715754,Palmeirópolis,TO,47.77,53.03,0.586,alto,0
4218905,Urubici,SC,60.18,63.46,0.586,alto,0
3302809,Mendes,RJ,58.36,61.95,0.586,alto,1
2703502,Jacuípe,AL,54.29,58.55,0.585,alto,0
3301801,Engenheiro Paulo de Frontin,RJ,63.0,65.8,0.585,alto,1
3537800,Piedade,SP,58.57,62.12,0.585,alto,0
3537404,Pereira Barreto,SP,66.13,68.39,0.585,alto,0
3525102,Jardinópolis,SP,58.3,61.9,0.585,alto,1
2103000,Caxias,MA,43.75,49.57,0.585,alto,0
2509008,Manaíra,PB,91.08,80.0,0.585,alto,1
2105708,Lago da Pedra,MA,92.18,80.0,0.585,alto,1
3510500,Caraguatatuba,SP,54.34,58.59,0.584,alto,1
3522703,Itápolis,SP,66.67,68.83,0.584,alto,0
3528502,Mairiporã,SP,55.0,59.15,0.584,alto,0
4128104,Umuarama,PR,64.14,66.74,0.584,alto,1
4122305,Rio Negro,PR,85.17,80.0,0.583,alto,0
2920205,Malhada,BA,25.23,32.45,0.583,alto,0
2207850,Pavussu,PI,66.32,68.54,0.583,alto,0
3520004,Igaraçu do Tietê,SP,68.56,70.4,0.583,alto,0
3526001,Junqueirópolis,SP,76.94,77.4,0.583,alto,0
4126207,Sapopema,PR,73.32,74.36,0.583,alto,0
2408201,Nísia Floresta,RN,32.17,39.14,0.583,alto,0
1708254,Tabocão,TO,48.93,54.03,0.583,alto,1
3518503,Guareí,SP,62.27,65.19,0.583,alto,0
3500402,Águas da Prata,SP,64.77,67.26,0.583,alto,1
1707207,Dois Irmãos do Tocantins,TO,48.67,53.8,0.582,alto,1
2403707,Felipe Guerra,RN,54.36,58.61,0.582,alto,1
4216909,São Lourenço do Oeste,SC,71.41,72.76,0.582,alto,1
4119202,Pinhalão,PR,73.96,74.89,0.582,alto,0
4107702,Fênix,PR,65.16,67.58,0.582,alto,1
2109239,Presidente Médici,MA,75.46,76.15,0.582,alto,1
1702703,Aurora do Tocantins,TO,52.92,57.4,0.582,alto,1
1101559,Teixeirópolis,RO,71.95,73.21,0.582,alto,1
2203305,Demerval Lobão,PI,70.15,71.72,0.581,alto,0
4219150,Vargem,SC,88.99,80.0,0.581,alto,1
2209500,Santo Inácio do Piauí,PI,73.42,74.44,0.581,alto,0
1502707,Conceição do Araguaia,PA,38.67,45.08,0.581,alto,0
3503406,Arealva,SP,72.62,73.77,0.581,alto,0
3501707,Américo Brasiliense,SP,66.43,68.63,0.581,alto,0
4103909,Campina da Lagoa,PR,80.15,80.0,0.581,alto,1
2409902,Pendências,RN,40.87,47.04,0.581,alto,1
3534104,Oriente,SP,59.52,62.91,0.581,alto,1
3542305,Redenção da Serra,SP,83.33,80.0,0.581,alto,0
4105904,Colorado,PR,84.01,80.0,0.581,alto,1
4103354,Braganey,PR,84.89,80.0,0.58,alto,0
2513356,Santa Inês,PB,52.66,57.18,0.58,alto,1
2408904,Parelhas,RN,43.33,49.2,0.58,alto,0
3551009,São Vicente,SP,43.11,49.01,0.58,alto,1
3503208,Araraquara,SP,55.9,59.9,0.58,alto,0
1506203,Salinópolis,PA,43.26,49.14,0.58,alto,0
2509503,Montadas,PB,65.88,68.18,0.58,alto,0
2608909,Limoeiro,PE,72.23,73.45,0.58,alto,1
3302056,Italva,RJ,54.49,58.72,0.58,alto,0
2502151,Boa Vista,PB,68.57,70.41,0.58,alto,1
3549953,São Lourenço da Serra,SP,61.39,64.46,0.579,alto,1
3507506,Botucatu,SP,59.1,62.56,0.579,alto,1
4101309,Antônio Olinto,PR,91.41,80.0,0.579,alto,0
1101492,São Francisco do Guaporé,RO,65.79,68.1,0.579,alto,1
3525508,Joanópolis,SP,71.87,73.15,0.579,alto,1
4212601,Peritiba,SC,85.84,80.0,0.579,alto,0
2802809,Indiaroba,SE,38.33,44.78,0.578,alto,1
4115754,Mauá da Serra,PR,81.13,80.0,0.578,alto,0
4208609,Jaborá,SC,73.88,74.82,0.578,alto,0
3300100,Angra dos Reis,RJ,57.0,60.82,0.578,alto,1
2414159,Tenente Laurentino Cruz,RN,44.64,50.34,0.578,alto,1
3501004,Altinópolis,SP,68.51,70.36,0.578,alto,1
1500859,Anapu,PA,48.76,53.88,0.578,alto,1
4202404,Blumenau,SC,63.89,66.53,0.577,alto,1
4215075,Riqueza,SC,83.43,80.0,0.577,alto,1
3304003,Piraí,RJ,58.8,62.31,0.577,alto,1
4208401,Itapiranga,SC,71.58,72.9,0.577,alto,0
2110005,Santa Luzia,MA,54.43,58.67,0.577,alto,0
3518107,Guarantã,SP,66.92,69.04,0.576,alto,1
2900306,Acajutiba,BA,19.7,26.77,0.576,alto,0
2514552,São José de Princesa,PB,82.35,80.0,0.576,alto,0
2405009,Jaçanã,RN,47.01,52.38,0.576,alto,1
2604155,Casinhas,PE,79.46,79.54,0.576,alto,0
5107156,Reserva do Cabaçal,MT,76.26,76.82,0.576,alto,0
3533908,Olímpia,SP,61.15,64.26,0.576,alto,0
4125209,São Jorge d'Oeste,PR,88.28,80.0,0.576,alto,0
4121505,Rebouças,PR,86.33,80.0,0.575,alto,1
2605103,Custódia,PE,82.05,80.0,0.575,alto,0
2409308,Patu,RN,32.16,39.13,0.575,alto,1
2103307,Codó,MA,46.94,52.32,0.575,alto,1
4114203,Mandaguari,PR,85.06,80.0,0.575,alto,0
4110953,Itaipulândia,PR,86.91,80.0,0.574,alto,0
2102556,Campestre do Maranhão,MA,64.72,67.22,0.574,alto,1
4104428,Candói,PR,73.37,74.4,0.574,alto,1
1715507,Oliveira de Fátima,TO,50.0,54.93,0.574,alto,1
3515301,Estrela do Norte,SP,72.99,74.08,0.574,alto,0
3502101,Andradina,SP,56.97,60.79,0.574,alto,0
3306107,Valença,RJ,58.36,61.95,0.574,alto,1
3549102,São João da Boa Vista,SP,54.57,58.79,0.574,alto,0
2106508,Matinha,MA,63.97,66.6,0.574,alto,1
1714302,Nazaré,TO,45.94,51.46,0.574,alto,1
3515509,Fernandópolis,SP,57.61,61.33,0.574,alto,1
4107850,Flor da Serra do Sul,PR,85.72,80.0,0.574,alto,0
4110078,Imbaú,PR,71.92,73.19,0.574,alto,1
2700300,Arapiraca,AL,39.44,45.77,0.574,alto,1
2209559,São Braz do Piauí,PI,87.8,80.0,0.574,alto,1
3552403,Sumaré,SP,52.91,57.39,0.573,alto,1
3523206,Itararé,SP,55.9,59.9,0.573,alto,1
4117701,Palmeira,PR,71.64,72.95,0.573,alto,1
2512101,Pombal,PB,58.65,62.19,0.573,alto,0
2509602,Monte Horebe,PB,84.33,80.0,0.573,alto,0
2102903,Carutapera,MA,55.58,59.63,0.573,alto,0
4109104,Guaporema,PR,84.38,80.0,0.573,alto,1
1100189,Pimenta Bueno,RO,69.73,71.37,0.573,alto,0
3534807,Ouro Verde,SP,82.02,80.0,0.573,alto,1
2606804,Igarassu,PE,62.61,65.47,0.572,alto,0
1502756,Concórdia do Pará,PA,40.62,46.82,0.572,alto,0
2100709,Anajatuba,MA,72.8,73.92,0.572,alto,1
4126603,Siqueira Campos,PR,85.7,80.0,0.572,alto,0
3556453,Vargem Grande Paulista,SP,56.05,60.02,0.572,alto,0
2922052,Mulungu do Morro,BA,22.47,29.66,0.572,alto,1
2210375,São Luis do Piauí,PI,58.51,62.07,0.572,alto,1
3501905,Amparo,SP,52.41,56.97,0.571,alto,0
4212007,Palma Sola,SC,80.08,80.0,0.571,alto,1
3505906,Batatais,SP,60.92,64.07,0.571,alto,1
3505005,Barão de Antonina,SP,65.56,67.91,0.571,alto,1
1503077,Garrafão do Norte,PA,37.96,44.45,0.571,alto,1
4111407,Ivaí,PR,84.6,80.0,0.571,alto,0
2105351,Itaipava do Grajaú,MA,86.12,80.0,0.571,alto,1
3509601,Campo Limpo Paulista,SP,49.85,54.81,0.57,alto,1
3553203,Taiúva,SP,68.12,70.03,0.57,alto,1
4103057,Boa Vista da Aparecida,PR,72.39,73.58,0.57,alto,1
4119806,Planalto,PR,87.64,80.0,0.57,alto,1
3511508,Cerquilho,SP,60.93,64.08,0.57,alto,0
5106752,Pontes e Lacerda,MT,65.94,69.94,0.57,alto,1
2703007,Ibateguara,AL,93.46,80.0,0.57,alto,1
1704600,Chapada de Areia,TO,50.0,54.93,0.57,alto,1
2103257,Cidelândia,MA,66.44,68.64,0.569,alto,0
3503307,Araras,SP,58.1,61.73,0.569,alto,1
3529500,Mendonça,SP,69.95,71.55,0.569,alto,0
2803906,Malhador,SE,34.29,41.11,0.569,alto,1
3300159,Aperibé,RJ,59.34,62.76,0.569,alto,0
3515103,Embu-Guaçu,SP,46.49,51.94,0.569,alto,1
4126256,Sarandi,PR,57.98,61.63,0.569,alto,1
3552809,Taboão da Serra,SP,45.59,51.16,0.569,alto,1
3304904,São Gonçalo,RJ,45.67,51.23,0.569,alto,1
2106375,Maranhãozinho,MA,76.41,76.95,0.568,alto,0
4110805,Iretama,PR,87.59,80.0,0.568,alto,0
4114401,Mangueirinha,PR,72.22,73.44,0.568,alto,1
3539509,Pitangueiras,SP,62.9,65.71,0.568,alto,0
4127007,Teixeira Soares,PR,77.31,77.71,0.568,alto,0
3518701,Guarujá,SP,48.23,53.43,0.568,alto,1
2606903,Iguaracy,PE,72.59,73.75,0.568,alto,0
3538709,Piracicaba,SP,54.74,58.93,0.568,alto,1
3539707,Platina,SP,71.43,72.78,0.568,alto,0
2607901,Jaboatão dos Guararapes,PE,57.25,61.03,0.568,alto,1
1502905,Curuçá,PA,30.81,37.86,0.568,alto,1
2515203,São Sebastião do Umbuzeiro,PB,94.99,80.0,0.568,alto,1
3530805,Mogi Mirim,SP,53.79,58.13,0.568,alto,1
3545803,Santa Bárbara d'Oeste,SP,54.63,58.84,0.568,alto,0
3526803,Lençóis Paulista,SP,61.31,64.4,0.567,alto,1
2924108,Pedrão,BA,20.72,27.85,0.567,alto,1
1713205,Miracema do Tocantins,TO,41.54,47.63,0.567,alto,1
2803302,Japaratuba,SE,42.14,48.16,0.567,alto,0
3554201,Tejupá,SP,73.38,74.41,0.567,alto,1
4203907,Capinzal,SC,72.28,73.49,0.566,alto,1
4117909,Palotina,PR,69.03,70.79,0.566,alto,0
3518404,Guaratinguetá,SP,56.82,60.67,0.566,alto,1
1711100,Itaporã do Tocantins,TO,64.16,66.76,0.566,alto,1
3501608,Americana,SP,58.55,62.11,0.566,alto,0
4201703,Ascurra,SC,81.99,80.0,0.566,alto,0
2801900,Cumbe,SE,44.12,49.89,0.566,alto,0
2706448,Paripueira,AL,53.42,57.82,0.566,alto,1
1600303,Macapá,AP,43.33,49.2,0.565,alto,1
4206306,Guabiruba,SC,70.17,71.73,0.565,alto,0
3304755,São Francisco de Itabapoana,RJ,43.51,49.36,0.565,alto,1
4114807,Marialva,PR,73.24,74.29,0.565,alto,1
2922904,Nova Soure,BA,22.14,29.32,0.565,alto,0
4121356,Rancho Alegre D'Oeste,PR,78.04,78.33,0.565,alto,1
4201273,Arabutã,SC,79.39,79.48,0.565,alto,0
4212908,Pinhalzinho,SC,78.25,78.51,0.565,alto,1
2610509,Passira,PE,74.89,75.67,0.564,alto,0
2100907,Araioses,MA,56.23,60.17,0.564,alto,1
3506904,Bofete,SP,45.78,51.32,0.564,alto,0
4120903,Quedas do Iguaçu,PR,71.7,73.0,0.564,alto,1
3526209,Juquitiba,SP,60.14,63.43,0.564,alto,1
3525300,Jaú,SP,59.77,63.12,0.564,alto,1
2919603,Macajuba,BA,18.56,25.55,0.564,alto,0
4125753,São Pedro do Iguaçu,PR,74.73,75.54,0.563,alto,0
4213708,Pouso Redondo,SC,66.5,68.69,0.563,alto,1
3516606,Gália,SP,78.91,79.07,0.563,alto,1
1303908,São Paulo de Olivença,AM,33.12,40.03,0.563,alto,1
3509908,Cananéia,SP,64.85,67.33,0.563,alto,1
2510907,Paulista,PB,61.87,64.86,0.563,alto,1
2108207,Pedreiras,MA,68.1,70.02,0.563,alto,1
3303807,Paraty,RJ,50.72,55.55,0.563,alto,1
4126801,Tapejara,PR,69.39,71.09,0.563,alto,1
2202109,Campinas do Piauí,PI,90.62,80.0,0.563,alto,0
4121257,Ramilândia,PR,88.1,80.0,0.563,alto,1
2513927,São Bentinho,PB,65.98,68.26,0.563,alto,1
2106805,Mirinzal,MA,91.54,80.0,0.563,alto,1
2510105,Nova Floresta,PB,66.12,68.38,0.563,alto,1
4123006,Salto do Lontra,PR,85.46,80.0,0.562,alto,1
3510203,Capão Bonito,SP,62.4,65.3,0.562,alto,0
4119608,Pitanga,PR,72.99,74.08,0.562,alto,1
2700805,Belém,AL,55.08,59.21,0.562,alto,0
1716505,Pedro Afonso,TO,53.06,57.52,0.562,alto,1
1100338,Nova Mamoré,RO,63.02,65.81,0.562,alto,1
1504703,Moju,PA,32.11,39.09,0.562,alto,1
1507409,São Francisco do Pará,PA,37.02,43.6,0.561,alto,1
3538501,Piquete,SP,65.49,67.86,0.561,alto,0
2401453,Baraúna,RN,32.01,38.99,0.561,alto,0
3527256,Lourdes,SP,74.02,74.94,0.561,alto,1
1720101,São Bento do Tocantins,TO,43.97,49.76,0.561,alto,0
2614501,Surubim,PE,55.41,59.49,0.561,alto,1
2612471,Santa Cruz da Baixa Verde,PE,75.38,76.08,0.56,alto,0
5101803,Barra do Garças,MT,61.17,64.28,0.56,alto,0
2112852,Vila Nova dos Martírios,MA,86.07,80.0,0.559,alto,1
2105401,Itapecuru Mirim,MA,53.35,57.76,0.559,alto,0
4115408,Marmeleiro,PR,78.32,78.57,0.559,alto,0
2604007,Carpina,PE,65.28,67.68,0.559,alto,1
3548906,São Carlos,SP,51.56,56.26,0.559,alto,1
5005103,Jateí,MS,66.67,68.83,0.559,alto,1
3518206,Guararapes,SP,58.19,61.81,0.558,alto,0
2413508,Serrinha,RN,56.19,60.14,0.558,alto,1
4100400,Almirante Tamandaré,PR,52.44,57.0,0.558,alto,1
4216701,São José do Cedro,SC,76.38,76.92,0.558,alto,0
4116703,Nova Aurora,PR,82.25,80.0,0.558,alto,1
4128658,Virmond,PR,78.69,78.88,0.558,alto,0
2903607,Biritinga,BA,22.22,29.4,0.558,alto,0
3533007,Nova Granada,SP,61.21,64.31,0.557,alto,1
3531803,Monte Mor,SP,49.58,54.58,0.557,alto,1
4201505,Armazém,SC,70.51,72.02,0.557,alto,0
4118600,Paula Freitas,PR,77.55,77.91,0.557,alto,1
2804508,Nossa Senhora da Glória,SE,29.55,36.66,0.557,alto,1
2802700,Ilha das Flores,SE,26.97,34.17,0.557,alto,1
4125456,São José das Palmeiras,PR,83.2,80.0,0.556,alto,1
2110203,Santa Rita,MA,59.53,62.92,0.556,alto,1
1506401,Santa Cruz do Arari,PA,49.87,54.82,0.556,alto,1
2210607,São Raimundo Nonato,PI,68.18,70.08,0.556,alto,0
2603454,Camaragibe,PE,58.66,62.2,0.556,alto,1
2609204,Maraial,PE,69.2,70.93,0.556,alto,1
2601201,Arcoverde,PE,59.53,62.92,0.556,alto,0
3508306,Cabrália Paulista,SP,79.41,79.5,0.556,alto,1
4120333,Prado Ferreira,PR,76.64,77.14,0.556,alto,1
3526506,Lavínia,SP,62.02,64.99,0.555,alto,1
1100296,Santa Luzia D'Oeste,RO,76.11,76.7,0.555,alto,0
2107803,Parnarama,MA,90.73,80.0,0.555,alto,1
4117404,Ourizona,PR,88.82,80.0,0.555,alto,1
2401305,Campo Grande,RN,36.13,42.79,0.555,alto,0
2413805,Taboleiro Grande,RN,45.45,51.04,0.555,alto,0
2506707,Imaculada,PB,67.14,69.22,0.555,alto,1
3505500,Barretos,SP,59.67,63.04,0.555,alto,1
3507803,Brodowski,SP,53.67,58.03,0.555,alto,1
3535200,Palmeira d'Oeste,SP,67.6,69.6,0.555,alto,0
4219408,Witmarsum,SC,79.96,79.97,0.555,alto,1
3551801,Sete Barras,SP,66.79,68.93,0.554,alto,1
4211801,Ouro,SC,72.58,73.74,0.554,alto,0
2412500,São Miguel,RN,39.84,46.13,0.554,alto,1
4215752,São Bernardino,SC,83.02,80.0,0.554,alto,1
4217956,Tigrinhos,SC,79.06,79.2,0.554,alto,0
4103040,Boa Ventura de São Roque,PR,74.78,75.58,0.553,alto,1
4105706,Clevelândia,PR,73.11,74.18,0.553,alto,0
2601805,Betânia,PE,70.45,71.97,0.553,alto,0
1100114,Jaru,RO,62.82,65.65,0.553,alto,1
1507102,São Caetano de Odivelas,PA,33.37,40.26,0.552,alto,0
2607307,Ipubi,PE,72.0,73.25,0.552,alto,1
2201804,Bocaina,PI,90.77,80.0,0.552,alto,1
3521507,Irapuã,SP,69.58,71.24,0.552,alto,0
4106605,Cruzeiro do Oeste,PR,74.06,74.97,0.552,alto,1
4113502,Loanda,PR,72.42,73.6,0.552,alto,0
3301702,Duque de Caxias,RJ,47.15,52.5,0.551,alto,1
3507605,Bragança Paulista,SP,52.01,56.64,0.551,alto,1
3517901,Guaraci,SP,73.82,74.77,0.551,alto,1
1706001,Couto Magalhães,TO,48.18,53.39,0.551,alto,1
4112801,Joaquim Távora,PR,85.53,80.0,0.551,alto,0
3516408,Franco da Rocha,SP,50.89,55.69,0.551,alto,1
2801108,Canhoba,SE,45.45,51.04,0.551,alto,0
4119004,Pérola d'Oeste,PR,88.85,80.0,0.551,alto,0
4100707,Alto Piquiri,PR,74.73,75.54,0.551,alto,1
3547700,Santo Anastácio,SP,79.99,79.99,0.551,alto,1
1100254,Presidente Médici,RO,62.41,65.31,0.551,alto,0
4113809,Lupionópolis,PR,86.97,80.0,0.551,alto,1
3527900,Lutécia,SP,71.6,72.92,0.551,alto,0
1501782,Breu Branco,PA,31.24,38.27,0.551,alto,0
1303601,Santa Isabel do Rio Negro,AM,26.71,33.91,0.551,alto,0
4122206,Rio Branco do Sul,PR,62.29,65.21,0.55,alto,1
4212239,Paraíso,SC,85.76,80.0,0.55,alto,0
2201200,Barras,PI,55.68,59.72,0.55,alto,0
1100502,Novo Horizonte do Oeste,RO,72.53,73.7,0.55,alto,1
4119707,Planaltina do Paraná,PR,79.79,79.82,0.55,alto,0
3547502,Santa Rita do Passa Quatro,SP,62.35,65.26,0.55,alto,0
3538907,Pirajuí,SP,53.49,57.88,0.549,alto,1
3533403,Nova Odessa,SP,54.93,59.09,0.549,alto,1
1718840,Sandolândia,TO,45.7,51.26,0.549,alto,0
2202026,Buriti dos Montes,PI,84.87,80.0,0.549,alto,0
4127965,Turvo,PR,82.63,80.0,0.549,alto,0
4219853,Zortéa,SC,65.06,67.5,0.549,alto,1
4111209,Itapejara d'Oeste,PR,75.48,76.17,0.549,alto,1
4122503,Roncador,PR,83.73,80.0,0.549,alto,1
2200301,Alto Longá,PI,90.92,80.0,0.549,alto,0
1508100,Tucuruí,PA,37.28,43.83,0.549,alto,0
3302908,Miguel Pereira,RJ,57.4,61.15,0.549,alto,0
2605004,Cupira,PE,77.97,78.27,0.548,alto,0
3522604,Itapira,SP,60.48,63.71,0.548,alto,1
2408300,Nova Cruz,RN,30.54,37.61,0.548,alto,1
3506003,Bauru,SP,43.75,49.57,0.548,alto,0
2107357,Nova Olinda do Maranhão,MA,57.16,60.95,0.548,alto,0
2804904,Pacatuba,SE,16.9,23.74,0.548,alto,0
2504603,Conde,PB,62.38,65.28,0.548,alto,0
3505203,Bariri,SP,64.82,67.3,0.547,alto,0
2512705,Remígio,PB,58.76,62.28,0.547,alto,1
4106308,Corbélia,PR,74.62,75.44,0.547,alto,0
1503200,Igarapé-Açu,PA,32.77,39.7,0.547,alto,0
2702306,Coruripe,AL,94.13,80.0,0.547,alto,0
1506351,Santa Bárbara do Pará,PA,37.63,44.15,0.547,alto,0
3517505,Guapiaçu,SP,56.31,60.24,0.547,alto,0
2103406,Coelho Neto,MA,60.53,63.75,0.547,alto,0
3529104,Marinópolis,SP,93.33,80.0,0.546,alto,0
2504074,Caraúbas,PB,48.41,53.58,0.546,alto,0
3518602,Guariba,SP,69.71,71.35,0.546,alto,0
2601300,Barra de Guabiraba,PE,80.78,80.0,0.546,alto,0
5005707,Naviraí,MS,60.27,63.53,0.546,alto,1
4122701,Sabáudia,PR,81.51,80.0,0.546,alto,1
4127205,Terra Boa,PR,85.98,80.0,0.546,alto,0
4104600,Capitão Leônidas Marques,PR,72.97,74.06,0.546,alto,0
1506104,Primavera,PA,48.96,54.05,0.546,alto,1
5108956,Nova Monte Verde,MT,77.16,77.58,0.546,alto,0
3520905,Ipaussu,SP,55.77,59.79,0.545,alto,1
1500909,Augusto Corrêa,PA,38.56,44.99,0.545,alto,1
3516705,Garça,SP,51.91,56.55,0.545,alto,0
4109005,Guapirama,PR,87.9,80.0,0.545,alto,1
2603926,Carnaubeira da Penha,PE,84.31,80.0,0.544,alto,0
3541901,Queluz,SP,61.94,64.92,0.544,alto,0
2104305,Godofredo Viana,MA,82.97,80.0,0.544,alto,0
3554102,Taubaté,SP,44.37,50.1,0.544,alto,0
3554409,Terra Roxa,SP,67.21,69.28,0.544,alto,0
2110856,São Francisco do Brejão,MA,62.65,65.51,0.544,alto,1
2512721,Pedro Régis,PB,47.41,52.73,0.544,alto,1
3304508,Rio das Flores,RJ,59.69,63.05,0.544,alto,0
4107801,Floraí,PR,77.34,77.73,0.543,alto,0
3533502,Novo Horizonte,SP,61.56,64.6,0.543,alto,0
2929800,Saúde,BA,15.02,21.63,0.543,alto,1
2802908,Itabaiana,SE,26.63,33.84,0.543,alto,0
3538006,Pindamonhangaba,SP,54.51,58.74,0.543,alto,0
4214904,Rio Fortuna,SC,78.36,78.6,0.543,alto,1
4111555,Ivaté,PR,84.34,80.0,0.543,alto,1
3528700,Marabá Paulista,SP,71.43,72.78,0.543,alto,1
1506161,Rio Maria,PA,41.79,47.85,0.542,alto,0
4108452,Foz do Jordão,PR,83.19,80.0,0.542,alto,1
4217758,Sul Brasil,SC,76.19,76.76,0.542,alto,1
1101450,Parecis,RO,61.04,64.17,0.542,alto,0
3552700,Tabatinga,SP,62.43,65.32,0.542,alto,1
3514403,Dracena,SP,63.13,65.9,0.541,alto,1
3556602,Vera Cruz,SP,62.72,65.56,0.541,alto,1
2210904,Socorro do Piauí,PI,68.44,70.3,0.541,alto,1
4113734,Luiziana,PR,85.27,80.0,0.541,alto,0
5106653,Pontal do Araguaia,MT,69.67,71.32,0.541,alto,1
3544905,Sales Oliveira,SP,58.46,62.03,0.541,alto,1
3552205,Sorocaba,SP,47.9,53.15,0.541,alto,1
3530607,Mogi das Cruzes,SP,46.57,52.01,0.541,alto,1
4213104,Piratuba,SC,81.43,80.0,0.541,alto,0
2804805,Nossa Senhora do Socorro,SE,19.85,26.93,0.541,alto,0
4218400,Treze de Maio,SC,71.87,73.15,0.54,alto,1
2700201,Anadia,AL,53.44,57.84,0.54,alto,1
2211407,Várzea Grande,PI,93.66,80.0,0.54,alto,1
2109809,Santa Helena,MA,57.13,60.93,0.54,alto,0
5103379,Cotriguaçu,MT,58.35,61.94,0.54,alto,0
3515400,Fartura,SP,62.71,65.56,0.54,alto,0
3300258,Arraial do Cabo,RJ,50.49,55.35,0.54,alto,0
3543204,Ribeirão do Sul,SP,74.14,75.04,0.54,alto,1
2506806,Ingá,PB,57.31,61.08,0.539,alto,1
5004007,Glória de Dourados,MS,78.91,79.07,0.539,alto,1
4204608,Criciúma,SC,59.07,62.54,0.539,alto,1
2615904,Tuparetama,PE,77.11,77.54,0.539,alto,0
4118006,Paraíso do Norte,PR,74.89,75.67,0.539,alto,1
4114005,Mamborê,PR,93.95,80.0,0.539,alto,1
2903235,Barro Alto,BA,24.29,31.51,0.538,alto,1
3556305,Valparaíso,SP,64.42,66.97,0.538,alto,0
3523503,Itatinga,SP,61.7,64.72,0.538,alto,1
2104909,Guimarães,MA,89.07,80.0,0.538,alto,0
2410405,Pureza,RN,35.91,42.59,0.538,alto,1
3536208,Pariquera-Açu,SP,64.45,67.0,0.538,alto,1
2205516,Juazeiro do Piauí,PI,68.69,70.51,0.538,alto,0
2806602,Santo Amaro das Brotas,SE,34.57,41.37,0.538,alto,1
4107736,Fernandes Pinheiro,PR,80.92,80.0,0.538,alto,1
3305505,Saquarema,RJ,63.54,66.24,0.537,alto,1
2103752,Davinópolis,MA,66.75,68.9,0.537,alto,0
3515707,Ferraz de Vasconcelos,SP,52.72,57.23,0.537,alto,0
2403301,Encanto,RN,47.53,52.83,0.537,alto,0
3506359,Bertioga,SP,54.67,58.87,0.537,alto,0
3512803,Cosmópolis,SP,52.95,57.43,0.537,alto,0
2504355,Caturité,PB,53.0,57.47,0.536,alto,0
3540200,Pontal,SP,60.04,63.34,0.536,alto,0
2210201,São José do Piauí,PI,93.83,80.0,0.536,alto,0
4114104,Mandaguaçu,PR,60.15,63.44,0.536,alto,1
2201176,Barra D'Alcântara,PI,61.11,64.23,0.536,alto,0
3556800,Viradouro,SP,63.55,66.25,0.536,alto,1
2800506,Areia Branca,SE,27.09,34.29,0.536,alto,0
4127106,Telêmaco Borba,PR,63.2,65.96,0.536,alto,1
3554904,Três Fronteiras,SP,89.53,80.0,0.536,alto,1
2109908,Santa Inês,MA,47.14,52.49,0.536,alto,1
2614600,Tabira,PE,72.93,74.03,0.536,alto,1
2707602,Quebrangulo,AL,57.48,61.22,0.535,alto,1
2610301,Paranatama,PE,74.14,75.04,0.535,alto,1
4128708,Vitorino,PR,71.38,72.74,0.535,alto,1
3544608,Sabino,SP,54.4,58.64,0.535,alto,1
5003157,Coronel Sapucaia,MS,78.98,79.13,0.534,alto,1
2500908,Arara,PB,35.35,42.08,0.534,alto,0
2605400,Feira Nova,PE,85.66,80.0,0.534,alto,0
3556503,Várzea Paulista,SP,48.73,53.85,0.534,alto,1
3554953,Tuiuti,SP,65.71,68.04,0.534,alto,1
1709302,Guaraí,TO,36.07,42.74,0.534,alto,0
3301900,Itaboraí,RJ,51.3,56.04,0.534,alto,1
2414100,Tenente Ananias,RN,42.88,48.81,0.533,alto,0
4207809,Irani,SC,73.89,74.83,0.533,alto,1
5102850,Castanheira,MT,63.1,65.88,0.533,alto,1
3518859,Guatapará,SP,64.55,67.08,0.533,alto,1
3521903,Itajobi,SP,85.09,80.0,0.533,alto,0
4121406,Realeza,PR,88.32,80.0,0.532,alto,1
4211405,Nova Erechim,SC,69.15,70.89,0.532,alto,0
2503100,Cabaceiras,PB,60.85,64.02,0.532,alto,0
4219101,Vargeão,SC,80.87,80.0,0.532,alto,1
2615805,Tupanatinga,PE,68.57,70.41,0.531,alto,1
3501806,Américo de Campos,SP,59.97,63.29,0.531,alto,0
1600253,Itaubal,AP,50.48,55.34,0.531,alto,1
3301009,Campos dos Goytacazes,RJ,38.69,45.1,0.53,alto,1
1504901,Muaná,PA,36.17,42.83,0.53,alto,1
2708402,São José da Tapera,AL,49.03,54.11,0.53,alto,1
4121208,Quitandinha,PR,71.76,73.05,0.53,alto,0
5107404,São Pedro da Cipa,MT,72.89,74.0,0.53,alto,0
4103222,Bom Sucesso do Sul,PR,82.0,80.0,0.53,alto,1
3503901,Arujá,SP,50.85,55.66,0.53,alto,0
3530706,Mogi Guaçu,SP,51.4,56.12,0.53,alto,0
3538600,Piracaia,SP,58.49,62.06,0.529,alto,1
4207908,Irineópolis,SC,71.82,73.1,0.529,alto,0
4202057,Balneário Barra do Sul,SC,60.27,63.53,0.529,alto,1
2101731,Belágua,MA,61.12,64.24,0.529,alto,0
1702109,Araguaína,TO,35.44,42.16,0.529,alto,0
3523107,Itaquaquecetuba,SP,42.98,48.89,0.529,alto,0
3543253,Ribeirão Grande,SP,63.69,66.37,0.529,alto,1
4124301,Santo Antônio do Paraíso,PR,82.31,80.0,0.529,alto,0
2104099,Formosa da Serra Negra,MA,85.6,80.0,0.529,alto,0
2703205,Igreja Nova,AL,47.93,53.17,0.529,alto,1
5000252,Alcinópolis,MS,76.7,77.19,0.529,alto,1
3508504,Caçapava,SP,53.05,57.51,0.529,alto,1
3508801,Cafelândia,SP,61.19,64.3,0.528,alto,1
4202701,Botuverá,SC,69.33,71.04,0.528,alto,1
2201556,Bela Vista do Piauí,PI,61.05,64.18,0.528,alto,0
2706703,Penedo,AL,40.85,47.02,0.528,alto,1
3536406,Paulicéia,SP,67.24,69.3,0.528,alto,0
4103156,Bom Jesus do Sul,PR,87.35,80.0,0.528,alto,0
2107407,Olho d'Água das Cunhãs,MA,53.93,58.25,0.528,alto,0
3545001,Salesópolis,SP,64.64,67.15,0.528,alto,1
3541703,Quatá,SP,66.25,68.48,0.527,alto,1
2102408,Cajapió,MA,66.03,68.3,0.527,alto,1
1500503,Almeirim,PA,30.68,37.74,0.527,alto,0
2502003,Belém do Brejo do Cruz,PB,57.5,61.23,0.526,alto,1
4121901,Ribeirão do Pinhal,PR,86.67,80.0,0.526,alto,0
2207405,Palmeira do Piauí,PI,70.83,72.28,0.526,alto,1
3531704,Monteiro Lobato,SP,66.6,68.77,0.525,alto,1
4126900,Tapira,PR,90.52,80.0,0.525,alto,1
2509701,Monteiro,PB,55.03,59.17,0.525,alto,0
2111607,São Raimundo das Mangabeiras,MA,71.02,72.44,0.525,alto,0
2709103,Taquarana,AL,44.02,49.8,0.525,alto,1
3542602,Registro,SP,52.31,56.89,0.524,alto,0
4120804,Quatro Barras,PR,66.78,68.92,0.524,alto,1
4107504,Engenheiro Beltrão,PR,87.33,80.0,0.524,alto,0
5107875,Sapezal,MT,69.76,71.39,0.523,alto,0
3505351,Barra do Chapéu,SP,65.06,67.5,0.523,alto,1
3525706,José Bonifácio,SP,55.78,59.8,0.523,alto,1
3301405,Conceição de Macabu,RJ,49.73,54.71,0.523,alto,0
3534401,Osasco,SP,45.95,51.47,0.523,alto,1
2500734,Amparo,PB,85.27,80.0,0.522,alto,1
3509502,Campinas,SP,41.69,47.76,0.522,alto,1
5008305,Três Lagoas,MS,69.86,71.48,0.522,alto,0
4104253,Campo Magro,PR,59.84,63.18,0.522,alto,1
4207759,Iraceminha,SC,60.52,63.74,0.521,alto,0
2202133,Campo Grande do Piauí,PI,85.6,80.0,0.521,alto,0
2704906,Mar Vermelho,AL,58.97,62.46,0.521,alto,1
4204152,Celso Ramos,SC,77.35,77.74,0.521,alto,1
3557006,Votorantim,SP,48.87,53.97,0.521,alto,0
1707553,Fátima,TO,52.54,57.08,0.521,alto,0
1501204,Baião,PA,27.52,34.71,0.521,alto,0
4212809,Balneário Piçarras,SC,61.5,64.55,0.521,alto,1
4122172,Rio Branco do Ivaí,PR,69.75,71.38,0.521,alto,0
2805505,Poço Verde,SE,30.77,37.82,0.52,alto,0
1100379,Alto Alegre dos Parecis,RO,69.52,71.19,0.52,alto,0
3300308,Barra do Piraí,RJ,45.28,50.89,0.52,alto,1
3503802,Artur Nogueira,SP,50.11,55.03,0.52,alto,1
2105963,Lagoa Grande do Maranhão,MA,81.68,80.0,0.52,alto,0
3554300,Teodoro Sampaio,SP,66.81,68.95,0.52,alto,0
3543907,Rio Claro,SP,50.27,55.16,0.52,alto,1
3535408,Panorama,SP,85.96,80.0,0.52,alto,0
3550803,São Sebastião da Grama,SP,64.77,67.26,0.52,alto,0
3554003,Tatuí,SP,51.1,55.87,0.519,alto,1
4114906,Marilândia do Sul,PR,72.1,73.34,0.519,alto,0
3555901,Uru,SP,81.48,80.0,0.519,alto,0
3515152,Engenheiro Coelho,SP,53.33,57.75,0.519,alto,1
4209201,Lacerdópolis,SC,70.0,71.59,0.519,alto,0
2207355,Pajeú do Piauí,PI,66.01,68.29,0.519,alto,1
4101200,Antonina,PR,66.31,68.53,0.519,alto,1
4111100,Itambé,PR,89.72,80.0,0.518,alto,0
3531902,Morro Agudo,SP,55.19,59.31,0.518,alto,1
4213609,Porto União,SC,70.51,72.02,0.518,alto,1
1100098,Espigão D'Oeste,RO,85.33,80.0,0.518,alto,1
1701051,Angico,TO,40.16,46.41,0.518,alto,0
4102307,Balsa Nova,PR,75.83,76.46,0.518,alto,1
2911105,Formosa do Rio Preto,BA,19.66,26.73,0.517,alto,0
4108320,Francisco Alves,PR,68.71,70.52,0.517,alto,0
2510808,Patos,PB,43.61,49.44,0.517,alto,0
3536000,Parapuã,SP,75.58,76.25,0.517,alto,1
2105989,Lajeado Novo,MA,60.63,63.83,0.517,alto,0
4114708,Maria Helena,PR,64.7,67.2,0.517,alto,1
3548005,Santo Antônio de Posse,SP,54.29,58.55,0.517,alto,0
3550100,São Manuel,SP,59.7,63.06,0.517,alto,1
5104104,Guarantã do Norte,MT,60.81,63.98,0.517,alto,1
2413706,Sítio Novo,RN,28.73,35.88,0.516,alto,0
2513406,Santa Luzia,PB,54.82,59.0,0.516,alto,1
3517604,Guapiara,SP,66.94,69.06,0.516,alto,1
3512506,Coroados,SP,69.43,71.12,0.516,alto,0
4206900,Ibirama,SC,67.48,69.5,0.516,alto,0
3515657,Fernão,SP,92.86,80.0,0.516,alto,1
2407906,Monte das Gameleiras,RN,33.36,40.25,0.516,alto,1
5105259,Lucas do Rio Verde,MT,63.96,66.59,0.515,alto,0
2202208,Campo Maior,PI,52.24,56.83,0.515,alto,1
3514106,Dois Córregos,SP,61.44,64.5,0.515,alto,1
4127809,Tomazina,PR,91.65,80.0,0.515,alto,0
2105302,Imperatriz,MA,45.19,50.82,0.514,alto,0
3301306,Casimiro de Abreu,RJ,54.93,59.09,0.514,alto,1
5103809,Figueirópolis D'Oeste,MT,86.02,80.0,0.514,alto,1
2708956,Senador Rui Palmeira,AL,51.9,56.54,0.514,alto,0
3524600,Jacupiranga,SP,63.85,66.5,0.514,alto,1
2705507,Murici,AL,53.15,57.6,0.514,alto,0
2204709,Inhuma,PI,55.39,59.47,0.514,alto,0
4215455,Sangão,SC,69.26,70.98,0.513,alto,1
4125803,São Pedro do Ivaí,PR,83.61,80.0,0.513,alto,0
3524303,Jaboticabal,SP,53.01,57.48,0.513,alto,0
3518305,Guararema,SP,64.75,67.24,0.512,alto,0
4115457,Marquinho,PR,73.99,74.92,0.512,alto,0
3546306,Santa Cruz das Palmeiras,SP,49.45,54.47,0.512,alto,0
2501500,Bananeiras,PB,51.04,55.82,0.512,alto,1
3553401,Tanabi,SP,65.17,67.59,0.512,alto,0
2926103,Retirolândia,BA,18.48,25.46,0.511,alto,1
4119103,Piên,PR,85.9,80.0,0.511,alto,0
2202455,Capitão Gervásio Oliveira,PI,65.3,67.7,0.511,alto,0
4209854,Lindóia do Sul,SC,87.38,80.0,0.511,alto,0
3513702,Descalvado,SP,59.36,62.78,0.511,alto,0
2205409,Joaquim Pires,PI,55.54,59.6,0.511,alto,0
5104906,Jangada,MT,55.89,59.89,0.51,alto,1
2202851,Coronel José Dias,PI,61.14,64.26,0.51,alto,1
4111704,Jaboti,PR,82.7,80.0,0.51,alto,1
4211652,Novo Horizonte,SC,91.6,80.0,0.51,alto,0
3550506,São Pedro do Turvo,SP,69.21,70.94,0.51,alto,0
2611533,Quixaba,PE,80.26,80.0,0.51,alto,0
3507902,Brotas,SP,61.91,64.89,0.51,alto,1
4103305,Borrazópolis,PR,87.15,80.0,0.509,alto,1
2105922,Lagoa do Mato,MA,85.96,80.0,0.509,alto,1
3522505,Itapevi,SP,50.26,55.16,0.509,alto,0
2202554,Caridade do Piauí,PI,61.42,64.49,0.509,alto,1
2104057,Estreito,MA,54.89,59.05,0.509,alto,0
2605608,Flores,PE,74.26,75.14,0.509,alto,1
2605152,Dormentes,PE,64.93,67.39,0.509,alto,0
4217303,Saudades,SC,81.64,80.0,0.508,alto,0
2413359,Serra do Mel,RN,32.67,39.61,0.508,alto,1
3524402,Jacareí,SP,45.56,51.14,0.508,alto,0
1100015,Alta Floresta D'Oeste,RO,64.55,67.08,0.508,alto,0
3556701,Vinhedo,SP,51.4,56.12,0.508,alto,0
4120309,Porto Vitória,PR,84.62,80.0,0.508,alto,1
2500536,Alcantil,PB,42.62,48.58,0.508,alto,1
3555000,Tupã,SP,50.17,55.08,0.507,alto,1
4127908,Tuneiras do Oeste,PR,71.46,72.81,0.507,alto,1
2501708,Barra de São Miguel,PB,60.51,63.73,0.507,alto,0
1501600,Bonito,PA,37.01,43.59,0.507,alto,1
3541505,Presidente Venceslau,SP,60.06,63.36,0.507,alto,0
3549706,São José do Rio Pardo,SP,47.71,52.98,0.507,alto,0
2105906,Lago Verde,MA,62.12,65.07,0.506,alto,0
1100403,Alto Paraíso,RO,61.53,64.58,0.506,alto,1
3513009,Cotia,SP,50.67,55.5,0.506,alto,1
2109270,Presidente Sarney,MA,62.8,65.63,0.506,alto,1
3546603,Santa Fé do Sul,SP,59.21,62.66,0.506,alto,1
4117453,Ouro Verde do Oeste,PR,86.73,80.0,0.506,alto,0
3532603,Nhandeara,SP,66.5,68.69,0.506,alto,1
4209508,Laurentino,SC,64.28,66.86,0.506,alto,1
2610608,Paudalho,PE,62.99,65.79,0.505,alto,0
3556206,Valinhos,SP,50.73,55.55,0.505,alto,1
3519600,Ibitinga,SP,49.72,54.7,0.505,alto,1
3525003,Jandira,SP,44.87,50.54,0.505,alto,0
1101302,Mirante da Serra,RO,59.21,62.66,0.505,alto,0
4109203,Guaraci,PR,72.75,73.88,0.505,alto,1
3527702,Luiziânia,SP,54.64,58.85,0.505,alto,1
4110300,Inajá,PR,73.73,74.7,0.505,alto,1
2515302,Sapé,PB,33.89,40.74,0.505,alto,1
4210407,Maracajá,SC,58.51,62.07,0.504,alto,1
5107909,Sinop,MT,57.03,60.84,0.504,alto,1
3511607,Cesário Lange,SP,55.7,59.73,0.504,alto,1
2413904,Taipu,RN,36.54,43.17,0.504,alto,1
1100320,São Miguel do Guaporé,RO,67.75,69.73,0.504,alto,1
2608602,Lagoa do Ouro,PE,72.63,73.78,0.504,alto,0
2511004,Pedra Branca,PB,95.61,80.0,0.504,alto,1
3532843,Nova Canaã Paulista,SP,78.95,79.1,0.503,alto,1
4207502,Indaial,SC,55.2,59.31,0.503,alto,0
2806404,Santana do São Francisco,SE,28.89,36.03,0.503,alto,1
5004601,Itaquiraí,MS,73.35,74.38,0.503,alto,0
3542206,Rancharia,SP,60.04,63.34,0.503,alto,1
4122909,Salto do Itararé,PR,64.52,67.05,0.503,alto,0
3511102,Catanduva,SP,54.37,58.62,0.503,alto,0
2911006,Floresta Azul,BA,15.12,21.74,0.503,alto,0
2515930,Sertãozinho,PB,52.0,56.63,0.503,alto,0
1302207,Juruá,AM,40.6,46.8,0.503,alto,1
2610202,Panelas,PE,76.82,77.3,0.503,alto,0
2111748,Senador Alexandre Costa,MA,95.63,80.0,0.503,alto,0
2512747,Riachão,PB,52.41,56.97,0.503,alto,0
4128005,Ubiratã,PR,85.59,80.0,0.502,alto,1
5004502,Itaporã,MS,69.03,70.79,0.502,alto,1
2804102,Moita Bonita,SE,43.16,49.05,0.502,alto,0
4210605,Massaranduba,SC,70.98,72.41,0.502,alto,0
2701506,Campo Grande,AL,51.51,56.21,0.501,alto,1
2931103,Tanquinho,BA,18.93,25.95,0.501,alto,0
2700102,Água Branca,AL,47.14,52.49,0.501,alto,1
2616183,Vertente do Lério,PE,83.71,80.0,0.501,alto,0
5000203,Água Clara,MS,70.19,71.75,0.501,alto,0
2403756,Fernando Pedroza,RN,32.84,39.77,0.501,alto,0
2600104,Afogados da Ingazeira,PE,66.59,68.77,0.501,alto,0
4217204,São Miguel do Oeste,SC,68.64,70.46,0.501,alto,0
3545209,Salto,SP,56.22,60.17,0.501,alto,0
4118808,Peabiru,PR,69.48,71.16,0.5,alto,0
1701002,Ananás,TO,39.94,46.22,0.5,alto,0
3550407,São Pedro,SP,51.93,56.57,0.5,alto,0
2210508,São Pedro do Piauí,PI,49.25,54.3,0.5,alto,0
4105003,Catanduvas,PR,66.05,68.32,0.5,alto,1
4203709,Canelinha,SC,59.28,62.71,0.5,alto,1
3517208,Guaiçara,SP,50.64,55.48,0.499,alto,0
3500550,Águas de Santa Bárbara,SP,50.04,54.97,0.499,alto,1
4209607,Lauro Müller,SC,63.3,66.04,0.499,alto,0
2502508,Boqueirão,PB,38.0,44.48,0.499,alto,1
3500709,Agudos,SP,57.23,61.01,0.499,alto,0
3528601,Manduri,SP,62.2,65.13,0.499,alto,0
4113403,Leópolis,PR,91.11,80.0,0.499,alto,0
1717008,Pindorama do Tocantins,TO,47.41,52.73,0.499,alto,1
4108908,Guairaçá,PR,72.56,73.72,0.499,alto,0
3502408,Anhumas,SP,66.98,69.09,0.498,alto,1
3541059,Pratânia,SP,56.06,60.03,0.498,alto,1
2100808,Anapurus,MA,91.05,80.0,0.498,alto,1
3502903,Araçoiaba da Serra,SP,49.39,54.42,0.498,alto,0
2109106,Presidente Dutra,MA,54.77,58.95,0.497,alto,1
4215604,Santa Rosa de Lima,SC,92.81,80.0,0.497,alto,0
3500907,Altair,SP,55.84,59.85,0.497,alto,0
4117602,Palmas,PR,55.66,59.7,0.497,alto,1
2211506,Vera Mendes,PI,94.44,80.0,0.497,alto,1
2604908,Cumaru,PE,76.43,76.97,0.497,alto,0
2511806,Pirpirituba,PB,34.62,41.41,0.497,alto,0
4116059,Missal,PR,88.67,80.0,0.497,alto,0
2500601,Alhandra,PB,57.33,61.09,0.497,alto,1
3519006,Herculândia,SP,85.15,80.0,0.497,alto,0
5006606,Ponta Porã,MS,57.76,61.45,0.497,alto,0
2407203,Macau,RN,27.27,34.46,0.497,alto,1
2607406,Itacuruba,PE,64.79,67.28,0.496,alto,1
4209300,Lages,SC,48.56,53.71,0.496,alto,0
4103958,Campina do Simão,PR,85.54,80.0,0.496,alto,0
4205506,Fraiburgo,SC,66.55,68.73,0.496,alto,0
3301108,Cantagalo,RJ,55.75,59.77,0.496,alto,1
2505105,Cuité,PB,50.66,55.49,0.495,alto,0
4128807,Xambrê,PR,73.84,74.79,0.495,alto,1
4107546,Espigão Alto do Iguaçu,PR,71.95,73.21,0.495,alto,0
4108551,Godoy Moreira,PR,94.55,80.0,0.495,alto,1
4124806,São João,PR,87.03,80.0,0.495,alto,0
3514809,Eldorado,SP,62.33,65.24,0.494,alto,0
4218202,Timbó,SC,69.86,71.48,0.494,alto,0
4125001,São João do Ivaí,PR,61.46,64.52,0.494,alto,0
2208650,Queimada Nova,PI,60.22,63.49,0.494,alto,0
3506409,Bilac,SP,59.99,63.3,0.494,alto,0
3553104,Taiaçu,SP,67.19,69.26,0.494,alto,1
4101150,Ângulo,PR,90.09,80.0,0.494,alto,0
3553658,Taquaral,SP,75.0,75.76,0.493,alto,1
3513801,Diadema,SP,40.88,47.05,0.493,alto,0
4114351,Manfrinópolis,PR,91.01,80.0,0.493,alto,1
1504604,Mocajuba,PA,31.97,38.95,0.493,alto,1
3545605,Santa Adélia,SP,60.7,63.89,0.493,alto,0
3534708,Ourinhos,SP,50.37,55.25,0.492,alto,1
2202778,Colônia do Piauí,PI,59.89,63.22,0.492,alto,1
2107258,Nova Colinas,MA,85.65,80.0,0.492,alto,1
2210631,Sebastião Leal,PI,93.5,80.0,0.492,alto,1
2206407,Monsenhor Gil,PI,60.33,63.58,0.492,alto,1
1100064,Colorado do Oeste,RO,62.85,65.67,0.492,alto,0
3527405,Lucélia,SP,64.53,67.06,0.492,alto,0
3553500,Tapiraí,SP,53.69,58.05,0.492,alto,1
1500958,Aurora do Pará,PA,33.96,40.81,0.492,alto,0
4111605,Ivatuba,PR,78.82,78.99,0.492,alto,0
3509304,Cajobi,SP,61.22,64.32,0.491,alto,1
2516904,Uiraúna,PB,98.05,80.0,0.491,alto,1
3549508,São José da Bela Vista,SP,47.63,52.91,0.491,alto,1
2101970,Boa Vista do Gurupi,MA,59.99,63.3,0.491,alto,0
2111953,Sucupira do Riachão,MA,75.39,76.09,0.49,alto,0
3509700,Campos do Jordão,SP,51.23,55.98,0.49,alto,0
2413300,Serra de São Bento,RN,26.92,34.12,0.49,alto,0
2514305,São José de Caiana,PB,48.19,53.39,0.49,alto,1
5105101,Juara,MT,53.34,57.76,0.489,alto,0
4204459,Coronel Martins,SC,73.68,74.66,0.489,alto,0
1504406,Marapanim,PA,28.74,35.89,0.489,alto,0
2101707,Barreirinhas,MA,50.35,55.23,0.489,alto,0
3155702,Rio Piracicaba,MG,77.01,77.46,0.489,alto,1
4201257,Apiúna,SC,63.67,66.35,0.489,alto,0
4107108,Diamante do Norte,PR,72.99,74.08,0.489,alto,0
4120705,Quatiguá,PR,91.58,80.0,0.489,alto,0
4117271,Nova Tebas,PR,89.19,80.0,0.489,alto,0
4123303,Santa Cruz de Monte Castelo,PR,85.79,80.0,0.489,alto,1
3515186,Espírito Santo do Pinhal,SP,65.42,67.8,0.489,alto,1
4127304,Terra Rica,PR,69.02,70.78,0.488,alto,0
3508108,Buritama,SP,64.02,66.64,0.488,alto,0
2504157,Casserengue,PB,47.97,53.21,0.488,alto,0
1500347,Água Azul do Norte,PA,27.76,34.94,0.488,alto,0
5007976,Taquarussu,MS,78.85,79.02,0.488,alto,0
5208707,Goiânia,GO,66.56,68.74,0.488,alto,0
4219705,Xaxim,SC,66.61,68.78,0.488,alto,1
2515401,São Vicente do Seridó,PB,55.88,59.88,0.488,alto,1
4207601,Ipira,SC,83.23,80.0,0.488,alto,0
3302452,Macuco,RJ,63.62,66.31,0.487,alto,0
4103800,Cambira,PR,86.17,80.0,0.487,alto,0
4211207,Morro da Fumaça,SC,68.02,69.95,0.487,alto,1
4103453,Cafelândia,PR,87.02,80.0,0.487,alto,1
2610707,Paulista,PE,51.23,55.98,0.487,alto,1
4212304,Paulo Lopes,SC,63.06,65.85,0.487,alto,1
3552502,Suzano,SP,42.07,48.1,0.487,alto,1
2607109,Ingazeira,PE,78.57,78.78,0.486,alto,0
5007950,Tacuru,MS,51.61,56.3,0.486,alto,0
2505402,Desterro,PB,55.88,59.88,0.486,alto,1
2613602,São José do Egito,PE,67.52,69.54,0.486,alto,0
3302858,Mesquita,RJ,37.82,44.32,0.486,alto,1
3507308,Boracéia,SP,71.15,72.55,0.486,alto,1
2706406,Pão de Açúcar,AL,47.65,52.93,0.486,alto,0
4122800,Salgado Filho,PR,89.42,80.0,0.486,alto,0
1720002,Santa Terezinha do Tocantins,TO,56.06,60.03,0.485,alto,1
2513984,São Francisco,PB,56.59,60.48,0.485,alto,0
2411429,Santana do Seridó,RN,52.34,56.91,0.485,alto,1
4116000,Miraselva,PR,77.05,77.49,0.485,alto,1
3528304,Magda,SP,84.51,80.0,0.485,alto,0
4202800,Braço do Norte,SC,60.64,63.84,0.485,alto,1
2606002,Garanhuns,PE,52.28,56.86,0.485,alto,0
2402303,Caraúbas,RN,25.23,32.45,0.484,alto,0
1100031,Cabixi,RO,69.1,70.85,0.484,alto,0
3527009,Lindóia,SP,77.11,77.54,0.484,alto,1
4112405,Japurá,PR,73.42,74.44,0.484,alto,0
3540002,Pompéia,SP,62.09,65.04,0.484,alto,1
2603405,Calumbi,PE,74.41,75.27,0.483,alto,0
3504602,Bady Bassitt,SP,55.64,59.68,0.483,alto,0
4103404,Cafeara,PR,80.11,80.0,0.483,alto,1
2211308,Valença do Piauí,PI,51.94,56.58,0.483,alto,1
4213351,Ponte Alta do Norte,SC,64.09,66.7,0.483,alto,0
3539004,Pirangi,SP,83.68,80.0,0.483,alto,1
3556008,Urupês,SP,80.62,80.0,0.483,alto,1
3302502,Magé,RJ,46.26,51.74,0.483,alto,1
3534609,Osvaldo Cruz,SP,58.32,61.92,0.483,alto,1
4200804,Anchieta,SC,77.52,77.89,0.483,alto,0
2516201,Sousa,PB,44.13,49.9,0.483,alto,0
4109906,Icaraíma,PR,73.26,74.31,0.483,alto,1
3552106,Socorro,SP,50.82,55.63,0.483,alto,0
3305752,Tanguá,RJ,55.41,59.49,0.483,alto,1
4110409,Indianópolis,PR,80.01,80.0,0.482,alto,1
1101500,Seringueiras,RO,63.02,65.81,0.482,alto,0
2709400,Viçosa,AL,40.03,46.3,0.482,alto,0
5106158,Nova Bandeirantes,MT,73.3,74.34,0.482,alto,0
3521200,Iporanga,SP,52.31,56.89,0.482,alto,0
2205151,Jacobina do Piauí,PI,88.51,80.0,0.482,alto,0
4113908,Mallet,PR,82.55,80.0,0.482,alto,0
3523602,Itirapina,SP,59.11,62.57,0.481,alto,0
1720903,Taguatinga,TO,38.31,44.76,0.481,alto,1
3540705,Porto Ferreira,SP,48.9,54.0,0.481,alto,1
3546207,Santa Cruz da Conceição,SP,66.58,68.76,0.481,alto,0
3520301,Iguape,SP,57.18,60.97,0.481,alto,0
4206405,Guaraciaba,SC,83.28,80.0,0.481,alto,0
2105658,Junco do Maranhão,MA,94.78,80.0,0.481,alto,1
4203600,Campos Novos,SC,64.29,66.86,0.481,alto,1
1721109,Tocantínia,TO,42.96,48.88,0.481,alto,0
4210308,Major Vieira,SC,69.07,70.82,0.481,alto,0
2202075,Cajazeiras do Piauí,PI,100.0,80.0,0.481,alto,1
4121802,Ribeirão Claro,PR,74.58,75.41,0.481,alto,0
2803203,Itaporanga d'Ajuda,SE,24.31,31.53,0.48,alto,0
3300936,Carapebus,RJ,51.01,55.79,0.48,alto,0
3535507,Paraguaçu Paulista,SP,48.18,53.39,0.48,alto,0
2510303,Nova Palmeira,PB,59.43,62.84,0.48,alto,0
3550209,São Miguel Arcanjo,SP,56.99,60.81,0.48,alto,0
2113009,Vitorino Freire,MA,51.04,55.82,0.48,alto,0
2209708,São Francisco do Piauí,PI,58.13,61.76,0.48,alto,0
3302007,Itaguaí,RJ,42.05,48.08,0.479,alto,1
2507408,Jericó,PB,53.45,57.85,0.479,alto,1
2502300,Bom Sucesso,PB,65.39,67.77,0.479,alto,1
2100873,Araguanã,MA,98.19,80.0,0.479,alto,0
4122008,Rio Azul,PR,89.62,80.0,0.479,alto,0
4218855,União do Oeste,SC,67.41,69.44,0.479,alto,1
3305000,São João da Barra,RJ,52.12,56.73,0.479,alto,0
2609006,Macaparana,PE,72.61,73.76,0.478,alto,0
4217501,Seara,SC,83.55,80.0,0.478,alto,1
3539301,Pirassununga,SP,45.9,51.43,0.478,alto,0
2207702,Parnaíba,PI,31.0,38.04,0.478,alto,0
4218509,Treze Tílias,SC,74.33,75.2,0.478,alto,1
2101509,Barão de Grajaú,MA,41.6,47.68,0.478,alto,0
2508901,Mamanguape,PB,46.17,51.66,0.477,alto,0
2601102,Araripina,PE,56.89,60.73,0.477,alto,1
4213153,Planalto Alegre,SC,79.57,79.63,0.477,alto,0
3557303,Estiva Gerbi,SP,45.14,50.77,0.477,alto,0
5006275,Paraíso das Águas,MS,76.38,76.92,0.477,alto,0
3521804,Itaí,SP,47.41,52.73,0.477,alto,1
2504033,Capim,PB,56.03,60.01,0.477,alto,0
4215059,Rio Rufino,SC,65.74,68.06,0.477,alto,0
2402808,Coronel Ezequiel,RN,40.66,46.85,0.476,alto,1
2207934,Pedro Laurentino,PI,37.77,44.28,0.476,alto,0
3517703,Guará,SP,67.39,69.43,0.476,alto,0
4210035,Luzerna,SC,72.91,74.01,0.476,alto,0
4205605,Galvão,SC,80.83,80.0,0.476,alto,1
2600302,Agrestina,PE,71.71,73.01,0.476,alto,1
2503407,Cacimba de Areia,PB,63.89,66.53,0.476,alto,1
2104008,Esperantinópolis,MA,59.36,62.78,0.475,alto,0
4121109,Quinta do Sol,PR,76.75,77.24,0.475,alto,1
2210979,Tanque do Piauí,PI,58.33,61.92,0.475,alto,1
4209003,Joaçaba,SC,59.16,62.61,0.475,alto,0
3522158,Itaoca,SP,60.87,64.03,0.475,alto,1
2111102,São João dos Patos,MA,53.56,57.94,0.475,alto,1
3513306,Cruzália,SP,85.19,80.0,0.475,alto,1
3528205,Macedônia,SP,82.52,80.0,0.474,alto,1
2109601,Rosário,MA,56.65,60.53,0.474,alto,1
3555208,Turiúba,SP,100.0,80.0,0.474,alto,0
2805307,Pirambu,SE,25.81,33.03,0.474,alto,0
1703701,Brejinho de Nazaré,TO,38.1,44.57,0.474,alto,0
5200100,Abadiânia,GO,78.96,79.11,0.474,alto,0
3536257,Parisi,SP,76.74,77.23,0.473,alto,0
3537008,Pedregulho,SP,60.85,64.02,0.473,alto,1
3513207,Cristais Paulista,SP,49.97,54.91,0.473,alto,1
4124608,São Carlos do Ivaí,PR,78.29,78.54,0.473,alto,1
4108007,Florestópolis,PR,64.38,66.94,0.473,alto,1
4107157,Diamante D'Oeste,PR,67.21,69.28,0.473,alto,0
2201705,Bertolínia,PI,59.48,62.88,0.473,alto,1
2615003,Taquaritinga do Norte,PE,59.65,63.02,0.473,alto,1
2506301,Guarabira,PB,36.12,42.78,0.472,alto,0
2404408,Grossos,RN,40.43,46.65,0.472,alto,0
5105176,Juruena,MT,59.71,63.07,0.472,alto,0
2504504,Condado,PB,56.24,60.18,0.472,alto,1
3555406,Ubatuba,SP,41.31,47.43,0.472,alto,1
2209153,Santa Cruz dos Milagres,PI,52.44,57.0,0.472,alto,0
3551504,Serrana,SP,45.95,51.47,0.472,alto,1
2508604,Lucena,PB,47.19,52.54,0.471,alto,1
4120002,Porecatu,PR,74.34,75.21,0.471,alto,0
3553856,Taquarivaí,SP,62.06,65.02,0.471,alto,1
2502805,Brejo do Cruz,PB,53.57,57.95,0.471,alto,1
2403905,Francisco Dantas,RN,45.0,50.65,0.471,alto,0
4125357,São Jorge do Patrocínio,PR,74.33,75.2,0.471,alto,0
3537909,Pilar do Sul,SP,56.68,60.55,0.47,alto,0
2612455,Santa Cruz,PE,69.26,70.98,0.47,alto,1
2915353,Itaguaçu da Bahia,BA,20.89,28.02,0.47,alto,0
4110508,Ipiranga,PR,88.2,80.0,0.47,alto,0
4204202,Chapecó,SC,56.22,60.17,0.47,alto,1
3523305,Itariri,SP,61.61,64.65,0.47,alto,0
3519055,Holambra,SP,58.34,61.93,0.47,alto,0
2204501,Guadalupe,PI,48.9,54.0,0.47,alto,0
4120655,Quarto Centenário,PR,79.88,79.9,0.469,alto,1
5107602,Rondonópolis,MT,52.75,57.26,0.469,alto,0
4128559,Vera Cruz do Oeste,PR,52.37,56.94,0.469,alto,0
3301603,Duas Barras,RJ,57.85,61.52,0.469,alto,0
2515971,Sobrado,PB,60.0,63.31,0.469,alto,1
3552601,Tabapuã,SP,90.29,80.0,0.469,alto,0
2513901,São Bento,PB,42.46,48.44,0.469,alto,1
2701605,Canapi,AL,45.5,51.08,0.469,alto,0
2507705,Juazeirinho,PB,50.95,55.74,0.469,alto,1
3503109,Arandu,SP,54.21,58.49,0.468,alto,1
3544202,Riolândia,SP,85.73,80.0,0.468,alto,0
1507508,São João do Araguaia,PA,33.62,40.49,0.467,alto,1
3519709,Ibiúna,SP,44.73,50.42,0.467,alto,0
2805604,Porto da Folha,SE,23.53,30.74,0.467,alto,1
2517100,Várzea,PB,52.0,56.63,0.467,alto,0
3530102,Mirandópolis,SP,53.42,57.82,0.467,alto,1
2107100,Morros,MA,94.83,80.0,0.467,alto,1
2606507,Iati,PE,66.34,68.56,0.467,alto,0
2609600,Olinda,PE,59.57,62.95,0.467,alto,1
1702208,Araguatins,TO,35.15,41.9,0.467,alto,0
2409605,Pedra Preta,RN,42.11,48.13,0.466,alto,1
3540804,Potirendaba,SP,60.72,63.91,0.466,alto,1
5006200,Nova Andradina,MS,58.38,61.97,0.466,alto,0
4213807,Praia Grande,SC,65.61,67.96,0.466,alto,0
4304671,Capivari do Sul,RS,41.25,47.38,0.466,alto,1
3526704,Leme,SP,52.84,57.33,0.466,alto,0
4212205,Papanduva,SC,70.53,72.03,0.466,alto,1
4316436,Saldanha Marinho,RS,42.86,48.79,0.466,alto,0
3555356,Ubarana,SP,60.64,63.84,0.466,alto,0
3516903,General Salgado,SP,60.8,63.97,0.466,alto,0
2504108,Carrapateira,PB,68.95,70.72,0.466,alto,0
4210001,Luiz Alves,SC,80.43,80.0,0.466,alto,1
2108058,Paulino Neves,MA,64.86,67.34,0.465,alto,0
2102002,Bom Jardim,MA,94.62,80.0,0.465,alto,1
2701902,Chã Preta,AL,43.85,49.65,0.465,alto,0
5103700,Feliz Natal,MT,65.18,67.6,0.465,alto,1
4218608,Trombudo Central,SC,68.13,70.04,0.465,alto,1
2509396,Maturéia,PB,50.64,55.48,0.465,alto,0
5106224,Nova Mutum,MT,64.2,66.79,0.465,alto,0
2610905,Pesqueira,PE,59.65,63.02,0.465,alto,0
3106200,Belo Horizonte,MG,57.61,61.33,0.465,alto,0
2206357,Milton Brandão,PI,37.5,44.03,0.465,alto,1
3550902,São Simão,SP,62.84,65.66,0.465,alto,1
4123600,Santa Inês,PR,96.75,80.0,0.465,alto,0
1722081,Wanderlândia,TO,35.16,41.91,0.464,alto,1
3502606,Aparecida d'Oeste,SP,67.1,69.19,0.464,alto,0
4218103,Timbé do Sul,SC,71.29,72.66,0.464,alto,0
4117297,Novo Itacolomi,PR,87.42,80.0,0.464,alto,0
3533254,Novais,SP,68.58,70.41,0.464,alto,1
5106240,Nova Ubiratã,MT,73.23,74.28,0.464,alto,1
1101005,Governador Jorge Teixeira,RO,65.11,67.54,0.464,alto,0
4202081,Bandeirante,SC,70.12,71.69,0.464,alto,1
2901908,Aporá,BA,17.78,24.7,0.463,alto,1
3201506,Colatina,ES,73.76,74.72,0.463,alto,0
2502409,Bonito de Santa Fé,PB,40.87,47.04,0.463,alto,0
2200202,Água Branca,PI,90.64,80.0,0.463,alto,0
2614402,Solidão,PE,74.63,75.45,0.463,alto,0
5001243,Aral Moreira,MS,73.91,74.85,0.463,alto,1
3557105,Votuporanga,SP,49.7,54.68,0.463,alto,0
3524808,Jales,SP,55.33,59.42,0.463,alto,0
3524006,Itupeva,SP,44.88,50.55,0.463,alto,1
3505302,Barra Bonita,SP,57.61,61.33,0.463,alto,0
4211702,Orleans,SC,65.83,68.14,0.462,alto,0
3510906,Cássia dos Coqueiros,SP,67.22,69.29,0.462,alto,0
2103158,Centro do Guilherme,MA,92.92,80.0,0.462,alto,0
2609105,Machados,PE,86.88,80.0,0.462,alto,0
4110607,Iporã,PR,64.15,66.75,0.462,alto,0
3302601,Mangaratiba,RJ,47.54,52.84,0.462,alto,1
3526407,Laranjal Paulista,SP,54.22,58.49,0.461,alto,0
1705102,Chapada da Natividade,TO,49.01,54.09,0.461,alto,1
2706000,Olivença,AL,50.0,54.93,0.461,alto,0
3535804,Paranapanema,SP,49.33,54.37,0.461,alto,1
2608701,Lagoa dos Gatos,PE,70.94,72.37,0.461,alto,0
4124103,Santo Antônio da Platina,PR,60.4,63.64,0.461,alto,1
4220000,Balneário Rincão,SC,50.34,55.22,0.461,alto,1
3542800,Ribeira,SP,62.9,65.71,0.46,alto,1
3548104,Santo Antônio do Jardim,SP,71.46,72.81,0.459,alto,1
3506607,Biritiba Mirim,SP,42.57,48.54,0.459,alto,0
3305554,Seropédica,RJ,46.5,51.95,0.459,alto,1
2708907,Satuba,AL,42.93,48.85,0.459,alto,0
3549300,São João do Pau d'Alho,SP,81.03,80.0,0.459,alto,0
3113107,Caranaíba,MG,70.0,71.59,0.459,alto,0
2210359,São Lourenço do Piauí,PI,100.0,80.0,0.459,alto,1
3504305,Avaí,SP,55.32,59.41,0.459,alto,0
3506300,Bernardino de Campos,SP,68.33,70.21,0.459,alto,1
2603009,Cabrobó,PE,68.25,70.14,0.458,alto,1
2511707,Pilõezinhos,PB,98.55,80.0,0.458,alto,1
3507704,Braúna,SP,93.87,80.0,0.458,alto,1
4127957,Tupãssi,PR,70.71,72.18,0.458,alto,0
5005251,Laguna Carapã,MS,83.01,80.0,0.458,alto,1
2110906,São Francisco do Maranhão,MA,51.3,56.04,0.458,alto,0
4106555,Corumbataí do Sul,PR,87.28,80.0,0.457,alto,0
3509254,Cajati,SP,58.94,62.43,0.457,alto,1
4126009,São Sebastião da Amoreira,PR,82.79,80.0,0.457,alto,0
3543402,Ribeirão Preto,SP,39.11,45.48,0.457,alto,1
2112902,Vitória do Mearim,MA,48.98,54.07,0.457,alto,0
3203908,Nova Venécia,ES,83.51,80.0,0.457,alto,0
3202405,Guarapari,ES,71.81,73.1,0.456,alto,0
3555109,Tupi Paulista,SP,93.45,80.0,0.456,alto,0
1702307,Arapoema,TO,37.31,43.86,0.456,alto,0
4127882,Tunas do Paraná,PR,63.46,66.18,0.456,alto,0
2806008,Ribeirópolis,SE,33.67,40.54,0.456,alto,1
2802601,Graccho Cardoso,SE,20.0,27.09,0.456,alto,1
2607208,Ipojuca,PE,68.37,70.24,0.456,alto,1
2803401,Japoatã,SE,26.06,33.27,0.456,alto,0
3544251,Rosana,SP,59.53,62.92,0.456,alto,0
5008404,Vicentina,MS,65.38,67.77,0.456,alto,1
3500600,Águas de São Pedro,SP,81.85,80.0,0.455,alto,0
4205100,Dona Emma,SC,87.24,80.0,0.455,alto,0
2603900,Carnaíba,PE,91.81,80.0,0.455,alto,0
4126504,Sertanópolis,PR,66.76,68.91,0.454,alto,1
3524105,Ituverava,SP,48.38,53.56,0.454,alto,1
3163003,São José da Safira,MG,72.52,73.69,0.454,alto,1
2202406,Capitão de Campos,PI,53.68,58.04,0.454,alto,1
4102802,Bela Vista do Paraíso,PR,61.05,64.18,0.454,alto,1
2406403,Lagoa de Velhos,RN,41.67,47.75,0.454,alto,1
2607752,Itapissuma,PE,77.69,78.03,0.454,alto,0
3512308,Conchas,SP,47.34,52.67,0.454,alto,0
1300508,Barreirinha,AM,29.7,36.81,0.454,alto,1
2704203,Limoeiro de Anadia,AL,43.45,49.3,0.453,alto,1
2517407,Zabelê,PB,91.18,80.0,0.453,alto,1
3526100,Juquiá,SP,54.87,59.04,0.453,alto,1
5100607,Alto Taquari,MT,72.32,73.52,0.453,alto,1
4217006,São Ludgero,SC,65.85,68.15,0.453,alto,0
2103208,Chapadinha,MA,47.1,52.46,0.452,alto,1
5104807,Jaciara,MT,57.01,60.83,0.452,alto,1
2203701,Esperantina,PI,56.99,60.81,0.452,alto,0
2411007,Rodolfo Fernandes,RN,31.19,38.22,0.452,alto,0
3518800,Guarulhos,SP,39.42,45.75,0.451,alto,1
4204004,Catanduvas,SC,68.3,70.18,0.451,alto,0
4215505,Santa Cecília,SC,66.38,68.59,0.451,alto,1
4127403,Terra Roxa,PR,68.55,70.39,0.451,alto,0
3520707,Indiaporã,SP,67.57,69.58,0.451,alto,0
1101435,Nova União,RO,60.65,63.85,0.451,alto,0
3514957,Embaúba,SP,88.89,80.0,0.451,alto,1
4211009,Mondaí,SC,68.6,70.43,0.451,alto,1
4201208,Antônio Carlos,SC,74.47,75.32,0.45,alto,1
4104451,Cantagalo,PR,65.68,68.01,0.45,alto,0
2602506,Brejinho,PE,71.45,72.8,0.45,alto,0
2804201,Monte Alegre de Sergipe,SE,24.77,31.99,0.45,alto,0
1702158,Araguanã,TO,37.72,44.23,0.45,alto,1
1502806,Curralinho,PA,25.06,32.28,0.45,alto,1
3503505,Areias,SP,59.5,62.9,0.449,alto,1
2707701,Rio Largo,AL,36.89,43.48,0.449,alto,1
3305109,São João de Meriti,RJ,37.6,44.12,0.449,alto,1
4120101,Porto Amazonas,PR,69.78,71.41,0.449,alto,0
2510501,Olivedos,PB,54.26,58.53,0.449,alto,1
2405801,João Câmara,RN,22.55,29.74,0.448,alto,0
3533700,Ocauçu,SP,83.74,80.0,0.448,alto,0
2802007,Divina Pastora,SE,39.34,45.68,0.448,alto,1
2702504,Dois Riachos,AL,46.47,51.92,0.448,alto,0
3161650,São Geraldo do Baixio,MG,71.16,72.56,0.448,alto,0
3534500,Oscar Bressane,SP,68.23,70.12,0.448,alto,0
1100700,Campo Novo de Rondônia,RO,59.32,62.75,0.448,alto,0
2208106,Pimenteiras,PI,60.51,63.73,0.448,alto,1
3537701,Piacatu,SP,83.2,80.0,0.447,alto,1
3543709,Rincão,SP,58.93,62.42,0.447,alto,0
2103901,Duque Bacelar,MA,69.39,71.09,0.447,alto,0
3509007,Caieiras,SP,43.89,49.69,0.446,alto,0
1705607,Conceição do Tocantins,TO,27.6,34.78,0.446,alto,0
5100201,Água Boa,MT,59.1,62.56,0.446,alto,0
1716208,Paranã,TO,42.28,48.28,0.446,alto,0
2101202,Bacabal,MA,45.66,51.22,0.446,alto,0
3546405,Santa Cruz do Rio Pardo,SP,52.74,57.25,0.446,alto,0
4107553,Farol,PR,75.96,76.57,0.445,alto,0
3304805,São Fidélis,RJ,39.79,46.08,0.445,alto,0
3513504,Cubatão,SP,48.49,53.65,0.445,alto,1
2501534,Baraúna,PB,59.36,62.78,0.445,alto,0
4118709,Paulo Frontin,PR,90.71,80.0,0.445,alto,0
3506102,Bebedouro,SP,48.69,53.82,0.445,alto,0
2201507,Batalha,PI,43.66,49.49,0.444,alto,1
4214508,Rio do Campo,SC,68.01,69.94,0.444,alto,0
4126272,Saudade do Iguaçu,PR,92.53,80.0,0.444,alto,0
3531605,Monte Castelo,SP,66.46,68.66,0.444,alto,0
3151701,Poço Fundo,MG,81.87,80.0,0.444,alto,1
2102705,Cantanhede,MA,53.04,57.5,0.444,alto,0
4201000,Anita Garibaldi,SC,66.05,68.32,0.444,alto,0
2204204,Francisco Santos,PI,43.94,49.73,0.443,alto,1
2405603,Jardim de Piranhas,RN,30.4,37.47,0.443,alto,0
2503001,Caaporã,PB,37.78,44.29,0.443,alto,1
4112504,Jardim Alegre,PR,61.2,64.31,0.443,alto,0
4208104,Itaiópolis,SC,65.52,67.88,0.443,alto,1
2606101,Glória do Goitá,PE,70.58,72.07,0.443,alto,1
3539400,Piratininga,SP,48.91,54.01,0.443,alto,1
2501203,Areial,PB,92.86,80.0,0.443,alto,1
4113106,Kaloré,PR,83.41,80.0,0.443,alto,1
4212403,Pedras Grandes,SC,81.73,80.0,0.442,alto,1
2500106,Água Branca,PB,47.63,52.91,0.442,alto,1
2510204,Nova Olinda,PB,45.95,51.47,0.442,alto,1
5107958,Tangará da Serra,MT,48.7,53.83,0.441,alto,0
2407252,Major Sales,RN,31.42,38.44,0.441,alto,0
3540309,Pontes Gestal,SP,71.43,72.78,0.441,alto,0
1100452,Buritis,RO,49.82,54.78,0.441,alto,0
2612505,Santa Cruz do Capibaribe,PE,52.81,57.31,0.441,alto,1
3205069,Venda Nova do Imigrante,ES,83.02,80.0,0.441,alto,0
5108808,Nova Guarita,MT,68.02,69.95,0.441,alto,1
3535705,Paraíso,SP,76.84,77.31,0.441,alto,0
2604106,Caruaru,PE,54.95,59.11,0.44,alto,1
4219309,Videira,SC,57.29,61.06,0.44,alto,0
3545704,Santa Albertina,SP,65.6,67.95,0.44,alto,1
2514701,São José do Sabugi,PB,51.51,56.21,0.44,alto,1
2200608,Angical do Piauí,PI,61.5,64.55,0.44,alto,0
4214706,Rio dos Cedros,SC,60.74,63.92,0.44,alto,0
3546702,Santa Gertrudes,SP,59.66,63.03,0.44,alto,0
3509205,Cajamar,SP,50.91,55.71,0.44,alto,1
4209904,Lontras,SC,59.83,63.17,0.44,alto,1
2701803,Carneiros,AL,43.52,49.37,0.44,alto,1
2104404,Gonçalves Dias,MA,45.23,50.85,0.439,alto,0
3531209,Monte Alegre do Sul,SP,55.12,59.25,0.439,alto,1
4201653,Arvoredo,SC,75.71,76.36,0.439,alto,0
2108454,Peritoró,MA,57.3,61.07,0.439,alto,0
2514651,São José do Brejo do Cruz,PB,40.0,46.27,0.439,alto,1
3519303,Ibaté,SP,52.81,57.31,0.439,alto,0
3508405,Cabreúva,SP,49.11,54.18,0.439,alto,0
2411205,Santa Cruz,RN,21.35,28.5,0.439,alto,0
4117305,Ortigueira,PR,62.63,65.49,0.439,alto,1
2601904,Bezerros,PE,51.47,56.18,0.439,alto,0
2704104,Lagoa da Canoa,AL,45.57,51.14,0.438,alto,1
3514924,Elisiário,SP,72.37,73.56,0.438,alto,0
3129657,Ibiracatu,MG,64.3,66.87,0.438,alto,1
4208005,Itá,SC,69.06,70.81,0.438,alto,0
2807006,São Miguel do Aleixo,SE,38.64,45.06,0.438,alto,0
2801702,Cristinápolis,SE,24.74,31.96,0.437,alto,0
4202099,Barra Bonita,SC,50.0,54.93,0.437,alto,0
4122107,Rio Bom,PR,94.5,80.0,0.437,alto,1
4115101,Mariluz,PR,62.44,65.33,0.437,alto,1
1707306,Dueré,TO,34.95,41.72,0.437,alto,0
2209302,Santa Luz,PI,100.0,80.0,0.437,alto,1
2105476,Jenipapo dos Vieiras,MA,47.09,52.45,0.437,alto,0
2807600,Umbaúba,SE,25.4,32.62,0.437,alto,0
4209458,Lajeado Grande,SC,78.57,78.78,0.437,alto,1
3510302,Capela do Alto,SP,47.52,52.82,0.436,alto,1
5100250,Alta Floresta,MT,53.52,57.91,0.436,alto,0
3161205,São Francisco de Paula,MG,78.67,78.86,0.436,alto,0
2609402,Moreno,PE,53.38,57.79,0.436,alto,1
1600055,Serra do Navio,AP,32.92,39.84,0.436,alto,0
3502507,Aparecida,SP,43.48,49.33,0.436,alto,0
5107180,Ribeirão Cascalheira,MT,63.42,66.14,0.436,alto,0
3501301,Álvares Machado,SP,53.91,58.23,0.435,alto,0
2703759,Jequiá da Praia,AL,50.22,55.12,0.435,alto,0
2407302,Marcelino Vieira,RN,26.9,34.1,0.435,alto,1
3118809,Coração de Jesus,MG,65.6,67.95,0.435,alto,0
4125555,São Manoel do Paraná,PR,95.44,80.0,0.434,alto,1
5101407,Aripuanã,MT,60.16,63.44,0.434,alto,1
2601508,Belém de Maria,PE,71.24,72.62,0.434,alto,0
2204154,Francisco Macedo,PI,59.38,62.8,0.434,alto,0
2200954,Aroeiras do Itaim,PI,53.33,57.75,0.434,alto,0
4108809,Guaíra,PR,63.23,65.99,0.434,alto,0
4122602,Rondon,PR,68.42,70.28,0.434,alto,1
3304144,Queimados,RJ,38.08,44.56,0.433,alto,1
5105507,Vila Bela da Santíssima Trindade,MT,46.76,52.17,0.433,alto,0
2103604,Coroatá,MA,41.49,47.59,0.433,alto,0
2101772,Bela Vista do Maranhão,MA,51.82,56.48,0.433,alto,0
1101476,Primavera de Rondônia,RO,86.09,80.0,0.433,alto,1
2104602,Governador Eugênio Barros,MA,52.89,57.38,0.433,alto,1
4120507,Primeiro de Maio,PR,51.44,56.15,0.433,alto,0
1600279,Laranjal do Jari,AP,39.29,45.64,0.433,alto,1
4118451,Pato Bragado,PR,90.47,80.0,0.432,alto,0
4206751,Ibiam,SC,65.6,67.95,0.432,alto,0
3115508,Caxambu,MG,76.39,76.93,0.432,alto,0
3520426,Ilha Comprida,SP,52.02,56.64,0.432,alto,0
3517406,Guaíra,SP,54.86,59.03,0.432,alto,1
2105153,Igarapé do Meio,MA,58.92,62.41,0.432,alto,0
5101605,Barão de Melgaço,MT,60.04,63.34,0.432,alto,1
1507805,Senador José Porfírio,PA,33.22,40.12,0.431,alto,1
2202251,Canavieira,PI,50.7,55.53,0.431,alto,0
3504008,Assis,SP,43.37,49.23,0.431,alto,0
2802304,Frei Paulo,SE,19.23,26.27,0.431,alto,0
4219002,Urussanga,SC,68.86,70.65,0.431,alto,0
2800407,Arauá,SE,31.03,38.07,0.431,alto,1
2608503,Lagoa de Itaenga,PE,70.34,71.87,0.43,alto,0
3300951,Comendador Levy Gasparian,RJ,51.64,56.32,0.43,alto,0
3515194,Espírito Santo do Turvo,SP,58.56,62.12,0.43,alto,1
3549201,São João das Duas Pontes,SP,86.43,80.0,0.43,alto,0
5105606,Matupá,MT,65.6,67.95,0.43,alto,1
3518008,Guarani d'Oeste,SP,94.12,80.0,0.43,alto,1
3302270,Japeri,RJ,39.09,45.46,0.43,alto,1
1712009,Lajeado,TO,40.45,46.67,0.43,alto,1
2207108,Olho D'Água do Piauí,PI,62.5,65.38,0.43,alto,0
1720804,Sítio Novo do Tocantins,TO,39.53,45.85,0.43,alto,0
3519253,Iaras,SP,42.55,48.52,0.429,alto,1
2408508,Ouro Branco,RN,40.66,46.85,0.429,alto,0
4204707,Cunha Porã,SC,93.9,80.0,0.429,alto,1
3517000,Getulina,SP,49.54,54.54,0.429,alto,0
2706422,Pariconha,AL,41.46,47.56,0.429,alto,0
4112702,Jataizinho,PR,62.4,65.3,0.429,alto,1
2209377,Santa Rosa do Piauí,PI,61.02,64.16,0.429,alto,1
4108106,Flórida,PR,62.81,65.64,0.429,alto,0
4207650,Iporã do Oeste,SC,86.65,80.0,0.428,alto,0
2616506,Xexéu,PE,62.65,65.51,0.428,alto,0
3144359,Naque,MG,79.54,79.61,0.428,alto,1
2612109,Salgadinho,PE,93.42,80.0,0.428,alto,0
3527207,Lorena,SP,42.48,48.46,0.428,alto,1
5213103,Mineiros,GO,80.26,80.0,0.428,alto,0
4126108,São Tomé,PR,88.97,80.0,0.427,alto,1
3519907,Iepê,SP,51.77,56.43,0.427,alto,1
2505709,Dona Inês,PB,48.88,53.98,0.427,alto,0
2704708,Marechal Deodoro,AL,40.6,46.8,0.427,alto,1
4207577,Iomerê,SC,74.46,75.31,0.427,alto,0
2202901,Corrente,PI,47.76,53.03,0.427,alto,1
3510104,Cândido Rodrigues,SP,69.57,71.23,0.426,alto,0
4205357,Flor do Sertão,SC,81.41,80.0,0.426,alto,1
2207751,Passagem Franca do Piauí,PI,100.0,80.0,0.426,alto,1
3522000,Itaju,SP,53.84,58.17,0.426,alto,1
2611804,Ribeirão,PE,61.57,64.61,0.426,alto,0
3512209,Conchal,SP,53.98,58.29,0.426,alto,1
4206603,Guarujá do Sul,SC,88.63,80.0,0.425,alto,1
3554805,Tremembé,SP,42.84,48.77,0.425,alto,0
2107209,Nina Rodrigues,MA,53.08,57.54,0.425,alto,1
2705705,Olho d'Água das Flores,AL,40.12,46.38,0.425,alto,1
3543105,Ribeirão Corrente,SP,71.89,73.16,0.425,alto,0
2205508,José de Freitas,PI,49.82,54.78,0.425,alto,1
3160454,Santo Antônio do Retiro,MG,78.11,78.39,0.425,alto,1
2611903,Rio Formoso,PE,93.31,80.0,0.424,alto,0
5004700,Ivinhema,MS,61.82,64.82,0.424,alto,0
2111672,São Roberto,MA,48.24,53.44,0.424,alto,1
4219606,Xavantina,SC,71.58,72.9,0.424,alto,0
2612802,Santa Terezinha,PE,68.31,70.19,0.424,alto,0
2100105,Afonso Cunha,MA,72.13,73.36,0.424,alto,0
3553005,Taguaí,SP,58.59,62.14,0.423,alto,0
5204409,Caiapônia,GO,76.59,77.1,0.423,alto,0
1600402,Mazagão,AP,29.38,36.5,0.423,alto,0
2615201,Terra Nova,PE,62.03,64.99,0.423,alto,0
2404200,Goianinha,RN,22.54,29.73,0.423,alto,0
2102200,Buriti,MA,44.96,50.62,0.423,alto,1
3532801,Nova Aliança,SP,57.65,61.36,0.423,alto,0
4120358,Pranchita,PR,84.27,80.0,0.423,alto,1
2509107,Mari,PB,37.99,44.47,0.422,alto,0
4119301,Pinhão,PR,61.89,64.88,0.422,alto,1
3542107,Rafard,SP,84.05,80.0,0.422,alto,1
3553609,Tapiratiba,SP,53.51,57.9,0.422,alto,0
3540754,Potim,SP,40.85,47.02,0.422,alto,1
4214151,Princesa,SC,89.34,80.0,0.422,alto,1
2929701,Sátiro Dias,BA,15.36,22.02,0.421,alto,0
5106802,Porto dos Gaúchos,MT,75.58,76.25,0.421,alto,1
4214300,Rancho Queimado,SC,72.73,73.86,0.421,alto,0
4116950,Nova Esperança do Sudoeste,PR,97.38,80.0,0.421,alto,0
1100130,Machadinho D'Oeste,RO,51.4,56.12,0.421,alto,0
3521408,Iracemápolis,SP,59.58,62.96,0.421,alto,1
4211876,Paial,SC,70.83,72.28,0.421,alto,1
2806305,Santa Luzia do Itanhy,SE,25.9,33.12,0.421,alto,1
2406502,Lagoa Nova,RN,34.74,41.52,0.42,alto,1
2206704,Nazaré do Piauí,PI,46.93,52.31,0.42,alto,1
2506202,Frei Martinho,PB,38.7,45.11,0.42,alto,0
3511201,Catiguá,SP,54.28,58.54,0.42,alto,0
2409100,Passa e Fica,RN,24.57,31.79,0.42,alto,0
2602605,Brejo da Madre de Deus,PE,52.96,57.44,0.42,alto,1
4214201,Quilombo,SC,67.13,69.21,0.42,alto,0
2614204,Sirinhaém,PE,60.3,63.56,0.419,alto,0
2110039,Santa Luzia do Paruá,MA,93.66,80.0,0.419,alto,0
5106315,Novo Santo Antônio,MT,71.23,72.61,0.419,alto,1
3538303,Piquerobi,SP,56.25,60.19,0.419,alto,1
4219176,Vargem Bonita,SC,64.24,66.82,0.419,alto,0
4114500,Manoel Ribas,PR,67.7,69.69,0.418,alto,0
1600709,Tartarugalzinho,AP,32.06,39.04,0.418,alto,0
3530409,Mirassolândia,SP,59.21,62.66,0.418,alto,1
2708501,São Luís do Quitunde,AL,39.59,45.9,0.418,alto,0
3521002,Iperó,SP,40.9,47.07,0.418,alto,1
2412302,São José do Campestre,RN,18.05,25.0,0.418,alto,0
2701704,Capela,AL,41.23,47.36,0.417,alto,1
5221304,Três Ranchos,GO,79.46,79.54,0.417,alto,0
3304102,Porciúncula,RJ,35.38,42.11,0.417,alto,0
4217402,Schroeder,SC,63.05,65.84,0.417,alto,0
1300805,Borba,AM,28.35,35.51,0.417,alto,1
4103602,Cambará,PR,62.53,65.41,0.416,alto,1
2802502,General Maynard,SE,20.0,27.09,0.416,alto,1
2100600,Amarante do Maranhão,MA,45.63,51.2,0.416,alto,1
3532108,Murutinga do Sul,SP,57.61,61.33,0.416,alto,0
3508603,Cachoeira Paulista,SP,50.09,55.01,0.416,alto,1
2707305,Porto Calvo,AL,36.55,43.17,0.416,alto,0
1711803,Juarina,TO,35.36,42.09,0.416,alto,0
2112233,Trizidela do Vale,MA,59.01,62.49,0.415,alto,0
3527306,Louveira,SP,54.63,58.84,0.415,alto,1
2507309,Jacaraú,PB,34.78,41.56,0.415,alto,0
2104800,Grajaú,MA,42.36,48.35,0.415,alto,1
5007901,Sidrolândia,MS,36.19,42.85,0.415,alto,1
2110278,Santo Amaro do Maranhão,MA,33.31,40.2,0.415,alto,1
2106904,Monção,MA,51.98,56.61,0.414,alto,1
4200754,Alto Bela Vista,SC,87.39,80.0,0.414,alto,0
5208608,Goianésia,GO,79.79,79.82,0.414,alto,0
1712405,Lizarda,TO,42.61,48.57,0.414,alto,1
5102637,Campo Novo do Parecis,MT,62.23,65.16,0.414,alto,0
4105607,Cidade Gaúcha,PR,64.72,67.22,0.413,alto,1
3556958,Vitória Brasil,SP,66.67,68.83,0.413,alto,0
1100056,Cerejeiras,RO,58.53,62.09,0.413,alto,0
4208955,Jardinópolis,SC,81.82,80.0,0.413,alto,1
2203503,Elesbão Veloso,PI,50.09,55.01,0.413,alto,1
1500701,Anajás,PA,26.81,34.01,0.413,alto,1
4215109,Rodeio,SC,57.06,60.87,0.413,alto,0
1101807,Vale do Paraíso,RO,55.69,59.72,0.412,alto,1
5003108,Corguinho,MS,45.65,51.21,0.412,alto,0
2209450,Santo Antônio dos Milagres,PI,96.15,80.0,0.411,alto,1
4214003,Presidente Getúlio,SC,62.2,65.13,0.411,alto,1
3557204,Chavantes,SP,38.04,44.52,0.411,alto,0
3145851,Oratórios,MG,73.86,74.81,0.411,alto,0
2406700,Lajes,RN,29.12,36.25,0.411,alto,1
1702406,Arraias,TO,34.29,41.11,0.41,alto,0
2201988,Brejo do Piauí,PI,50.33,55.21,0.41,alto,0
3513900,Divinolândia,SP,52.32,56.9,0.41,alto,0
1707108,Divinópolis do Tocantins,TO,39.09,45.46,0.41,alto,0
2207959,Nova Santa Rita,PI,48.03,53.26,0.41,alto,1
3537602,Peruíbe,SP,39.63,45.94,0.41,alto,0
3517802,Guaraçaí,SP,54.35,58.6,0.41,alto,0
3121209,Delfinópolis,MG,79.23,79.34,0.41,alto,1
5102504,Cáceres,MT,47.53,52.83,0.409,alto,1
3513108,Cravinhos,SP,41.9,47.95,0.409,alto,0
4203303,Campo Alegre,SC,66.48,68.68,0.409,alto,1
3548609,São Bento do Sapucaí,SP,61.94,64.92,0.409,alto,1
2202752,Colônia do Gurguéia,PI,54.43,58.67,0.409,alto,0
3524907,Jambeiro,SP,58.85,62.36,0.409,alto,1
2109007,Porto Franco,MA,58.08,61.72,0.409,alto,0
2611200,Poção,PE,62.55,65.42,0.409,alto,1
2611705,Riacho das Almas,PE,63.97,66.6,0.409,alto,0
4126405,Sertaneja,PR,92.04,80.0,0.409,alto,0
3110004,Caeté,MG,73.48,74.49,0.409,alto,1
2607703,Itapetim,PE,65.28,67.68,0.409,alto,0
4208500,Ituporanga,SC,64.17,66.76,0.408,alto,0
3538105,Pindorama,SP,46.53,51.97,0.408,alto,0
3505401,Barra do Turvo,SP,87.5,80.0,0.408,alto,1
4204103,Caxambu do Sul,SC,69.54,71.21,0.408,alto,1
4100608,Alto Paraná,PR,65.0,67.45,0.408,alto,0
3541307,Presidente Epitácio,SP,48.39,53.56,0.408,alto,0
5202502,Aruanã,GO,79.82,79.85,0.407,alto,0
2503308,Cachoeira dos Índios,PB,42.05,48.08,0.407,alto,0
2210656,Sigefredo Pacheco,PI,45.16,50.79,0.407,alto,0
3202603,Iconha,ES,76.34,76.89,0.407,alto,1
3509957,Canas,SP,53.57,57.95,0.407,alto,1
2613305,São Joaquim do Monte,PE,68.5,70.35,0.407,alto,0
2607604,Ilha de Itamaracá,PE,53.17,57.61,0.406,alto,1
4203501,Campo Erê,SC,60.89,64.05,0.406,alto,1
3162658,São João do Pacuí,MG,74.18,75.08,0.406,alto,0
2106003,Lima Campos,MA,86.67,80.0,0.406,alto,0
1703057,Bandeirantes do Tocantins,TO,35.63,42.34,0.406,alto,1
3536505,Paulínia,SP,48.49,53.65,0.406,alto,0
3517307,Guaimbê,SP,82.7,80.0,0.406,alto,0
3549409,São Joaquim da Barra,SP,45.54,51.12,0.405,alto,1
2804706,Nossa Senhora de Lourdes,SE,19.15,26.18,0.405,alto,0
2607950,Jaqueira,PE,57.65,61.36,0.405,alto,0
2102101,Brejo,MA,50.31,55.2,0.405,alto,0
4105201,Cerro Azul,PR,54.77,58.95,0.405,alto,1
2401859,Caiçara do Norte,RN,31.2,38.23,0.405,alto,1
4111803,Jacarezinho,PR,55.12,59.25,0.404,alto,1
4311759,Manoel Viana,RS,28.57,35.72,0.404,alto,0
4200408,Água Doce,SC,64.75,67.24,0.404,alto,0
3540101,Pongaí,SP,87.14,80.0,0.404,alto,0
3506201,Bento de Abreu,SP,100.0,80.0,0.403,alto,0
2609501,Nazaré da Mata,PE,54.74,58.93,0.403,alto,1
2412401,São José do Seridó,RN,36.3,42.95,0.403,alto,0
3502754,Araçariguama,SP,50.13,55.05,0.403,alto,1
2916302,Itapebi,BA,14.97,21.57,0.403,alto,0
2615508,Tracunhaém,PE,59.32,62.75,0.403,alto,0
3543006,Ribeirão Branco,SP,53.11,57.56,0.403,alto,0
3509452,Campina do Monte Alegre,SP,45.77,51.32,0.403,alto,1
4103370,Brasilândia do Sul,PR,74.32,75.19,0.402,alto,0
4110003,Iguaraçu,PR,50.91,55.71,0.402,alto,0
3536109,Pardinho,SP,57.74,61.43,0.402,alto,1
2108504,Pindaré-Mirim,MA,40.94,47.1,0.402,alto,0
3303500,Nova Iguaçu,RJ,33.23,40.13,0.402,alto,1
3548054,Santo Antônio do Aracanguá,SP,50.15,55.06,0.402,alto,0
2208908,Ribeiro Gonçalves,PI,88.78,80.0,0.402,alto,0
4215406,Salto Veloso,SC,85.44,80.0,0.402,alto,1
2109551,Ribamar Fiquene,MA,54.24,58.51,0.401,alto,1
3121704,Diogo de Vasconcelos,MG,78.42,78.65,0.401,alto,1
2600807,Altinho,PE,58.41,61.99,0.4,alto,0
3527801,Lupércio,SP,55.64,59.68,0.4,alto,0
3507159,Bom Sucesso de Itararé,SP,56.32,60.25,0.4,alto,1
4102208,Atalaia,PR,91.91,80.0,0.4,alto,0
3537107,Pedreira,SP,94.37,80.0,0.4,alto,0
3516507,Gabriel Monteiro,SP,85.16,80.0,0.4,alto,0
3107307,Bocaiúva,MG,68.82,70.61,0.399,alto,1
5103304,Comodoro,MT,57.77,61.46,0.399,alto,1
3546009,Santa Branca,SP,40.78,46.96,0.399,alto,0
4111258,Itaperuçu,PR,56.44,60.35,0.399,alto,1
3535002,Palestina,SP,57.98,61.63,0.399,alto,0
4124509,Santo Inácio,PR,91.05,80.0,0.399,alto,0
3525201,Jarinu,SP,48.78,53.9,0.399,alto,1
3162575,São João do Manteninha,MG,79.89,79.91,0.399,alto,1
2806800,São Domingos,SE,29.59,36.7,0.399,alto,1
5003702,Dourados,MS,40.43,46.65,0.398,alto,0
2204659,Ilha Grande,PI,39.89,46.17,0.398,alto,1
3546504,Santa Ernestina,SP,83.66,80.0,0.398,alto,0
3141504,Mendes Pimentel,MG,79.65,79.7,0.398,alto,1
2513208,Santa Cruz,PB,52.79,57.29,0.398,alto,0
5107792,Santo Antônio do Leste,MT,60.97,64.12,0.397,alto,0
2203453,Dom Inocêncio,PI,97.37,80.0,0.397,alto,0
1502855,Curuá,PA,37.54,44.07,0.397,alto,1
4217600,Siderópolis,SC,61.68,64.7,0.397,alto,1
2500775,Aparecida,PB,42.5,48.47,0.397,alto,0
2402501,Carnaubais,RN,27.39,34.58,0.397,alto,0
3118205,Conquista,MG,68.73,70.54,0.397,alto,1
4206108,Grão-Pará,SC,65.15,67.57,0.396,alto,0
2614105,Sertânia,PE,59.14,62.6,0.396,alto,1
2210003,São João do Piauí,PI,44.35,50.09,0.396,alto,0
3539103,Pirapora do Bom Jesus,SP,43.48,49.33,0.396,alto,1
2908804,Contendas do Sincorá,BA,24.0,31.22,0.396,alto,0
5108907,Nova Maringá,MT,61.75,64.76,0.396,alto,1
5008008,Terenos,MS,60.42,63.66,0.395,alto,1
5207535,Faina,GO,73.62,74.61,0.395,alto,1
2102804,Carolina,MA,44.54,50.25,0.395,alto,0
3145307,Novo Cruzeiro,MG,75.6,76.27,0.395,alto,0
3300506,Bom Jardim,RJ,50.43,55.3,0.395,alto,0
2209906,São João da Serra,PI,49.25,54.3,0.395,alto,0
5106190,Nova Santa Helena,MT,79.22,79.33,0.395,alto,1
5003454,Deodápolis,MS,97.01,80.0,0.395,alto,1
2414209,Tibau do Sul,RN,17.6,24.51,0.395,alto,0
2702355,Craíbas,AL,45.7,51.26,0.395,alto,0
3515004,Embu das Artes,SP,32.6,39.54,0.395,alto,0
2414407,Touros,RN,24.69,31.91,0.395,alto,0
2512200,Prata,PB,47.46,52.77,0.395,alto,0
5102678,Campo Verde,MT,56.21,60.16,0.394,alto,0
2414753,Venha-Ver,RN,41.18,47.31,0.394,alto,0
3303955,Pinheiral,RJ,51.35,56.08,0.394,alto,0
4119251,Pinhal de São Bento,PR,91.12,80.0,0.394,alto,0
3554508,Tietê,SP,48.35,53.53,0.394,alto,0
2500700,São João do Rio do Peixe,PB,42.09,48.11,0.393,alto,0
5103908,General Carneiro,MT,89.12,80.0,0.393,alto,1
5002209,Bonito,MS,53.37,57.78,0.393,alto,0
4106852,Cruzmaltina,PR,95.74,80.0,0.393,alto,0
2607505,Itaíba,PE,59.5,62.9,0.393,alto,1
4102752,Bela Vista da Caroba,PR,76.84,77.31,0.393,alto,0
3519501,Ibirarema,SP,89.02,80.0,0.393,alto,1
2803609,Laranjeiras,SE,16.28,23.05,0.393,alto,0
3544509,Rubinéia,SP,60.53,63.75,0.392,alto,0
3512100,Colômbia,SP,90.59,80.0,0.392,alto,1
2800209,Aquidabã,SE,21.43,28.59,0.392,alto,1
3154101,Recreio,MG,72.18,73.4,0.392,alto,1
3552551,Suzanápolis,SP,97.05,80.0,0.392,alto,0
3168408,Tarumirim,MG,70.0,71.59,0.392,alto,0
3514908,Elias Fausto,SP,55.13,59.26,0.392,alto,1
4102505,Barbosa Ferraz,PR,91.0,80.0,0.392,alto,1
2602407,Brejão,PE,67.02,69.12,0.392,alto,0
4215653,Santa Rosa do Sul,SC,55.48,59.55,0.391,alto,0
5001003,Aparecida do Taboado,MS,51.45,56.16,0.391,alto,0
3513405,Cruzeiro,SP,39.34,45.68,0.391,alto,0
2500403,Alagoa Nova,PB,38.94,45.33,0.391,alto,0
3122306,Divinópolis,MG,64.73,67.23,0.391,alto,0
4101002,Ampére,PR,65.51,67.87,0.391,alto,0
4124905,São João do Caiuá,PR,93.33,80.0,0.391,alto,0
2605905,Gameleira,PE,58.54,62.1,0.39,alto,0
2105609,Joselândia,MA,54.55,58.77,0.39,alto,0
4207858,Irati,SC,92.86,80.0,0.39,alto,0
1715101,Novo Acordo,TO,39.24,45.59,0.39,alto,1
2708006,Santana do Ipanema,AL,34.79,41.57,0.39,alto,0
3304128,Quatis,RJ,48.93,54.03,0.39,alto,0
5107701,Rosário Oeste,MT,53.65,58.02,0.39,alto,1
2708105,Santana do Mundaú,AL,98.87,80.0,0.39,alto,0
2102077,Bom Lugar,MA,100.0,80.0,0.39,alto,0
4115903,Mirador,PR,70.36,71.89,0.39,alto,1
2601409,Barreiros,PE,61.78,64.79,0.39,alto,1
2400901,Antônio Martins,RN,25.23,32.45,0.389,alto,0
4125902,São Pedro do Paraná,PR,71.94,73.2,0.389,alto,0
3165909,Senador Modestino Gonçalves,MG,75.41,76.11,0.389,alto,0
5003801,Fátima do Sul,MS,60.8,63.97,0.389,alto,1
3108800,Braúnas,MG,72.23,73.45,0.389,alto,1
5104542,Itanhangá,MT,89.0,80.0,0.388,alto,1
3528908,Mariápolis,SP,53.02,57.49,0.388,alto,1
3527504,Lucianópolis,SP,74.86,75.65,0.388,alto,1
4101853,Ariranha do Ivaí,PR,75.6,76.27,0.388,alto,1
3116209,Chiador,MG,77.53,77.9,0.388,alto,1
5000807,Anaurilândia,MS,65.19,67.61,0.388,alto,0
2600708,Aliança,PE,55.15,59.27,0.388,alto,1
4204509,Corupá,SC,61.16,64.27,0.388,alto,0
5105580,Marcelândia,MT,62.31,65.23,0.387,alto,0
2516805,Triunfo,PB,50.08,55.0,0.387,alto,0
5002407,Caarapó,MS,52.93,57.41,0.387,alto,0
2509206,Massaranduba,PB,44.27,50.02,0.387,alto,1
5106109,Nossa Senhora do Livramento,MT,68.54,70.38,0.387,alto,0
5200829,Amaralina,GO,84.23,80.0,0.387,alto,0
4213203,Pomerode,SC,63.17,65.94,0.387,alto,0
1100601,Cacaulândia,RO,54.63,58.84,0.387,alto,0
2209955,São João da Varjota,PI,53.64,58.01,0.387,alto,0
2112407,Turiaçu,MA,40.48,46.7,0.387,alto,0
3171303,Viçosa,MG,62.67,65.52,0.387,alto,0
2800670,Boquim,SE,22.76,29.96,0.387,alto,0
4205001,Dionísio Cerqueira,SC,59.65,63.02,0.386,alto,0
4215356,Saltinho,SC,95.13,80.0,0.386,alto,1
3529203,Martinópolis,SP,53.03,57.49,0.386,alto,0
2206209,Miguel Alves,PI,39.04,45.41,0.386,alto,0
1100908,Castanheiras,RO,70.14,71.71,0.386,alto,1
2600906,Amaraji,PE,68.74,70.55,0.386,alto,1
2207504,Palmeirais,PI,50.9,55.7,0.386,alto,1
3300456,Belford Roxo,RJ,34.73,41.51,0.385,alto,1
4110904,Itaguajé,PR,59.34,62.76,0.385,alto,0
3167608,Simonésia,MG,65.64,67.98,0.385,alto,0
1600501,Oiapoque,AP,26.09,33.3,0.385,alto,1
2207207,Padre Marcos,PI,86.44,80.0,0.385,alto,0
3137700,Lajinha,MG,72.03,73.28,0.385,alto,1
2615607,Trindade,PE,59.68,63.05,0.385,alto,0
3160306,Santo Antônio do Jacinto,MG,62.95,65.75,0.385,alto,1
3533601,Nuporanga,SP,69.45,71.14,0.385,alto,1
4108205,Formosa do Oeste,PR,88.15,80.0,0.384,alto,0
2500577,Algodão de Jandaíra,PB,44.32,50.06,0.384,alto,0
3500303,Aguaí,SP,47.01,52.38,0.384,alto,0
4113007,Jussara,PR,72.27,73.48,0.384,alto,1
3532157,Nantes,SP,59.26,62.7,0.384,alto,1
2406601,Lagoa Salgada,RN,22.82,30.02,0.384,alto,0
1302801,Maraã,AM,20.95,28.09,0.384,alto,0
2101350,Bacurituba,MA,88.89,80.0,0.384,alto,0
3501103,Alto Alegre,SP,59.64,63.01,0.384,alto,0
2706208,Palestina,AL,33.73,40.59,0.383,alto,0
3104205,Arcos,MG,78.83,79.0,0.383,alto,0
5106299,Paranaíta,MT,60.69,63.88,0.383,alto,0
2106755,Miranda do Norte,MA,55.15,59.27,0.383,alto,1
2200251,Alagoinha do Piauí,PI,44.44,50.17,0.383,alto,0
4215000,Rio Negrinho,SC,60.13,63.42,0.383,alto,0
5219001,Sanclerlândia,GO,78.09,78.37,0.383,alto,0
3170578,Vargem Alegre,MG,82.74,80.0,0.383,alto,0
2202000,Buriti dos Lopes,PI,41.5,47.6,0.382,alto,0
4205456,Forquilhinha,SC,58.71,62.24,0.382,alto,0
3530508,Mococa,SP,46.41,51.87,0.382,alto,0
4108700,Grandes Rios,PR,65.01,67.46,0.382,alto,1
2304400,Fortaleza,CE,74.03,74.95,0.382,alto,1
5100359,Alto Boa Vista,MT,93.68,80.0,0.382,alto,1
3135357,Japonvar,MG,74.95,75.72,0.381,alto,1
5211206,Itapuranga,GO,81.61,80.0,0.381,alto,0
2613008,São Bento do Una,PE,55.89,59.89,0.381,alto,0
3522307,Itapetininga,SP,42.15,48.17,0.381,alto,0
4126652,Sulina,PR,64.36,66.92,0.381,alto,0
3553302,Tambaú,SP,47.74,53.01,0.381,alto,0
2706604,Paulo Jacinto,AL,37.1,43.67,0.38,alto,1
2708808,São Sebastião,AL,36.66,43.27,0.38,alto,1
2200905,Aroazes,PI,57.69,61.39,0.38,alto,1
5108402,Várzea Grande,MT,47.94,53.18,0.38,alto,0
5103957,Glória D'Oeste,MT,90.57,80.0,0.38,alto,0
2701357,Campestre,AL,41.23,47.36,0.38,alto,0
3545100,Salmourão,SP,57.11,60.91,0.38,moderado,0
2112100,Timbiras,MA,41.93,47.97,0.38,moderado,1
3542008,Quintana,SP,51.71,56.38,0.38,moderado,0
3304110,Porto Real,RJ,60.8,63.97,0.379,moderado,1
2613206,São João,PE,60.81,63.98,0.379,moderado,1
3205200,Vila Velha,ES,68.08,70.0,0.379,moderado,1
2601003,Angelim,PE,62.05,65.01,0.379,moderado,1
3529807,Mineiros do Tietê,SP,45.76,51.31,0.378,moderado,0
2800704,Brejo Grande,SE,27.27,34.46,0.378,moderado,0
1300680,Boa Vista do Ramos,AM,26.16,33.37,0.378,moderado,1
1507003,Santo Antônio do Tauá,PA,25.72,32.94,0.378,moderado,1
3553807,Taquarituba,SP,52.53,57.07,0.378,moderado,1
4202206,Benedito Novo,SC,61.4,64.47,0.377,moderado,0
3302304,Laje do Muriaé,RJ,45.19,50.82,0.377,moderado,1
5005681,Mundo Novo,MS,83.81,80.0,0.377,moderado,1
5002803,Caracol,MS,49.46,54.48,0.377,moderado,0
2604809,Cortês,PE,61.81,64.81,0.377,moderado,0
2804003,Maruim,SE,21.39,28.54,0.377,moderado,0
4207403,Imbuia,SC,64.78,67.27,0.376,moderado,0
2600401,Água Preta,PE,61.14,64.26,0.376,moderado,1
3108107,Bonfim,MG,69.27,70.99,0.376,moderado,0
1507474,São João de Pirabas,PA,29.84,36.94,0.376,moderado,0
4215703,Santo Amaro da Imperatriz,SC,58.19,61.81,0.375,moderado,1
3160702,Santos Dumont,MG,55.96,59.95,0.375,moderado,0
3148004,Patos de Minas,MG,69.14,70.88,0.375,moderado,0
1720200,São Miguel do Tocantins,TO,26.98,34.18,0.375,moderado,0
4108650,Goioxim,PR,92.63,80.0,0.375,moderado,0
1100072,Corumbiara,RO,58.2,61.82,0.375,moderado,0
2406106,Jucurutu,RN,27.56,34.74,0.374,moderado,0
3516853,Gavião Peixoto,SP,66.86,68.99,0.374,moderado,0
2500304,Alagoa Grande,PB,31.28,38.31,0.374,moderado,1
2101251,Bacabeira,MA,51.49,56.2,0.374,moderado,1
3552304,Sud Mennucci,SP,51.78,56.44,0.374,moderado,0
4113452,Lindoeste,PR,86.49,80.0,0.374,moderado,1
1701903,Araguacema,TO,38.62,45.04,0.373,moderado,0
2800605,Barra dos Coqueiros,SE,22.14,29.32,0.373,moderado,1
2608107,João Alfredo,PE,56.99,60.81,0.373,moderado,0
2602902,Cabo de Santo Agostinho,PE,55.12,59.25,0.373,moderado,1
4123204,Santa Cecília do Pavão,PR,87.42,80.0,0.373,moderado,0
5107248,Santa Carmem,MT,71.5,72.84,0.373,moderado,0
2210300,São Julião,PI,94.83,80.0,0.372,moderado,0
3507456,Borebi,SP,61.11,64.23,0.372,moderado,1
5106208,Nova Brasilândia,MT,55.65,59.69,0.372,moderado,0
4201802,Atalanta,SC,71.12,72.52,0.372,moderado,1
3552007,Silveiras,SP,45.87,51.4,0.372,moderado,1
5218300,Posse,GO,76.16,76.74,0.372,moderado,0
4211454,Nova Itaberaba,SC,67.4,69.44,0.372,moderado,0
2111631,São Raimundo do Doca Bezerra,MA,56.29,60.22,0.372,moderado,1
2408409,Olho d'Água do Borges,RN,24.17,31.39,0.372,moderado,1
5219704,Santa Terezinha de Goiás,GO,84.75,80.0,0.372,moderado,0
3523701,Itirapuã,SP,73.92,74.86,0.372,moderado,0
2802205,Feira Nova,SE,29.58,36.69,0.372,moderado,1
4202156,Belmonte,SC,72.9,74.01,0.372,moderado,0
2612000,Sairé,PE,67.71,69.69,0.371,moderado,0
2514909,São Mamede,PB,37.65,44.17,0.371,moderado,0
3511409,Cerqueira César,SP,44.01,49.79,0.371,moderado,1
2704807,Maribondo,AL,46.59,52.02,0.371,moderado,1
4202578,Bom Jesus do Oeste,SC,73.31,74.35,0.371,moderado,0
3516804,Gastão Vidigal,SP,53.13,57.58,0.371,moderado,1
2608305,Jupi,PE,60.68,63.87,0.371,moderado,0
4203154,Calmon,SC,62.96,65.76,0.371,moderado,1
3201902,Domingos Martins,ES,80.64,80.0,0.37,moderado,0
4218350,Treviso,SC,68.59,70.42,0.37,moderado,1
2206050,Massapê do Piauí,PI,45.94,51.46,0.37,moderado,0
3301207,Carmo,RJ,43.6,49.44,0.37,moderado,0
3545308,Salto de Pirapora,SP,44.13,49.9,0.37,moderado,1
5108055,Terra Nova do Norte,MT,58.72,62.25,0.37,moderado,1
2505501,Vista Serrana,PB,44.1,49.87,0.37,moderado,0
3163201,São José do Alegre,MG,77.36,77.75,0.37,moderado,0
3504909,Bananal,SP,47.78,53.04,0.37,moderado,0
2102325,Buriticupu,MA,39.23,45.58,0.37,moderado,1
3526605,Lavrinhas,SP,52.66,57.18,0.369,moderado,1
3520103,Igarapava,SP,47.11,52.47,0.369,moderado,0
4204806,Curitibanos,SC,48.56,53.71,0.369,moderado,1
4212106,Palmitos,SC,58.21,61.82,0.368,moderado,0
5212303,Leopoldo de Bulhões,GO,77.67,78.01,0.368,moderado,1
4101051,Anahy,PR,62.4,65.3,0.368,moderado,0
3125507,São Gonçalo do Rio Preto,MG,80.13,80.0,0.368,moderado,0
3109808,Cachoeira Dourada,MG,80.57,80.0,0.368,moderado,0
1507201,São Domingos do Capim,PA,30.82,37.87,0.368,moderado,1
2405207,Janduís,RN,23.48,30.69,0.368,moderado,0
5101308,Arenápolis,MT,62.33,65.24,0.368,moderado,1
2201929,Bonfim do Piauí,PI,50.63,55.47,0.368,moderado,1
3503703,Ariranha,SP,63.77,66.43,0.367,moderado,0
2402105,Campo Redondo,RN,24.04,31.26,0.367,moderado,0
3148400,Paulistas,MG,70.37,71.9,0.367,moderado,0
5103007,Chapada dos Guimarães,MT,47.7,52.97,0.367,moderado,0
5107107,São José dos Quatro Marcos,MT,90.1,80.0,0.367,moderado,1
3203130,João Neiva,ES,71.84,73.12,0.367,moderado,0
2616308,Vicência,PE,57.45,61.19,0.366,moderado,0
3532900,Nova Europa,SP,50.61,55.45,0.366,moderado,0
5002100,Bela Vista,MS,43.77,49.58,0.366,moderado,1
2104628,Governador Luiz Rocha,MA,98.32,80.0,0.366,moderado,0
2101806,Benedito Leite,MA,56.0,59.98,0.365,moderado,1
2704401,Major Isidoro,AL,40.07,46.33,0.365,moderado,1
3502309,Anhembi,SP,38.57,44.99,0.365,moderado,0
3513603,Cunha,SP,49.94,54.88,0.365,moderado,0
2511202,Pedras de Fogo,PB,37.3,43.85,0.365,moderado,0
4107538,Entre Rios do Oeste,PR,88.83,80.0,0.365,moderado,0
2402907,Coronel João Pessoa,RN,23.86,31.08,0.364,moderado,0
2608404,Jurema,PE,53.46,57.86,0.364,moderado,0
4115853,Mercedes,PR,91.25,80.0,0.364,moderado,0
2103802,Dom Pedro,MA,40.39,46.62,0.364,moderado,1
4122651,Rosário do Ivaí,PR,69.4,71.09,0.364,moderado,0
2207801,Paulistana,PI,45.07,50.71,0.364,moderado,1
2602803,Buíque,PE,52.54,57.08,0.364,moderado,1
3546108,Santa Clara d'Oeste,SP,89.96,80.0,0.364,moderado,0
4202537,Bom Jesus,SC,64.67,67.18,0.364,moderado,1
2509156,Marizópolis,PB,100.0,80.0,0.364,moderado,0
3152600,Pouso Alto,MG,78.44,78.67,0.363,moderado,0
3142908,Monte Azul,MG,80.0,80.0,0.363,moderado,1
3132800,Itambé do Mato Dentro,MG,77.78,78.11,0.363,moderado,0
3505807,Bastos,SP,51.88,56.53,0.362,moderado,1
3111200,Campo Belo,MG,69.49,71.17,0.362,moderado,0
3204005,Pancas,ES,83.04,80.0,0.362,moderado,0
5107743,Santa Cruz do Xingu,MT,53.52,57.91,0.362,moderado,0
3200169,Água Doce do Norte,ES,77.35,77.74,0.362,moderado,0
3544400,Rubiácea,SP,53.41,57.81,0.361,moderado,0
3153301,Presidente Kubitschek,MG,75.75,76.39,0.361,moderado,0
2602100,Bom Conselho,PE,59.98,63.29,0.361,moderado,1
2506905,Itabaiana,PB,25.33,32.55,0.361,moderado,0
2614808,Tacaratu,PE,56.04,60.02,0.361,moderado,0
3113206,Carandaí,MG,71.8,73.09,0.361,moderado,0
2604403,Chã de Alegria,PE,62.99,65.79,0.361,moderado,1
1721208,Tocantinópolis,TO,34.41,41.22,0.361,moderado,1
3532702,Nipoã,SP,93.79,80.0,0.361,moderado,0
2703106,Igaci,AL,29.74,36.85,0.36,moderado,1
3111002,Campestre,MG,69.98,71.58,0.36,moderado,0
1100809,Candeias do Jamari,RO,48.96,54.05,0.36,moderado,1
2205565,Lagoa do Barro do Piauí,PI,55.67,59.71,0.36,moderado,1
2205607,Landri Sales,PI,97.9,80.0,0.36,moderado,0
4101101,Andirá,PR,65.02,67.47,0.36,moderado,1
2601706,Belo Jardim,PE,49.69,54.67,0.359,moderado,1
3537503,Pereiras,SP,51.39,56.11,0.359,moderado,0
3508009,Buri,SP,48.89,53.99,0.359,moderado,0
4103024,Boa Esperança do Iguaçu,PR,75.0,75.76,0.359,moderado,0
3138674,Luisburgo,MG,81.62,80.0,0.359,moderado,0
2706901,Pilar,AL,37.59,44.11,0.359,moderado,0
2210391,São Miguel do Fidalgo,PI,55.79,59.81,0.359,moderado,0
5208400,Goianápolis,GO,74.4,75.26,0.359,moderado,1
2702553,Estrela de Alagoas,AL,34.55,41.35,0.358,moderado,1
3161304,São Francisco de Sales,MG,76.55,77.07,0.358,moderado,1
2616209,Vertentes,PE,55.05,59.19,0.357,moderado,1
2508505,Livramento,PB,43.81,49.62,0.357,moderado,0
4123402,Santa Fé,PR,58.68,62.22,0.357,moderado,0
1703891,Carrasco Bonito,TO,34.09,40.93,0.357,moderado,1
2801504,Carmópolis,SE,24.85,32.07,0.357,moderado,1
4113601,Lobato,PR,61.87,64.86,0.357,moderado,1
2404101,Galinhos,RN,38.33,44.78,0.357,moderado,0
2208502,Porto,PI,40.12,46.38,0.357,moderado,1
4205803,Garuva,SC,54.71,58.9,0.357,moderado,0
3507753,Brejo Alegre,SP,94.42,80.0,0.356,moderado,0
2801207,Canindé de São Francisco,SE,22.69,29.89,0.356,moderado,1
4218806,Turvo,SC,59.25,62.69,0.356,moderado,0
4103008,Boa Esperança,PR,93.75,80.0,0.355,moderado,0
3143302,Montes Claros,MG,61.58,64.62,0.355,moderado,0
5007695,São Gabriel do Oeste,MS,52.32,56.9,0.355,moderado,0
2702207,Coqueiro Seco,AL,34.53,41.33,0.355,moderado,0
3548302,Santo Expedito,SP,91.44,80.0,0.355,moderado,0
4112959,Juranda,PR,59.77,63.12,0.355,moderado,0
2600500,Águas Belas,PE,57.56,61.28,0.354,moderado,1
4211603,Nova Veneza,SC,69.57,71.23,0.354,moderado,0
2706505,Passo de Camaragibe,AL,42.03,48.06,0.354,moderado,1
3140530,Martins Soares,MG,76.55,77.07,0.354,moderado,0
4202859,Braço do Trombudo,SC,62.17,65.11,0.354,moderado,1
3163805,São Miguel do Anta,MG,74.87,75.65,0.354,moderado,0
2705002,Mata Grande,AL,40.11,46.37,0.354,moderado,1
3124203,Espera Feliz,MG,71.63,72.95,0.354,moderado,1
5103601,Dom Aquino,MT,88.28,80.0,0.354,moderado,1
3155603,Rio Pardo de Minas,MG,73.36,74.39,0.354,moderado,0
4116604,Nova América da Colina,PR,62.54,65.42,0.353,moderado,0
3109204,Buenópolis,MG,82.01,80.0,0.353,moderado,1
3509106,Caiuá,SP,54.71,58.9,0.353,moderado,0
3153400,Presidente Olegário,MG,77.37,77.76,0.353,moderado,0
5005806,Nioaque,MS,53.94,58.26,0.353,moderado,0
3532405,Nazaré Paulista,SP,46.83,52.23,0.353,moderado,0
3120904,Curvelo,MG,65.34,67.73,0.352,moderado,0
5101704,Barra do Bugres,MT,50.91,55.71,0.352,moderado,0
2208874,Ribeira do Piauí,PI,57.75,61.44,0.352,moderado,1
5104203,Guiratinga,MT,86.43,80.0,0.352,moderado,0
3133808,Itaúna,MG,69.8,71.43,0.352,moderado,0
5003207,Corumbá,MS,41.52,47.61,0.352,moderado,1
3529906,Miracatu,SP,43.55,49.39,0.352,moderado,0
3104601,Astolfo Dutra,MG,74.88,75.66,0.352,moderado,0
1715259,Novo Jardim,TO,22.32,29.51,0.352,moderado,0
3537156,Pedrinhas Paulista,SP,69.7,71.34,0.352,moderado,1
3529609,Meridiano,SP,67.27,69.33,0.351,moderado,1
2107605,Palmeirândia,MA,42.07,48.1,0.351,moderado,0
4208708,Jacinto Machado,SC,53.02,57.49,0.351,moderado,0
5002159,Bodoquena,MS,44.62,50.32,0.351,moderado,1
2200707,Anísio de Abreu,PI,46.55,51.99,0.351,moderado,0
5101902,Brasnorte,MT,51.92,56.56,0.351,moderado,0
5210208,Iporá,GO,78.36,78.6,0.35,moderado,0
2208700,Redenção do Gurguéia,PI,99.0,80.0,0.35,moderado,0
2401206,Arez,RN,24.75,31.97,0.35,moderado,1
4217154,São Miguel da Boa Vista,SC,87.5,80.0,0.35,moderado,0
5210901,Itapaci,GO,78.84,79.01,0.35,moderado,0
2203420,Domingos Mourão,PI,91.43,80.0,0.35,moderado,0
2703809,Joaquim Gomes,AL,33.47,40.35,0.349,moderado,1
5106851,Porto Estrela,MT,89.12,80.0,0.349,moderado,1
1101757,Vale do Anari,RO,36.95,43.54,0.349,moderado,0
2207306,Paes Landim,PI,51.76,56.42,0.349,moderado,1
3162708,São João do Paraíso,MG,70.47,71.98,0.349,moderado,0
5220009,São João d'Aliança,GO,81.82,80.0,0.349,moderado,0
2100055,Açailândia,MA,39.59,45.9,0.349,moderado,0
2204303,Fronteiras,PI,98.26,80.0,0.349,moderado,0
3537206,Pedro de Toledo,SP,35.12,41.87,0.349,moderado,0
2203107,Cristino Castro,PI,50.63,55.47,0.348,moderado,0
3534302,Orlândia,SP,44.94,50.6,0.348,moderado,0
5214861,Nova Glória,GO,81.84,80.0,0.348,moderado,0
5104526,Ipiranga do Norte,MT,61.83,64.83,0.348,moderado,1
2404002,Frutuoso Gomes,RN,20.0,27.09,0.348,moderado,0
3148905,Pedra do Indaiá,MG,81.43,80.0,0.348,moderado,0
2509370,Mato Grosso,PB,40.0,46.27,0.347,moderado,1
3165537,Sarzedo,MG,80.06,80.0,0.347,moderado,0
3164704,São Sebastião do Paraíso,MG,65.48,67.85,0.346,moderado,0
2701308,Cajueiro,AL,26.75,33.95,0.346,moderado,1
5201108,Anápolis,GO,72.21,73.43,0.346,moderado,1
4120200,Porto Rico,PR,60.4,63.64,0.346,moderado,0
2805703,Propriá,SE,19.64,26.71,0.346,moderado,0
2111904,Sucupira do Norte,MA,49.97,54.91,0.345,moderado,0
2205250,Jardim do Mulato,PI,58.33,61.92,0.345,moderado,0
3532207,Narandiba,SP,53.17,57.61,0.345,moderado,0
3123528,Durandé,MG,78.2,78.46,0.345,moderado,1
5105903,Nobres,MT,56.94,60.77,0.344,moderado,1
2603306,Calçado,PE,57.35,61.11,0.344,moderado,1
5210000,Inhumas,GO,81.28,80.0,0.344,moderado,0
3200805,Baixo Guandu,ES,68.83,70.62,0.344,moderado,0
2112506,Tutóia,MA,37.64,44.16,0.344,moderado,0
5103452,Denise,MT,58.18,61.8,0.344,moderado,0
2804409,Neópolis,SE,21.18,28.33,0.344,moderado,1
2208809,Regeneração,PI,40.89,47.06,0.343,moderado,1
2205458,Joca Marques,PI,38.3,44.75,0.343,moderado,1
3158953,Santana do Paraíso,MG,69.78,71.41,0.343,moderado,1
3111705,Canaã,MG,75.97,76.58,0.343,moderado,0
3502200,Angatuba,SP,48.25,53.44,0.343,moderado,0
1703883,Carmolândia,TO,25.12,32.34,0.342,moderado,1
1702901,Axixá do Tocantins,TO,30.34,37.42,0.342,moderado,0
2202083,Cajueiro da Praia,PI,47.44,52.75,0.342,moderado,0
3162609,São João do Oriente,MG,83.42,80.0,0.342,moderado,1
3160009,Santo Antônio do Aventureiro,MG,80.0,80.0,0.342,moderado,1
2707107,Piranhas,AL,24.74,31.96,0.341,moderado,1
2615102,Terezinha,PE,68.26,70.15,0.341,moderado,0
1714880,Nova Olinda,TO,25.45,32.67,0.341,moderado,0
3547106,Santa Mercedes,SP,95.59,80.0,0.341,moderado,0
5000906,Antônio João,MS,54.07,58.37,0.341,moderado,1
4215208,Romelândia,SC,52.07,56.69,0.341,moderado,0
3521606,Irapuru,SP,97.18,80.0,0.34,moderado,0
5106265,Novo Mundo,MT,53.62,57.99,0.34,moderado,0
2602209,Bom Jardim,PE,60.94,64.09,0.34,moderado,0
3547908,Santo Antônio da Alegria,SP,49.66,54.65,0.339,moderado,0
5106372,Pedra Preta,MT,56.73,60.59,0.339,moderado,0
2207553,Paquetá,PI,100.0,80.0,0.339,moderado,1
2605509,Ferreiros,PE,58.16,61.78,0.339,moderado,1
3131208,Ipanema,MG,78.85,79.02,0.339,moderado,1
2209005,Rio Grande do Piauí,PI,48.59,53.74,0.339,moderado,1
3167202,Sete Lagoas,MG,53.59,57.97,0.339,moderado,0
3112802,Capitólio,MG,83.44,80.0,0.338,moderado,1
2702405,Delmiro Gouveia,AL,31.11,38.15,0.338,moderado,1
3126109,Formiga,MG,66.93,69.05,0.338,moderado,0
3511706,Charqueada,SP,44.6,50.3,0.338,moderado,0
3145455,Olhos-d'Água,MG,68.23,70.12,0.338,moderado,0
3119906,Córrego do Bom Jesus,MG,73.8,74.76,0.337,moderado,0
3112208,Capela Nova,MG,83.06,80.0,0.337,moderado,1
3136900,Juruaia,MG,78.5,78.72,0.337,moderado,0
5108600,Vila Rica,MT,47.89,53.14,0.337,moderado,0
5003306,Coxim,MS,39.69,45.99,0.336,moderado,1
2702801,Flexeiras,AL,34.71,41.5,0.336,moderado,0
3157377,Santa Cruz de Salinas,MG,83.36,80.0,0.336,moderado,1
2103125,Central do Maranhão,MA,100.0,80.0,0.335,moderado,0
2505303,Curral Velho,PB,38.1,44.57,0.335,moderado,0
2203354,Dirceu Arcoverde,PI,33.24,40.14,0.335,moderado,1
2709004,Tanque d'Arca,AL,42.05,48.08,0.335,moderado,0
4217550,Serra Alta,SC,92.21,80.0,0.335,moderado,0
5105622,Mirassol d'Oeste,MT,51.68,56.36,0.335,moderado,0
2513802,Santa Teresinha,PB,40.43,46.65,0.335,moderado,1
2112704,Vargem Grande,MA,98.85,80.0,0.335,moderado,0
5200308,Alexânia,GO,76.28,76.84,0.334,moderado,1
2805406,Poço Redondo,SE,16.91,23.75,0.334,moderado,0
3501400,Álvaro de Carvalho,SP,54.76,58.95,0.334,moderado,1
3200904,Barra de São Francisco,ES,78.43,78.66,0.334,moderado,0
3128303,Guaranésia,MG,73.63,74.61,0.334,moderado,1
2202802,Conceição do Canindé,PI,47.28,52.61,0.334,moderado,0
2204105,Francisco Ayres,PI,47.28,52.61,0.333,moderado,1
4215695,Santiago do Sul,SC,73.68,74.66,0.333,moderado,0
2600054,Abreu e Lima,PE,47.44,52.75,0.333,moderado,1
3526308,Lagoinha,SP,48.73,53.85,0.333,moderado,0
2412906,São Tomé,RN,20.09,27.18,0.333,moderado,0
5103056,Cláudia,MT,58.39,61.97,0.333,moderado,0
3170057,Ubaporanga,MG,68.47,70.32,0.332,moderado,0
2405504,Jardim de Angicos,RN,16.62,23.43,0.332,moderado,0
2702900,Girau do Ponciano,AL,35.73,42.43,0.332,moderado,1
3130606,Inconfidentes,MG,81.42,80.0,0.332,moderado,0
4212056,Palmeira,SC,67.15,69.23,0.332,moderado,1
3511904,Clementina,SP,51.06,55.83,0.332,moderado,1
5007703,Sete Quedas,MS,54.25,58.52,0.332,moderado,1
3150901,Piranguçu,MG,66.27,68.5,0.331,moderado,0
3164001,São Pedro dos Ferros,MG,81.45,80.0,0.331,moderado,1
2702702,Feliz Deserto,AL,37.55,44.08,0.331,moderado,0
2919900,Macururé,BA,4.65,8.39,0.331,moderado,0
2410702,Riacho da Cruz,RN,25.0,32.22,0.331,moderado,0
3125200,Fama,MG,71.98,73.24,0.331,moderado,0
3522653,Itapirapuã Paulista,SP,45.73,51.28,0.33,moderado,1
1720655,Silvanópolis,TO,34.74,41.52,0.33,moderado,1
2513307,Santa Helena,PB,52.83,57.33,0.33,moderado,0
3153202,Presidente Juscelino,MG,80.9,80.0,0.33,moderado,1
2110708,São Domingos do Maranhão,MA,41.82,47.88,0.33,moderado,0
2401404,Baía Formosa,RN,26.01,33.22,0.33,moderado,0
5003900,Figueirão,MS,58.57,62.12,0.33,moderado,0
2612554,Santa Filomena,PE,58.92,62.41,0.329,moderado,1
5217609,Planaltina,GO,65.51,67.87,0.329,moderado,0
3123858,Entre Folhas,MG,78.64,78.84,0.329,moderado,1
1716653,Pequizeiro,TO,35.23,41.97,0.329,moderado,0
2707206,Poço das Trincheiras,AL,33.38,40.27,0.329,moderado,0
2411700,São Bento do Trairí,RN,33.35,40.24,0.329,moderado,1
3146404,Paineiras,MG,78.95,79.1,0.329,moderado,0
3162203,São João Batista do Glória,MG,82.43,80.0,0.328,moderado,0
5211800,Jaraguá,GO,82.9,80.0,0.328,moderado,0
4211751,Otacílio Costa,SC,55.06,59.2,0.328,moderado,0
2806503,Santa Rosa de Lima,SE,25.0,32.22,0.328,moderado,1
1101203,Ministro Andreazza,RO,72.5,73.67,0.328,moderado,1
1720309,São Sebastião do Tocantins,TO,26.56,33.77,0.328,moderado,0
2602704,Buenos Aires,PE,62.99,65.79,0.328,moderado,0
2512002,Pocinhos,PB,42.15,48.17,0.328,moderado,0
3159506,Santa Rita do Itueto,MG,83.38,80.0,0.328,moderado,0
3532504,Neves Paulista,SP,90.57,80.0,0.328,moderado,1
2201945,Boqueirão do Piauí,PI,96.48,80.0,0.327,moderado,1
3132305,Itaipé,MG,57.48,61.22,0.327,moderado,1
3511003,Castilho,SP,47.85,53.1,0.327,moderado,1
2208403,Piripiri,PI,33.16,40.06,0.327,moderado,0
2209807,São Gonçalo do Piauí,PI,94.18,80.0,0.327,moderado,1
3138104,Lassance,MG,80.16,80.0,0.326,moderado,1
4218301,Três Barras,SC,49.8,54.77,0.326,moderado,1
3202504,Ibiraçu,ES,67.71,69.69,0.326,moderado,0
2607653,Itambé,PE,48.56,53.71,0.326,moderado,1
3141405,Medina,MG,70.27,71.82,0.325,moderado,1
2109759,Santa Filomena do Maranhão,MA,36.45,43.08,0.325,moderado,1
3551306,Sebastianópolis do Sul,SP,83.75,80.0,0.325,moderado,1
3512605,Coronel Macedo,SP,46.28,51.76,0.325,moderado,1
2704500,Maragogi,AL,32.4,39.36,0.325,moderado,0
3116308,Cipotânea,MG,73.1,74.17,0.324,moderado,0
3170438,União de Minas,MG,72.25,73.46,0.324,moderado,1
2605301,Exu,PE,56.65,60.53,0.324,moderado,1
3166006,Senhora de Oliveira,MG,79.29,79.39,0.324,moderado,0
3203346,Marechal Floriano,ES,78.21,78.47,0.324,moderado,0
3204906,São Mateus,ES,67.19,69.26,0.324,moderado,0
3132008,Itacambira,MG,78.57,78.78,0.324,moderado,0
3156700,Sabará,MG,57.15,60.94,0.323,moderado,0
1600550,Pracuúba,AP,36.41,43.05,0.323,moderado,1
3108255,Bonito de Minas,MG,64.3,66.87,0.323,moderado,1
3205150,Vila Pavão,ES,74.58,75.41,0.323,moderado,1
4207684,Ipuaçu,SC,59.49,62.89,0.323,moderado,0
3501152,Alumínio,SP,48.56,53.71,0.323,moderado,1
2606200,Goiana,PE,53.14,57.59,0.323,moderado,1
5107040,Primavera do Leste,MT,49.15,54.21,0.323,moderado,0
2705804,Olho d'Água do Casado,AL,34.23,41.05,0.322,moderado,1
5214606,Niquelândia,GO,72.84,73.95,0.322,moderado,0
2605202,Escada,PE,54.51,58.74,0.322,moderado,1
5200159,Adelândia,GO,80.95,80.0,0.322,moderado,0
3139201,Malacacheta,MG,77.21,77.62,0.322,moderado,1
3154606,Ribeirão das Neves,MG,54.99,59.14,0.322,moderado,0
2615409,Toritama,PE,50.21,55.11,0.322,moderado,0
3162906,São João Nepomuceno,MG,68.55,70.39,0.322,moderado,1
3169059,Tocos do Moji,MG,78.4,78.63,0.322,moderado,0
3158409,Santana de Cataguases,MG,85.23,80.0,0.322,moderado,1
3521150,Ipiguá,SP,48.0,53.23,0.321,moderado,1
2603108,Cachoeirinha,PE,56.69,60.56,0.321,moderado,0
2502904,Brejo dos Santos,PB,45.49,51.07,0.321,moderado,0
3127370,Goiabeira,MG,67.76,69.73,0.321,moderado,0
5202601,Aurilândia,GO,75.98,76.59,0.321,moderado,0
3137601,Lagoa Santa,MG,61.7,64.72,0.321,moderado,0
3109006,Brumadinho,MG,70.28,71.82,0.321,moderado,0
4213401,Ponte Serrada,SC,53.07,57.53,0.32,moderado,0
3203320,Marataízes,ES,73.28,74.32,0.32,moderado,1
3200607,Aracruz,ES,70.92,72.36,0.32,moderado,0
2501351,Assunção,PB,48.37,53.55,0.32,moderado,0
3118304,Conselheiro Lafaiete,MG,64.98,67.43,0.32,moderado,0
2112274,Tufilândia,MA,34.79,41.57,0.32,moderado,1
2709202,Traipu,AL,31.62,38.63,0.319,moderado,0
4120853,Quatro Pontes,PR,91.8,80.0,0.319,moderado,0
3550704,São Sebastião,SP,39.21,45.57,0.319,moderado,1
4115507,Marumbi,PR,57.66,61.37,0.319,moderado,0
1701309,Aragominas,TO,24.61,31.83,0.318,moderado,0
3114808,Carvalhos,MG,80.29,80.0,0.318,moderado,1
2513653,Joca Claudino,PB,39.7,46.0,0.318,moderado,0
3129806,Ibirité,MG,51.6,56.29,0.318,moderado,0
2407005,Luís Gomes,RN,26.23,33.44,0.318,moderado,1
2513943,São Domingos do Cariri,PB,95.45,80.0,0.318,moderado,0
2604502,Chã Grande,PE,55.33,59.42,0.318,moderado,1
3133501,Itapecerica,MG,72.37,73.56,0.318,moderado,0
3551900,Severínia,SP,42.14,48.16,0.318,moderado,0
3169901,Ubá,MG,64.51,67.05,0.318,moderado,0
4100103,Abatiá,PR,56.08,60.05,0.318,moderado,1
2205573,Lagoa de São Francisco,PI,41.38,47.49,0.318,moderado,0
2706307,Palmeira dos Índios,AL,32.18,39.15,0.317,moderado,1
2409803,Pedro Velho,RN,16.96,23.8,0.317,moderado,1
2801603,Cedro de São João,SE,22.22,29.4,0.317,moderado,0
2112308,Tuntum,MA,38.93,45.32,0.317,moderado,0
2200277,Alegrete do Piauí,PI,53.89,58.22,0.317,moderado,1
2103174,Centro Novo do Maranhão,MA,40.03,46.3,0.317,moderado,1
4206652,Guatambú,SC,44.44,50.17,0.317,moderado,1
3140902,Matipó,MG,85.52,80.0,0.316,moderado,1
3530201,Mirante do Paranapanema,SP,98.04,80.0,0.316,moderado,0
2700706,Batalha,AL,33.15,40.06,0.315,moderado,0
5102603,Campinápolis,MT,38.79,45.19,0.315,moderado,1
1717503,Pium,TO,21.88,29.05,0.315,moderado,0
3121407,Desterro de Entre Rios,MG,80.91,80.0,0.315,moderado,1
1714203,Natividade,TO,28.21,35.38,0.315,moderado,0
3118601,Contagem,MG,53.73,58.08,0.315,moderado,0
3125952,Fervedouro,MG,66.12,68.38,0.315,moderado,0
2200806,Antônio Almeida,PI,95.63,80.0,0.315,moderado,1
3114501,Carmópolis de Minas,MG,76.93,77.39,0.315,moderado,0
3121308,Descoberto,MG,62.69,65.54,0.315,moderado,0
3149309,Pedro Leopoldo,MG,59.02,62.5,0.315,moderado,0
2408953,Rio do Fogo,RN,14.85,21.44,0.314,moderado,0
2604205,Catende,PE,44.6,50.3,0.314,moderado,1
1718758,Rio Sono,TO,27.83,35.01,0.314,moderado,1
3105004,Baldim,MG,74.25,75.13,0.314,moderado,0
2209104,Santa Cruz do Piauí,PI,95.61,80.0,0.314,moderado,0
3524501,Jaci,SP,55.84,59.85,0.314,moderado,0
3161502,São Geraldo,MG,81.24,80.0,0.314,moderado,0
4208807,Jaguaruna,SC,42.4,48.39,0.313,moderado,0
2109304,Presidente Vargas,MA,44.27,50.02,0.313,moderado,1
2203230,Currais,PI,93.16,80.0,0.313,moderado,0
3143807,Munhoz,MG,77.93,78.23,0.313,moderado,0
2111805,Sítio Novo,MA,42.39,48.38,0.313,moderado,0
3102902,Antônio Carlos,MG,78.03,78.32,0.313,moderado,1
2802403,Gararu,SE,19.42,26.47,0.313,moderado,0
5204805,Campo Alegre de Goiás,GO,79.9,79.91,0.313,moderado,1
3536703,Pederneiras,SP,36.42,43.06,0.312,moderado,0
3165008,São Tiago,MG,90.52,80.0,0.312,moderado,0
3204609,Santa Teresa,ES,84.05,80.0,0.312,moderado,0
4205209,Erval Velho,SC,56.49,60.39,0.312,moderado,1
3141306,Medeiros,MG,82.24,80.0,0.312,moderado,1
3127701,Governador Valadares,MG,52.06,56.68,0.312,moderado,0
3162559,São João do Manhuaçu,MG,76.73,77.22,0.312,moderado,1
3137205,Lagoa da Prata,MG,72.57,73.73,0.311,moderado,0
3154309,Resplendor,MG,71.54,72.87,0.311,moderado,1
2409704,Pedro Avelino,RN,19.48,26.54,0.311,moderado,1
5210406,Itaberaí,GO,78.96,79.11,0.311,moderado,0
2609154,Manari,PE,56.89,60.73,0.311,moderado,1
5208301,Divinópolis de Goiás,GO,79.91,79.92,0.311,moderado,0
5205000,Carmo do Rio Verde,GO,78.85,79.02,0.311,moderado,0
3120409,Cristiano Otoni,MG,72.12,73.35,0.311,moderado,0
5205513,Cocalzinho de Goiás,GO,79.53,79.6,0.311,moderado,0
3541653,Quadra,SP,50.65,55.49,0.311,moderado,0
3555505,Ubirajara,SP,48.79,53.91,0.31,moderado,0
2101400,Balsas,MA,39.83,46.12,0.31,moderado,1
3520806,Inúbia Paulista,SP,89.16,80.0,0.31,moderado,0
3202702,Itaguaçu,ES,73.95,74.88,0.31,moderado,0
4103107,Bocaiúva do Sul,PR,49.13,54.2,0.31,moderado,0
3536307,Patrocínio Paulista,SP,44.66,50.36,0.31,moderado,0
1701101,Aparecida do Rio Negro,TO,30.07,37.16,0.31,moderado,1
3109501,Cabo Verde,MG,71.99,73.25,0.31,moderado,0
5004106,Guia Lopes da Laguna,MS,46.91,52.3,0.309,moderado,0
3201308,Cariacica,ES,57.15,60.94,0.309,moderado,0
2614006,Serrita,PE,53.72,58.07,0.309,moderado,0
3123304,Dores do Turvo,MG,76.7,77.19,0.309,moderado,0
4213005,Pinheiro Preto,SC,59.28,62.71,0.309,moderado,0
3131307,Ipatinga,MG,64.66,67.17,0.309,moderado,0
2405108,Jandaíra,RN,30.43,37.5,0.309,moderado,1
5103205,Colíder,MT,49.25,54.3,0.308,moderado,0
3530003,Mira Estrela,SP,60.87,64.03,0.308,moderado,0
4205431,Formosa do Sul,SC,65.4,67.78,0.308,moderado,0
2400406,Água Nova,RN,33.29,40.19,0.308,moderado,1
4119657,Pitangueiras,PR,94.13,80.0,0.308,moderado,0
3155504,Rio Paranaíba,MG,78.7,78.89,0.308,moderado,1
2708709,São Miguel dos Milagres,AL,34.51,41.31,0.308,moderado,0
3142304,Moeda,MG,77.89,78.2,0.307,moderado,0
3204104,Pinheiros,ES,77.29,77.69,0.307,moderado,0
4207700,Ipumirim,SC,53.96,58.28,0.307,moderado,0
2104107,Fortaleza dos Nogueiras,MA,45.09,50.73,0.307,moderado,0
5107768,Santa Rita do Trivelato,MT,64.77,67.26,0.307,moderado,1
2705200,Messias,AL,30.81,37.86,0.306,moderado,0
3506706,Boa Esperança do Sul,SP,42.1,48.12,0.306,moderado,0
3104700,Ataléia,MG,67.11,69.2,0.306,moderado,1
3551405,Serra Azul,SP,23.94,31.16,0.306,moderado,0
3510807,Casa Branca,SP,44.98,50.63,0.305,moderado,0
3532827,Nova Campina,SP,45.1,50.74,0.305,moderado,0
1710904,Itapiratins,TO,35.09,41.84,0.305,moderado,0
2610004,Palmares,PE,43.01,48.92,0.305,moderado,0
2110302,Santo Antônio dos Lopes,MA,52.71,57.23,0.304,moderado,0
5217302,Pirenópolis,GO,72.91,74.01,0.304,moderado,1
3140159,Mário Campos,MG,70.35,71.88,0.304,moderado,0
3512001,Colina,SP,43.8,49.61,0.304,moderado,0
3202454,Ibatiba,ES,80.52,80.0,0.304,moderado,0
3134202,Ituiutaba,MG,62.99,65.79,0.304,moderado,0
2616407,Vitória de Santo Antão,PE,46.09,51.59,0.304,moderado,1
3121803,Dionísio,MG,82.4,80.0,0.304,moderado,1
4105102,Centenário do Sul,PR,54.26,58.53,0.304,moderado,0
3104007,Araxá,MG,68.79,70.59,0.303,moderado,0
2707404,Porto de Pedras,AL,30.12,37.21,0.303,moderado,1
2610103,Palmeirina,PE,60.56,63.78,0.303,moderado,1
5213087,Minaçu,GO,75.66,76.32,0.303,moderado,0
5213905,Mossâmedes,GO,85.24,80.0,0.303,moderado,0
2516300,Sumé,PB,33.2,40.1,0.302,moderado,0
3120607,Crucilândia,MG,81.48,80.0,0.302,moderado,0
1713809,Palmeiras do Tocantins,TO,18.11,25.06,0.302,moderado,0
3520400,Ilhabela,SP,44.16,49.92,0.302,moderado,1
3118908,Cordisburgo,MG,69.28,70.99,0.302,moderado,0
2102374,Cachoeira Grande,MA,41.14,47.28,0.302,moderado,0
2512754,Riachão do Bacamarte,PB,44.56,50.27,0.302,moderado,1
2206951,Novo Santo Antônio,PI,48.49,53.65,0.301,moderado,0
3152170,Ponto dos Volantes,MG,72.63,73.78,0.301,moderado,1
2603702,Canhotinho,PE,48.26,53.45,0.301,moderado,0
3523008,Itapura,SP,49.6,54.6,0.3,moderado,0
2506400,Gurinhém,PB,35.1,41.85,0.3,moderado,1
3142809,Monte Alegre de Minas,MG,74.78,75.58,0.3,moderado,1
3528858,Marapoama,SP,94.74,80.0,0.3,moderado,0
5211305,Itarumã,GO,76.72,77.21,0.3,moderado,0
2514503,São José de Piranhas,PB,34.1,40.93,0.3,moderado,0
2401602,Bento Fernandes,RN,14.89,21.48,0.299,moderado,0
3504701,Balbinos,SP,100.0,80.0,0.299,moderado,0
4103206,Bom Sucesso,PR,53.53,57.91,0.299,moderado,0
2205953,Marcolândia,PI,98.87,80.0,0.299,moderado,0
4201901,Aurora,SC,62.58,65.45,0.299,moderado,0
4204558,Correia Pinto,SC,59.62,63.0,0.299,moderado,1
5221700,Uruana,GO,75.58,76.25,0.299,moderado,0
3547007,Santa Maria da Serra,SP,50.35,55.23,0.299,moderado,0
2609709,Orobó,PE,61.24,64.34,0.298,moderado,0
1101484,São Felipe D'Oeste,RO,53.34,57.76,0.298,moderado,0
3536604,Paulo de Faria,SP,50.36,55.24,0.298,moderado,0
4210209,Major Gercino,SC,51.4,56.12,0.298,moderado,0
3117108,Conceição da Aparecida,MG,70.87,72.31,0.298,moderado,0
5007505,Rochedo,MS,38.71,45.12,0.298,moderado,0
3204351,Rio Bananal,ES,74.62,75.44,0.297,moderado,0
2504207,Catingueira,PB,32.79,39.72,0.297,moderado,0
3139508,Manhumirim,MG,68.6,70.43,0.297,moderado,1
4211256,Morro Grande,SC,71.43,72.78,0.297,moderado,0
3147907,Passos,MG,65.45,67.82,0.297,moderado,0
3144003,Mutum,MG,61.47,64.53,0.297,moderado,0
1717206,Piraquê,TO,26.08,33.29,0.297,moderado,0
3131802,Itabirinha,MG,64.78,67.27,0.296,moderado,0
3155900,Rio Preto,MG,71.16,72.56,0.296,moderado,1
3156908,Sacramento,MG,64.01,66.63,0.296,moderado,0
3113909,Carmo da Cachoeira,MG,74.34,75.21,0.296,moderado,0
3530904,Mombuca,SP,55.83,59.84,0.296,moderado,0
2706802,Piaçabuçu,AL,31.74,38.74,0.296,moderado,0
3170206,Uberlândia,MG,50.92,55.71,0.295,moderado,0
3525409,Jeriquara,SP,45.2,50.82,0.295,moderado,1
3157658,Santa Helena de Minas,MG,59.32,62.75,0.295,moderado,0
3142403,Moema,MG,81.44,80.0,0.295,moderado,0
2205532,Jurema,PI,96.41,80.0,0.295,moderado,0
5107883,Serra Nova Dourada,MT,65.34,67.73,0.295,moderado,0
5002308,Brasilândia,MS,51.72,56.39,0.295,moderado,0
2100477,Alto Alegre do Pindaré,MA,36.04,42.71,0.294,moderado,0
3140803,Matias Barbosa,MG,58.84,62.35,0.294,moderado,0
2411403,Santana do Matos,RN,21.7,28.87,0.294,moderado,0
5107941,Tabaporã,MT,51.43,56.15,0.294,moderado,0
5103254,Colniza,MT,41.71,47.78,0.294,moderado,0
5005004,Jardim,MS,35.28,42.02,0.294,moderado,0
3503158,Arapeí,SP,48.04,53.27,0.294,moderado,1
3535309,Palmital,SP,46.45,51.9,0.294,moderado,0
1703602,Brasilândia do Tocantins,TO,29.73,36.84,0.293,moderado,0
3132404,Itajubá,MG,59.76,63.11,0.293,moderado,0
2501005,Araruna,PB,35.18,41.93,0.292,moderado,1
3104908,Baependi,MG,70.29,71.83,0.292,moderado,0
2603504,Camocim de São Félix,PE,55.71,59.74,0.292,moderado,0
2616001,Venturosa,PE,53.25,57.68,0.292,moderado,0
3127800,Grão Mogol,MG,71.57,72.9,0.292,moderado,0
4128302,Uniflor,PR,60.23,63.5,0.292,moderado,0
5214408,Nazário,GO,79.0,79.15,0.292,moderado,0
2700409,Atalaia,AL,32.36,39.32,0.292,moderado,0
4209409,Laguna,SC,33.26,40.16,0.292,moderado,1
1710706,Itaguatins,TO,32.53,39.48,0.291,moderado,1
3161700,São Gonçalo do Abaeté,MG,86.36,80.0,0.291,moderado,0
5104559,Itaúba,MT,57.99,61.64,0.291,moderado,0
2612307,Saloá,PE,58.09,61.72,0.291,moderado,0
2201739,Betânia do Piauí,PI,42.53,48.5,0.291,moderado,0
3157005,Salinas,MG,73.01,74.1,0.291,moderado,0
5103502,Diamantino,MT,52.11,56.72,0.291,moderado,0
4113429,Lidianópolis,PR,92.58,80.0,0.29,moderado,0
2105500,João Lisboa,MA,35.04,41.8,0.29,moderado,0
2705101,Matriz de Camaragibe,AL,35.25,41.99,0.29,moderado,0
3151305,Piraúba,MG,74.74,75.54,0.29,moderado,0
2504702,Congo,PB,49.32,54.36,0.29,moderado,1
2109205,Presidente Juscelino,MA,36.89,43.48,0.29,moderado,0
3101508,Além Paraíba,MG,68.94,70.71,0.29,moderado,1
3202009,Dores do Rio Preto,ES,84.32,80.0,0.29,moderado,0
3527603,Luís Antônio,SP,41.53,47.62,0.29,moderado,1
2700508,Barra de Santo Antônio,AL,30.57,37.63,0.289,moderado,1
3500204,Adolfo,SP,63.55,66.25,0.289,moderado,0
5217104,Piracanjuba,GO,67.96,69.9,0.289,moderado,0
5210802,Itajá,GO,81.81,80.0,0.289,moderado,0
2610400,Parnamirim,PE,48.66,53.79,0.289,moderado,0
3203502,Montanha,ES,63.05,65.84,0.289,moderado,0
5106232,Nova Olímpia,MT,50.74,55.56,0.288,moderado,0
3555604,Uchoa,SP,44.79,50.47,0.288,moderado,0
2707909,Santa Luzia do Norte,AL,31.87,38.86,0.288,moderado,1
3168507,Teixeiras,MG,75.5,76.18,0.288,moderado,1
3145703,Oliveira Fortes,MG,71.43,72.78,0.288,moderado,0
2907400,Catolândia,BA,10.48,16.24,0.288,moderado,0
3143906,Muriaé,MG,58.49,62.06,0.287,moderado,0
3111408,Campo Florido,MG,75.96,76.57,0.287,moderado,1
3151800,Poços de Caldas,MG,58.1,61.73,0.287,moderado,0
3127602,Gouveia,MG,74.24,75.13,0.287,moderado,0
5210562,Itaguari,GO,85.79,80.0,0.287,moderado,1
2703908,Jundiá,AL,34.6,41.39,0.287,moderado,0
2201101,Avelino Lopes,PI,40.98,47.14,0.287,moderado,1
3128402,Guarani,MG,80.48,80.0,0.287,moderado,1
5007307,Rio Negro,MS,53.09,57.54,0.287,moderado,1
2603801,Capoeiras,PE,50.95,55.74,0.287,moderado,0
2205524,Júlio Borges,PI,43.29,49.16,0.287,moderado,0
3108602,Brasília de Minas,MG,75.06,75.81,0.286,moderado,0
3533205,Nova Independência,SP,49.79,54.76,0.286,moderado,0
3100302,Abre Campo,MG,85.71,80.0,0.286,moderado,0
3129103,Gurinhatã,MG,76.93,77.39,0.286,moderado,0
2516102,Soledade,PB,33.51,40.39,0.286,moderado,0
3201159,Brejetuba,ES,67.35,69.4,0.286,moderado,0
3203601,Mucurici,ES,83.71,80.0,0.286,moderado,0
1600204,Calçoene,AP,35.05,41.81,0.286,moderado,1
2606408,Gravatá,PE,42.26,48.26,0.285,moderado,1
3106705,Betim,MG,53.93,58.25,0.285,moderado,0
3105509,Barão do Monte Alto,MG,63.54,66.24,0.285,moderado,0
1505494,Palestina do Pará,PA,33.8,40.66,0.285,moderado,0
2700607,Barra de São Miguel,AL,31.79,38.79,0.285,moderado,0
2211704,Wall Ferraz,PI,37.6,44.12,0.285,moderado,0
5007935,Sonora,MS,47.5,52.8,0.285,moderado,0
4216354,São João do Itaperiú,SC,55.09,59.22,0.284,moderado,0
2604700,Correntes,PE,51.81,56.47,0.284,moderado,0
5106281,Novo São Joaquim,MT,58.82,62.33,0.284,moderado,0
2613701,São Lourenço da Mata,PE,44.07,49.84,0.284,moderado,0
2208858,Riacho Frio,PI,98.41,80.0,0.284,moderado,0
2611309,Pombos,PE,46.95,52.33,0.284,moderado,1
3115805,Centralina,MG,78.29,78.54,0.283,moderado,0
3116506,Claro dos Poções,MG,70.05,71.63,0.283,moderado,1
3124609,Estrela Dalva,MG,87.26,80.0,0.283,moderado,1
2600203,Afrânio,PE,54.58,58.8,0.283,moderado,0
5106273,Novo Horizonte do Norte,MT,62.97,65.77,0.282,moderado,0
1715002,Nova Rosalândia,TO,32.17,39.14,0.282,moderado,0
4206702,Herval d'Oeste,SC,53.21,57.65,0.282,moderado,0
2501153,Areia de Baraúnas,PB,25.0,32.22,0.282,moderado,0
2201960,Brasileira,PI,33.17,40.07,0.282,moderado,0
5201405,Aparecida de Goiânia,GO,60.67,63.87,0.282,moderado,0
3165206,São Tomé das Letras,MG,86.0,80.0,0.281,moderado,0
2611507,Quipapá,PE,48.12,53.33,0.281,moderado,0
3508207,Buritizal,SP,96.13,80.0,0.281,moderado,1
3204955,São Roque do Canaã,ES,74.56,75.39,0.281,moderado,0
3532009,Morungaba,SP,46.95,52.33,0.281,moderado,1
3155306,Rio Manso,MG,71.24,72.62,0.28,moderado,0
2604601,Condado,PE,45.57,51.14,0.279,moderado,1
5105200,Juscimeira,MT,48.65,53.79,0.279,moderado,0
3164308,São Roque de Minas,MG,71.16,72.56,0.279,moderado,0
3157203,Santa Bárbara,MG,69.91,71.52,0.279,moderado,1
3146602,Paiva,MG,80.0,80.0,0.278,moderado,0
1711902,Lagoa da Confusão,TO,26.02,33.23,0.278,moderado,0
3162302,São João da Mata,MG,78.13,78.4,0.278,moderado,1
3125408,Felício dos Santos,MG,82.12,80.0,0.278,moderado,1
3162401,São João da Ponte,MG,65.62,67.96,0.278,moderado,1
4118303,Paranapoema,PR,59.18,62.63,0.278,moderado,1
1600808,Vitória do Jari,AP,28.7,35.85,0.277,moderado,1
3161601,São Geraldo da Piedade,MG,69.23,70.95,0.277,moderado,1
2400505,Alexandria,RN,17.76,24.68,0.277,moderado,0
2703403,Jacaré dos Homens,AL,38.18,44.64,0.277,moderado,0
2606309,Granito,PE,52.49,57.04,0.277,moderado,0
3162005,São Gonçalo do Sapucaí,MG,76.27,76.83,0.277,moderado,1
3204401,Rio Novo do Sul,ES,78.04,78.33,0.277,moderado,1
4216255,São João do Oeste,SC,96.02,80.0,0.277,moderado,0
3170008,Ubaí,MG,70.25,71.8,0.277,moderado,1
2606606,Ibimirim,PE,50.76,55.58,0.277,moderado,0
2616100,Verdejante,PE,53.39,57.8,0.277,moderado,0
1706506,Darcinópolis,TO,31.21,38.24,0.276,moderado,0
5219407,Santa Rita do Araguaia,GO,78.75,78.93,0.276,moderado,0
3153103,Presidente Bernardes,MG,57.14,60.93,0.276,moderado,0
4113759,Lunardelli,PR,57.46,61.2,0.276,moderado,0
2510006,Nazarezinho,PB,36.48,43.11,0.276,moderado,0
2608008,Jataúba,PE,51.9,56.54,0.276,moderado,1
3548203,Santo Antônio do Pinhal,SP,42.87,48.8,0.276,moderado,0
4100202,Adrianópolis,PR,60.08,63.38,0.276,moderado,1
3118700,Coqueiral,MG,71.3,72.67,0.275,moderado,0
3165578,Senador Amaral,MG,70.19,71.75,0.275,moderado,0
3155801,Rio Pomba,MG,65.31,67.71,0.275,moderado,0
4217105,São Martinho,SC,68.0,69.93,0.275,moderado,0
5002902,Cassilândia,MS,37.72,44.23,0.274,moderado,0
2613107,São Caitano,PE,45.1,50.74,0.274,moderado,0
2701209,Cacimbinhas,AL,30.55,37.62,0.274,moderado,0
3204708,São Gabriel da Palha,ES,72.46,73.64,0.274,moderado,0
4202875,Brunópolis,SC,66.67,68.83,0.274,moderado,1
5100805,Apiacás,MT,48.69,53.82,0.274,moderado,0
3136207,João Monlevade,MG,60.91,64.07,0.274,moderado,0
3204252,Ponto Belo,ES,81.8,80.0,0.274,moderado,0
5103858,Gaúcha do Norte,MT,45.03,50.68,0.274,moderado,0
3108206,Bonfinópolis de Minas,MG,81.81,80.0,0.274,moderado,1
5101258,Araputanga,MT,48.48,53.64,0.274,moderado,0
3149705,Perdigão,MG,80.06,80.0,0.274,moderado,0
5217708,Pontalina,GO,73.38,74.41,0.274,moderado,0
5105150,Juína,MT,45.51,51.09,0.273,moderado,0
3540853,Pracinha,SP,94.44,80.0,0.273,moderado,0
3534005,Onda Verde,SP,47.09,52.45,0.273,moderado,0
2804300,Muribeca,SE,10.0,15.64,0.273,moderado,0
3515129,Emilianópolis,SP,47.92,53.16,0.273,moderado,0
3150802,Piranga,MG,60.14,63.43,0.272,moderado,0
2607000,Inajá,PE,54.35,58.6,0.272,moderado,0
3532306,Natividade da Serra,SP,40.32,46.55,0.272,moderado,0
5107263,Santo Afonso,MT,52.08,56.69,0.272,moderado,0
3157807,Santa Luzia,MG,51.5,56.2,0.272,moderado,0
1101104,Itapuã do Oeste,RO,98.79,80.0,0.272,moderado,1
2614709,Tacaimbó,PE,45.92,51.45,0.272,moderado,1
3154507,Riacho dos Machados,MG,67.54,69.55,0.272,moderado,0
3134608,Jaboticatubas,MG,69.36,71.06,0.271,moderado,0
2705606,Novo Lino,AL,27.37,34.56,0.271,moderado,0
3108552,Brasilândia de Minas,MG,76.74,77.23,0.271,moderado,1
3167806,Soledade de Minas,MG,73.12,74.19,0.27,moderado,0
3105608,Barbacena,MG,59.28,62.71,0.27,moderado,0
3138203,Lavras,MG,56.24,60.18,0.27,moderado,0
4118857,Perobal,PR,57.6,61.32,0.27,moderado,0
2611002,Petrolândia,PE,51.87,56.52,0.27,moderado,0
3123700,Engenheiro Caldas,MG,58.22,61.83,0.27,moderado,0
3168804,Tiradentes,MG,62.26,65.18,0.27,moderado,0
2104206,Fortuna,MA,40.4,46.62,0.27,moderado,0
4103479,Cafezal do Sul,PR,55.7,59.73,0.27,moderado,0
3103306,Aracitaba,MG,80.0,80.0,0.269,moderado,0
2805109,Pedrinhas,SE,14.81,21.39,0.269,moderado,1
2309706,Pacatuba,CE,76.03,76.63,0.269,moderado,0
3163904,São Pedro da União,MG,76.97,77.42,0.269,moderado,0
3124500,Estiva,MG,72.45,73.63,0.268,moderado,0
2201150,Baixa Grande do Ribeiro,PI,48.61,53.75,0.268,moderado,0
2208205,Pio IX,PI,35.27,42.01,0.268,moderado,0
3133758,Itaú de Minas,MG,74.33,75.2,0.268,moderado,0
5203401,Bom Jardim de Goiás,GO,79.14,79.26,0.268,moderado,1
5005400,Maracaju,MS,40.62,46.82,0.268,moderado,1
3160405,Santo Antônio do Monte,MG,82.37,80.0,0.268,moderado,0
5209937,Inaciolândia,GO,76.2,76.77,0.267,moderado,0
5209291,Guaraíta,GO,72.59,73.75,0.267,moderado,0
5218805,Rio Verde,GO,86.06,80.0,0.267,moderado,0
3205309,Vitória,ES,65.88,68.18,0.267,moderado,0
3141801,Minas Novas,MG,70.15,71.72,0.267,moderado,0
2302404,Boa Viagem,CE,80.04,80.0,0.267,moderado,0
3114402,Carmo do Rio Claro,MG,63.2,65.96,0.267,moderado,0
3164605,São Sebastião do Oeste,MG,71.5,72.84,0.266,moderado,0
2210052,São José do Divino,PI,100.0,80.0,0.266,moderado,0
4112900,Jundiaí do Sul,PR,56.84,60.68,0.266,moderado,1
4206207,Gravatal,SC,52.63,57.16,0.266,moderado,0
3154457,Riachinho,MG,69.58,71.24,0.265,moderado,0
2203859,Floresta do Piauí,PI,100.0,80.0,0.265,moderado,1
3108305,Borda da Mata,MG,65.55,67.91,0.265,moderado,0
2211605,Vila Nova do Piauí,PI,100.0,80.0,0.265,moderado,0
3111101,Campina Verde,MG,77.26,77.67,0.265,moderado,1
2613800,São Vicente Férrer,PE,48.62,53.76,0.265,moderado,1
2503555,Cacimbas,PB,32.54,39.49,0.264,moderado,0
3201001,Boa Esperança,ES,76.69,77.19,0.264,moderado,0
3506805,Bocaina,SP,32.75,39.68,0.264,moderado,0
3502002,Analândia,SP,44.62,50.32,0.264,moderado,0
2303600,Catarina,CE,79.24,79.35,0.264,moderado,0
3157906,Santa Margarida,MG,71.98,73.24,0.264,moderado,1
5006002,Nova Alvorada do Sul,MS,37.23,43.79,0.264,moderado,0
1505205,Oeiras do Pará,PA,18.54,25.53,0.264,moderado,0
2405702,Jardim do Seridó,RN,26.75,33.95,0.264,moderado,0
2702603,Feira Grande,AL,35.2,41.94,0.264,moderado,0
5207808,Firminópolis,GO,76.84,77.31,0.263,moderado,1
2513851,Santo André,PB,45.13,50.76,0.263,moderado,1
5108352,Vale de São Domingos,MT,48.81,53.92,0.263,moderado,1
3152501,Pouso Alegre,MG,58.91,62.41,0.263,moderado,0
3203353,Marilândia,ES,78.51,78.73,0.263,moderado,1
3205010,Sooretama,ES,67.21,69.28,0.262,moderado,0
4102703,Barra do Jacaré,PR,62.96,65.76,0.262,moderado,0
2210409,São Miguel do Tapuio,PI,29.86,36.96,0.262,moderado,0
5108303,União do Sul,MT,60.38,63.63,0.262,moderado,0
3205101,Viana,ES,70.14,71.71,0.262,moderado,1
2410603,Rafael Godeiro,RN,29.93,37.03,0.262,moderado,0
3103603,Arantina,MG,75.0,75.76,0.262,moderado,1
1706258,Crixás do Tocantins,TO,29.03,36.17,0.262,moderado,0
3151008,Piranguinho,MG,69.35,71.05,0.262,moderado,0
3137536,Lagoa Grande,MG,81.75,80.0,0.262,moderado,1
3101631,Alfredo Vasconcelos,MG,72.01,73.26,0.262,moderado,0
3201605,Conceição da Barra,ES,73.7,74.67,0.262,moderado,1
4126355,Serranópolis do Iguaçu,PR,100.0,80.0,0.262,moderado,0
3147006,Paracatu,MG,65.69,68.02,0.261,moderado,1
5215652,Palestina de Goiás,GO,79.55,79.61,0.261,moderado,1
3120870,Curral de Dentro,MG,79.25,79.36,0.261,moderado,0
5218904,Rubiataba,GO,77.53,77.9,0.261,moderado,0
3542503,Reginópolis,SP,96.74,80.0,0.261,moderado,0
1718303,Praia Norte,TO,18.07,25.02,0.261,moderado,0
3128006,Guanhães,MG,57.63,61.34,0.261,moderado,0
5107750,Salto do Céu,MT,95.24,80.0,0.261,moderado,0
3203205,Linhares,ES,64.16,66.76,0.261,moderado,0
2209609,São Félix do Piauí,PI,35.56,42.27,0.261,moderado,0
3105905,Barroso,MG,73.7,74.67,0.261,moderado,0
2705309,Minador do Negrão,AL,30.02,37.11,0.26,moderado,1
5108006,Tapurah,MT,55.92,59.92,0.26,moderado,0
2602308,Bonito,PE,56.71,60.58,0.259,moderado,0
5203500,Bom Jesus de Goiás,GO,75.75,76.39,0.259,moderado,0
2505352,Damião,PB,37.73,44.24,0.259,moderado,0
3130408,Ijaci,MG,72.8,73.92,0.259,moderado,0
1703305,Bom Jesus do Tocantins,TO,26.13,33.34,0.259,moderado,1
4201604,Arroio Trinta,SC,92.0,80.0,0.259,moderado,1
3139706,Maravilhas,MG,70.06,71.64,0.259,moderado,0
5221601,Uruaçu,GO,69.31,71.02,0.259,moderado,0
1101609,Theobroma,RO,50.7,55.53,0.259,moderado,0
1503408,Inhangapi,PA,21.83,29.0,0.259,moderado,0
2705408,Monteirópolis,AL,35.28,42.02,0.259,moderado,1
3141009,Mato Verde,MG,69.02,70.78,0.259,moderado,1
1703008,Babaçulândia,TO,20.49,27.6,0.259,moderado,1
2407609,Messias Targino,RN,17.11,23.97,0.258,moderado,0
5107206,Rio Branco,MT,48.15,53.36,0.258,moderado,0
5208806,Goianira,GO,69.12,70.86,0.258,moderado,0
2413409,Serra Negra do Norte,RN,25.83,33.05,0.258,moderado,1
4109658,Honório Serpa,PR,55.98,59.97,0.258,moderado,0
3114303,Carmo do Paranaíba,MG,70.42,71.94,0.258,moderado,0
2306405,Itapipoca,CE,84.81,80.0,0.257,moderado,0
2111573,São Pedro dos Crentes,MA,40.27,46.51,0.257,moderado,0
3149903,Perdões,MG,71.24,72.62,0.257,moderado,0
2100832,Apicum-Açu,MA,31.51,38.52,0.257,moderado,0
2209351,Santana do Piauí,PI,33.11,40.02,0.257,moderado,0
2515708,Serra Grande,PB,40.0,46.27,0.257,moderado,0
2111003,São João Batista,MA,29.54,36.65,0.257,moderado,0
5205109,Catalão,GO,64.88,67.35,0.257,moderado,0
3544103,Rio Grande da Serra,SP,31.67,38.67,0.257,moderado,0
3122504,Dom Cavati,MG,74.74,75.54,0.257,moderado,1
3201209,Cachoeiro de Itapemirim,ES,65.3,67.7,0.256,moderado,0
4123105,Santa Amélia,PR,100.0,80.0,0.256,moderado,0
4212270,Passos Maia,SC,49.26,54.31,0.256,moderado,0
5213004,Maurilândia,GO,78.46,78.69,0.255,moderado,0
3551108,Sarapuí,SP,41.43,47.53,0.255,moderado,0
3204658,São Domingos do Norte,ES,88.07,80.0,0.255,moderado,0
2613503,São José do Belmonte,PE,46.7,52.12,0.255,moderado,0
3171907,Virgolândia,MG,87.28,80.0,0.255,moderado,1
2202117,Campo Alegre do Fidalgo,PI,38.53,44.96,0.255,moderado,0
2512309,Princesa Isabel,PB,97.47,80.0,0.255,moderado,0
5107578,Rondolândia,MT,29.04,36.18,0.255,moderado,0
3118403,Conselheiro Pena,MG,66.9,69.02,0.255,moderado,1
3112000,Candeias,MG,88.88,80.0,0.254,moderado,0
5210604,Itaguaru,GO,81.65,80.0,0.254,moderado,0
2202539,Caraúbas do Piauí,PI,38.51,44.94,0.254,moderado,0
3202900,Itarana,ES,78.04,78.33,0.254,moderado,0
5106216,Nova Canaã do Norte,MT,56.56,60.45,0.254,moderado,0
5204102,Cachoeira Alta,GO,73.19,74.25,0.254,moderado,0
2613404,São José da Coroa Grande,PE,41.77,47.83,0.254,moderado,1
5205802,Corumbá de Goiás,GO,72.1,73.34,0.254,moderado,0
3123908,Entre Rios de Minas,MG,83.15,80.0,0.254,moderado,0
3172004,Visconde do Rio Branco,MG,56.33,60.26,0.254,moderado,0
3103207,Araçaí,MG,84.62,80.0,0.254,moderado,1
3115706,Central de Minas,MG,71.27,72.65,0.254,moderado,0
5106828,Porto Esperidião,MT,43.95,49.74,0.253,moderado,0
5102793,Carlinda,MT,42.52,48.49,0.253,moderado,0
3133709,Itatiaiuçu,MG,72.38,73.57,0.253,moderado,0
3134806,Jacuí,MG,70.85,72.3,0.253,moderado,0
2608206,Joaquim Nabuco,PE,49.58,54.58,0.253,moderado,1
2413201,Senador Georgino Avelino,RN,23.89,31.11,0.253,moderado,1
2111052,São João do Paraíso,MA,33.48,40.36,0.253,moderado,0
2400802,Angicos,RN,19.34,26.39,0.253,moderado,0
2502607,Igaracy,PB,28.96,36.1,0.253,moderado,0
3147105,Pará de Minas,MG,53.51,57.9,0.253,moderado,0
2605707,Floresta,PE,33.42,40.31,0.253,moderado,0
2600609,Alagoinha,PE,42.86,48.79,0.253,moderado,0
1100106,Guajará-Mirim,RO,41.76,47.82,0.253,moderado,1
4209706,Lebon Régis,SC,40.87,47.04,0.252,moderado,0
3123205,Dores do Indaiá,MG,65.78,68.1,0.252,moderado,0
2205359,João Costa,PI,51.05,55.82,0.252,moderado,0
2207793,Pau D'Arco do Piauí,PI,100.0,80.0,0.252,moderado,1
3205036,Vargem Alta,ES,70.93,72.36,0.252,moderado,1
2608800,Lajedo,PE,47.71,52.98,0.251,moderado,0
3554607,Timburi,SP,39.16,45.52,0.251,moderado,0
5007554,Santa Rita do Pardo,MS,48.28,53.47,0.251,moderado,1
3144409,Natércia,MG,70.18,71.74,0.251,moderado,0
2405405,Japi,RN,15.32,21.97,0.251,moderado,0
3137106,Lagamar,MG,91.73,80.0,0.251,moderado,1
3533809,Óleo,SP,57.14,60.93,0.251,moderado,0
1101468,Pimenteiras do Oeste,RO,54.77,58.95,0.251,moderado,1
5206701,Damianópolis,GO,70.55,72.05,0.251,moderado,0
5000609,Amambai,MS,42.01,48.04,0.251,moderado,0
2517001,Umbuzeiro,PB,38.29,44.74,0.251,moderado,0
3201407,Castelo,ES,72.21,73.43,0.25,moderado,0
3204500,Santa Leopoldina,ES,83.8,80.0,0.25,moderado,1
3156601,Rubim,MG,86.74,80.0,0.25,moderado,1
3166303,Sericita,MG,68.55,70.39,0.25,moderado,0
3162500,São João del Rei,MG,55.63,59.67,0.25,baixo,0
2602001,Bodocó,PE,45.23,50.85,0.25,baixo,1
3128808,Guidoval,MG,61.83,64.83,0.25,baixo,1
3150406,Piedade dos Gerais,MG,71.95,73.21,0.25,baixo,0
3136702,Juiz de Fora,MG,43.63,49.46,0.249,baixo,0
5104500,Indiavaí,MT,44.71,50.4,0.249,baixo,0
5221403,Trindade,GO,66.34,68.56,0.249,baixo,0
5218789,Rio Quente,GO,79.26,79.37,0.249,baixo,0
3111150,Campo Azul,MG,84.73,80.0,0.249,baixo,1
3154002,Raul Soares,MG,67.06,69.16,0.249,baixo,0
1713700,Monte Santo do Tocantins,TO,29.33,36.45,0.249,baixo,0
5007406,Rio Verde de Mato Grosso,MS,47.3,52.63,0.248,baixo,1
2703700,Jaramataia,AL,36.05,42.72,0.248,baixo,1
2503902,Camalaú,PB,36.34,42.98,0.248,baixo,0
3121605,Diamantina,MG,59.54,62.93,0.248,baixo,0
5203203,Barro Alto,GO,80.55,80.0,0.247,baixo,1
3202306,Guaçuí,ES,74.04,74.96,0.247,baixo,0
4210803,Meleiro,SC,54.81,58.99,0.247,baixo,1
5107065,Querência,MT,57.84,61.52,0.247,baixo,0
3204807,São José do Calçado,ES,74.52,75.36,0.247,baixo,1
5219712,Santo Antônio da Barra,GO,82.48,80.0,0.247,baixo,0
3138401,Leopoldina,MG,58.67,62.21,0.247,baixo,0
3148509,Pavão,MG,86.92,80.0,0.246,baixo,0
3140407,Marmelópolis,MG,76.82,77.3,0.246,baixo,0
3105301,Bandeira do Sul,MG,73.41,74.43,0.246,baixo,0
3205176,Vila Valério,ES,83.46,80.0,0.246,baixo,1
3131406,Ipiaçu,MG,75.16,75.9,0.246,baixo,0
2110807,São Félix de Balsas,MA,43.78,49.59,0.245,baixo,1
3144508,Nazareno,MG,87.42,80.0,0.245,baixo,0
3202108,Ecoporanga,ES,69.21,70.94,0.245,baixo,0
2100501,Alto Parnaíba,MA,46.76,52.17,0.245,baixo,1
5219506,Santa Rosa de Goiás,GO,80.22,80.0,0.245,baixo,0
2612604,Santa Maria da Boa Vista,PE,45.6,51.17,0.245,baixo,0
1721307,Tupiratins,TO,25.0,32.22,0.245,baixo,0
5207402,Edéia,GO,82.36,80.0,0.244,baixo,1
2305407,Icó,CE,80.08,80.0,0.244,baixo,1
3128501,Guarará,MG,88.16,80.0,0.244,baixo,1
2205904,Manoel Emídio,PI,100.0,80.0,0.244,baixo,0
3124104,Esmeraldas,MG,50.73,55.55,0.244,baixo,0
2201408,Barro Duro,PI,38.31,44.76,0.244,baixo,1
3203056,Jaguaré,ES,72.19,73.41,0.244,baixo,0
5205406,Ceres,GO,88.1,80.0,0.244,baixo,0
3168002,Taiobeiras,MG,69.28,70.99,0.243,baixo,0
3168200,Tapiraí,MG,76.47,77.0,0.243,baixo,0
3105103,Bambuí,MG,65.95,68.24,0.243,baixo,0
3130903,Inhapim,MG,68.56,70.4,0.243,baixo,0
3152105,Ponte Nova,MG,52.65,57.17,0.243,baixo,0
3519105,Iacanga,SP,100.0,80.0,0.243,baixo,0
5106307,Paranatinga,MT,45.39,50.99,0.243,baixo,0
3137809,Lambari,MG,65.73,68.05,0.243,baixo,0
2302206,Beberibe,CE,78.11,78.39,0.242,baixo,0
3142007,Mirabela,MG,58.98,62.46,0.242,baixo,1
3522802,Itaporanga,SP,36.36,43.0,0.242,baixo,0
3201704,Conceição do Castelo,ES,77.46,77.84,0.242,baixo,0
5205059,Castelândia,GO,80.99,80.0,0.242,baixo,0
2505600,Diamante,PB,25.0,32.22,0.242,baixo,0
2312601,São Luís do Curu,CE,81.66,80.0,0.242,baixo,1
3126208,Formoso,MG,61.08,64.21,0.241,baixo,0
5220405,São Simão,GO,72.78,73.9,0.241,baixo,0
5005608,Miranda,MS,26.61,33.82,0.241,baixo,0
3119500,Coronel Murta,MG,65.72,68.05,0.241,baixo,1
3169307,Três Corações,MG,50.69,55.52,0.241,baixo,0
3128600,Guarda-Mor,MG,79.05,79.19,0.241,baixo,1
3203106,Jerônimo Monteiro,ES,70.14,71.71,0.241,baixo,0
5204300,Caçu,GO,73.23,74.28,0.241,baixo,0
2105203,Igarapé Grande,MA,97.77,80.0,0.24,baixo,0
2607802,Itaquitinga,PE,48.29,53.48,0.24,baixo,0
4120150,Porto Barreiro,PR,100.0,80.0,0.24,baixo,0
2108405,Peri Mirim,MA,35.34,42.07,0.24,baixo,0
2103554,Conceição do Lago-Açu,MA,43.89,49.69,0.24,baixo,0
3148103,Patrocínio,MG,61.83,64.83,0.24,baixo,0
3127107,Frutal,MG,53.92,58.24,0.24,baixo,0
5002001,Batayporã,MS,45.7,51.26,0.24,baixo,0
3117900,Congonhal,MG,73.46,74.47,0.24,baixo,0
3144805,Nova Lima,MG,56.76,60.62,0.24,baixo,0
1703826,Cachoeirinha,TO,27.54,34.72,0.239,baixo,0
2310605,Penaforte,CE,77.7,78.04,0.239,baixo,1
3147600,Passa Quatro,MG,85.63,80.0,0.239,baixo,1
5212501,Luziânia,GO,64.05,66.66,0.239,baixo,1
3536570,Paulistânia,SP,38.25,44.71,0.239,baixo,0
2601607,Belém do São Francisco,PE,51.55,56.25,0.239,baixo,0
3115003,Cascalho Rico,MG,63.9,66.54,0.239,baixo,0
5211503,Itumbiara,GO,69.78,71.41,0.238,baixo,0
2403400,Equador,RN,20.52,27.64,0.238,baixo,0
1600105,Amapá,AP,31.2,38.23,0.238,baixo,1
3159902,Santo Antônio do Amparo,MG,83.75,80.0,0.238,baixo,0
3112703,Capitão Enéas,MG,61.87,64.86,0.238,baixo,1
5221858,Valparaíso de Goiás,GO,56.69,60.56,0.238,baixo,0
2601052,Araçoiaba,PE,45.71,51.26,0.237,baixo,0
3203007,Iúna,ES,71.93,73.2,0.237,baixo,1
3139805,Mar de Espanha,MG,54.82,59.0,0.237,baixo,1
3124302,Espinosa,MG,64.25,66.83,0.237,baixo,1
5204904,Campos Belos,GO,65.21,67.62,0.236,baixo,0
3169356,Três Marias,MG,68.34,70.22,0.236,baixo,0
3515202,Estrela d'Oeste,SP,53.96,58.28,0.236,baixo,0
3200409,Anchieta,ES,81.82,80.0,0.236,baixo,0
3124708,Estrela do Indaiá,MG,100.0,80.0,0.236,baixo,0
3111606,Campos Gerais,MG,65.56,67.91,0.236,baixo,0
3119807,Córrego Danta,MG,84.09,80.0,0.236,baixo,1
3116704,Coimbra,MG,76.92,77.38,0.236,baixo,0
5205471,Chapadão do Céu,GO,80.04,80.0,0.235,baixo,0
3143104,Monte Carmelo,MG,63.64,66.33,0.235,baixo,0
2512036,Poço Dantas,PB,23.24,30.45,0.235,baixo,0
3540259,Pontalinda,SP,44.63,50.33,0.235,baixo,0
2206100,Matias Olímpio,PI,24.43,31.65,0.235,baixo,0
5208905,Goiás,GO,67.46,69.49,0.235,baixo,0
3111309,Campo do Meio,MG,67.54,69.55,0.235,baixo,0
5218706,Rianápolis,GO,76.56,77.08,0.235,baixo,0
3114204,Carmo do Cajuru,MG,67.21,69.28,0.235,baixo,0
5218391,Professor Jamil,GO,81.62,80.0,0.234,baixo,1
2805208,Pinhão,SE,16.22,22.98,0.234,baixo,0
3148202,Patrocínio do Muriaé,MG,72.64,73.79,0.233,baixo,0
3151503,Piumhi,MG,57.27,61.04,0.233,baixo,0
3170404,Unaí,MG,56.42,60.33,0.233,baixo,1
3521101,Ipeúna,SP,44.03,49.81,0.233,baixo,0
5007208,Rio Brilhante,MS,40.18,46.43,0.233,baixo,0
3164407,São Sebastião da Bela Vista,MG,66.97,69.08,0.232,baixo,0
2111763,Senador La Rocque,MA,32.24,39.21,0.232,baixo,0
2207900,Pedro II,PI,25.09,32.31,0.232,baixo,0
3139102,Madre de Deus de Minas,MG,69.45,71.14,0.232,baixo,1
5215009,Nova Veneza,GO,86.43,80.0,0.232,baixo,1
3130556,Imbé de Minas,MG,65.59,67.94,0.232,baixo,0
3103900,Araújos,MG,74.0,74.92,0.232,baixo,0
3116407,Claraval,MG,74.97,75.74,0.232,baixo,0
2102309,Buriti Bravo,MA,31.4,38.42,0.231,baixo,0
3549250,São João de Iracema,SP,44.0,49.78,0.231,baixo,1
5222005,Vianópolis,GO,89.04,80.0,0.231,baixo,0
3205002,Serra,ES,59.07,62.54,0.231,baixo,1
3554656,Torre de Pedra,SP,33.33,40.22,0.23,baixo,1
5208004,Formosa,GO,63.28,66.03,0.23,baixo,1
3136108,Joanésia,MG,95.06,80.0,0.23,baixo,0
5219100,Santa Bárbara de Goiás,GO,78.28,78.53,0.23,baixo,0
2106706,Mirador,MA,35.01,41.77,0.23,baixo,0
5107776,Santa Terezinha,MT,39.81,46.1,0.23,baixo,1
2608750,Lagoa Grande,PE,54.74,58.93,0.23,baixo,0
3204559,Santa Maria de Jetibá,ES,85.82,80.0,0.23,baixo,1
2101905,Bequimão,MA,33.01,39.93,0.23,baixo,0
3139409,Manhuaçu,MG,48.41,53.58,0.23,baixo,0
2203800,Flores do Piauí,PI,46.83,52.23,0.23,baixo,1
2211100,União,PI,26.82,34.02,0.23,baixo,0
1703909,Caseara,TO,17.04,23.89,0.229,baixo,0
2311355,Quixelô,CE,79.3,79.4,0.229,baixo,0
5212253,Lagoa Santa,GO,80.95,80.0,0.229,baixo,1
2206308,Miguel Leão,PI,47.32,52.65,0.229,baixo,0
3168606,Teófilo Otoni,MG,50.75,55.57,0.229,baixo,0
3168309,Taquaraçu de Minas,MG,66.07,68.34,0.229,baixo,0
3144904,Nova Módica,MG,83.33,80.0,0.228,baixo,0
3145109,Nova Resende,MG,69.3,71.01,0.228,baixo,0
5105002,Jauru,MT,46.7,52.12,0.228,baixo,0
3148608,Peçanha,MG,64.65,67.16,0.228,baixo,1
3159803,Santa Vitória,MG,70.78,72.24,0.228,baixo,1
3166709,Serra dos Aimorés,MG,51.8,56.46,0.228,baixo,0
3152006,Pompéu,MG,65.2,67.62,0.228,baixo,1
3549607,São José do Barreiro,SP,37.89,44.38,0.227,baixo,0
3522901,Itapuí,SP,35.02,41.78,0.227,baixo,0
3117801,Conceição dos Ouros,MG,61.94,64.92,0.227,baixo,0
3110707,Cambuquira,MG,69.29,71.0,0.227,baixo,0
2307700,Maranguape,CE,79.76,79.79,0.227,baixo,0
3101102,Aimorés,MG,48.78,53.9,0.227,baixo,0
3104304,Areado,MG,70.75,72.21,0.226,baixo,0
2507002,Itaporanga,PB,17.96,24.9,0.226,baixo,0
3121001,Datas,MG,80.04,80.0,0.226,baixo,0
3170701,Varginha,MG,50.68,55.51,0.226,baixo,0
3127388,Goianá,MG,75.0,75.76,0.225,baixo,0
3160108,Santo Antônio do Grama,MG,82.71,80.0,0.225,baixo,0
5217203,Piranhas,GO,78.1,78.38,0.225,baixo,1
3148806,Pedra do Anta,MG,85.38,80.0,0.225,baixo,0
4110656,Iracema do Oeste,PR,92.86,80.0,0.225,baixo,0
5006358,Paranhos,MS,44.89,50.56,0.225,baixo,0
2511608,Pilões,PB,41.76,47.82,0.224,baixo,0
3122207,Divinolândia de Minas,MG,67.53,69.54,0.224,baixo,0
3138658,Lontra,MG,64.02,66.64,0.224,baixo,0
3512902,Cosmorama,SP,94.57,80.0,0.224,baixo,1
3201100,Bom Jesus do Norte,ES,67.14,69.22,0.224,baixo,1
2604304,Cedro,PE,46.94,52.32,0.224,baixo,0
3163706,São Lourenço,MG,64.13,66.73,0.224,baixo,0
3157336,Santa Cruz de Minas,MG,63.86,66.51,0.224,baixo,1
3114006,Carmo da Mata,MG,79.05,79.19,0.224,baixo,1
5220207,São Miguel do Araguaia,GO,86.66,80.0,0.224,baixo,0
5002951,Chapadão do Sul,MS,43.31,49.18,0.223,baixo,0
3146255,Padre Carvalho,MG,47.09,52.45,0.223,baixo,0
2205102,Itaueira,PI,25.15,32.37,0.223,baixo,0
2308302,Milagres,CE,75.28,76.0,0.223,baixo,0
2608453,Lagoa do Carro,PE,48.37,53.55,0.223,baixo,0
3162955,São José da Lapa,MG,62.41,65.31,0.223,baixo,0
3123601,Elói Mendes,MG,57.91,61.57,0.223,baixo,0
5003488,Dois Irmãos do Buriti,MS,38.16,44.63,0.222,baixo,1
4126702,Tamboara,PR,47.6,52.89,0.222,baixo,1
4106100,Conselheiro Mairinck,PR,51.52,56.22,0.222,baixo,0
3171154,Vermelho Novo,MG,73.55,74.55,0.222,baixo,0
5213509,Monte Alegre de Goiás,GO,73.88,74.82,0.221,baixo,0
5221452,Trombas,GO,90.94,80.0,0.221,baixo,0
3143450,Montezuma,MG,54.21,58.49,0.221,baixo,0
3117009,Comercinho,MG,58.27,61.87,0.221,baixo,0
5101852,Bom Jesus do Araguaia,MT,31.32,38.34,0.221,baixo,0
3136553,José Raydan,MG,79.09,79.22,0.221,baixo,1
5106422,Peixoto de Azevedo,MT,36.06,42.73,0.221,baixo,1
4101655,Arapuã,PR,54.39,58.64,0.221,baixo,0
5004403,Inocência,MS,33.64,40.51,0.221,baixo,0
1718865,Santa Fé do Araguaia,TO,16.67,23.48,0.22,baixo,0
3169406,Três Pontas,MG,61.16,64.27,0.22,baixo,0
3103108,Antônio Prado de Minas,MG,78.57,78.78,0.22,baixo,0
5107008,Poxoréu,MT,47.11,52.47,0.22,baixo,1
5000856,Angélica,MS,92.96,80.0,0.219,baixo,0
5204508,Caldas Novas,GO,58.83,62.34,0.219,baixo,0
2108702,Pio XII,MA,24.85,32.07,0.219,baixo,0
5208103,Formoso,GO,70.81,72.26,0.219,baixo,0
5218508,Quirinópolis,GO,66.97,69.08,0.219,baixo,0
3150505,Pimenta,MG,72.81,73.93,0.219,baixo,0
3110608,Cambuí,MG,65.17,67.59,0.218,baixo,0
3130101,Igarapé,MG,51.87,56.52,0.218,baixo,0
2414704,Várzea,RN,17.25,24.12,0.218,baixo,0
2308401,Missão Velha,CE,74.75,75.55,0.218,baixo,0
3148707,Pedra Azul,MG,57.01,60.83,0.218,baixo,1
3118007,Congonhas,MG,56.15,60.11,0.218,baixo,0
5106182,Nova Lacerda,MT,55.17,59.29,0.218,baixo,0
5210307,Israelândia,GO,88.14,80.0,0.218,baixo,0
3110509,Camanducaia,MG,54.64,58.85,0.217,baixo,1
3515608,Fernando Prestes,SP,97.93,80.0,0.217,baixo,0
5209101,Goiatuba,GO,68.19,70.09,0.217,baixo,0
3152709,Prados,MG,73.21,74.26,0.217,baixo,0
5204250,Cachoeira Dourada,GO,72.51,73.68,0.217,baixo,0
2112001,Tasso Fragoso,MA,45.1,50.74,0.216,baixo,0
5214903,Nova Roma,GO,61.29,64.38,0.216,baixo,0
3162948,São José da Barra,MG,85.61,80.0,0.216,baixo,1
3159704,Santa Rosa da Serra,MG,72.97,74.06,0.216,baixo,0
3171204,Vespasiano,MG,54.07,58.37,0.216,baixo,0
5219258,Santa Fé de Goiás,GO,76.89,77.35,0.216,baixo,0
4205308,Faxinal dos Guedes,SC,52.68,57.2,0.216,baixo,0
3133402,Itapagipe,MG,63.86,66.51,0.215,baixo,0
5209903,Iaciara,GO,64.01,66.63,0.215,baixo,1
3115102,Cássia,MG,70.66,72.14,0.215,baixo,0
5204607,Campestre de Goiás,GO,79.35,79.44,0.215,baixo,0
1704105,Centenário,TO,23.33,30.54,0.215,baixo,0
3165701,Senador Firmino,MG,66.34,68.56,0.215,baixo,0
1304260,Uarini,AM,13.39,19.75,0.214,baixo,1
5220686,Simolândia,GO,86.31,80.0,0.214,baixo,1
5220264,São Miguel do Passa Quatro,GO,81.95,80.0,0.214,baixo,1
2300903,Apuiarés,CE,80.8,80.0,0.214,baixo,1
2404705,Ipanguaçu,RN,13.69,20.1,0.214,baixo,0
5200852,Americano do Brasil,GO,74.3,75.18,0.214,baixo,0
3101607,Alfenas,MG,59.05,62.52,0.213,baixo,0
5204706,Campinorte,GO,73.78,74.74,0.212,baixo,0
3168705,Timóteo,MG,55.91,59.91,0.212,baixo,0
3142601,Monsenhor Paulo,MG,62.69,65.54,0.212,baixo,0
3145901,Ouro Branco,MG,65.37,67.76,0.212,baixo,0
3513850,Dirce Reis,SP,46.67,52.09,0.212,baixo,0
3150000,Pescador,MG,88.06,80.0,0.212,baixo,1
2304954,Guaiúba,CE,72.74,73.87,0.211,baixo,0
5000708,Anastácio,MS,27.37,34.56,0.211,baixo,0
2209971,São João do Arraial,PI,33.59,40.46,0.211,baixo,0
1712454,Luzinópolis,TO,25.0,32.22,0.211,baixo,0
1711951,Lagoa do Tocantins,TO,20.75,27.88,0.211,baixo,1
3159209,Santa Rita de Caldas,MG,86.83,80.0,0.211,baixo,0
3122405,Divisa Nova,MG,64.28,66.86,0.211,baixo,0
3115359,Catas Altas,MG,67.35,69.4,0.211,baixo,0
3151107,Pirapetinga,MG,62.67,65.52,0.211,baixo,0
3168903,Tiros,MG,59.26,62.7,0.211,baixo,0
3160959,São Domingos das Dores,MG,90.7,80.0,0.21,baixo,0
2614857,Tamandaré,PE,44.9,50.56,0.21,baixo,0
3145000,Nova Ponte,MG,72.34,73.54,0.21,baixo,0
3120201,Cristais,MG,67.27,69.33,0.209,baixo,0
1700301,Aguiarnópolis,TO,25.2,32.42,0.209,baixo,0
3169000,Tocantins,MG,58.37,61.96,0.209,baixo,0
3121100,Delfim Moreira,MG,63.46,66.18,0.209,baixo,0
3152204,Porteirinha,MG,63.54,66.24,0.209,baixo,0
3202207,Fundão,ES,61.33,64.41,0.209,baixo,1
5107354,São José do Xingu,MT,51.3,56.04,0.209,baixo,1
2508109,Lagoa,PB,25.0,32.22,0.208,baixo,0
3130200,Igaratinga,MG,68.89,70.67,0.208,baixo,0
3171501,Mathias Lobato,MG,51.56,56.26,0.208,baixo,0
3115474,Catuti,MG,61.25,64.35,0.208,baixo,0
3161403,São Francisco do Glória,MG,59.41,62.82,0.208,baixo,0
3508900,Caiabu,SP,44.44,50.17,0.208,baixo,0
5206206,Cristalina,GO,67.92,69.87,0.208,baixo,1
5007109,Ribas do Rio Pardo,MS,34.35,41.16,0.208,baixo,0
3139003,Machado,MG,59.94,63.26,0.208,baixo,0
5222054,Vicentinópolis,GO,78.24,78.5,0.207,baixo,0
2514107,São João do Tigre,PB,36.73,43.34,0.207,baixo,0
5103437,Curvelândia,MT,33.24,40.14,0.207,baixo,0
3204054,Pedro Canário,ES,69.28,70.99,0.207,baixo,0
2612406,Sanharó,PE,41.8,47.86,0.207,baixo,0
5219738,Santo Antônio de Goiás,GO,91.99,80.0,0.207,baixo,0
2301901,Barbalha,CE,85.38,80.0,0.207,baixo,0
2302107,Baturité,CE,77.86,78.18,0.206,baixo,0
3200706,Atílio Vivácqua,ES,74.57,75.4,0.206,baixo,0
3503000,Aramina,SP,43.28,49.16,0.206,baixo,0
3161056,São Félix de Minas,MG,68.09,70.01,0.206,baixo,1
2805901,Riachuelo,SE,11.32,17.27,0.206,baixo,0
3129400,Ibertioga,MG,89.43,80.0,0.206,baixo,0
3107802,Bom Jesus do Galho,MG,93.18,80.0,0.206,baixo,1
2307650,Maracanaú,CE,82.4,80.0,0.206,baixo,0
3119401,Coronel Fabriciano,MG,47.39,52.71,0.205,baixo,0
3166907,Serrania,MG,63.81,66.47,0.205,baixo,0
3146503,Pains,MG,67.53,69.54,0.205,baixo,0
3159001,Santana do Riacho,MG,60.89,64.05,0.205,baixo,0
3158904,Santana do Manhuaçu,MG,90.59,80.0,0.205,baixo,1
5209705,Hidrolândia,GO,68.97,70.74,0.205,baixo,1
3118106,Congonhas do Norte,MG,91.99,80.0,0.205,baixo,1
1718550,Riachinho,TO,21.31,28.46,0.205,baixo,0
3106655,Berizal,MG,68.3,70.18,0.204,baixo,0
2303709,Caucaia,CE,67.04,69.14,0.204,baixo,1
2106672,Milagres do Maranhão,MA,100.0,80.0,0.204,baixo,0
3165560,Sem-Peixe,MG,76.47,77.0,0.204,baixo,0
3146008,Ouro Fino,MG,63.84,66.49,0.204,baixo,0
3507407,Borborema,SP,93.18,80.0,0.204,baixo,1
5214705,Nova América,GO,89.9,80.0,0.204,baixo,0
2206654,Morro Cabeça no Tempo,PI,23.7,30.91,0.203,baixo,1
3203700,Muniz Freire,ES,88.17,80.0,0.203,baixo,0
2203750,Fartura do Piauí,PI,36.65,43.27,0.203,baixo,0
3535903,Paranapuã,SP,32.42,39.38,0.203,baixo,0
3557154,Zacarias,SP,38.33,44.78,0.203,baixo,0
3103801,Arapuá,MG,84.21,80.0,0.203,baixo,0
5218052,Porteirão,GO,83.88,80.0,0.202,baixo,1
3113404,Caratinga,MG,50.26,55.16,0.202,baixo,0
2202091,Caldeirão Grande do Piauí,PI,100.0,80.0,0.202,baixo,0
2209658,São Francisco de Assis do Piauí,PI,33.64,40.51,0.202,baixo,1
1712702,Mateiros,TO,27.59,34.77,0.202,baixo,1
5217401,Pires do Rio,GO,67.36,69.4,0.202,baixo,0
5215306,Orizona,GO,86.48,80.0,0.202,baixo,1
3107000,Biquinhas,MG,88.0,80.0,0.201,baixo,1
3202652,Irupi,ES,67.41,69.44,0.201,baixo,0
2106102,Loreto,MA,38.8,45.2,0.201,baixo,0
5102686,Campos de Júlio,MT,48.17,53.38,0.201,baixo,0
3122801,Dom Viçoso,MG,94.28,80.0,0.201,baixo,0
5207352,Edealina,GO,76.65,77.15,0.201,baixo,0
5100102,Acorizal,MT,38.04,44.52,0.201,baixo,1
3170305,Umburatiba,MG,63.7,66.38,0.201,baixo,1
5107859,São Félix do Araguaia,MT,34.84,41.62,0.201,baixo,1
2603207,Caetés,PE,45.78,51.32,0.2,baixo,0
5216007,Panamá,GO,75.33,76.04,0.2,baixo,0
3145208,Nova Serrana,MG,54.95,59.11,0.2,baixo,0
3147709,Passa Tempo,MG,80.61,80.0,0.2,baixo,1
2102150,Brejo de Areia,MA,33.25,40.15,0.2,baixo,0
3203163,Laranja da Terra,ES,87.53,80.0,0.2,baixo,0
2803104,Itabi,SE,19.35,26.4,0.2,baixo,0
2313401,Tianguá,CE,84.36,80.0,0.2,baixo,0
3161106,São Francisco,MG,46.23,51.71,0.199,baixo,0
2610806,Pedra,PE,47.04,52.41,0.199,baixo,0
3169109,Toledo,MG,63.11,65.89,0.199,baixo,0
5221502,Turvânia,GO,72.58,73.74,0.199,baixo,0
5108204,Torixoréu,MT,95.14,80.0,0.199,baixo,0
3158300,Santana da Vargem,MG,64.87,67.34,0.199,baixo,0
2807303,Telha,SE,17.39,24.28,0.199,baixo,0
3200201,Alegre,ES,66.87,69.0,0.198,baixo,0
3113503,Carbonita,MG,64.55,67.08,0.198,baixo,0
3104106,Arceburgo,MG,86.77,80.0,0.198,baixo,0
3161007,São Domingos do Prata,MG,69.05,70.8,0.198,baixo,0
5220603,Silvânia,GO,86.01,80.0,0.198,baixo,0
5103353,Confresa,MT,35.6,42.31,0.198,baixo,0
3301157,Cardoso Moreira,RJ,31.94,38.93,0.198,baixo,1
2300754,Amontada,CE,83.0,80.0,0.198,baixo,0
2206670,Morro do Chapéu do Piauí,PI,28.84,35.98,0.198,baixo,0
5214507,Nerópolis,GO,68.08,70.0,0.198,baixo,0
2111722,Satubinha,MA,100.0,80.0,0.198,baixo,1
5001904,Bataguassu,MS,37.66,44.18,0.198,baixo,0
4116307,Munhoz de Melo,PR,53.23,57.66,0.198,baixo,0
3131703,Itabira,MG,57.17,60.96,0.197,baixo,0
3138906,Machacalis,MG,62.01,64.98,0.197,baixo,0
3145372,Novorizonte,MG,68.05,69.97,0.197,baixo,0
3128709,Guaxupé,MG,53.45,57.85,0.197,baixo,0
4204194,Chapadão do Lageado,SC,52.44,57.0,0.196,baixo,0
5215207,Novo Brasil,GO,84.09,80.0,0.196,baixo,1
5222302,Vila Propício,GO,74.44,75.29,0.196,baixo,0
3203403,Mimoso do Sul,ES,68.04,69.97,0.196,baixo,1
5201207,Anhanguera,GO,80.0,80.0,0.196,baixo,0
5003256,Costa Rica,MS,38.85,45.24,0.196,baixo,0
5201702,Aragarças,GO,63.56,66.26,0.196,baixo,0
3170800,Várzea da Palma,MG,61.71,64.73,0.196,baixo,0
3546256,Santa Cruz da Esperança,SP,45.93,51.45,0.196,baixo,1
3109907,Caetanópolis,MG,55.11,59.24,0.196,baixo,0
2308708,Morada Nova,CE,71.96,73.22,0.196,baixo,0
5203807,Britânia,GO,82.04,80.0,0.196,baixo,0
3145505,Olímpio Noronha,MG,62.27,65.19,0.196,baixo,0
3150604,Piracema,MG,66.97,69.08,0.196,baixo,0
3135308,Japaraíba,MG,71.03,72.45,0.196,baixo,0
5212907,Marzagão,GO,92.15,80.0,0.196,baixo,0
2706109,Ouro Branco,AL,20.41,27.52,0.195,baixo,0
3111507,Campos Altos,MG,58.27,61.87,0.195,baixo,0
3128907,Guimarânia,MG,60.59,63.8,0.195,baixo,0
2415008,Vila Flor,RN,19.38,26.43,0.195,baixo,0
5205703,Córrego do Ouro,GO,77.4,77.79,0.195,baixo,0
1721257,Tupirama,TO,36.36,43.0,0.195,baixo,0
5106455,Planalto da Serra,MT,58.62,62.17,0.195,baixo,0
3133006,Itamonte,MG,57.59,61.31,0.194,baixo,0
3167905,Tabuleiro,MG,80.53,80.0,0.194,baixo,1
1722107,Xambioá,TO,22.0,29.18,0.194,baixo,0
3166808,Serra do Salitre,MG,59.88,63.21,0.194,baixo,0
3101300,Alagoa,MG,67.0,69.11,0.194,baixo,0
2301703,Aurora,CE,72.85,73.96,0.194,baixo,1
3145877,Orizânia,MG,62.75,65.59,0.194,baixo,0
5107198,Ribeirãozinho,MT,48.96,54.05,0.194,baixo,1
2603603,Camutanga,PE,56.1,60.07,0.194,baixo,0
3160900,São Brás do Suaçuí,MG,68.37,70.24,0.193,baixo,0
5220108,São Luís de Montes Belos,GO,66.51,68.7,0.193,baixo,0
3114709,Carvalhópolis,MG,76.96,77.41,0.193,baixo,0
5211701,Jandaia,GO,77.19,77.61,0.193,baixo,0
3125804,Fernandes Tourinho,MG,63.45,66.17,0.193,baixo,1
5218102,Portelândia,GO,71.68,72.99,0.193,baixo,0
3536901,Pedranópolis,SP,39.13,45.5,0.193,baixo,0
2203255,Curralinhos,PI,32.63,39.57,0.193,baixo,1
2609808,Orocó,PE,45.91,51.44,0.192,baixo,1
2305506,Iguatu,CE,56.55,60.44,0.192,baixo,0
2608255,Jucati,PE,44.05,49.83,0.192,baixo,0
3101805,Alpercata,MG,46.13,51.63,0.192,baixo,0
3139904,Maria da Fé,MG,60.99,64.13,0.192,baixo,0
3534203,Orindiúva,SP,43.55,49.39,0.192,baixo,1
3108008,Bom Sucesso,MG,67.28,69.34,0.192,baixo,0
3112307,Capelinha,MG,56.35,60.28,0.191,baixo,0
3127354,Glaucilândia,MG,57.14,60.93,0.191,baixo,0
3102704,Cachoeira de Pajeú,MG,60.31,63.57,0.191,baixo,0
4121000,Querência do Norte,PR,45.28,50.89,0.191,baixo,1
5211909,Jataí,GO,64.01,66.63,0.191,baixo,0
2310308,Parambu,CE,83.15,80.0,0.191,baixo,0
3100401,Acaiaca,MG,87.39,80.0,0.191,baixo,1
5006408,Pedro Gomes,MS,33.66,40.53,0.19,baixo,0
3132503,Itamarandiba,MG,59.11,62.57,0.19,baixo,0
2507606,Juarez Távora,PB,28.86,36.0,0.19,baixo,1
5212808,Mara Rosa,GO,69.6,71.26,0.19,baixo,0
2703601,Japaratinga,AL,23.07,30.27,0.19,baixo,1
3202256,Governador Lindenberg,ES,64.12,66.72,0.189,baixo,0
5106000,Nortelândia,MT,47.48,52.79,0.189,baixo,0
2111532,São Pedro da Água Branca,MA,32.95,39.87,0.189,baixo,0
2412807,São Rafael,RN,19.8,26.88,0.189,baixo,1
3109105,Bueno Brandão,MG,63.01,65.8,0.189,baixo,0
2300150,Acarape,CE,78.14,78.41,0.189,baixo,0
2307205,Jati,CE,74.37,75.23,0.189,baixo,0
5005202,Ladário,MS,25.17,32.39,0.188,baixo,0
5218607,Rialma,GO,68.21,70.11,0.188,baixo,0
2302008,Barro,CE,67.84,69.8,0.188,baixo,1
5214838,Nova Crixás,GO,64.36,66.92,0.188,baixo,0
5215231,Novo Gama,GO,52.29,56.87,0.188,baixo,0
5006309,Paranaíba,MS,30.65,37.71,0.188,baixo,0
3158201,Santa Maria do Suaçuí,MG,61.58,64.62,0.188,baixo,0
5201603,Araçu,GO,77.27,77.68,0.188,baixo,0
3162104,São Gotardo,MG,53.04,57.5,0.187,baixo,0
2102754,Capinzal do Norte,MA,35.67,42.37,0.187,baixo,0
3166204,Senhora dos Remédios,MG,100.0,80.0,0.187,baixo,1
3116803,Coluna,MG,64.06,66.67,0.187,baixo,0
3119708,Coronel Xavier Chaves,MG,72.49,73.66,0.187,baixo,0
4213302,Ponte Alta,SC,40.98,47.14,0.187,baixo,0
3134400,Iturama,MG,55.84,59.85,0.187,baixo,0
3132701,Itambacuri,MG,51.6,56.29,0.187,baixo,0
5004304,Iguatemi,MS,38.28,44.73,0.186,baixo,0
5219357,Santa Isabel,GO,79.49,79.56,0.186,baixo,1
3110301,Caldas,MG,51.38,56.1,0.186,baixo,0
5219209,Santa Cruz de Goiás,GO,72.59,73.75,0.186,baixo,0
3148756,Pedra Bonita,MG,61.37,64.45,0.186,baixo,0
5100409,Alto Garças,MT,40.74,46.93,0.185,baixo,0
3109709,Cachoeira de Minas,MG,61.69,64.71,0.185,baixo,0
3106804,Bias Fortes,MG,68.75,70.55,0.185,baixo,0
3110806,Campanário,MG,61.46,64.52,0.185,baixo,1
3154200,Resende Costa,MG,57.85,61.52,0.185,baixo,0
3140704,Mateus Leme,MG,56.77,60.63,0.185,baixo,0
3554755,Trabiju,SP,100.0,80.0,0.185,baixo,1
2505204,Cuitegi,PB,29.25,36.38,0.185,baixo,1
3126901,Frei Inocêncio,MG,53.11,57.56,0.185,baixo,0
5103361,Conquista D'Oeste,MT,40.85,47.02,0.185,baixo,0
5207253,Doverlândia,GO,78.21,78.47,0.185,baixo,0
3113008,Caraí,MG,42.04,48.07,0.185,baixo,0
5216304,Paranaiguara,GO,85.71,80.0,0.184,baixo,0
3106606,Bertópolis,MG,59.47,62.87,0.184,baixo,0
3165107,São Tomás de Aquino,MG,68.13,70.04,0.184,baixo,0
3112901,Caputira,MG,59.39,62.8,0.183,baixo,0
3200136,Águia Branca,ES,92.32,80.0,0.183,baixo,0
3122702,Dom Silvério,MG,66.83,68.96,0.183,baixo,0
3140001,Mariana,MG,53.77,58.12,0.183,baixo,0
3124401,Espírito Santo do Dourado,MG,66.49,68.68,0.183,baixo,1
3140209,Maripá de Minas,MG,65.47,67.84,0.183,baixo,1
5204854,Campo Limpo de Goiás,GO,86.91,80.0,0.183,baixo,0
3166402,Seritinga,MG,64.0,66.62,0.183,baixo,0
5200605,Alto Paraíso de Goiás,GO,82.88,80.0,0.183,baixo,1
3151206,Pirapora,MG,49.51,54.52,0.183,baixo,0
3124906,Eugenópolis,MG,56.5,60.4,0.183,baixo,0
4107256,Douradina,PR,50.3,55.19,0.183,baixo,0
2514008,São João do Cariri,PB,29.59,36.7,0.183,baixo,0
5206602,Cumari,GO,76.19,76.76,0.182,baixo,1
3138625,Limeira do Oeste,MG,65.19,67.61,0.182,baixo,1
2201309,Barreiras do Piauí,PI,38.39,44.83,0.181,baixo,0
5222203,Vila Boa,GO,83.76,80.0,0.181,baixo,1
3147303,Paraisópolis,MG,60.77,63.95,0.181,baixo,0
2307007,Jaguaruana,CE,84.18,80.0,0.18,baixo,0
5106505,Poconé,MT,31.43,38.45,0.18,baixo,1
2206506,Monsenhor Hipólito,PI,100.0,80.0,0.18,baixo,0
3144300,Nanuque,MG,51.97,56.6,0.18,baixo,0
3102050,Alto Caparaó,MG,93.75,80.0,0.18,baixo,0
3118502,Consolação,MG,62.5,65.38,0.179,baixo,1
2308377,Miraíma,CE,86.66,80.0,0.179,baixo,0
3102605,Andradas,MG,56.29,60.22,0.179,baixo,0
5221908,Varjão,GO,97.74,80.0,0.178,baixo,0
3127503,Gonzaga,MG,66.42,68.63,0.178,baixo,0
4219358,Vitor Meireles,SC,44.55,50.26,0.178,baixo,0
5105309,Luciara,MT,37.65,44.17,0.178,baixo,0
3100104,Abadia dos Dourados,MG,61.41,64.48,0.178,baixo,0
3107109,Boa Esperança,MG,53.83,58.17,0.178,baixo,0
3114907,Casa Grande,MG,68.75,70.55,0.178,baixo,0
2313807,Uruburetama,CE,81.36,80.0,0.177,baixo,0
3529658,Mesópolis,SP,34.78,41.56,0.177,baixo,0
5209200,Guapó,GO,64.19,66.78,0.177,baixo,0
2513604,Santana dos Garrotes,PB,32.69,39.63,0.176,baixo,0
5213707,Montes Claros de Goiás,GO,66.57,68.75,0.176,baixo,0
5202353,Arenópolis,GO,91.53,80.0,0.176,baixo,0
3113701,Carlos Chagas,MG,56.45,60.36,0.176,baixo,1
5200902,Amorinópolis,GO,70.75,72.21,0.176,baixo,0
3137403,Lagoa Dourada,MG,63.91,66.55,0.176,baixo,0
2414308,Timbaúba dos Batistas,RN,20.83,27.96,0.176,baixo,0
2309607,Pacajus,CE,85.7,80.0,0.175,baixo,0
5210109,Ipameri,GO,64.1,66.71,0.175,baixo,0
3200102,Afonso Cláudio,ES,86.5,80.0,0.175,baixo,0
3131158,Ipaba,MG,62.96,65.76,0.175,baixo,0
3170750,Varjão de Minas,MG,57.22,61.0,0.175,baixo,0
3137502,Lagoa Formosa,MG,60.53,63.75,0.175,baixo,0
2609907,Ouricuri,PE,36.16,42.82,0.175,baixo,1
3161908,São Gonçalo do Rio Abaixo,MG,80.53,80.0,0.174,baixo,0
5209952,Indiara,GO,67.15,69.23,0.174,baixo,0
4212650,Pescaria Brava,SC,40.37,46.6,0.174,baixo,1
3509809,Campos Novos Paulista,SP,32.08,39.06,0.174,baixo,0
3200300,Alfredo Chaves,ES,74.51,75.35,0.174,baixo,0
2210938,Sussuapara,PI,27.08,34.28,0.173,baixo,0
4216503,São Joaquim,SC,34.45,41.26,0.173,baixo,0
3100203,Abaeté,MG,52.32,56.9,0.173,baixo,0
3134905,Jacutinga,MG,59.84,63.18,0.173,baixo,0
2300101,Abaiara,CE,88.3,80.0,0.173,baixo,0
3154903,Rio Casca,MG,59.63,63.0,0.173,baixo,1
3158102,Santa Maria do Salto,MG,47.31,52.64,0.173,baixo,0
3127404,Gonçalves,MG,62.15,65.09,0.173,baixo,0
3119203,Coroaci,MG,56.22,60.17,0.173,baixo,0
2308104,Mauriti,CE,84.73,80.0,0.173,baixo,0
5206305,Cristianópolis,GO,88.62,80.0,0.173,baixo,0
5104609,Itiquira,MT,42.56,48.53,0.172,baixo,0
3515806,Flora Rica,SP,30.0,37.09,0.172,baixo,1
3102001,Alterosa,MG,61.55,64.6,0.172,baixo,0
5006259,Novo Horizonte do Sul,MS,47.37,52.69,0.172,baixo,0
3170529,Urucuia,MG,56.93,60.76,0.172,baixo,0
3152808,Prata,MG,55.38,59.46,0.171,baixo,1
2307106,Jardim,CE,77.88,78.19,0.171,baixo,1
2303501,Cascavel,CE,87.56,80.0,0.171,baixo,0
3170909,Varzelândia,MG,46.77,52.18,0.171,baixo,0
3149804,Perdizes,MG,67.9,69.85,0.171,baixo,0
2612901,São Benedito do Sul,PE,34.56,41.36,0.171,baixo,0
5205901,Corumbaíba,GO,71.44,72.79,0.171,baixo,0
3131901,Itabirito,MG,59.98,63.29,0.171,baixo,0
3133303,Itaobim,MG,49.69,54.67,0.171,baixo,1
3203304,Mantenópolis,ES,91.73,80.0,0.171,baixo,0
2313757,Umirim,CE,67.93,69.88,0.171,baixo,0
5200258,Águas Lindas de Goiás,GO,48.9,54.0,0.17,baixo,1
2306900,Jaguaribe,CE,85.97,80.0,0.17,baixo,0
3116605,Cláudio,MG,61.05,64.18,0.17,baixo,0
3114600,Carrancas,MG,70.36,71.89,0.17,baixo,0
5206404,Crixás,GO,66.73,68.88,0.17,baixo,0
5215603,Padre Bernardo,GO,58.23,61.84,0.17,baixo,0
3134004,Itinga,MG,52.26,56.85,0.169,baixo,0
3170602,Vargem Bonita,MG,58.82,62.33,0.169,baixo,0
2302701,Campos Sales,CE,84.18,80.0,0.169,baixo,0
2300309,Acopiara,CE,62.63,65.49,0.169,baixo,1
5215702,Palmeiras de Goiás,GO,67.97,69.91,0.169,baixo,0
5207907,Flores de Goiás,GO,66.75,68.9,0.169,baixo,1
5004908,Jaraguari,MS,38.46,44.9,0.169,baixo,0
1718881,Santa Maria do Tocantins,TO,24.56,31.78,0.169,baixo,0
3165552,Setubinha,MG,48.72,53.85,0.169,baixo,0
3170107,Uberaba,MG,45.77,51.32,0.169,baixo,0
3165305,São Vicente de Minas,MG,60.1,63.39,0.168,baixo,0
3150703,Pirajuba,MG,63.4,66.13,0.168,baixo,0
2311900,Saboeiro,CE,75.38,76.08,0.168,baixo,0
3152131,Ponto Chique,MG,61.32,64.41,0.168,baixo,0
2201903,Bom Jesus,PI,99.08,80.0,0.168,baixo,0
3127305,Galiléia,MG,47.26,52.6,0.168,baixo,0
2313302,Tauá,CE,87.18,80.0,0.168,baixo,0
3140100,Marilac,MG,63.09,65.87,0.167,baixo,1
3128105,Guapé,MG,58.55,62.11,0.167,baixo,0
3146552,Pai Pedro,MG,62.52,65.4,0.167,baixo,0
3149606,Pequi,MG,64.18,66.77,0.167,baixo,0
3200359,Alto Rio Novo,ES,64.65,67.16,0.167,baixo,0
2307502,Lavras da Mangabeira,CE,75.38,76.08,0.166,baixo,1
2517209,Vieirópolis,PB,28.19,35.36,0.166,baixo,0
3144706,Nova Era,MG,60.32,63.58,0.166,baixo,0
3155009,Rio Doce,MG,87.87,80.0,0.166,baixo,0
2301307,Araripe,CE,75.5,76.18,0.166,baixo,0
5202809,Avelinópolis,GO,71.44,72.79,0.166,baixo,0
3132909,Itamogi,MG,61.13,64.25,0.166,baixo,0
3164902,São Sebastião do Rio Verde,MG,68.42,70.28,0.166,baixo,0
3134301,Itumirim,MG,59.21,62.66,0.166,baixo,0
2502102,Boa Ventura,PB,28.58,35.73,0.166,baixo,0
3164803,São Sebastião do Rio Preto,MG,66.67,68.83,0.166,baixo,0
1713957,Muricilândia,TO,17.89,24.82,0.166,baixo,0
4215687,Santa Terezinha do Progresso,SC,54.12,58.41,0.165,baixo,0
1718451,Pugmil,TO,20.72,27.85,0.165,baixo,0
3106002,Bela Vista de Minas,MG,63.8,66.46,0.165,baixo,0
3149952,Periquito,MG,45.31,50.92,0.165,baixo,1
3135902,Jesuânia,MG,62.05,65.01,0.165,baixo,0
3141207,Matutina,MG,91.3,80.0,0.165,baixo,0
3157708,Santa Juliana,MG,62.9,65.71,0.165,baixo,1
5214879,Nova Iguaçu de Goiás,GO,92.68,80.0,0.165,baixo,0
3512704,Corumbataí,SP,43.63,49.46,0.164,baixo,0
2204402,Gilbués,PI,31.29,38.32,0.164,baixo,0
2501575,Barra de Santana,PB,28.04,35.21,0.164,baixo,0
3141702,Mesquita,MG,53.17,57.61,0.164,baixo,0
3115201,Conceição da Barra de Minas,MG,68.75,70.55,0.164,baixo,1
5213806,Morrinhos,GO,62.28,65.2,0.164,baixo,0
3147956,Patis,MG,76.92,77.38,0.164,baixo,0
3140308,Marliéria,MG,61.76,64.77,0.163,baixo,0
5205497,Cidade Ocidental,GO,51.3,56.04,0.163,baixo,0
3146909,Papagaios,MG,47.1,52.46,0.163,baixo,0
3202553,Ibitirama,ES,73.91,74.85,0.163,baixo,0
3166956,Serranópolis de Minas,MG,95.35,80.0,0.163,baixo,0
3163102,São José da Varginha,MG,55.14,59.26,0.163,baixo,0
3120839,Cuparaque,MG,98.0,80.0,0.163,baixo,1
3108404,Botelhos,MG,65.49,67.86,0.163,baixo,0
3158805,Santana do Jacaré,MG,76.26,76.82,0.162,baixo,0
3102852,Angelândia,MG,59.72,63.08,0.162,baixo,0
5204003,Cabeceiras,GO,69.66,71.31,0.162,baixo,0
3124005,Ervália,MG,54.48,58.71,0.161,baixo,0
3153806,Queluzito,MG,61.54,64.59,0.161,baixo,0
3150158,Piedade de Caratinga,MG,52.84,57.33,0.161,baixo,0
2707008,Pindoba,AL,29.05,36.18,0.161,baixo,0
2614303,Moreilândia,PE,44.18,49.94,0.161,baixo,0
3156106,Ritápolis,MG,64.3,66.87,0.161,baixo,0
5203559,Bonfinópolis,GO,58.03,61.67,0.16,baixo,0
3126752,Franciscópolis,MG,88.58,80.0,0.16,baixo,1
3159407,Santa Rita de Ibitipoca,MG,65.38,67.77,0.16,baixo,0
3129608,Ibiaí,MG,56.95,60.78,0.16,baixo,0
3115300,Cataguases,MG,36.0,42.67,0.16,baixo,0
3120151,Crisólita,MG,52.99,57.46,0.16,baixo,1
1712504,Marianópolis do Tocantins,TO,24.15,31.37,0.16,baixo,0
2201572,Belém do Piauí,PI,100.0,80.0,0.159,baixo,0
3171071,Veredinha,MG,62.13,65.08,0.159,baixo,0
3143500,Morada Nova de Minas,MG,86.32,80.0,0.159,baixo,1
2301505,Arneiroz,CE,73.64,74.62,0.159,baixo,0
3202801,Itapemirim,ES,60.92,64.07,0.159,baixo,0
3159357,Santa Rita de Minas,MG,61.31,64.4,0.159,baixo,1
3117405,Conceição de Ipanema,MG,90.0,80.0,0.159,baixo,1
3107406,Bom Despacho,MG,42.86,48.79,0.159,baixo,0
3125101,Extrema,MG,57.68,61.38,0.158,baixo,0
3113305,Carangola,MG,50.83,55.64,0.158,baixo,1
3151404,Pitangui,MG,92.14,80.0,0.158,baixo,0
5203302,Bela Vista de Goiás,GO,61.22,64.32,0.158,baixo,1
2209872,São João da Fronteira,PI,26.94,34.14,0.158,baixo,0
3146107,Ouro Preto,MG,55.48,59.55,0.158,baixo,0
3164472,São Sebastião do Anta,MG,58.19,61.81,0.158,baixo,0
3105400,Barão de Cocais,MG,58.76,62.28,0.158,baixo,0
3156205,Rochedo de Minas,MG,56.55,60.44,0.158,baixo,1
2205300,Jerumenha,PI,26.32,33.53,0.157,baixo,0
2105807,Lago do Junco,MA,100.0,80.0,0.157,baixo,0
2204907,Isaías Coelho,PI,27.85,35.03,0.156,baixo,1
3147204,Paraguaçu,MG,62.45,65.34,0.156,baixo,0
3131505,Ipuiúna,MG,52.86,57.35,0.156,baixo,0
3112109,Caparaó,MG,60.15,63.44,0.156,baixo,0
2606705,Ibirajuba,PE,39.34,45.68,0.156,baixo,0
3108909,Brazópolis,MG,50.86,55.66,0.156,baixo,0
2210623,Sebastião Barros,PI,26.0,33.21,0.155,baixo,0
3204203,Piúma,ES,62.47,65.36,0.155,baixo,0
3158003,Santa Maria de Itabira,MG,54.64,58.85,0.155,baixo,0
3117702,Conceição do Rio Verde,MG,89.94,80.0,0.155,baixo,1
3169505,Tumiritinga,MG,45.36,50.96,0.155,baixo,0
3161809,São Gonçalo do Pará,MG,61.12,64.24,0.155,baixo,0
3149200,Pedrinópolis,MG,59.7,63.06,0.155,baixo,0
3167400,Silvianópolis,MG,54.05,58.35,0.154,baixo,0
3144607,Nepomuceno,MG,53.67,58.03,0.154,baixo,0
3119955,Córrego Fundo,MG,69.55,71.22,0.154,baixo,0
3130655,Indaiabira,MG,56.13,60.09,0.154,baixo,0
3135100,Janaúba,MG,49.64,54.63,0.154,baixo,0
3107901,Bom Repouso,MG,56.55,60.44,0.153,baixo,0
5218003,Porangatu,GO,51.66,56.34,0.153,baixo,1
5215900,Palminópolis,GO,89.15,80.0,0.153,baixo,0
3157401,Santa Cruz do Escalvado,MG,54.55,58.77,0.153,baixo,0
3107505,Bom Jardim de Minas,MG,47.71,52.98,0.153,baixo,0
3130051,Icaraí de Minas,MG,53.99,58.3,0.153,baixo,0
1709005,Goiatins,TO,12.54,18.74,0.152,baixo,0
2302503,Brejo Santo,CE,93.05,80.0,0.152,baixo,0
5002605,Camapuã,MS,32.2,39.17,0.152,baixo,0
5206503,Cromínia,GO,55.88,59.88,0.152,baixo,0
1700400,Almas,TO,15.92,22.65,0.152,baixo,0
3136306,João Pinheiro,MG,60.09,63.39,0.152,baixo,0
2302909,Capistrano,CE,77.64,77.99,0.152,baixo,0
2300408,Aiuaba,CE,75.14,75.88,0.152,baixo,1
5206909,Davinópolis,GO,87.08,80.0,0.151,baixo,0
2301851,Banabuiú,CE,80.28,80.0,0.151,baixo,1
5221809,Urutaí,GO,78.1,78.38,0.151,baixo,1
3134103,Itueta,MG,55.54,59.6,0.151,baixo,0
3146305,Padre Paraíso,MG,48.95,54.04,0.151,baixo,1
2307601,Limoeiro do Norte,CE,87.84,80.0,0.15,baixo,0
3133105,Itanhandu,MG,89.82,80.0,0.15,baixo,0
3171709,Virgínia,MG,57.94,61.6,0.15,baixo,0
3152402,Poté,MG,41.74,47.81,0.149,baixo,0
3117306,Conceição das Alagoas,MG,55.38,59.46,0.149,baixo,1
3160801,São Bento Abade,MG,58.23,61.84,0.149,baixo,0
5211602,Ivolândia,GO,80.84,80.0,0.149,baixo,1
3164100,São Pedro do Suaçuí,MG,67.03,69.13,0.148,baixo,0
3101409,Albertina,MG,69.57,71.23,0.148,baixo,0
3167301,Silveirânia,MG,91.67,80.0,0.148,baixo,0
3110400,Camacho,MG,91.3,80.0,0.148,baixo,0
3160603,Santo Hipólito,MG,58.82,62.33,0.148,baixo,0
5102702,Canarana,MT,32.45,39.4,0.148,baixo,0
2111078,São João do Soter,MA,24.38,31.6,0.148,baixo,0
5204201,Cachoeira de Goiás,GO,65.0,67.45,0.147,baixo,1
3106309,Belo Oriente,MG,57.1,60.9,0.147,baixo,0
2311801,Russas,CE,92.93,80.0,0.147,baixo,0
2313500,Trairi,CE,89.87,80.0,0.147,baixo,0
3130507,Ilicínea,MG,45.97,51.49,0.147,baixo,0
2301000,Aquiraz,CE,87.89,80.0,0.146,baixo,0
3162807,São João Evangelista,MG,92.58,80.0,0.146,baixo,1
5003504,Douradina,MS,28.79,35.93,0.145,baixo,0
3103405,Araçuaí,MG,44.27,50.02,0.145,baixo,0
2307304,Juazeiro do Norte,CE,60.56,63.78,0.145,baixo,1
3135803,Jequitinhonha,MG,43.97,49.76,0.145,baixo,0
3169802,Turvolândia,MG,61.67,64.7,0.145,baixo,0
5106174,Nova Nazaré,MT,45.8,51.34,0.145,baixo,0
3171600,Virgem da Lapa,MG,50.12,55.04,0.144,baixo,0
5205307,Cavalcante,GO,60.19,63.47,0.144,baixo,0
2311306,Quixadá,CE,88.36,80.0,0.144,baixo,0
1100346,Alvorada D'Oeste,RO,29.2,36.33,0.144,baixo,0
3152907,Pratápolis,MG,62.59,65.46,0.144,baixo,0
5200134,Acreúna,GO,58.49,62.06,0.144,baixo,0
5215504,Ouvidor,GO,65.43,67.81,0.143,baixo,0
2303907,Chaval,CE,75.3,76.01,0.143,baixo,0
1703842,Campos Lindos,TO,16.16,22.91,0.143,baixo,0
2309102,Mulungu,CE,85.81,80.0,0.143,baixo,0
5220058,São João da Paraúna,GO,87.5,80.0,0.143,baixo,0
3127206,Funilândia,MG,51.4,56.12,0.143,baixo,0
5216403,Paraúna,GO,61.83,64.83,0.143,baixo,0
3136603,Nova União,MG,47.99,53.22,0.143,baixo,0
2314102,Viçosa do Ceará,CE,88.59,80.0,0.143,baixo,0
3155108,Rio do Prado,MG,52.94,57.42,0.142,baixo,0
3156452,Rosário da Limeira,MG,55.93,59.92,0.142,baixo,0
5108857,Nova Marilândia,MT,44.14,49.91,0.142,baixo,0
2312502,São João do Jaguaribe,CE,79.82,79.85,0.142,baixo,0
2303204,Caririaçu,CE,90.05,80.0,0.142,baixo,0
3143401,Monte Sião,MG,53.93,58.25,0.142,baixo,0
3169208,Tombos,MG,56.82,60.67,0.142,baixo,0
3106903,Bicas,MG,45.18,50.81,0.141,baixo,0
2205557,Lagoa Alegre,PI,21.65,28.81,0.141,baixo,0
3167707,Sobrália,MG,66.54,68.72,0.141,baixo,0
3170503,Urucânia,MG,55.56,59.62,0.141,baixo,0
5204557,Caldazinha,GO,72.02,73.27,0.141,baixo,1
5219456,Santa Rita do Novo Destino,GO,87.69,80.0,0.141,baixo,0
3153509,Alto Jequitibá,MG,50.82,55.63,0.14,baixo,0
3157278,Santa Bárbara do Monte Verde,MG,51.99,56.62,0.14,baixo,0
3159605,Santa Rita do Sapucaí,MG,49.69,54.67,0.14,baixo,0
3135407,Jeceaba,MG,67.57,69.58,0.139,baixo,0
5221551,Turvelândia,GO,68.16,70.07,0.139,baixo,0
3170651,Vargem Grande do Rio Pardo,MG,61.64,64.67,0.139,baixo,0
2609303,Mirandiba,PE,35.45,42.17,0.139,baixo,0
1718907,Santa Rosa do Tocantins,TO,20.86,27.99,0.139,baixo,0
3162922,São Joaquim de Bicas,MG,48.19,53.39,0.139,baixo,0
2313351,Tejuçuoca,CE,85.37,80.0,0.139,baixo,0
3112059,Cantagalo,MG,60.18,63.46,0.139,baixo,0
5200803,Alvorada do Norte,GO,64.57,67.1,0.138,baixo,1
3110202,Cajuri,MG,64.21,66.8,0.138,baixo,0
2200509,Amarante,PI,22.26,29.44,0.138,baixo,0
3154408,Ressaquinha,MG,55.59,59.64,0.138,baixo,0
3136801,Juramento,MG,63.23,65.99,0.138,baixo,1
3139607,Mantena,MG,49.94,54.88,0.138,baixo,0
3169703,Turmalina,MG,53.94,58.26,0.138,baixo,0
3142106,Miradouro,MG,47.26,52.6,0.138,baixo,0
3515905,Floreal,SP,100.0,80.0,0.138,baixo,0
3103504,Araguari,MG,47.93,53.17,0.138,baixo,0
5006903,Porto Murtinho,MS,30.48,37.55,0.137,baixo,0
5205208,Caturaí,GO,68.4,70.26,0.137,baixo,0
3131000,Inhaúma,MG,46.98,52.36,0.137,baixo,0
3164209,São Romão,MG,50.94,55.73,0.137,baixo,0
5215256,Novo Planalto,GO,84.74,80.0,0.137,baixo,0
5220157,São Luiz do Norte,GO,75.36,76.07,0.137,baixo,0
2200103,Agricolândia,PI,32.61,39.55,0.137,baixo,0
2301109,Aracati,CE,89.12,80.0,0.137,baixo,0
5221197,Terezópolis de Goiás,GO,57.84,61.52,0.137,baixo,0
3141108,Matozinhos,MG,47.48,52.79,0.137,baixo,0
5212006,Jaupaci,GO,97.43,80.0,0.137,baixo,0
3114105,Carmo de Minas,MG,56.53,60.43,0.136,baixo,0
2507200,Itatuba,PB,23.32,30.53,0.136,baixo,0
5219605,Santa Tereza de Goiás,GO,96.21,80.0,0.136,baixo,0
2306306,Itapajé,CE,90.68,80.0,0.136,baixo,0
4203402,Campo Belo do Sul,SC,41.77,47.83,0.136,baixo,0
3116001,Chalé,MG,89.1,80.0,0.136,baixo,1
3200508,Apiacá,ES,58.4,61.98,0.135,baixo,0
3129202,Heliodora,MG,48.35,53.53,0.135,baixo,0
5220454,Senador Canedo,GO,48.52,53.68,0.135,baixo,0
4214102,Presidente Nereu,SC,51.67,56.35,0.135,baixo,0
3130002,Ibituruna,MG,60.59,63.8,0.135,baixo,0
2400604,Almino Afonso,RN,11.11,17.02,0.134,baixo,0
3143005,Monte Belo,MG,50.21,55.11,0.134,baixo,0
2501401,Baía da Traição,PB,21.73,28.9,0.134,baixo,0
4202503,Bom Jardim da Serra,SC,40.62,46.82,0.134,baixo,1
3132107,Itacarambi,MG,49.49,54.5,0.134,baixo,0
3109600,Cachoeira da Prata,MG,52.4,56.96,0.134,baixo,0
3120102,Couto de Magalhães de Minas,MG,48.47,53.63,0.133,baixo,0
3109303,Buritis,MG,52.14,56.75,0.133,baixo,0
3120706,Cruzeiro da Fortaleza,MG,62.42,65.32,0.133,baixo,0
3168051,Taparuba,MG,44.12,49.89,0.133,baixo,0
5200050,Abadia de Goiás,GO,59.84,63.18,0.133,baixo,0
5108501,Vera,MT,34.76,41.54,0.133,baixo,0
3127008,Fronteira,MG,52.87,57.36,0.132,baixo,0
5207501,Estrela do Norte,GO,67.18,69.25,0.132,baixo,0
3101201,Aiuruoca,MG,55.3,59.4,0.132,baixo,0
5203906,Buriti Alegre,GO,69.02,70.78,0.131,baixo,1
2309458,Ocara,CE,89.45,80.0,0.131,baixo,0
3203809,Muqui,ES,63.47,66.19,0.131,baixo,0
2313104,Tabuleiro do Norte,CE,88.99,80.0,0.131,baixo,0
5220280,São Patrício,GO,89.17,80.0,0.131,baixo,0
3129509,Ibiá,MG,52.52,57.07,0.131,baixo,0
5216908,Pilar de Goiás,GO,96.02,80.0,0.131,baixo,0
3145604,Oliveira,MG,49.74,54.71,0.13,baixo,0
3136579,Josenópolis,MG,90.34,80.0,0.13,baixo,0
3105202,Bandeira,MG,62.73,65.57,0.129,baixo,0
3146750,Palmópolis,MG,38.71,45.12,0.129,baixo,0
5203939,Buriti de Goiás,GO,95.35,80.0,0.129,baixo,0
3134509,Itutinga,MG,51.36,56.09,0.129,baixo,0
3106408,Belo Vale,MG,93.05,80.0,0.129,baixo,0
5206800,Damolândia,GO,93.21,80.0,0.129,baixo,0
4210852,Mirim Doce,SC,39.19,45.55,0.129,baixo,0
3163508,São José do Jacuri,MG,55.27,59.37,0.129,baixo,0
3156809,Sabinópolis,MG,40.58,46.78,0.129,baixo,0
3126406,Fortuna de Minas,MG,59.25,62.69,0.129,baixo,0
3116159,Chapada Gaúcha,MG,49.17,54.23,0.128,baixo,0
5201801,Aragoiânia,GO,54.97,59.12,0.128,baixo,0
2301208,Aracoiaba,CE,87.25,80.0,0.128,baixo,0
3110103,Caiana,MG,58.54,62.1,0.128,baixo,0
3121506,Desterro do Melo,MG,68.18,70.08,0.128,baixo,0
5201306,Anicuns,GO,92.26,80.0,0.128,baixo,0
3138807,Luz,MG,54.44,58.68,0.128,baixo,0
2310001,Palhano,CE,70.54,72.04,0.128,baixo,0
3135506,Jequeri,MG,57.46,61.2,0.127,baixo,0
5204656,Campinaçu,GO,70.45,71.97,0.127,baixo,0
3150307,Piedade do Rio Grande,MG,29.38,36.5,0.127,baixo,0
3153004,Pratinha,MG,85.44,80.0,0.126,baixo,1
3125606,Felisburgo,MG,52.21,56.8,0.126,baixo,0
2515807,Serra Redonda,PB,14.55,21.09,0.126,baixo,0
3103751,Araporã,MG,62.72,65.56,0.125,baixo,0
2305704,Ipaumirim,CE,87.85,80.0,0.125,baixo,0
1709807,Ipueiras,TO,27.27,34.46,0.125,baixo,1
3102308,Alvinópolis,MG,49.04,54.12,0.125,baixo,0
5221007,Taquaral de Goiás,GO,69.59,71.25,0.125,baixo,0
4202602,Bom Retiro,SC,32.45,39.4,0.124,baixo,0
3132206,Itaguara,MG,56.99,60.81,0.124,baixo,0
2307403,Jucás,CE,86.69,80.0,0.124,baixo,0
3159100,Santana dos Montes,MG,61.36,64.44,0.124,baixo,0
3160207,Santo Antônio do Itambé,MG,46.96,52.34,0.124,baixo,1
1707702,Filadélfia,TO,11.95,18.04,0.123,baixo,1
2305357,Icapuí,CE,82.16,80.0,0.123,baixo,1
5201504,Aporé,GO,61.96,64.94,0.123,baixo,0
3112604,Capinópolis,MG,51.19,55.94,0.123,baixo,0
2301950,Barreira,CE,88.76,80.0,0.122,baixo,0
3125705,Felixlândia,MG,52.03,56.65,0.122,baixo,0
3128253,Guaraciama,MG,42.0,48.04,0.122,baixo,0
2100550,Amapá do Maranhão,MA,22.97,30.17,0.122,baixo,0
3122009,Divino,MG,49.17,54.23,0.122,baixo,0
3148301,Paula Cândido,MG,53.79,58.13,0.121,baixo,0
4202438,Bocaina do Sul,SC,39.12,45.49,0.121,baixo,1
3140555,Mata Verde,MG,54.87,59.04,0.121,baixo,0
4112603,Jardim Olinda,PR,50.0,54.93,0.121,baixo,0
5216809,Petrolina de Goiás,GO,59.28,62.71,0.121,baixo,0
3204302,Presidente Kennedy,ES,68.35,70.22,0.12,baixo,1
2310852,Pindoretama,CE,90.29,80.0,0.12,baixo,0
5219753,Santo Antônio do Descoberto,GO,42.71,48.66,0.12,baixo,0
3150570,Pintópolis,MG,47.97,53.21,0.12,baixo,0
3158607,Santana do Deserto,MG,58.32,61.92,0.12,baixo,0
3135050,Jaíba,MG,42.81,48.75,0.12,baixo,0
5204953,Campos Verdes,GO,63.71,66.38,0.12,baixo,0
3135605,Jequitaí,MG,39.93,46.21,0.12,baixo,0
3144201,Nacip Raydan,MG,58.67,62.21,0.119,baixo,0
2311603,Redenção,CE,84.99,80.0,0.119,baixo,0
2311504,Quixeré,CE,86.21,80.0,0.119,baixo,0
1712801,Maurilândia do Tocantins,TO,19.32,26.36,0.119,baixo,1
3158508,Santana de Pirapama,MG,44.58,50.29,0.119,baixo,0
5213756,Montividiu,GO,65.97,68.25,0.119,baixo,0
3122900,Dona Euzébia,MG,47.11,52.47,0.119,baixo,0
3132602,Itamarati de Minas,MG,48.03,53.26,0.118,baixo,0
3142254,Miravânia,MG,40.71,46.9,0.118,baixo,1
2309508,Orós,CE,90.9,80.0,0.118,baixo,0
2303402,Carnaubal,CE,87.03,80.0,0.117,baixo,0
3121258,Delta,MG,50.98,55.77,0.117,baixo,1
3120508,Cristina,MG,55.83,59.84,0.117,baixo,0
3164431,São Sebastião da Vargem Alegre,MG,53.38,57.79,0.117,baixo,0
3104502,Arinos,MG,45.28,50.89,0.117,baixo,1
5203104,Baliza,GO,64.29,66.86,0.117,baixo,0
4209151,José Boiteux,SC,37.11,43.68,0.117,baixo,0
3153905,Raposos,MG,48.4,53.57,0.116,baixo,0
3153608,Prudente de Morais,MG,52.93,57.41,0.116,baixo,0
3121902,Divinésia,MG,43.0,48.91,0.116,baixo,0
3126802,Frei Gaspar,MG,51.82,56.48,0.116,baixo,0
3126000,Florestal,MG,57.15,60.94,0.115,baixo,0
3140506,Martinho Campos,MG,56.02,60.0,0.115,baixo,0
3532868,Nova Castilho,SP,40.0,46.27,0.115,baixo,1
5216452,Perolândia,GO,77.62,77.97,0.115,baixo,1
2104081,Fernando Falcão,MA,29.89,36.99,0.115,baixo,0
4200556,Águas Frias,SC,42.78,48.72,0.114,baixo,0
3555307,Turmalina,SP,45.45,51.04,0.114,baixo,0
3154804,Rio Acima,MG,40.74,46.93,0.114,baixo,0
3165404,Sapucaí-Mirim,MG,52.93,57.41,0.114,baixo,0
2301406,Aratuba,CE,86.27,80.0,0.114,baixo,0
3117504,Conceição do Mato Dentro,MG,58.74,62.26,0.114,baixo,0
3104452,Aricanduva,MG,56.47,60.38,0.114,baixo,0
3138500,Liberdade,MG,56.17,60.12,0.114,baixo,0
3138708,Luminárias,MG,67.26,69.32,0.114,baixo,0
1718709,Rio dos Bois,TO,17.52,24.42,0.114,baixo,0
3143203,Monte Santo de Minas,MG,42.15,48.17,0.113,baixo,0
5205521,Colinas do Sul,GO,62.72,65.56,0.113,baixo,1
3162252,São João da Lagoa,MG,49.97,54.91,0.113,baixo,0
5219803,São Domingos,GO,45.68,51.24,0.112,baixo,0
3170479,Uruana de Minas,MG,54.25,58.52,0.112,baixo,0
2306256,Itaitinga,CE,85.82,80.0,0.112,baixo,0
3136405,Joaquim Felício,MG,52.38,56.95,0.112,baixo,0
2206001,Marcos Parente,PI,22.19,29.37,0.112,baixo,0
3133600,Itapeva,MG,52.0,56.63,0.112,baixo,0
2211209,Uruçuí,PI,27.78,34.96,0.111,baixo,1
3534757,Ouroeste,SP,99.27,80.0,0.111,baixo,0
3171006,Vazante,MG,43.84,49.64,0.111,baixo,0
3136652,Juatuba,MG,47.58,52.87,0.11,baixo,0
1703867,Cariri do Tocantins,TO,15.77,22.48,0.11,baixo,0
2311207,Potengi,CE,90.85,80.0,0.11,baixo,0
5203609,Brazabrantes,GO,48.93,54.03,0.11,baixo,0
3134707,Jacinto,MG,45.37,50.97,0.11,baixo,0
3126703,Francisco Sá,MG,41.63,47.71,0.11,baixo,1
3162450,São João das Missões,MG,40.91,47.08,0.11,baixo,1
5106778,Porto Alegre do Norte,MT,31.09,38.13,0.11,baixo,0
2313559,Tururu,CE,89.24,80.0,0.11,baixo,0
2305266,Ibaretama,CE,70.3,71.84,0.11,baixo,1
3142700,Montalvânia,MG,48.49,53.65,0.109,baixo,0
2516151,Sossêgo,PB,18.45,25.43,0.109,baixo,0
1703073,Barra do Ouro,TO,11.92,18.0,0.109,baixo,0
3144656,Ninheira,MG,49.26,54.31,0.108,baixo,0
5212956,Matrinchã,GO,59.71,63.07,0.108,baixo,1
5212105,Joviânia,GO,57.9,61.57,0.108,baixo,0
3144375,Natalândia,MG,49.23,54.28,0.107,baixo,0
5212204,Jussara,GO,58.98,62.46,0.107,baixo,0
3113602,Careaçu,MG,97.42,80.0,0.107,baixo,1
2305233,Horizonte,CE,93.36,80.0,0.107,baixo,0
5215405,Ouro Verde de Goiás,GO,95.87,80.0,0.107,baixo,0
3142205,Miraí,MG,96.19,80.0,0.107,baixo,1
3160504,Santo Antônio do Rio Abaixo,MG,60.0,63.31,0.106,baixo,0
2306553,Itarema,CE,92.56,80.0,0.106,baixo,0
3138682,Luislândia,MG,50.0,54.93,0.106,baixo,0
3122108,Divino das Laranjeiras,MG,41.39,47.5,0.106,baixo,0
3171402,Vieiras,MG,50.44,55.31,0.106,baixo,0
3111903,Cana Verde,MG,50.78,55.6,0.106,baixo,0
3107208,Bocaina de Minas,MG,50.0,54.93,0.105,baixo,0
5214101,Mutunópolis,GO,92.95,80.0,0.105,baixo,0
3135704,Jequitibá,MG,52.44,57.0,0.105,baixo,0
1715705,Palmeirante,TO,9.01,14.38,0.105,baixo,0
3165602,Senador Cortes,MG,42.11,48.13,0.104,baixo,0
2312403,São Gonçalo do Amarante,CE,81.99,80.0,0.103,baixo,0
5102694,Canabrava do Norte,MT,34.68,41.47,0.103,baixo,0
5007802,Selvíria,MS,26.67,33.87,0.103,baixo,0
2211357,Várzea Branca,PI,25.97,33.18,0.103,baixo,1
1718659,Rio da Conceição,TO,17.56,24.46,0.103,baixo,1
3120003,Córrego Novo,MG,46.69,52.11,0.103,baixo,0
3146206,Ouro Verde de Minas,MG,51.25,55.99,0.102,baixo,0
5210158,Ipiranga de Goiás,GO,93.1,80.0,0.102,baixo,0
3101706,Almenara,MG,39.24,45.59,0.102,baixo,0
5200209,Água Limpa,GO,69.57,71.23,0.102,baixo,0
3123007,Dores de Campos,MG,54.67,58.87,0.101,baixo,0
3130804,Ingaí,MG,52.26,56.85,0.101,baixo,0
3151602,Planura,MG,45.91,51.44,0.101,baixo,0
4211850,Ouro Verde,SC,44.56,50.27,0.101,baixo,0
5209804,Hidrolina,GO,68.26,70.15,0.101,baixo,0
3144102,Muzambinho,MG,43.36,49.23,0.101,baixo,0
3157302,Santa Bárbara do Tugúrio,MG,50.6,55.44,0.101,baixo,0
3138609,Lima Duarte,MG,46.49,51.94,0.101,baixo,0
5208152,Gameleira de Goiás,GO,98.15,80.0,0.1,baixo,1
3149002,Pedra Dourada,MG,53.74,58.09,0.1,baixo,0
2302602,Camocim,CE,94.5,80.0,0.1,baixo,0
3168101,Tapira,MG,56.1,60.07,0.1,baixo,0
5201454,Aparecida do Rio Doce,GO,59.59,62.97,0.1,baixo,0
2309805,Pacoti,CE,88.89,80.0,0.1,baixo,0
4213906,Presidente Castello Branco,SC,47.06,52.43,0.099,baixo,0
5213772,Montividiu do Norte,GO,59.37,62.79,0.099,baixo,0
3159308,Santa Rita de Jacutinga,MG,41.62,47.7,0.099,baixo,0
3149101,Pedralva,MG,50.09,55.01,0.098,baixo,0
5211404,Itauçu,GO,96.95,80.0,0.098,baixo,0
3136009,Joaíma,MG,43.01,48.92,0.098,baixo,0
3130309,Iguatama,MG,98.44,80.0,0.098,baixo,0
3120805,Cruzília,MG,97.18,80.0,0.097,baixo,1
2502201,Bom Jesus,PB,25.56,32.78,0.097,baixo,0
5005152,Juti,MS,22.63,29.82,0.097,baixo,0
3135001,Jaguaraçu,MG,62.35,65.26,0.096,baixo,0
3104809,Augusto de Lima,MG,48.19,53.39,0.096,baixo,1
2209203,Santa Filomena,PI,27.74,34.92,0.096,baixo,0
3114550,Carneirinho,MG,52.21,56.8,0.095,baixo,0
3147402,Paraopeba,MG,48.84,53.95,0.095,baixo,0
3101904,Alpinópolis,MG,42.26,48.26,0.095,baixo,0
3141900,Minduri,MG,51.89,56.53,0.094,baixo,0
3147808,Passa Vinte,MG,61.11,64.23,0.094,baixo,0
5212600,Mairipotaba,GO,97.33,80.0,0.094,baixo,1
2204352,Geminiano,PI,19.5,26.56,0.094,baixo,0
5221080,Teresina de Goiás,GO,56.82,60.67,0.094,baixo,0
5200175,Água Fria de Goiás,GO,55.81,59.82,0.093,baixo,0
2202307,Canto do Buriti,PI,13.66,20.06,0.093,baixo,0
5212709,Mambaí,GO,50.41,55.28,0.093,baixo,0
3163300,São José do Divino,MG,45.36,50.96,0.092,baixo,0
2202059,Cabeceiras do Piauí,PI,19.85,26.93,0.092,baixo,0
3122470,Dom Bosco,MG,55.56,59.62,0.092,baixo,0
1716307,Pau D'Arco,TO,6.51,11.05,0.092,baixo,0
5207600,Fazenda Nova,GO,96.67,80.0,0.092,baixo,0
5220702,Sítio d'Abadia,GO,57.64,61.35,0.092,baixo,0
3104403,Argirita,MG,55.13,59.26,0.091,baixo,0
2301604,Assaré,CE,90.73,80.0,0.091,baixo,0
3167004,Serranos,MG,38.46,44.9,0.091,baixo,0
2202174,Campo Largo do Piauí,PI,17.66,24.57,0.091,baixo,0
5214002,Mozarlândia,GO,51.21,55.96,0.09,baixo,0
2210383,São Miguel da Baixa Grande,PI,24.14,31.36,0.09,baixo,0
5200555,Alto Horizonte,GO,66.64,68.81,0.09,baixo,0
2513158,Santa Cecília,PB,13.38,19.74,0.09,baixo,0
3122355,Divisa Alegre,MG,50.93,55.72,0.089,baixo,0
3117876,Confins,MG,52.52,57.07,0.089,baixo,0
2306801,Jaguaribara,CE,89.41,80.0,0.089,baixo,0
3171808,Virginópolis,MG,44.13,49.9,0.089,baixo,0
2307809,Marco,CE,94.18,80.0,0.088,baixo,0
2300200,Acaraú,CE,95.81,80.0,0.088,baixo,0
2313708,Umari,CE,87.59,80.0,0.088,baixo,0
5208509,Goiandira,GO,44.66,50.36,0.088,baixo,0
3133204,Itanhomi,MG,41.07,47.22,0.088,baixo,0
3145059,Nova Porteirinha,MG,41.56,47.65,0.088,baixo,0
3172202,Wenceslau Braz,MG,48.66,53.79,0.088,baixo,0
2202653,Caxingó,PI,20.36,27.47,0.088,baixo,0
3140852,Matias Cardoso,MG,37.68,44.2,0.087,baixo,1
5101001,Araguaiana,MT,100.0,80.0,0.087,baixo,0
3127057,Fronteira dos Vales,MG,37.26,43.82,0.087,baixo,0
3156007,Rio Vermelho,MG,43.86,49.66,0.087,baixo,0
3129905,Ibitiúra de Minas,MG,38.1,44.57,0.086,baixo,0
2514602,São José do Bonfim,PB,11.97,18.06,0.086,baixo,0
3143153,Monte Formoso,MG,49.86,54.82,0.086,baixo,0
5219902,São Francisco de Goiás,GO,58.94,62.43,0.086,baixo,0
3124807,Estrela do Sul,MG,46.84,52.24,0.086,baixo,0
2205599,Lagoa do Sítio,PI,12.7,18.93,0.085,baixo,0
5207105,Diorama,GO,100.0,80.0,0.084,baixo,1
5214051,Mundo Novo,GO,96.18,80.0,0.084,baixo,0
3156502,Rubelita,MG,100.0,80.0,0.083,baixo,1
3123809,Engenheiro Navarro,MG,44.66,50.36,0.083,baixo,0
3145356,Novo Oriente de Minas,MG,44.96,50.62,0.083,baixo,0
3103702,Araponga,MG,47.06,52.43,0.082,baixo,0
3122454,Divisópolis,MG,42.46,48.44,0.082,baixo,0
3135209,Januária,MG,20.14,27.24,0.082,baixo,0
3169604,Tupaciguara,MG,39.03,45.41,0.082,baixo,0
3157609,Santa Fé de Minas,MG,33.37,40.26,0.082,baixo,0
3119104,Corinto,MG,40.03,46.3,0.082,baixo,0
2515005,São Miguel de Taipu,PB,10.07,15.73,0.081,baixo,0
2406908,Lucrécia,RN,4.35,7.94,0.081,baixo,0
2508406,Lastro,PB,20.77,27.9,0.08,baixo,0
3119005,Cordislândia,MG,47.14,52.49,0.08,baixo,0
2308500,Mombaça,CE,93.52,80.0,0.08,baixo,0
3116100,Chapada do Norte,MG,41.12,47.26,0.08,baixo,0
3117207,Conceição das Pedras,MG,57.92,61.58,0.08,baixo,0
2305332,Ibicuitinga,CE,96.13,80.0,0.079,baixo,0
3112653,Capitão Andrade,MG,40.45,46.67,0.079,baixo,0
3172103,Volta Grande,MG,50.77,55.59,0.079,baixo,0
2312106,Santana do Cariri,CE,89.48,80.0,0.079,baixo,0
5001508,Bandeirantes,MS,25.95,33.17,0.079,baixo,0
2110658,São Domingos do Azeitão,MA,22.32,29.51,0.079,baixo,0
1717800,Ponte Alta do Bom Jesus,TO,9.52,15.03,0.078,baixo,0
2506608,Ibiara,PB,13.07,19.37,0.078,baixo,0
2311009,Poranga,CE,96.02,80.0,0.078,baixo,0
5213855,Morro Agudo de Goiás,GO,100.0,80.0,0.078,baixo,0
3163607,São José do Mantimento,MG,47.74,53.01,0.078,baixo,0
2313252,Tarrafas,CE,95.11,80.0,0.077,baixo,0
3100807,Aguanil,MG,100.0,80.0,0.077,baixo,0
5212055,Jesúpolis,GO,100.0,80.0,0.077,baixo,0
3154705,Ribeirão Vermelho,MG,42.82,48.75,0.077,baixo,0
3157104,Salto da Divisa,MG,43.75,49.57,0.077,baixo,0
3158706,Santana do Garambéu,MG,47.32,52.65,0.076,baixo,0
2203271,Curral Novo do Piauí,PI,16.11,22.86,0.076,baixo,0
3154150,Reduto,MG,39.44,45.77,0.076,baixo,0
5213053,Mimoso de Goiás,GO,66.67,68.83,0.076,baixo,0
3166105,Senhora do Porto,MG,46.56,52.0,0.075,baixo,0
3157500,Santa Efigênia de Minas,MG,43.34,49.21,0.075,baixo,0
3503356,Arco-Íris,SP,28.57,35.72,0.075,baixo,0
3138005,Laranjal,MG,40.25,46.49,0.074,baixo,0
5209606,Heitoraí,GO,53.58,57.96,0.073,baixo,0
3107604,Bom Jesus da Penha,MG,51.25,55.99,0.073,baixo,0
2304103,Crateús,CE,97.13,80.0,0.073,baixo,0
3144672,Nova Belém,MG,50.0,54.93,0.073,baixo,1
3108701,Brás Pires,MG,53.68,58.04,0.073,baixo,0
3131109,Inimutaba,MG,40.65,46.85,0.073,baixo,0
3138351,Leme do Prado,MG,52.94,57.42,0.073,baixo,0
5220504,Serranópolis,GO,54.47,58.7,0.072,baixo,0
5203962,Buritinópolis,GO,49.29,54.33,0.072,baixo,0
3143609,Morro da Garça,MG,96.43,80.0,0.072,baixo,1
2505238,Cuité de Mamanguape,PB,10.33,16.05,0.072,baixo,0
3165503,Sardoá,MG,45.8,51.34,0.071,baixo,0
3109451,Cabeceira Grande,MG,40.49,46.7,0.071,baixo,0
3129004,Guiricema,MG,44.72,50.41,0.07,baixo,0
3150539,Pingo-d'Água,MG,34.7,41.49,0.07,baixo,0
3130705,Indianópolis,MG,43.12,49.02,0.07,baixo,0
3115904,Chácara,MG,28.81,35.95,0.07,baixo,0
3110905,Campanha,MG,41.96,48.0,0.07,baixo,0
2302800,Canindé,CE,96.87,80.0,0.07,baixo,0
2302305,Bela Cruz,CE,95.85,80.0,0.069,baixo,0
5203575,Bonópolis,GO,48.9,54.0,0.069,baixo,0
3109253,Bugre,MG,100.0,80.0,0.069,baixo,0
3150109,Piau,MG,29.63,36.74,0.069,baixo,0
2304202,Crato,CE,93.55,80.0,0.069,baixo,0
3102407,Alvorada de Minas,MG,41.82,47.88,0.068,baixo,0
3155405,Rio Novo,MG,39.03,45.41,0.068,baixo,0
2304285,Eusébio,CE,92.64,80.0,0.068,baixo,0
3119609,Coronel Pacheco,MG,100.0,80.0,0.068,baixo,1
3101003,Águas Vermelhas,MG,42.77,48.71,0.067,baixo,0
2515609,Serra da Raiz,PB,17.39,24.28,0.066,baixo,0
2206753,Nossa Senhora de Nazaré,PI,21.74,28.91,0.066,baixo,0
4107520,Esperança Nova,PR,42.11,48.13,0.065,baixo,0
4116505,Nova Aliança do Ivaí,PR,38.1,44.57,0.065,baixo,1
5004809,Japorã,MS,12.68,18.91,0.065,baixo,0
3126604,Francisco Dumont,MG,31.48,38.49,0.064,baixo,1
2208601,Prata do Piauí,PI,14.28,20.78,0.064,baixo,0
4204178,Cerro Negro,SC,28.93,36.07,0.063,baixo,0
3153707,Quartel Geral,MG,42.5,48.47,0.063,baixo,0
2310704,Pentecoste,CE,93.06,80.0,0.063,baixo,0
2306108,Irauçuba,CE,96.53,80.0,0.063,baixo,0
2313906,Uruoca,CE,95.51,80.0,0.062,baixo,0
2311405,Quixeramobim,CE,98.53,80.0,0.062,baixo,0
2301802,Baixio,CE,97.63,80.0,0.062,baixo,0
2310209,Paracuru,CE,94.86,80.0,0.061,baixo,0
2304707,Granja,CE,93.26,80.0,0.061,baixo,0
3109402,Buritizeiro,MG,37.7,44.21,0.061,baixo,0
3156403,Romaria,MG,57.73,61.43,0.061,baixo,0
2314003,Várzea Alegre,CE,95.17,80.0,0.061,baixo,0
2303808,Cedro,CE,96.63,80.0,0.06,baixo,0
3129301,Iapu,MG,37.09,43.66,0.059,baixo,0
3139250,Mamonas,MG,40.12,46.38,0.059,baixo,0
3156304,Rodeiro,MG,44.73,50.42,0.059,baixo,0
3119302,Coromandel,MG,41.88,47.93,0.058,baixo,0
2304608,General Sampaio,CE,94.2,80.0,0.058,baixo,0
3201803,Divino de São Lourenço,ES,46.09,51.59,0.058,baixo,0
3127339,Gameleiras,MG,41.67,47.75,0.058,baixo,0
2304806,Granjeiro,CE,94.87,80.0,0.057,baixo,0
3115458,Catuji,MG,35.9,42.58,0.057,baixo,0
3129707,Ibiraci,MG,32.8,39.73,0.057,baixo,0
2306207,Itaiçaba,CE,91.32,80.0,0.057,baixo,0
3125002,Ewbank da Câmara,MG,35.65,42.36,0.056,baixo,0
3149150,Pedras de Maria da Cruz,MG,28.66,35.81,0.056,baixo,0
2310407,Paramoti,CE,98.85,80.0,0.056,baixo,0
2310100,Palmácia,CE,98.68,80.0,0.055,baixo,0
2307635,Madalena,CE,97.67,80.0,0.055,baixo,0
2505808,Duas Estradas,PB,11.05,16.94,0.055,baixo,0
2205581,Lagoa do Piauí,PI,7.17,11.95,0.055,baixo,0
2309409,Novo Oriente,CE,98.72,80.0,0.055,baixo,0
2305902,Ipueiras,CE,97.9,80.0,0.055,baixo,0
2313609,Ubajara,CE,96.98,80.0,0.055,baixo,0
2311108,Porteiras,CE,93.46,80.0,0.054,baixo,0
2303956,Chorozinho,CE,98.33,80.0,0.054,baixo,0
5205455,Cezarina,GO,41.26,47.38,0.053,baixo,0
2306504,Itapiúna,CE,96.14,80.0,0.052,baixo,0
3137304,Lagoa dos Patos,MG,41.04,47.19,0.052,baixo,0
3111804,Canápolis,MG,45.48,51.07,0.052,baixo,0
2303931,Choró,CE,97.81,80.0,0.051,baixo,0
3137007,Ladainha,MG,23.8,31.02,0.051,baixo,0
2312700,Senador Pompeu,CE,100.0,80.0,0.051,baixo,0
2303006,Caridade,CE,96.73,80.0,0.05,baixo,0
1718006,Porto Alegre do Tocantins,TO,7.57,12.49,0.05,baixo,0
3100708,Água Comprida,MG,96.84,80.0,0.05,baixo,1
2306702,Jaguaretama,CE,94.68,80.0,0.05,baixo,0
3125903,Ferros,MG,38.1,44.57,0.048,baixo,0
3131604,Iraí de Minas,MG,38.41,44.85,0.048,baixo,0
3139300,Manga,MG,24.02,31.24,0.048,baixo,0
3140605,Materlândia,MG,37.11,43.68,0.048,baixo,1
3141603,Mercês,MG,98.41,80.0,0.048,baixo,0
2309300,Nova Russas,CE,96.69,80.0,0.047,baixo,0
2305308,Ibiapina,CE,94.97,80.0,0.046,baixo,0
2303303,Cariús,CE,97.11,80.0,0.046,baixo,0
5209150,Gouvelândia,GO,39.78,46.07,0.046,baixo,0
5209457,Guarinos,GO,52.38,56.95,0.045,baixo,0
5101209,Araguainha,MT,22.22,29.4,0.045,baixo,0
2304301,Farias Brito,CE,98.01,80.0,0.045,baixo,0
2305803,Ipu,CE,94.21,80.0,0.045,baixo,0
2304251,Cruz,CE,99.53,80.0,0.044,baixo,0
3123106,Dores de Guanhães,MG,42.55,48.52,0.044,baixo,0
3113800,Carmésia,MG,29.75,36.86,0.044,baixo,0
2305654,Ipaporanga,CE,97.47,80.0,0.044,baixo,0
2313005,Solonópole,CE,98.1,80.0,0.043,baixo,0
2311959,Salitre,CE,96.62,80.0,0.042,baixo,0
2306603,Itatira,CE,99.62,80.0,0.042,baixo,0
2310803,Pereiro,CE,95.85,80.0,0.042,baixo,0
2312809,Senador Sá,CE,99.07,80.0,0.041,baixo,0
2308351,Milhã,CE,100.0,80.0,0.041,baixo,0
2312205,Santa Quitéria,CE,98.21,80.0,0.041,baixo,0
3102209,Alvarenga,MG,39.52,45.84,0.041,baixo,0
2308807,Moraújo,CE,98.91,80.0,0.041,baixo,0
5202155,Araguapaz,GO,43.29,49.16,0.04,baixo,0
2308005,Massapê,CE,99.41,80.0,0.04,baixo,0
3116902,Comendador Gomes,MG,35.71,42.41,0.039,baixo,0
2313955,Varjota,CE,99.57,80.0,0.039,baixo,0
2111250,São José dos Basílios,MA,12.94,19.22,0.039,baixo,0
2304269,Deputado Irapuan Pinheiro,CE,98.65,80.0,0.039,baixo,0
2305605,Independência,CE,98.8,80.0,0.039,baixo,0
2312908,Sobral,CE,98.74,80.0,0.038,baixo,0
2305209,Hidrolândia,CE,99.02,80.0,0.038,baixo,0
2310258,Paraipaba,CE,98.24,80.0,0.038,baixo,0
2312304,São Benedito,CE,96.93,80.0,0.037,baixo,0
2304277,Ereré,CE,98.58,80.0,0.037,baixo,0
2312007,Santana do Acaraú,CE,99.18,80.0,0.037,baixo,0
2300804,Antonina do Norte,CE,97.31,80.0,0.037,baixo,0
2310506,Pedra Branca,CE,99.44,80.0,0.037,baixo,0
2309003,Mucambo,CE,97.92,80.0,0.036,baixo,0
2310902,Piquet Carneiro,CE,100.0,80.0,0.036,baixo,0
5215801,Palmelo,GO,28.57,35.72,0.036,baixo,0
2305001,Guaraciaba do Norte,CE,98.55,80.0,0.036,baixo,0
2308609,Monsenhor Tabosa,CE,96.51,80.0,0.036,baixo,0
3150208,Piedade de Ponte Nova,MG,35.21,41.95,0.036,baixo,0
2300705,Alto Santo,CE,99.61,80.0,0.035,baixo,0
2101939,Bernardo do Mearim,MA,12.84,19.1,0.035,baixo,0
2302057,Barroquinha,CE,96.36,80.0,0.034,baixo,0
2307254,Jijoca de Jericoacoara,CE,99.76,80.0,0.032,baixo,0
2300507,Alcântaras,CE,97.81,80.0,0.032,baixo,0
2308906,Morrinhos,CE,98.9,80.0,0.031,baixo,0
1718501,Recursolândia,TO,4.56,8.25,0.031,baixo,0
2304509,Frecheirinha,CE,99.67,80.0,0.031,baixo,0
3149507,Pequeri,MG,32.02,39.0,0.031,baixo,0
2311702,Reriutaba,CE,99.52,80.0,0.03,baixo,0
2313203,Tamboril,CE,97.16,80.0,0.03,baixo,0
2304459,Fortim,CE,97.52,80.0,0.03,baixo,0
2309904,Pacujá,CE,97.88,80.0,0.029,baixo,0
2308203,Meruoca,CE,98.47,80.0,0.029,baixo,0
5209408,Guarani de Goiás,GO,32.11,39.09,0.029,baixo,0
3146701,Palma,MG,26.99,34.19,0.028,baixo,0
3120300,Cristália,MG,26.36,33.57,0.028,baixo,0
5221577,Uirapuru,GO,38.84,45.24,0.028,baixo,0
2306009,Iracema,CE,98.61,80.0,0.027,baixo,0
2311231,Potiretama,CE,100.0,80.0,0.027,baixo,0
2307908,Martinópole,CE,98.47,80.0,0.026,baixo,0
2311264,Quiterianópolis,CE,98.54,80.0,0.026,baixo,0
2301257,Ararendá,CE,98.92,80.0,0.025,baixo,0
3123403,Doresópolis,MG,38.46,44.9,0.025,baixo,0
2303105,Cariré,CE,99.57,80.0,0.023,baixo,0
2304236,Croatá,CE,98.5,80.0,0.023,baixo,0
2303659,Catunda,CE,100.0,80.0,0.022,baixo,0
2304657,Graça,CE,98.41,80.0,0.021,baixo,0
2304905,Groaíras,CE,99.15,80.0,0.021,baixo,0
2300606,Altaneira,CE,100.0,80.0,0.019,baixo,0
3125309,Faria Lemos,MG,14.74,21.31,0.018,baixo,0
2305100,Guaramiranga,CE,91.67,59.66,0.018,baixo,0
5211008,Itapirapuã,GO,34.36,41.17,0.016,baixo,0
2304350,Forquilha,CE,100.0,80.0,0.013,baixo,0
2310951,Pires Ferreira,CE,99.14,80.0,0.013,baixo,0
2309201,Nova Olinda,CE,100.0,80.0,0.013,baixo,0
3167509,Simão Pereira,MG,8.82,14.14,0.011,baixo,0
2304004,Coreaú,CE,100.0,80.0,0.009,baixo,0
5214804,Nova Aurora,GO,14.29,20.79,0.004,baixo,0
