id_municipio,nome_municipio,sigla_uf,regiao,taxa_2024,meta_2025,esforco_exigido,participacao,prob_risco,prob_risco_sem_rs,prob_recomendada,faixa,alerta,perfil_nome,esforco_acima_do_treino,observacao
2919405,Licínio de Almeida,BA,Nordeste,65.48,76.51,11.03,88.42,0.97,0.97,0.97,critico,True,"baixo desempenho, alta participação",True,
2917409,Jacaraci,BA,Nordeste,56.86,69.0,12.14,81.6,0.968,0.968,0.968,critico,True,"baixo desempenho, baixa participação",True,
2931053,Tanque Novo,BA,Nordeste,61.8,68.78,6.98,94.68,0.958,0.957,0.958,critico,True,"baixo desempenho, alta participação",False,
2921807,Mortugaba,BA,Nordeste,60.0,72.44,12.44,88.98,0.957,0.957,0.957,critico,True,"baixo desempenho, alta participação",True,
2920304,Malhada de Pedras,BA,Nordeste,70.27,73.37,3.1,92.5,0.956,0.956,0.956,critico,True,"desempenho médio, alta participação",False,
2904209,Botuporã,BA,Nordeste,47.37,67.88,20.51,71.25,0.947,0.947,0.947,critico,True,"baixo desempenho, baixa participação",True,
2902302,Aratuípe,BA,Nordeste,60.0,58.32,-1.68,71.43,0.941,0.941,0.941,critico,True,"baixo desempenho, baixa participação",False,
2912004,Ibiassucê,BA,Nordeste,61.19,69.82,8.63,100.0,0.94,0.94,0.94,critico,True,"baixo desempenho, alta participação",True,
2920601,Maragogipe,BA,Nordeste,54.49,58.0,3.51,84.34,0.94,0.938,0.94,critico,True,"baixo desempenho, baixa participação",False,
2914109,Ipupiara,BA,Nordeste,59.15,70.97,11.82,97.26,0.939,0.939,0.939,critico,True,"baixo desempenho, alta participação",True,
2921005,Mata de São João,BA,Nordeste,56.92,62.5,5.58,89.96,0.939,0.936,0.939,critico,True,"baixo desempenho, alta participação",False,
2901007,Amargosa,BA,Nordeste,51.0,60.51,9.51,87.99,0.936,0.934,0.936,critico,True,"baixo desempenho, alta participação",True,
2924702,Piripá,BA,Nordeste,56.47,69.32,12.85,95.51,0.932,0.932,0.932,critico,True,"baixo desempenho, alta participação",True,
2914703,Itaberaba,BA,Nordeste,41.07,54.29,13.22,82.96,0.926,0.925,0.926,critico,True,"baixo desempenho, baixa participação",True,
2931905,Tucano,BA,Nordeste,35.55,43.93,8.38,72.73,0.922,0.922,0.922,critico,True,"baixo desempenho, baixa participação",True,
2933455,Wanderley,BA,Nordeste,55.37,62.52,7.15,96.8,0.92,0.919,0.92,critico,True,"baixo desempenho, alta participação",False,
2923035,Novo Horizonte,BA,Nordeste,73.17,66.89,-6.28,93.18,0.92,0.919,0.92,critico,True,"desempenho médio, alta participação",False,
2909000,Cordeiros,BA,Nordeste,52.46,72.68,20.22,92.42,0.919,0.919,0.919,critico,True,"baixo desempenho, alta participação",True,
2925204,Pojuca,BA,Nordeste,51.55,66.86,15.31,90.09,0.917,0.914,0.917,critico,True,"baixo desempenho, alta participação",True,
2903276,Barrocas,BA,Nordeste,46.15,54.19,8.04,80.53,0.916,0.916,0.916,critico,True,"baixo desempenho, baixa participação",True,
2927408,Salvador,BA,Nordeste,36.75,52.03,15.28,87.86,0.916,0.912,0.916,critico,True,"baixo desempenho, alta participação",True,
1302603,Manaus,AM,Norte,50.13,61.28,11.15,75.81,0.911,0.908,0.911,critico,True,"baixo desempenho, baixa participação",True,
2907558,Caturama,BA,Nordeste,50.85,57.64,6.79,88.06,0.91,0.911,0.91,critico,True,"baixo desempenho, alta participação",False,
2926400,Riacho de Santana,BA,Nordeste,52.53,54.24,1.71,86.46,0.91,0.908,0.91,critico,True,"baixo desempenho, baixa participação",False,
2910206,Dom Macedo Costa,BA,Nordeste,52.38,80.0,27.62,91.3,0.908,0.911,0.908,critico,True,"baixo desempenho, alta participação",True,
2928703,Santo Antônio de Jesus,BA,Nordeste,40.9,47.64,6.74,82.22,0.908,0.908,0.908,critico,True,"baixo desempenho, baixa participação",False,
2923605,Paramirim,BA,Nordeste,48.94,57.62,8.68,93.38,0.907,0.906,0.907,critico,True,"baixo desempenho, alta participação",True,
2924306,Piatã,BA,Nordeste,45.33,54.27,8.94,81.97,0.907,0.907,0.907,critico,True,"baixo desempenho, baixa participação",True,
2904506,Brotas de Macaúbas,BA,Nordeste,60.98,64.62,3.64,100.0,0.905,0.905,0.905,critico,True,"desempenho médio, alta participação",False,
2911709,Guanambi,BA,Nordeste,46.39,58.8,12.41,95.21,0.905,0.902,0.905,critico,True,"baixo desempenho, alta participação",True,
1721000,Palmas,TO,Norte,56.97,65.61,8.64,76.81,0.905,0.9,0.905,critico,True,"baixo desempenho, baixa participação",True,
2933109,Várzea do Poço,BA,Nordeste,43.64,56.16,12.52,87.3,0.905,0.906,0.905,critico,True,"baixo desempenho, alta participação",True,
2929503,São Sebastião do Passé,BA,Nordeste,46.1,59.74,13.64,87.91,0.904,0.901,0.904,critico,True,"baixo desempenho, alta participação",True,
2908309,Conceição do Almeida,BA,Nordeste,41.18,62.39,21.21,76.12,0.904,0.904,0.904,critico,True,"baixo desempenho, baixa participação",True,
2933307,Vitória da Conquista,BA,Nordeste,42.75,58.3,15.55,91.4,0.904,0.901,0.904,critico,True,"baixo desempenho, alta participação",True,
2926707,Rio de Contas,BA,Nordeste,55.74,60.08,4.34,93.13,0.904,0.903,0.904,critico,True,"baixo desempenho, alta participação",False,
1507755,Sapucaia,PA,Norte,71.84,79.91,8.07,84.85,0.904,0.905,0.904,critico,True,"baixo desempenho, baixa participação",True,
2912301,Ibicuí,BA,Nordeste,50.0,65.8,15.8,93.33,0.904,0.903,0.904,critico,True,"baixo desempenho, alta participação",True,
2904308,Brejões,BA,Nordeste,47.62,62.14,14.52,93.04,0.903,0.903,0.903,critico,True,"baixo desempenho, alta participação",True,
2911857,Heliópolis,BA,Nordeste,36.36,45.96,9.6,70.97,0.902,0.903,0.902,critico,True,"baixo desempenho, baixa participação",True,
2929602,Sapeaçu,BA,Nordeste,64.52,64.4,-0.12,96.88,0.902,0.9,0.902,critico,True,"desempenho médio, alta participação",False,
2908101,Cocos,BA,Nordeste,51.69,58.82,7.13,94.09,0.902,0.9,0.902,critico,True,"baixo desempenho, alta participação",False,
2917607,Jaguaquara,BA,Nordeste,53.7,57.21,3.51,97.05,0.902,0.9,0.902,critico,True,"baixo desempenho, alta participação",False,
2920502,Maracás,BA,Nordeste,43.58,61.46,17.88,77.16,0.899,0.898,0.899,critico,True,"baixo desempenho, baixa participação",True,
1300102,Anori,AM,Norte,77.45,77.19,-0.26,90.43,0.897,0.896,0.897,critico,True,"desempenho médio, alta participação",False,
2918001,Jequié,BA,Nordeste,39.48,51.06,11.58,85.05,0.897,0.897,0.897,critico,True,"baixo desempenho, baixa participação",True,
2925303,Porto Seguro,BA,Nordeste,45.5,57.5,12.0,94.83,0.897,0.896,0.897,critico,True,"baixo desempenho, alta participação",True,
1700350,Aliança do Tocantins,TO,Norte,76.09,80.0,3.91,81.25,0.897,0.895,0.897,critico,True,"baixo desempenho, baixa participação",False,
1302405,Lábrea,AM,Norte,66.7,69.37,2.67,84.62,0.896,0.893,0.896,critico,True,"baixo desempenho, baixa participação",False,
2921104,Medeiros Neto,BA,Nordeste,46.9,60.77,13.87,88.63,0.895,0.894,0.895,critico,True,"baixo desempenho, alta participação",True,
2914604,Irecê,BA,Nordeste,46.83,54.14,7.31,96.77,0.895,0.892,0.895,critico,True,"baixo desempenho, alta participação",True,
2926608,Ribeira do Pombal,BA,Nordeste,40.72,48.37,7.65,90.27,0.891,0.889,0.891,critico,True,"baixo desempenho, alta participação",True,
2931004,Tanhaçu,BA,Nordeste,47.42,65.66,18.24,93.27,0.89,0.889,0.89,critico,True,"baixo desempenho, alta participação",True,
1303205,Novo Airão,AM,Norte,57.09,77.11,20.02,81.48,0.89,0.89,0.89,critico,True,"baixo desempenho, baixa participação",True,
1502202,Capanema,PA,Norte,59.49,67.83,8.34,84.05,0.889,0.887,0.889,critico,True,"baixo desempenho, baixa participação",True,
2925105,Poções,BA,Nordeste,42.93,55.58,12.65,91.53,0.888,0.885,0.888,critico,True,"baixo desempenho, alta participação",True,
2932309,Ubatã,BA,Nordeste,41.9,45.98,4.08,78.95,0.887,0.887,0.887,critico,True,"baixo desempenho, baixa participação",False,
2901304,Andaraí,BA,Nordeste,47.79,56.14,8.35,94.44,0.887,0.887,0.887,critico,True,"baixo desempenho, alta participação",True,
2904001,Boninal,BA,Nordeste,48.96,56.32,7.36,97.96,0.887,0.886,0.887,critico,True,"baixo desempenho, alta participação",True,
2920452,Mansidão,BA,Nordeste,37.29,45.38,8.09,77.63,0.886,0.887,0.886,critico,True,"baixo desempenho, baixa participação",True,
2918704,Lafaiete Coutinho,BA,Nordeste,56.52,71.57,15.05,100.0,0.885,0.887,0.885,critico,True,"baixo desempenho, alta participação",True,
2905008,Caculé,BA,Nordeste,47.96,61.02,13.06,92.02,0.884,0.882,0.884,critico,True,"baixo desempenho, alta participação",True,
1301803,Ipixuna,AM,Norte,63.28,66.47,3.19,80.86,0.883,0.882,0.883,critico,True,"baixo desempenho, baixa participação",False,
2902807,Barra da Estiva,BA,Nordeste,47.17,58.1,10.93,93.64,0.883,0.882,0.883,critico,True,"baixo desempenho, alta participação",True,
1503606,Itaituba,PA,Norte,59.22,67.16,7.94,83.46,0.883,0.883,0.883,critico,True,"baixo desempenho, baixa participação",True,
2910800,Feira de Santana,BA,Nordeste,33.19,46.42,13.23,82.72,0.882,0.877,0.882,critico,True,"baixo desempenho, baixa participação",True,
2114007,Zé Doca,MA,Nordeste,72.3,80.0,7.7,90.87,0.882,0.882,0.882,critico,True,"desempenho médio, alta participação",True,
2922409,Mutuípe,BA,Nordeste,48.92,65.42,16.5,95.21,0.881,0.879,0.881,critico,True,"baixo desempenho, alta participação",True,
2702108,Colônia Leopoldina,AL,Nordeste,73.25,80.0,6.75,93.4,0.881,0.879,0.881,critico,True,"desempenho médio, alta participação",False,
1100122,Ji-Paraná,RO,Norte,72.81,80.0,7.19,87.2,0.88,0.879,0.88,critico,True,"desempenho médio, alta participação",False,
2916856,Itatim,BA,Nordeste,54.22,60.87,6.65,100.0,0.88,0.878,0.88,critico,True,"baixo desempenho, alta participação",False,
2922003,Mucuri,BA,Nordeste,47.96,59.15,11.19,93.33,0.878,0.873,0.878,critico,True,"baixo desempenho, alta participação",True,
2912509,Ibipitanga,BA,Nordeste,46.81,55.69,8.88,93.07,0.878,0.877,0.878,critico,True,"baixo desempenho, alta participação",True,
2910727,Eunápolis,BA,Nordeste,38.37,48.55,10.18,86.48,0.877,0.877,0.877,critico,True,"baixo desempenho, alta participação",True,
1508159,Uruará,PA,Norte,60.84,70.15,9.31,85.56,0.877,0.875,0.877,critico,True,"baixo desempenho, baixa participação",True,
2109403,Primeira Cruz,MA,Nordeste,68.97,76.88,7.91,83.18,0.877,0.879,0.877,critico,True,"baixo desempenho, baixa participação",True,
2918803,Laje,BA,Nordeste,45.45,57.42,11.97,91.67,0.876,0.875,0.876,critico,True,"baixo desempenho, alta participação",True,
2901957,Apuarema,BA,Nordeste,43.24,50.4,7.16,89.16,0.876,0.878,0.876,critico,True,"baixo desempenho, alta participação",False,
2904605,Brumado,BA,Nordeste,42.15,62.01,19.86,91.95,0.876,0.873,0.876,critico,True,"baixo desempenho, alta participação",True,
1508050,Trairão,PA,Norte,62.19,73.69,11.5,85.66,0.874,0.873,0.874,critico,True,"baixo desempenho, baixa participação",True,
2926657,Ribeirão do Largo,BA,Nordeste,52.63,57.87,5.24,92.68,0.874,0.876,0.874,critico,True,"baixo desempenho, alta participação",False,
2919702,Macarani,BA,Nordeste,44.74,59.12,14.38,93.44,0.873,0.872,0.873,critico,True,"baixo desempenho, alta participação",True,
1500800,Ananindeua,PA,Norte,52.74,65.86,13.12,83.1,0.872,0.869,0.872,critico,True,"baixo desempenho, baixa participação",True,
2927903,Santa Inês,BA,Nordeste,47.31,57.93,10.62,95.88,0.872,0.873,0.872,critico,True,"baixo desempenho, alta participação",True,
1501402,Belém,PA,Norte,46.08,58.55,12.47,75.65,0.871,0.869,0.871,critico,True,"baixo desempenho, baixa participação",True,
2930709,Simões Filho,BA,Nordeste,42.14,54.58,12.44,92.9,0.871,0.869,0.871,critico,True,"baixo desempenho, alta participação",True,
2911253,Gavião,BA,Nordeste,47.37,66.81,19.44,90.48,0.869,0.873,0.869,critico,True,"baixo desempenho, alta participação",True,
2903706,Boa Nova,BA,Nordeste,46.51,55.73,9.22,96.27,0.867,0.867,0.867,critico,True,"baixo desempenho, alta participação",True,
2915205,Itagibá,BA,Nordeste,44.21,50.34,6.13,82.61,0.867,0.865,0.867,critico,True,"baixo desempenho, baixa participação",False,
2929107,São Felipe,BA,Nordeste,41.13,56.92,15.79,89.81,0.867,0.866,0.867,critico,True,"baixo desempenho, alta participação",True,
2927309,Salinas da Margarida,BA,Nordeste,45.77,58.26,12.49,94.81,0.865,0.864,0.865,critico,True,"baixo desempenho, alta participação",True,
2924900,Planaltino,BA,Nordeste,42.86,62.35,19.49,87.5,0.865,0.867,0.865,critico,True,"baixo desempenho, alta participação",True,
2921450,Mirante,BA,Nordeste,46.15,61.26,15.11,92.86,0.865,0.866,0.865,critico,True,"baixo desempenho, alta participação",True,
2803005,Itabaianinha,SE,Nordeste,58.61,65.87,7.26,96.95,0.864,0.86,0.864,critico,True,"baixo desempenho, alta participação",True,
1303304,Novo Aripuanã,AM,Norte,50.99,80.0,29.01,75.62,0.863,0.862,0.863,critico,True,"baixo desempenho, baixa participação",True,
2906907,Caravelas,BA,Nordeste,49.78,53.33,3.55,92.21,0.862,0.86,0.862,critico,True,"baixo desempenho, alta participação",False,
1501956,Cachoeira do Piriá,PA,Norte,52.04,58.2,6.16,75.81,0.862,0.862,0.862,critico,True,"baixo desempenho, baixa participação",False,
1302900,Maués,AM,Norte,45.97,61.93,15.96,75.81,0.861,0.86,0.861,critico,True,"baixo desempenho, baixa participação",True,
2900108,Abaíra,BA,Nordeste,42.42,48.51,6.09,89.19,0.86,0.862,0.86,critico,True,"baixo desempenho, alta participação",False,
2903201,Barreiras,BA,Nordeste,36.09,51.14,15.05,83.96,0.859,0.858,0.859,critico,True,"baixo desempenho, baixa participação",True,
2904100,Boquira,BA,Nordeste,32.0,52.26,20.26,80.0,0.859,0.86,0.859,critico,True,"baixo desempenho, baixa participação",True,
2909703,Cristópolis,BA,Nordeste,43.75,55.94,12.19,94.12,0.859,0.859,0.859,critico,True,"baixo desempenho, alta participação",True,
2926301,Riachão do Jacuípe,BA,Nordeste,38.37,51.47,13.1,88.21,0.858,0.856,0.858,critico,True,"baixo desempenho, alta participação",True,
2907509,Catu,BA,Nordeste,39.39,55.19,15.8,95.45,0.858,0.856,0.858,critico,True,"baixo desempenho, alta participação",True,
1301654,Guajará,AM,Norte,54.66,67.73,13.07,80.2,0.858,0.858,0.858,critico,True,"baixo desempenho, baixa participação",True,
2922755,Nova Ibiá,BA,Nordeste,48.98,60.01,11.03,92.45,0.858,0.859,0.858,critico,True,"baixo desempenho, alta participação",True,
2111409,São Luís Gonzaga do Maranhão,MA,Nordeste,70.44,76.38,5.94,88.0,0.856,0.857,0.856,critico,True,"desempenho médio, alta participação",False,
2517407,Zabelê,PB,Nordeste,64.73,80.0,15.27,77.42,0.856,0.862,0.856,critico,True,"baixo desempenho, baixa participação",True,
2917201,Ituaçu,BA,Nordeste,43.98,64.85,20.87,93.63,0.856,0.854,0.856,critico,True,"baixo desempenho, alta participação",True,
2915007,Itaeté,BA,Nordeste,45.45,53.62,8.17,94.83,0.856,0.855,0.856,critico,True,"baixo desempenho, alta participação",True,
2910750,Fátima,BA,Nordeste,49.57,54.5,4.93,96.69,0.856,0.853,0.856,critico,True,"baixo desempenho, alta participação",False,
2105708,Lago da Pedra,MA,Nordeste,79.18,80.0,0.82,92.36,0.855,0.854,0.855,critico,True,"desempenho médio, alta participação",False,
3549201,São João das Duas Pontes,SP,Sudeste,80.0,80.0,0.0,71.43,0.854,0.86,0.854,critico,True,"baixo desempenho, baixa participação",False,
2909604,Crisópolis,BA,Nordeste,43.05,59.99,16.94,94.38,0.854,0.853,0.854,critico,True,"baixo desempenho, alta participação",True,
2916807,Itarantim,BA,Nordeste,41.07,51.29,10.22,86.15,0.854,0.852,0.854,critico,True,"baixo desempenho, alta participação",True,
1506195,Rurópolis,PA,Norte,54.76,65.15,10.39,84.43,0.852,0.853,0.852,critico,True,"baixo desempenho, baixa participação",True,
2900702,Alagoinhas,BA,Nordeste,36.64,47.72,11.08,90.06,0.852,0.851,0.852,critico,True,"baixo desempenho, alta participação",True,
2923803,Paripiranga,BA,Nordeste,39.8,61.04,21.24,92.02,0.852,0.85,0.852,critico,True,"baixo desempenho, alta participação",True,
4106902,Curitiba,PR,Sul,65.96,73.41,7.45,81.41,0.851,0.846,0.851,critico,True,"baixo desempenho, baixa participação",True,
2909802,Cruz das Almas,BA,Nordeste,33.56,48.56,15.0,85.54,0.85,0.848,0.85,critico,True,"baixo desempenho, alta participação",True,
2909406,Cotegipe,BA,Nordeste,41.9,53.23,11.33,92.92,0.849,0.849,0.849,critico,True,"baixo desempenho, alta participação",True,
3507704,Braúna,SP,Sudeste,73.18,80.0,6.82,81.82,0.849,0.853,0.849,critico,True,"baixo desempenho, baixa participação",False,
2905206,Caetité,BA,Nordeste,39.02,59.19,20.17,92.84,0.849,0.847,0.849,critico,True,"baixo desempenho, alta participação",True,
4104808,Cascavel,PR,Sul,74.34,80.0,5.66,84.58,0.849,0.845,0.849,critico,True,"baixo desempenho, baixa participação",False,
1505650,Placas,PA,Norte,55.72,60.41,4.69,73.96,0.848,0.847,0.848,critico,True,"baixo desempenho, baixa participação",False,
1506807,Santarém,PA,Norte,51.29,63.11,11.82,81.48,0.848,0.845,0.848,critico,True,"baixo desempenho, baixa participação",True,
2931202,Taperoá,BA,Nordeste,47.52,51.79,4.27,95.27,0.847,0.846,0.847,critico,True,"baixo desempenho, alta participação",False,
2915601,Itamaraju,BA,Nordeste,37.41,55.62,18.21,90.41,0.846,0.843,0.846,critico,True,"baixo desempenho, alta participação",True,
2107704,Paraibano,MA,Nordeste,74.65,79.18,4.53,90.94,0.845,0.846,0.845,critico,True,"desempenho médio, alta participação",False,
2904803,Caatiba,BA,Nordeste,50.0,58.71,8.71,96.15,0.845,0.847,0.845,critico,True,"baixo desempenho, alta participação",True,
2910107,Dom Basílio,BA,Nordeste,42.74,58.63,15.89,95.38,0.845,0.845,0.845,critico,True,"baixo desempenho, alta participação",True,
2914000,Ipirá,BA,Nordeste,34.46,44.77,10.31,91.41,0.845,0.843,0.845,critico,True,"baixo desempenho, alta participação",True,
2931608,Teolândia,BA,Nordeste,44.76,57.92,13.16,94.7,0.844,0.843,0.844,critico,True,"baixo desempenho, alta participação",True,
2905305,Cafarnaum,BA,Nordeste,30.37,37.2,6.83,75.84,0.844,0.844,0.844,critico,True,"baixo desempenho, baixa participação",False,
2106805,Mirinzal,MA,Nordeste,69.37,80.0,10.63,92.86,0.843,0.845,0.843,critico,True,"baixo desempenho, alta participação",True,
2100402,Altamira do Maranhão,MA,Nordeste,73.02,80.0,6.98,96.3,0.843,0.847,0.843,critico,True,"desempenho médio, alta participação",False,
2514552,São José de Princesa,PB,Nordeste,81.82,80.0,-1.82,84.62,0.843,0.846,0.843,critico,True,"desempenho médio, alta participação",False,
2108900,Poção de Pedras,MA,Nordeste,77.27,80.0,2.73,88.89,0.842,0.843,0.842,critico,True,"desempenho médio, alta participação",False,
2913408,Igaporã,BA,Nordeste,42.57,64.62,22.05,92.66,0.842,0.841,0.842,critico,True,"baixo desempenho, alta participação",True,
2932903,Valença,BA,Nordeste,31.89,45.66,13.77,87.06,0.841,0.838,0.841,critico,True,"baixo desempenho, alta participação",True,
2911303,Gentio do Ouro,BA,Nordeste,54.32,56.33,2.01,98.78,0.841,0.841,0.841,critico,True,"desempenho médio, alta participação",False,
1506708,Santana do Araguaia,PA,Norte,58.51,62.85,4.34,82.62,0.841,0.838,0.841,critico,True,"baixo desempenho, baixa participação",False,
2920908,Mascote,BA,Nordeste,26.73,37.88,11.15,73.19,0.84,0.842,0.84,critico,True,"baixo desempenho, baixa participação",True,
2906857,Capela do Alto Alegre,BA,Nordeste,45.45,49.53,4.08,90.41,0.839,0.839,0.839,critico,True,"baixo desempenho, alta participação",False,
2923506,Palmeiras,BA,Nordeste,40.45,55.38,14.93,89.9,0.839,0.841,0.839,critico,True,"baixo desempenho, alta participação",True,
1505908,Porto de Moz,PA,Norte,81.16,74.82,-6.34,88.84,0.838,0.834,0.838,critico,True,"alto desempenho, alta participação",False,
2914802,Itabuna,BA,Nordeste,29.75,46.12,16.37,85.26,0.838,0.836,0.838,critico,True,"baixo desempenho, alta participação",True,
1303403,Parintins,AM,Norte,51.36,61.06,9.7,86.29,0.837,0.838,0.837,critico,True,"baixo desempenho, alta participação",True,
1504422,Marituba,PA,Norte,48.97,64.73,15.76,78.3,0.837,0.838,0.837,critico,True,"baixo desempenho, baixa participação",True,
2910057,Dias d'Ávila,BA,Nordeste,32.25,49.24,16.99,86.05,0.837,0.833,0.837,critico,True,"baixo desempenho, alta participação",True,
2924801,Piritiba,BA,Nordeste,40.58,54.9,14.32,95.17,0.837,0.835,0.837,critico,True,"baixo desempenho, alta participação",True,
2929909,Seabra,BA,Nordeste,34.98,58.86,23.88,85.65,0.836,0.832,0.836,critico,True,"baixo desempenho, alta participação",True,
1716109,Paraíso do Tocantins,TO,Norte,63.45,66.87,3.42,86.3,0.836,0.829,0.836,critico,True,"desempenho médio, alta participação",False,
2933406,Wagner,BA,Nordeste,45.0,62.1,17.1,96.15,0.836,0.837,0.836,critico,True,"baixo desempenho, alta participação",True,
1504208,Marabá,PA,Norte,50.68,60.77,10.09,79.12,0.836,0.833,0.836,critico,True,"baixo desempenho, baixa participação",True,
2210359,São Lourenço do Piauí,PI,Nordeste,73.08,80.0,6.92,89.66,0.836,0.838,0.836,critico,True,"desempenho médio, alta participação",False,
4318408,São Jerônimo,RS,Sul,71.9,80.0,8.1,82.05,0.981,0.836,0.836,critico,True,"baixo desempenho, baixa participação",True,score sem o choque das enchentes de 2024
1100924,Chupinguaia,RO,Norte,71.99,80.0,8.01,86.19,0.835,0.835,0.835,critico,True,"desempenho médio, alta participação",True,
2926806,Rio do Antônio,BA,Nordeste,43.82,68.18,24.36,97.8,0.835,0.834,0.835,critico,True,"baixo desempenho, alta participação",True,
2908507,Conceição do Jacuípe,BA,Nordeste,37.5,48.3,10.8,78.49,0.835,0.83,0.835,critico,True,"baixo desempenho, baixa participação",True,
2914406,Iraquara,BA,Nordeste,44.24,51.82,7.58,94.39,0.834,0.83,0.834,critico,True,"baixo desempenho, alta participação",True,
2910776,Feira da Mata,BA,Nordeste,45.45,63.66,18.21,95.65,0.834,0.837,0.834,critico,True,"baixo desempenho, alta participação",True,
1300060,Amaturá,AM,Norte,64.58,68.27,3.69,93.12,0.833,0.834,0.833,critico,True,"desempenho médio, alta participação",False,
1506187,Rondon do Pará,PA,Norte,68.8,66.61,-2.19,85.45,0.833,0.831,0.833,critico,True,"desempenho médio, alta participação",False,
2929750,Saubara,BA,Nordeste,52.63,54.98,2.35,93.83,0.832,0.831,0.832,critico,True,"baixo desempenho, alta participação",False,
2928604,Santo Amaro,BA,Nordeste,36.96,55.44,18.48,92.07,0.832,0.829,0.832,critico,True,"baixo desempenho, alta participação",True,
1508126,Ulianópolis,PA,Norte,61.52,67.67,6.15,91.73,0.831,0.828,0.831,critico,True,"desempenho médio, alta participação",False,
1507979,Terra Santa,PA,Norte,65.58,73.61,8.03,93.71,0.83,0.828,0.83,critico,True,"desempenho médio, alta participação",True,
2921302,Milagres,BA,Nordeste,46.05,47.96,1.91,87.36,0.83,0.83,0.83,critico,True,"baixo desempenho, alta participação",False,
2933208,Vera Cruz,BA,Nordeste,38.27,52.02,13.75,92.47,0.83,0.825,0.83,critico,True,"baixo desempenho, alta participação",True,
2111722,Satubinha,MA,Nordeste,79.32,80.0,0.68,87.32,0.829,0.83,0.829,critico,True,"desempenho médio, alta participação",False,
1505007,Nova Timboteua,PA,Norte,51.68,59.99,8.31,80.54,0.828,0.83,0.828,critico,True,"baixo desempenho, baixa participação",True,
2101103,Axixá,MA,Nordeste,71.88,80.0,8.12,93.46,0.828,0.83,0.828,critico,True,"desempenho médio, alta participação",True,
3306156,Varre-Sai,RJ,Sudeste,82.96,80.0,-2.96,81.08,0.828,0.83,0.828,critico,True,"desempenho médio, alta participação",False,
2906006,Campo Formoso,BA,Nordeste,39.03,50.23,11.2,95.83,0.828,0.823,0.828,critico,True,"baixo desempenho, alta participação",True,
1200401,Rio Branco,AC,Norte,55.64,60.34,4.7,81.03,0.827,0.818,0.827,critico,True,"baixo desempenho, baixa participação",False,UF sem historico no treino: avaliado so pelas demais variaveis
2110500,São Bento,MA,Nordeste,79.26,80.0,0.74,91.15,0.827,0.824,0.827,critico,True,"desempenho médio, alta participação",False,
2918902,Lajedão,BA,Nordeste,48.28,65.43,17.15,96.67,0.826,0.829,0.826,critico,True,"baixo desempenho, alta participação",True,
2910008,Dário Meira,BA,Nordeste,41.07,51.02,9.95,92.56,0.826,0.826,0.826,critico,True,"baixo desempenho, alta participação",True,
2933000,Valente,BA,Nordeste,37.25,46.64,9.39,91.07,0.825,0.824,0.825,critico,True,"baixo desempenho, alta participação",True,
1506138,Redenção,PA,Norte,58.25,63.21,4.96,87.45,0.825,0.821,0.825,critico,True,"baixo desempenho, alta participação",False,
2906501,Candeias,BA,Nordeste,36.67,46.98,10.31,89.47,0.825,0.819,0.825,critico,True,"baixo desempenho, alta participação",True,
2931350,Teixeira de Freitas,BA,Nordeste,35.04,61.04,26.0,91.99,0.825,0.823,0.825,critico,True,"baixo desempenho, alta participação",True,
2925956,Rafael Jambeiro,BA,Nordeste,33.53,58.68,25.15,83.57,0.823,0.823,0.823,critico,True,"baixo desempenho, alta participação",True,
2923357,Ourolândia,BA,Nordeste,34.04,38.2,4.16,75.81,0.823,0.822,0.823,critico,True,"baixo desempenho, baixa participação",False,
1505502,Paragominas,PA,Norte,56.72,68.12,11.4,88.44,0.823,0.823,0.823,critico,True,"baixo desempenho, alta participação",True,
2912400,Ibipeba,BA,Nordeste,36.88,44.62,7.74,89.39,0.823,0.822,0.823,critico,True,"baixo desempenho, alta participação",True,
3546801,Santa Isabel,SP,Sudeste,67.17,74.63,7.46,88.15,0.822,0.819,0.822,critico,True,"desempenho médio, alta participação",True,
4115200,Maringá,PR,Sul,78.37,80.0,1.63,83.93,0.821,0.815,0.821,critico,True,"desempenho médio, alta participação",False,
1300144,Apuí,AM,Norte,49.25,64.37,15.12,77.96,0.821,0.821,0.821,critico,True,"baixo desempenho, baixa participação",True,
2917706,Jaguarari,BA,Nordeste,40.77,45.26,4.49,87.59,0.82,0.816,0.82,critico,True,"baixo desempenho, alta participação",False,
2920403,Manoel Vitorino,BA,Nordeste,41.67,52.32,10.65,97.56,0.819,0.819,0.819,critico,True,"baixo desempenho, alta participação",True,
3302403,Macaé,RJ,Sudeste,59.46,66.41,6.95,78.04,0.819,0.818,0.819,critico,True,"baixo desempenho, baixa participação",False,
2105351,Itaipava do Grajaú,MA,Nordeste,72.99,80.0,7.01,98.18,0.819,0.82,0.819,critico,True,"desempenho médio, alta participação",False,
2913705,Inhambupe,BA,Nordeste,30.13,44.36,14.23,80.92,0.818,0.815,0.818,critico,True,"baixo desempenho, baixa participação",True,
2921054,Matina,BA,Nordeste,42.52,53.91,11.39,96.21,0.818,0.819,0.818,critico,True,"baixo desempenho, alta participação",True,
4118501,Pato Branco,PR,Sul,71.14,78.74,7.6,85.2,0.818,0.813,0.818,critico,True,"baixo desempenho, baixa participação",True,
3515350,Euclides da Cunha Paulista,SP,Sudeste,69.86,77.18,7.32,86.3,0.818,0.82,0.818,critico,True,"desempenho médio, alta participação",True,
2932002,Uauá,BA,Nordeste,40.28,56.24,15.96,96.43,0.817,0.815,0.817,critico,True,"baixo desempenho, alta participação",True,
2932101,Ubaíra,BA,Nordeste,38.93,57.97,19.04,94.24,0.817,0.815,0.817,critico,True,"baixo desempenho, alta participação",True,
2112852,Vila Nova dos Martírios,MA,Nordeste,74.55,80.0,5.45,93.82,0.816,0.817,0.816,critico,True,"desempenho médio, alta participação",False,
2905701,Camaçari,BA,Nordeste,36.56,47.7,11.14,92.03,0.816,0.809,0.816,critico,True,"baixo desempenho, alta participação",True,
2908408,Conceição do Coité,BA,Nordeste,30.94,43.58,12.64,87.8,0.816,0.813,0.816,critico,True,"baixo desempenho, alta participação",True,
2515203,São Sebastião do Umbuzeiro,PB,Nordeste,69.29,80.0,10.71,94.29,0.816,0.82,0.816,critico,True,"baixo desempenho, alta participação",True,
2919306,Lençóis,BA,Nordeste,37.66,49.76,12.1,85.56,0.816,0.816,0.816,critico,True,"baixo desempenho, alta participação",True,
2919207,Lauro de Freitas,BA,Nordeste,28.75,44.48,15.73,84.66,0.815,0.813,0.815,critico,True,"baixo desempenho, alta participação",True,
1505031,Novo Progresso,PA,Norte,56.8,67.45,10.65,82.77,0.815,0.813,0.815,critico,True,"baixo desempenho, baixa participação",True,
2930766,Sítio do Quinto,BA,Nordeste,42.47,55.61,13.14,97.33,0.815,0.816,0.815,critico,True,"baixo desempenho, alta participação",True,
2100204,Alcântara,MA,Nordeste,70.97,75.46,4.49,90.16,0.814,0.815,0.814,critico,True,"desempenho médio, alta participação",False,
2907806,Cícero Dantas,BA,Nordeste,36.31,45.57,9.26,87.22,0.813,0.81,0.813,critico,True,"baixo desempenho, alta participação",True,
2904407,Brejolândia,BA,Nordeste,40.43,53.46,13.03,94.0,0.812,0.813,0.812,critico,True,"baixo desempenho, alta participação",True,
1505064,Novo Repartimento,PA,Norte,47.88,63.57,15.69,80.52,0.812,0.81,0.812,critico,True,"baixo desempenho, baixa participação",True,
2906709,Cândido Sales,BA,Nordeste,30.86,51.24,20.38,80.2,0.812,0.811,0.812,critico,True,"baixo desempenho, baixa participação",True,
2900355,Adustina,BA,Nordeste,42.45,56.06,13.61,95.86,0.812,0.81,0.812,critico,True,"baixo desempenho, alta participação",True,
2919504,Livramento de Nossa Senhora,BA,Nordeste,38.06,51.48,13.42,95.26,0.812,0.807,0.812,critico,True,"baixo desempenho, alta participação",True,
4308250,Floriano Peixoto,RS,Sul,71.4,80.0,8.6,70.0,0.976,0.809,0.809,critico,True,"baixo desempenho, baixa participação",True,score sem o choque das enchentes de 2024
2516607,Tavares,PB,Nordeste,67.47,76.69,9.22,90.59,0.809,0.807,0.809,critico,True,"desempenho médio, alta participação",True,
1505536,Parauapebas,PA,Norte,49.49,62.71,13.22,73.8,0.809,0.805,0.809,critico,True,"baixo desempenho, baixa participação",True,
1302702,Manicoré,AM,Norte,57.02,60.98,3.96,91.64,0.808,0.806,0.808,critico,True,"baixo desempenho, alta participação",False,
2913804,Ipecaetá,BA,Nordeste,46.51,48.71,2.2,94.51,0.808,0.808,0.808,critico,True,"baixo desempenho, alta participação",False,
1100098,Espigão D'Oeste,RO,Norte,71.16,80.0,8.84,90.38,0.807,0.803,0.807,critico,True,"desempenho médio, alta participação",True,
2930907,Tabocas do Brejo Velho,BA,Nordeste,43.31,49.5,6.19,96.21,0.806,0.805,0.806,critico,True,"baixo desempenho, alta participação",False,
1501501,Benevides,PA,Norte,65.29,66.89,1.6,92.2,0.806,0.802,0.806,critico,True,"desempenho médio, alta participação",False,
4113700,Londrina,PR,Sul,72.99,75.74,2.75,83.86,0.806,0.798,0.806,critico,True,"baixo desempenho, baixa participação",False,
1718402,Presidente Kennedy,TO,Norte,57.83,72.77,14.94,88.24,0.806,0.808,0.806,critico,True,"baixo desempenho, alta participação",True,
2911204,Gandu,BA,Nordeste,47.2,47.47,0.27,90.3,0.805,0.801,0.805,critico,True,"baixo desempenho, alta participação",False,
3302205,Itaperuna,RJ,Sudeste,65.26,72.22,6.96,89.22,0.805,0.809,0.805,critico,True,"desempenho médio, alta participação",False,
2924603,Pindobaçu,BA,Nordeste,39.19,48.19,9.0,98.23,0.805,0.804,0.805,critico,True,"baixo desempenho, alta participação",True,
2919553,Luís Eduardo Magalhães,BA,Nordeste,35.72,44.29,8.57,91.05,0.805,0.798,0.805,critico,True,"baixo desempenho, alta participação",True,
2901106,Amélia Rodrigues,BA,Nordeste,47.14,50.77,3.63,99.29,0.804,0.801,0.804,critico,True,"baixo desempenho, alta participação",False,
2928901,São Desidério,BA,Nordeste,54.07,56.06,1.99,96.85,0.804,0.795,0.804,critico,True,"desempenho médio, alta participação",False,
1200500,Sena Madureira,AC,Norte,64.83,67.71,2.88,86.6,0.803,0.794,0.803,critico,True,"desempenho médio, alta participação",False,UF sem historico no treino: avaliado so pelas demais variaveis
2916609,Itapitanga,BA,Nordeste,36.62,45.64,9.02,94.67,0.802,0.804,0.802,critico,True,"baixo desempenho, alta participação",True,
2923209,Oliveira dos Brejinhos,BA,Nordeste,39.29,51.24,11.95,95.61,0.802,0.8,0.802,critico,True,"baixo desempenho, alta participação",True,
1501451,Belterra,PA,Norte,57.61,66.91,9.3,87.56,0.802,0.802,0.802,critico,True,"baixo desempenho, alta participação",True,
2908002,Coaraci,BA,Nordeste,39.13,50.58,11.45,95.04,0.802,0.8,0.802,critico,True,"baixo desempenho, alta participação",True,
2921203,Miguel Calmon,BA,Nordeste,36.96,58.25,21.29,95.34,0.801,0.799,0.801,critico,True,"baixo desempenho, alta participação",True,
1503457,Ipixuna do Pará,PA,Norte,42.95,52.44,9.49,78.1,0.8,0.801,0.8,critico,True,"baixo desempenho, baixa participação",True,
2902708,Barra,BA,Nordeste,28.48,42.06,13.58,88.27,0.8,0.8,0.8,critico,True,"baixo desempenho, alta participação",True,
2903904,Bom Jesus da Lapa,BA,Nordeste,34.55,47.96,13.41,94.99,0.8,0.797,0.8,critico,True,"baixo desempenho, alta participação",True,
2924009,Paulo Afonso,BA,Nordeste,30.51,40.21,9.7,84.89,0.8,0.8,0.8,critico,True,"baixo desempenho, alta participação",True,
4203006,Caçador,SC,Sul,65.51,73.04,7.53,72.42,0.8,0.792,0.8,critico,True,"baixo desempenho, baixa participação",True,
2104503,Governador Archer,MA,Nordeste,78.21,80.0,1.79,92.08,0.8,0.802,0.8,critico,True,"desempenho médio, alta participação",False,
2902500,Baianópolis,BA,Nordeste,35.92,52.55,16.63,88.75,0.799,0.799,0.799,critico,True,"baixo desempenho, alta participação",True,
2933505,Wenceslau Guimarães,BA,Nordeste,31.17,51.45,20.28,78.17,0.799,0.798,0.799,critico,True,"baixo desempenho, baixa participação",True,
1500131,Abel Figueiredo,PA,Norte,54.88,66.38,11.5,83.78,0.798,0.803,0.798,critico,True,"baixo desempenho, baixa participação",True,
3305901,Trajano de Moraes,RJ,Sudeste,79.23,78.06,-1.17,83.56,0.798,0.801,0.798,critico,True,"desempenho médio, alta participação",False,
2924652,Pintadas,BA,Nordeste,55.7,56.24,0.54,98.75,0.798,0.797,0.798,critico,True,"desempenho médio, alta participação",False,
3303906,Petrópolis,RJ,Sudeste,64.81,68.17,3.36,83.77,0.797,0.795,0.797,critico,True,"baixo desempenho, baixa participação",False,
2929255,São Gabriel,BA,Nordeste,33.54,47.41,13.87,88.27,0.796,0.795,0.796,critico,True,"baixo desempenho, alta participação",True,
4118402,Paranavaí,PR,Sul,74.3,80.0,5.7,89.31,0.795,0.789,0.795,critico,True,"desempenho médio, alta participação",False,
2501203,Areial,PB,Nordeste,70.75,80.0,9.25,94.39,0.795,0.795,0.795,critico,True,"desempenho médio, alta participação",True,
2910701,Euclides da Cunha,BA,Nordeste,32.37,47.32,14.95,93.29,0.794,0.792,0.794,critico,True,"baixo desempenho, alta participação",True,
1200013,Acrelândia,AC,Norte,59.69,63.6,3.91,76.92,0.794,0.789,0.794,critico,True,"baixo desempenho, baixa participação",False,UF sem historico no treino: avaliado so pelas demais variaveis
2923001,Nova Viçosa,BA,Nordeste,37.21,64.09,26.88,94.87,0.794,0.789,0.794,critico,True,"baixo desempenho, alta participação",True,
2930402,Serra Preta,BA,Nordeste,36.67,46.32,9.65,94.74,0.794,0.794,0.794,critico,True,"baixo desempenho, alta participação",True,
2928059,Santa Luzia,BA,Nordeste,28.42,47.63,19.21,82.61,0.794,0.796,0.794,critico,True,"baixo desempenho, baixa participação",True,
2917508,Jacobina,BA,Nordeste,28.49,45.4,16.91,86.38,0.793,0.79,0.793,critico,True,"baixo desempenho, alta participação",True,
2102002,Bom Jardim,MA,Nordeste,69.64,80.0,10.36,96.69,0.793,0.79,0.793,critico,True,"desempenho médio, alta participação",True,
1504455,Medicilândia,PA,Norte,48.44,59.08,10.64,74.68,0.793,0.791,0.793,critico,True,"baixo desempenho, baixa participação",True,
3303401,Nova Friburgo,RJ,Sudeste,68.84,70.0,1.16,84.85,0.793,0.794,0.793,critico,True,"desempenho médio, alta participação",False,
2906600,Candiba,BA,Nordeste,41.67,57.5,15.83,97.56,0.793,0.792,0.793,critico,True,"baixo desempenho, alta participação",True,
2701407,Campo Alegre,AL,Nordeste,67.45,70.13,2.68,96.82,0.792,0.789,0.792,critico,True,"desempenho médio, alta participação",False,
2807204,Siriri,SE,Nordeste,52.4,57.74,5.34,87.65,0.792,0.793,0.792,critico,True,"baixo desempenho, alta participação",False,
2931301,Tapiramutá,BA,Nordeste,41.82,47.31,5.49,95.65,0.791,0.79,0.791,critico,True,"baixo desempenho, alta participação",False,
2931806,Tremedal,BA,Nordeste,42.86,59.42,16.56,98.72,0.791,0.79,0.791,critico,True,"baixo desempenho, alta participação",True,
4215075,Riqueza,SC,Sul,72.07,80.0,7.93,72.22,0.791,0.792,0.791,critico,True,"baixo desempenho, baixa participação",True,
3514502,Duartina,SP,Sudeste,77.0,80.0,3.0,88.0,0.79,0.79,0.79,critico,True,"desempenho médio, alta participação",False,
2902609,Baixa Grande,BA,Nordeste,36.78,49.85,13.07,89.69,0.79,0.789,0.79,critico,True,"baixo desempenho, alta participação",True,
2918407,Juazeiro,BA,Nordeste,29.31,45.77,16.46,91.19,0.79,0.787,0.79,critico,True,"baixo desempenho, alta participação",True,
2916401,Itapetinga,BA,Nordeste,32.22,52.38,20.16,92.75,0.79,0.786,0.79,critico,True,"baixo desempenho, alta participação",True,
2806701,São Cristóvão,SE,Nordeste,68.53,63.75,-4.78,97.14,0.79,0.782,0.79,critico,True,"desempenho médio, alta participação",False,
2922201,Muniz Ferreira,BA,Nordeste,41.27,56.93,15.66,98.44,0.79,0.792,0.79,critico,True,"baixo desempenho, alta participação",True,
1301001,Carauari,AM,Norte,49.19,57.96,8.77,85.9,0.79,0.788,0.79,critico,True,"baixo desempenho, baixa participação",True,
2909208,Coronel João Sá,BA,Nordeste,36.04,43.69,7.65,93.28,0.79,0.789,0.79,critico,True,"baixo desempenho, alta participação",True,
2104552,Governador Edison Lobão,MA,Nordeste,67.46,80.0,12.54,91.62,0.789,0.789,0.789,critico,True,"baixo desempenho, alta participação",True,
2110104,Santa Quitéria do Maranhão,MA,Nordeste,80.19,80.0,-0.19,95.94,0.789,0.788,0.789,critico,True,"desempenho médio, alta participação",False,
2928802,Santo Estêvão,BA,Nordeste,31.86,46.98,15.12,92.75,0.789,0.787,0.789,critico,True,"baixo desempenho, alta participação",True,
2932606,Urandi,BA,Nordeste,40.54,66.0,25.46,96.73,0.789,0.787,0.789,critico,True,"baixo desempenho, alta participação",True,
1302108,Japurá,AM,Norte,91.93,78.1,-13.83,80.21,0.788,0.793,0.788,critico,True,"alto desempenho, alta participação",False,
1101104,Itapuã do Oeste,RO,Norte,70.62,80.0,9.38,90.4,0.788,0.789,0.788,critico,True,"desempenho médio, alta participação",True,
3304524,Rio das Ostras,RJ,Sudeste,68.67,70.35,1.68,83.2,0.788,0.789,0.788,critico,True,"baixo desempenho, baixa participação",False,
2100154,Água Doce do Maranhão,MA,Nordeste,63.75,71.33,7.58,85.61,0.788,0.791,0.788,critico,True,"baixo desempenho, baixa participação",True,
2914901,Itacaré,BA,Nordeste,31.19,46.71,15.52,85.83,0.788,0.785,0.788,critico,True,"baixo desempenho, alta participação",True,
3503505,Areias,SP,Sudeste,56.95,66.17,9.22,81.08,0.788,0.797,0.788,critico,True,"baixo desempenho, baixa participação",True,
4214607,Rio do Oeste,SC,Sul,70.6,80.0,9.4,72.5,0.787,0.787,0.787,critico,True,"baixo desempenho, baixa participação",True,
1100940,Cujubim,RO,Norte,67.6,78.22,10.62,89.97,0.787,0.785,0.787,critico,True,"baixo desempenho, alta participação",True,
4101507,Arapongas,PR,Sul,70.97,77.18,6.21,86.89,0.787,0.786,0.787,critico,True,"desempenho médio, alta participação",False,
4108403,Francisco Beltrão,PR,Sul,76.41,79.76,3.35,87.85,0.787,0.78,0.787,critico,True,"desempenho médio, alta participação",False,
3539202,Pirapozinho,SP,Sudeste,69.44,76.56,7.12,87.12,0.785,0.781,0.785,critico,True,"desempenho médio, alta participação",False,
2101608,Barra do Corda,MA,Nordeste,64.05,70.11,6.06,93.88,0.784,0.781,0.784,critico,True,"desempenho médio, alta participação",False,
2919959,Maetinga,BA,Nordeste,47.37,67.15,19.78,100.0,0.783,0.789,0.783,critico,True,"baixo desempenho, alta participação",True,
2202075,Cajazeiras do Piauí,PI,Nordeste,75.0,80.0,5.0,100.0,0.782,0.786,0.782,critico,True,"desempenho médio, alta participação",False,
2923407,Palmas de Monte Alto,BA,Nordeste,35.76,56.65,20.89,93.21,0.782,0.781,0.782,critico,True,"baixo desempenho, alta participação",True,
2413557,Serrinha dos Pintos,RN,Nordeste,62.68,64.8,2.12,87.5,0.782,0.783,0.782,critico,True,"desempenho médio, alta participação",False,
2927002,Rio Real,BA,Nordeste,33.21,53.38,20.17,86.45,0.782,0.776,0.782,critico,True,"baixo desempenho, alta participação",True,
3556354,Vargem,SP,Sudeste,65.34,76.13,10.79,85.15,0.781,0.783,0.781,critico,True,"baixo desempenho, baixa participação",True,
1500859,Anapu,PA,Norte,48.45,58.92,10.47,77.37,0.781,0.78,0.781,critico,True,"baixo desempenho, baixa participação",True,
2921401,Mirangaba,BA,Nordeste,29.41,47.84,18.43,82.07,0.781,0.781,0.781,critico,True,"baixo desempenho, baixa participação",True,
2927705,Santa Cruz Cabrália,BA,Nordeste,37.36,52.99,15.63,93.57,0.781,0.777,0.781,critico,True,"baixo desempenho, alta participação",True,
3300704,Cabo Frio,RJ,Sudeste,55.08,62.89,7.81,75.94,0.781,0.781,0.781,critico,True,"baixo desempenho, baixa participação",True,
2201606,Beneditinos,PI,Nordeste,68.49,78.29,9.8,95.69,0.78,0.78,0.78,critico,True,"desempenho médio, alta participação",True,
2928109,Santa Maria da Vitória,BA,Nordeste,26.29,46.72,20.43,79.68,0.78,0.777,0.78,critico,True,"baixo desempenho, baixa participação",True,
2905156,Caetanos,BA,Nordeste,46.43,40.28,-6.15,75.68,0.779,0.78,0.779,critico,True,"baixo desempenho, baixa participação",False,
1303007,Nhamundá,AM,Norte,57.1,69.59,12.49,97.67,0.778,0.776,0.778,critico,True,"baixo desempenho, alta participação",True,
1200351,Marechal Thaumaturgo,AC,Norte,62.82,66.11,3.29,83.95,0.778,0.771,0.778,critico,True,"baixo desempenho, baixa participação",False,UF sem historico no treino: avaliado so pelas demais variaveis
2919058,Lajedo do Tabocal,BA,Nordeste,43.1,63.21,20.11,98.31,0.778,0.779,0.778,critico,True,"baixo desempenho, alta participação",True,
1711506,Jaú do Tocantins,TO,Norte,62.32,67.22,4.9,84.21,0.778,0.778,0.778,critico,True,"baixo desempenho, baixa participação",False,
2928208,Santana,BA,Nordeste,38.7,44.72,6.02,93.5,0.777,0.774,0.777,critico,True,"baixo desempenho, alta participação",False,
2110609,São Bernardo,MA,Nordeste,67.87,76.12,8.25,97.87,0.776,0.775,0.776,critico,True,"desempenho médio, alta participação",True,
4101408,Apucarana,PR,Sul,78.78,80.0,1.22,87.77,0.776,0.775,0.776,critico,True,"desempenho médio, alta participação",False,
3532702,Nipoã,SP,Sudeste,80.24,80.0,-0.24,81.43,0.776,0.78,0.776,critico,True,"baixo desempenho, baixa participação",False,
4103701,Cambé,PR,Sul,76.35,79.37,3.02,86.82,0.776,0.775,0.776,critico,True,"desempenho médio, alta participação",False,
2904902,Cachoeira,BA,Nordeste,33.06,40.27,7.21,89.63,0.775,0.772,0.775,critico,True,"baixo desempenho, alta participação",False,
4128203,União da Vitória,PR,Sul,73.17,76.47,3.3,86.44,0.775,0.772,0.775,critico,True,"desempenho médio, alta participação",False,
2933174,Varzedo,BA,Nordeste,40.0,55.67,15.67,97.22,0.775,0.777,0.775,critico,True,"baixo desempenho, alta participação",True,
2511004,Pedra Branca,PB,Nordeste,69.89,80.0,10.11,88.89,0.775,0.779,0.775,critico,True,"desempenho médio, alta participação",True,
4108304,Foz do Iguaçu,PR,Sul,72.01,75.15,3.14,81.31,0.775,0.77,0.775,critico,True,"baixo desempenho, baixa participação",False,
2111201,São José de Ribamar,MA,Nordeste,56.58,68.0,11.42,86.08,0.775,0.776,0.775,critico,True,"baixo desempenho, baixa participação",True,
2409209,Passagem,RN,Nordeste,50.69,57.99,7.3,75.0,0.775,0.779,0.775,critico,True,"baixo desempenho, baixa participação",True,
2932200,Ubaitaba,BA,Nordeste,31.13,44.61,13.48,86.29,0.775,0.774,0.775,critico,True,"baixo desempenho, alta participação",True,
2912905,Ibirataia,BA,Nordeste,37.44,47.09,9.65,94.2,0.775,0.774,0.775,critico,True,"baixo desempenho, alta participação",True,
2901502,Anguera,BA,Nordeste,55.95,51.72,-4.23,98.82,0.774,0.774,0.774,critico,True,"desempenho médio, alta participação",False,
4321626,Travesseiro,RS,Sul,67.8,80.0,12.2,73.08,0.97,0.773,0.773,critico,True,"baixo desempenho, baixa participação",True,score sem o choque das enchentes de 2024
1502954,Eldorado do Carajás,PA,Norte,50.59,61.74,11.15,85.38,0.773,0.771,0.773,critico,True,"baixo desempenho, baixa participação",True,
1301704,Humaitá,AM,Norte,57.23,59.95,2.72,92.76,0.772,0.769,0.772,critico,True,"desempenho médio, alta participação",False,
1300706,Boca do Acre,AM,Norte,44.78,65.9,21.12,77.91,0.772,0.769,0.772,critico,True,"baixo desempenho, baixa participação",True,
2905909,Campo Alegre de Lourdes,BA,Nordeste,28.04,50.15,22.11,82.89,0.772,0.771,0.772,critico,True,"baixo desempenho, baixa participação",True,
2931509,Teofilândia,BA,Nordeste,29.57,43.13,13.56,88.57,0.772,0.772,0.772,critico,True,"baixo desempenho, alta participação",True,
2901155,América Dourada,BA,Nordeste,43.23,46.6,3.37,96.97,0.771,0.77,0.771,critico,True,"baixo desempenho, alta participação",False,
1508001,Tomé-Açu,PA,Norte,49.49,58.39,8.9,88.26,0.771,0.769,0.771,critico,True,"baixo desempenho, alta participação",True,
1502939,Dom Eliseu,PA,Norte,69.24,66.05,-3.19,92.22,0.77,0.766,0.77,critico,True,"desempenho médio, alta participação",False,
2925907,Quijingue,BA,Nordeste,34.85,51.51,16.66,97.06,0.77,0.768,0.77,critico,True,"baixo desempenho, alta participação",True,
2903409,Belmonte,BA,Nordeste,33.93,49.47,15.54,90.32,0.77,0.768,0.77,critico,True,"baixo desempenho, alta participação",True,
3303609,Paracambi,RJ,Sudeste,69.98,69.35,-0.63,85.75,0.768,0.769,0.768,critico,True,"desempenho médio, alta participação",False,
3304557,Rio de Janeiro,RJ,Sudeste,63.75,63.97,0.22,86.99,0.768,0.757,0.768,critico,True,"desempenho médio, alta participação",False,
2104677,Governador Nunes Freire,MA,Nordeste,60.92,77.35,16.43,86.73,0.768,0.768,0.768,critico,True,"baixo desempenho, alta participação",True,
2705903,Olho d'Água Grande,AL,Nordeste,82.14,80.0,-2.14,100.0,0.767,0.769,0.767,critico,True,"desempenho médio, alta participação",False,
2912103,Ibicaraí,BA,Nordeste,37.95,45.54,7.59,97.08,0.767,0.765,0.767,critico,True,"baixo desempenho, alta participação",True,
1506302,Salvaterra,PA,Norte,49.47,61.11,11.64,84.89,0.766,0.767,0.766,critico,True,"baixo desempenho, baixa participação",True,
2408003,Mossoró,RN,Nordeste,45.41,51.21,5.8,80.69,0.766,0.758,0.766,critico,True,"baixo desempenho, baixa participação",False,
2923308,Ouriçangas,BA,Nordeste,50.59,49.58,-1.01,94.44,0.766,0.767,0.766,critico,True,"desempenho médio, alta participação",False,
5004007,Glória de Dourados,MS,Centro-Oeste,73.2,79.23,6.03,90.91,0.766,0.767,0.766,critico,True,"desempenho médio, alta participação",False,
2930006,Sebastião Laranjeiras,BA,Nordeste,42.37,65.86,23.49,100.0,0.766,0.766,0.766,critico,True,"baixo desempenho, alta participação",True,
2107100,Morros,MA,Nordeste,66.98,80.0,13.02,92.28,0.765,0.766,0.765,critico,True,"baixo desempenho, alta participação",True,
2906899,Caraíbas,BA,Nordeste,35.56,57.41,21.85,91.84,0.765,0.768,0.765,critico,True,"baixo desempenho, alta participação",True,
2201945,Boqueirão do Piauí,PI,Nordeste,77.1,80.0,2.9,95.45,0.765,0.766,0.765,critico,True,"desempenho médio, alta participação",False,
2915502,Itajuípe,BA,Nordeste,34.09,48.35,14.26,92.63,0.765,0.764,0.765,critico,True,"baixo desempenho, alta participação",True,
3305802,Teresópolis,RJ,Sudeste,64.17,66.32,2.15,82.71,0.765,0.766,0.765,critico,True,"baixo desempenho, baixa participação",False,
1101401,Monte Negro,RO,Norte,69.92,74.6,4.68,90.53,0.765,0.763,0.765,critico,True,"desempenho médio, alta participação",False,
2919801,Macaúbas,BA,Nordeste,31.5,55.21,23.71,97.15,0.764,0.763,0.764,critico,True,"baixo desempenho, alta participação",True,
4104204,Campo Largo,PR,Sul,69.19,75.38,6.19,86.36,0.764,0.763,0.764,critico,True,"desempenho médio, alta participação",False,
1503507,Irituia,PA,Norte,49.64,56.48,6.84,83.19,0.764,0.763,0.764,critico,True,"baixo desempenho, baixa participação",False,
2910503,Entre Rios,BA,Nordeste,32.55,40.71,8.16,88.85,0.764,0.759,0.764,critico,True,"baixo desempenho, alta participação",True,
4119905,Ponta Grossa,PR,Sul,75.9,77.05,1.15,85.83,0.763,0.756,0.763,critico,True,"desempenho médio, alta participação",False,
1503903,Juruti,PA,Norte,51.0,59.19,8.19,86.49,0.763,0.761,0.763,critico,True,"baixo desempenho, alta participação",True,
2410009,Pilões,RN,Nordeste,63.16,69.62,6.46,100.0,0.763,0.764,0.763,critico,True,"desempenho médio, alta participação",False,
1501006,Aveiro,PA,Norte,64.37,64.66,0.29,88.33,0.763,0.763,0.763,critico,True,"desempenho médio, alta participação",False,
4312443,Morrinhos do Sul,RS,Sul,75.0,80.0,5.0,84.21,0.969,0.763,0.763,critico,True,"baixo desempenho, baixa participação",False,score sem o choque das enchentes de 2024
3519501,Ibirarema,SP,Sudeste,71.85,80.0,8.15,89.04,0.762,0.764,0.762,critico,True,"desempenho médio, alta participação",True,
2102408,Cajapió,MA,Nordeste,64.0,70.49,6.49,90.67,0.762,0.766,0.762,critico,True,"desempenho médio, alta participação",False,
3304201,Resende,RJ,Sudeste,72.48,72.21,-0.27,84.96,0.761,0.762,0.761,critico,True,"desempenho médio, alta participação",False,
1500602,Altamira,PA,Norte,45.32,57.46,12.14,80.04,0.761,0.763,0.761,critico,True,"baixo desempenho, baixa participação",True,
2502706,Borborema,PB,Nordeste,67.57,80.0,12.43,89.13,0.76,0.762,0.76,critico,True,"baixo desempenho, alta participação",True,
2922102,Mundo Novo,BA,Nordeste,33.33,41.86,8.53,96.92,0.76,0.758,0.76,critico,True,"baixo desempenho, alta participação",True,
2921500,Monte Santo,BA,Nordeste,27.49,45.54,18.05,86.55,0.76,0.756,0.76,critico,True,"baixo desempenho, alta participação",True,
1505635,Piçarra,PA,Norte,57.18,65.37,8.19,91.62,0.759,0.76,0.759,critico,True,"baixo desempenho, alta participação",True,
4105508,Cianorte,PR,Sul,74.95,79.69,4.74,93.43,0.759,0.753,0.759,critico,True,"desempenho médio, alta participação",False,
2913002,Ibitiara,BA,Nordeste,37.36,67.94,30.58,98.91,0.759,0.758,0.759,critico,True,"baixo desempenho, alta participação",True,
2925501,Prado,BA,Nordeste,28.97,48.75,19.78,80.86,0.759,0.756,0.759,critico,True,"baixo desempenho, baixa participação",True,
1502301,Capitão Poço,PA,Norte,48.98,60.45,11.47,88.24,0.758,0.758,0.758,critico,True,"baixo desempenho, alta participação",True,
4125506,São José dos Pinhais,PR,Sul,64.3,71.26,6.96,83.35,0.757,0.751,0.757,critico,True,"baixo desempenho, baixa participação",False,
2913457,Igrapiúna,BA,Nordeste,43.64,45.04,1.4,90.16,0.757,0.756,0.757,critico,True,"baixo desempenho, alta participação",False,
3306305,Volta Redonda,RJ,Sudeste,63.25,66.58,3.33,83.19,0.757,0.755,0.757,critico,True,"baixo desempenho, baixa participação",False,
3305703,Sumidouro,RJ,Sudeste,75.43,76.25,0.82,87.01,0.756,0.757,0.756,critico,True,"desempenho médio, alta participação",False,
2924504,Pindaí,BA,Nordeste,38.33,73.83,35.5,95.24,0.756,0.754,0.756,critico,True,"baixo desempenho, alta participação",True,
2800100,Amparo do São Francisco,SE,Nordeste,50.0,53.53,3.53,90.91,0.756,0.765,0.756,critico,True,"baixo desempenho, alta participação",False,
3304300,Rio Bonito,RJ,Sudeste,57.46,63.74,6.28,81.76,0.755,0.756,0.755,critico,True,"baixo desempenho, baixa participação",False,
1502152,Canaã dos Carajás,PA,Norte,65.12,67.89,2.77,80.95,0.755,0.743,0.755,critico,True,"baixo desempenho, baixa participação",False,
2807402,Tobias Barreto,SE,Nordeste,46.26,54.06,7.8,96.97,0.754,0.751,0.754,critico,True,"baixo desempenho, alta participação",True,
2105450,Jatobá,MA,Nordeste,68.34,75.02,6.68,94.85,0.754,0.758,0.754,critico,True,"desempenho médio, alta participação",False,
3531407,Monte Aprazível,SP,Sudeste,65.44,75.51,10.07,83.7,0.754,0.751,0.754,critico,True,"baixo desempenho, baixa participação",True,
1304104,Tapauá,AM,Norte,51.81,59.27,7.46,89.76,0.754,0.753,0.754,critico,True,"baixo desempenho, alta participação",True,
1301951,Itamarati,AM,Norte,82.23,73.55,-8.68,94.59,0.753,0.752,0.753,critico,True,"alto desempenho, alta participação",False,
2927804,Santa Cruz da Vitória,BA,Nordeste,37.04,56.38,19.34,94.74,0.753,0.757,0.753,critico,True,"baixo desempenho, alta participação",True,
4109401,Guarapuava,PR,Sul,67.0,76.11,9.11,88.26,0.753,0.75,0.753,critico,True,"baixo desempenho, alta participação",True,
4209102,Joinville,SC,Sul,68.79,70.43,1.64,71.61,0.753,0.739,0.753,critico,True,"baixo desempenho, baixa participação",False,
2912202,Ibicoara,BA,Nordeste,32.53,42.96,10.43,89.89,0.753,0.75,0.753,critico,True,"baixo desempenho, alta participação",True,
2913200,Ibotirama,BA,Nordeste,32.87,54.41,21.54,92.33,0.753,0.75,0.753,critico,True,"baixo desempenho, alta participação",True,
4104303,Campo Mourão,PR,Sul,76.77,78.3,1.53,87.48,0.752,0.745,0.752,critico,True,"desempenho médio, alta participação",False,
2509339,Matinhas,PB,Nordeste,72.67,79.49,6.82,94.74,0.752,0.754,0.752,critico,True,"desempenho médio, alta participação",False,
2201919,Bom Princípio do Piauí,PI,Nordeste,75.94,80.0,4.06,97.37,0.752,0.752,0.752,critico,True,"desempenho médio, alta participação",False,
2100873,Araguanã,MA,Nordeste,91.6,80.0,-11.6,95.39,0.752,0.751,0.752,critico,True,"alto desempenho, alta participação",False,
2917359,Jaborandi,BA,Nordeste,43.16,53.32,10.16,93.14,0.751,0.749,0.751,critico,True,"baixo desempenho, alta participação",True,
1100155,Ouro Preto do Oeste,RO,Norte,66.4,74.74,8.34,91.88,0.751,0.746,0.751,critico,True,"desempenho médio, alta participação",True,
3302254,Itatiaia,RJ,Sudeste,67.6,69.81,2.21,76.32,0.751,0.748,0.751,critico,True,"baixo desempenho, baixa participação",False,
2108207,Pedreiras,MA,Nordeste,64.51,71.87,7.36,91.44,0.751,0.747,0.751,critico,True,"desempenho médio, alta participação",True,
1505106,Óbidos,PA,Norte,53.98,58.97,4.99,88.2,0.751,0.749,0.751,critico,True,"baixo desempenho, alta participação",False,
2201051,Assunção do Piauí,PI,Nordeste,69.88,80.0,10.12,100.0,0.751,0.751,0.751,critico,True,"desempenho médio, alta participação",True,
4123709,Santa Isabel do Ivaí,PR,Sul,75.13,80.0,4.87,82.95,0.751,0.752,0.751,critico,True,"baixo desempenho, baixa participação",False,
2104909,Guimarães,MA,Nordeste,86.95,80.0,-6.95,94.78,0.75,0.752,0.75,critico,True,"alto desempenho, alta participação",False,
4107652,Fazenda Rio Grande,PR,Sul,64.69,72.37,7.68,83.99,0.75,0.752,0.75,critico,True,"baixo desempenho, baixa participação",True,
2211407,Várzea Grande,PI,Nordeste,76.19,80.0,3.81,100.0,0.75,0.753,0.75,critico,True,"desempenho médio, alta participação",False,
2920007,Maiquinique,BA,Nordeste,32.56,44.65,12.09,86.87,0.749,0.751,0.749,critico,True,"baixo desempenho, alta participação",True,
2907301,Castro Alves,BA,Nordeste,30.54,55.58,25.04,89.04,0.749,0.747,0.749,critico,True,"baixo desempenho, alta participação",True,
4218707,Tubarão,SC,Sul,68.26,73.35,5.09,76.99,0.749,0.745,0.749,critico,True,"baixo desempenho, baixa participação",False,
4124053,Santa Terezinha de Itaipu,PR,Sul,79.46,80.0,0.54,85.21,0.748,0.745,0.748,critico,True,"desempenho médio, alta participação",False,
2932507,Una,BA,Nordeste,58.16,51.08,-7.08,92.45,0.748,0.744,0.748,critico,True,"desempenho médio, alta participação",False,
2400208,Assú,RN,Nordeste,40.86,54.25,13.39,75.36,0.748,0.742,0.748,critico,True,"baixo desempenho, baixa participação",True,
5107297,São José do Povo,MT,Centro-Oeste,74.75,80.0,5.25,93.94,0.747,0.752,0.747,critico,True,"desempenho médio, alta participação",False,
2910404,Encruzilhada,BA,Nordeste,37.25,54.03,16.78,94.44,0.747,0.745,0.747,critico,True,"baixo desempenho, alta participação",True,
1503002,Faro,PA,Norte,51.79,60.49,8.7,80.43,0.747,0.753,0.747,critico,True,"baixo desempenho, baixa participação",True,
2701100,Branquinha,AL,Nordeste,79.89,77.5,-2.39,92.19,0.747,0.743,0.747,critico,True,"desempenho médio, alta participação",False,
2913606,Ilhéus,BA,Nordeste,26.35,46.65,20.3,87.93,0.747,0.745,0.747,critico,True,"baixo desempenho, alta participação",True,
2103703,Cururupu,MA,Nordeste,66.32,70.36,4.04,92.62,0.747,0.745,0.747,critico,True,"desempenho médio, alta participação",False,
1600303,Macapá,AP,Norte,49.14,55.09,5.95,91.69,0.746,0.735,0.746,critico,True,"baixo desempenho, alta participação",False,
2100956,Arame,MA,Nordeste,74.44,77.37,2.93,100.0,0.746,0.744,0.746,critico,True,"desempenho médio, alta participação",False,
2404309,Governador Dix-Sept Rosado,RN,Nordeste,48.2,65.07,16.87,82.54,0.746,0.742,0.746,critico,True,"baixo desempenho, baixa participação",True,
3504107,Atibaia,SP,Sudeste,65.46,73.5,8.04,92.29,0.746,0.744,0.746,critico,True,"desempenho médio, alta participação",True,
2922607,Nilo Peçanha,BA,Nordeste,50.52,49.67,-0.85,98.98,0.746,0.744,0.746,critico,True,"desempenho médio, alta participação",False,
2903508,Belo Campo,BA,Nordeste,33.06,58.11,25.05,92.54,0.746,0.745,0.746,critico,True,"baixo desempenho, alta participação",True,
2933604,Xique-Xique,BA,Nordeste,32.25,45.64,13.39,93.07,0.746,0.741,0.746,critico,True,"baixo desempenho, alta participação",True,
3305208,São Pedro da Aldeia,RJ,Sudeste,55.74,63.99,8.25,82.29,0.745,0.751,0.745,critico,True,"baixo desempenho, baixa participação",True,
3306107,Valença,RJ,Sudeste,55.84,65.41,9.57,83.49,0.745,0.745,0.745,critico,True,"baixo desempenho, baixa participação",True,
4202909,Brusque,SC,Sul,67.18,72.25,5.07,74.31,0.745,0.739,0.745,critico,True,"baixo desempenho, baixa participação",False,
1720150,São Félix do Tocantins,TO,Norte,61.9,80.0,18.1,95.45,0.745,0.75,0.745,critico,True,"baixo desempenho, alta participação",True,
1501576,Bom Jesus do Tocantins,PA,Norte,51.82,65.25,13.43,86.41,0.744,0.745,0.744,critico,True,"baixo desempenho, alta participação",True,
2105658,Junco do Maranhão,MA,Nordeste,67.86,80.0,12.14,92.55,0.744,0.752,0.744,critico,True,"baixo desempenho, alta participação",True,
3300233,Armação dos Búzios,RJ,Sudeste,68.56,71.27,2.71,80.56,0.744,0.741,0.744,critico,True,"baixo desempenho, baixa participação",False,
2406809,Lajes Pintadas,RN,Nordeste,47.42,53.62,6.2,84.21,0.744,0.747,0.744,critico,True,"baixo desempenho, baixa participação",False,
4102901,Bituruna,PR,Sul,70.06,80.0,9.94,83.27,0.744,0.742,0.744,critico,True,"baixo desempenho, baixa participação",True,
2918357,João Dourado,BA,Nordeste,53.15,48.56,-4.59,93.73,0.744,0.739,0.744,critico,True,"desempenho médio, alta participação",False,
2907707,Chorrochó,BA,Nordeste,36.19,48.5,12.31,97.22,0.743,0.745,0.743,critico,True,"baixo desempenho, alta participação",True,
4122404,Rolândia,PR,Sul,71.84,75.42,3.58,85.97,0.743,0.738,0.743,critico,True,"desempenho médio, alta participação",False,
1508407,Xinguara,PA,Norte,49.27,59.68,10.41,83.66,0.743,0.738,0.743,critico,True,"baixo desempenho, baixa participação",True,
2108256,Pedro do Rosário,MA,Nordeste,57.92,70.35,12.43,89.57,0.743,0.745,0.743,critico,True,"baixo desempenho, alta participação",True,
2908200,Conceição da Feira,BA,Nordeste,27.46,46.19,18.73,84.02,0.743,0.742,0.743,critico,True,"baixo desempenho, alta participação",True,
2210805,Simplício Mendes,PI,Nordeste,67.45,80.0,12.55,98.36,0.743,0.74,0.743,critico,True,"baixo desempenho, alta participação",True,
2900504,Érico Cardoso,BA,Nordeste,37.21,71.83,34.62,93.48,0.743,0.744,0.743,critico,True,"baixo desempenho, alta participação",True,
2204600,Hugo Napoleão,PI,Nordeste,81.47,80.0,-1.47,94.34,0.743,0.746,0.743,critico,True,"desempenho médio, alta participação",False,
2926004,Remanso,BA,Nordeste,35.26,40.5,5.24,92.42,0.742,0.737,0.742,critico,True,"baixo desempenho, alta participação",False,
2925709,Presidente Jânio Quadros,BA,Nordeste,31.78,45.13,13.35,89.92,0.742,0.744,0.742,critico,True,"baixo desempenho, alta participação",True,
2903805,Boa Vista do Tupim,BA,Nordeste,32.14,47.58,15.44,97.22,0.742,0.741,0.742,critico,True,"baixo desempenho, alta participação",True,
2930303,Serra Dourada,BA,Nordeste,33.09,43.93,10.84,90.07,0.742,0.741,0.742,critico,True,"baixo desempenho, alta participação",True,
2403251,Parnamirim,RN,Nordeste,35.27,55.79,20.52,72.48,0.741,0.734,0.741,critico,True,"baixo desempenho, baixa participação",True,
1200203,Cruzeiro do Sul,AC,Norte,42.18,49.2,7.02,72.8,0.741,0.732,0.741,critico,True,"baixo desempenho, baixa participação",False,UF sem historico no treino: avaliado so pelas demais variaveis
2929057,São Félix do Coribe,BA,Nordeste,36.59,63.09,26.5,95.91,0.741,0.739,0.741,critico,True,"baixo desempenho, alta participação",True,
3523909,Itu,SP,Sudeste,61.67,69.98,8.31,88.45,0.741,0.738,0.741,critico,True,"baixo desempenho, alta participação",True,
2932705,Uruçuca,BA,Nordeste,26.42,44.8,18.38,82.38,0.741,0.741,0.741,critico,True,"baixo desempenho, baixa participação",True,
2905107,Caém,BA,Nordeste,36.71,49.14,12.43,96.34,0.74,0.742,0.74,critico,True,"baixo desempenho, alta participação",True,
3512100,Colômbia,SP,Sudeste,72.63,80.0,7.37,89.92,0.739,0.741,0.739,critico,True,"desempenho médio, alta participação",True,
1705508,Colinas do Tocantins,TO,Norte,55.82,60.47,4.65,86.5,0.739,0.728,0.739,critico,True,"baixo desempenho, baixa participação",False,
1715150,Novo Alegre,TO,Norte,70.33,74.25,3.92,96.0,0.739,0.741,0.739,critico,True,"desempenho médio, alta participação",False,
3532058,Motuca,SP,Sudeste,78.09,79.95,1.86,93.18,0.739,0.743,0.739,critico,True,"desempenho médio, alta participação",False,
4206504,Guaramirim,SC,Sul,64.09,73.35,9.26,70.52,0.737,0.727,0.737,critico,True,"baixo desempenho, baixa participação",True,
3300407,Barra Mansa,RJ,Sudeste,63.88,65.96,2.08,84.99,0.737,0.738,0.737,critico,True,"baixo desempenho, baixa participação",False,
2901205,Anagé,BA,Nordeste,32.17,50.04,17.87,95.04,0.737,0.736,0.737,critico,True,"baixo desempenho, alta participação",True,
2702009,Coité do Nóia,AL,Nordeste,77.24,76.49,-0.75,94.17,0.737,0.735,0.737,critico,True,"desempenho médio, alta participação",False,
3305505,Saquarema,RJ,Sudeste,62.51,68.84,6.33,82.25,0.737,0.73,0.737,critico,True,"baixo desempenho, baixa participação",False,
4113304,Laranjeiras do Sul,PR,Sul,68.0,74.57,6.57,83.13,0.736,0.733,0.736,critico,True,"baixo desempenho, baixa participação",False,
1501808,Breves,PA,Norte,55.58,55.57,-0.01,84.83,0.736,0.739,0.736,critico,True,"baixo desempenho, baixa participação",False,
4128500,Wenceslau Braz,PR,Sul,74.37,80.0,5.63,86.67,0.736,0.732,0.736,critico,True,"desempenho médio, alta participação",False,
2205904,Manoel Emídio,PI,Nordeste,82.38,80.0,-2.38,94.44,0.735,0.736,0.735,critico,True,"desempenho médio, alta participação",False,
2923902,Pau Brasil,BA,Nordeste,34.68,56.04,21.36,93.94,0.735,0.737,0.735,critico,True,"baixo desempenho, alta participação",True,
2707503,Porto Real do Colégio,AL,Nordeste,83.74,71.61,-12.13,84.51,0.735,0.731,0.735,critico,True,"alto desempenho, alta participação",False,
2902658,Banzaê,BA,Nordeste,36.73,53.25,16.52,97.03,0.734,0.734,0.734,critico,True,"baixo desempenho, alta participação",True,
2928000,Santaluz,BA,Nordeste,29.15,40.48,11.33,93.43,0.733,0.729,0.733,critico,True,"baixo desempenho, alta participação",True,
4105805,Colombo,PR,Sul,60.67,69.76,9.09,84.47,0.733,0.731,0.733,critico,True,"baixo desempenho, baixa participação",True,
3540606,Porto Feliz,SP,Sudeste,70.08,75.58,5.5,91.86,0.733,0.728,0.733,critico,True,"desempenho médio, alta participação",False,
2911600,Governador Mangabeira,BA,Nordeste,29.08,50.34,21.26,89.81,0.733,0.733,0.733,critico,True,"baixo desempenho, alta participação",True,
2403509,Espírito Santo,RN,Nordeste,47.13,53.38,6.25,80.9,0.732,0.731,0.732,critico,True,"baixo desempenho, baixa participação",False,
3305158,São José do Vale do Rio Preto,RJ,Sudeste,76.78,74.08,-2.7,84.56,0.732,0.732,0.732,critico,True,"desempenho médio, alta participação",False,
2928406,Santa Rita de Cássia,BA,Nordeste,32.05,57.66,25.61,95.22,0.732,0.729,0.732,critico,True,"baixo desempenho, alta participação",True,
2402006,Caicó,RN,Nordeste,44.58,49.31,4.73,77.71,0.732,0.724,0.732,critico,True,"baixo desempenho, baixa participação",False,
2512762,Riachão do Poço,PB,Nordeste,75.0,71.96,-3.04,84.38,0.732,0.735,0.732,critico,True,"desempenho médio, alta participação",False,
4203808,Canoinhas,SC,Sul,71.93,75.78,3.85,81.82,0.732,0.723,0.732,critico,True,"baixo desempenho, baixa participação",False,
2901403,Angical,BA,Nordeste,28.44,51.2,22.76,81.34,0.732,0.732,0.732,critico,True,"baixo desempenho, baixa participação",True,
1718204,Porto Nacional,TO,Norte,44.11,64.37,20.26,79.84,0.731,0.723,0.731,critico,True,"baixo desempenho, baixa participação",True,
4127700,Toledo,PR,Sul,81.69,79.7,-1.99,86.93,0.731,0.728,0.731,critico,True,"desempenho médio, alta participação",False,
3304607,Santa Maria Madalena,RJ,Sudeste,65.02,69.5,4.48,87.5,0.731,0.736,0.731,critico,True,"desempenho médio, alta participação",False,
1100908,Castanheiras,RO,Norte,65.42,73.22,7.8,84.75,0.731,0.739,0.731,critico,True,"baixo desempenho, baixa participação",True,
2915700,Itamari,BA,Nordeste,36.76,66.28,29.52,97.14,0.731,0.733,0.731,critico,True,"baixo desempenho, alta participação",True,
2407807,Monte Alegre,RN,Nordeste,50.97,65.96,14.99,87.82,0.731,0.724,0.731,critico,True,"baixo desempenho, alta participação",True,
2105922,Lagoa do Mato,MA,Nordeste,78.44,80.0,1.56,98.75,0.73,0.732,0.73,critico,True,"desempenho médio, alta participação",False,
1302207,Juruá,AM,Norte,44.2,53.1,8.9,80.95,0.73,0.731,0.73,critico,True,"baixo desempenho, baixa participação",True,
2918100,Jeremoabo,BA,Nordeste,29.53,42.24,12.71,89.35,0.73,0.725,0.73,critico,True,"baixo desempenho, alta participação",True,
1100148,Nova Brasilândia D'Oeste,RO,Norte,75.61,76.38,0.77,93.39,0.73,0.726,0.73,critico,True,"desempenho médio, alta participação",False,
2902401,Aurelino Leal,BA,Nordeste,33.61,54.6,20.99,94.57,0.729,0.731,0.729,critico,True,"baixo desempenho, alta participação",True,
2932804,Utinga,BA,Nordeste,33.04,47.93,14.89,95.04,0.729,0.728,0.729,critico,True,"baixo desempenho, alta participação",True,
4109757,Ibema,PR,Sul,70.35,75.04,4.69,83.02,0.729,0.733,0.729,critico,True,"baixo desempenho, baixa participação",False,
3306206,Vassouras,RJ,Sudeste,60.33,70.09,9.76,85.5,0.728,0.727,0.728,critico,True,"baixo desempenho, baixa participação",True,
2929404,São Miguel das Matas,BA,Nordeste,36.76,43.74,6.98,93.15,0.728,0.728,0.728,critico,True,"baixo desempenho, alta participação",False,
2906204,Canarana,BA,Nordeste,33.73,44.12,10.39,99.22,0.728,0.725,0.728,critico,True,"baixo desempenho, alta participação",True,
1508084,Tucumã,PA,Norte,48.54,65.7,17.16,82.07,0.728,0.723,0.728,critico,True,"baixo desempenho, baixa participação",True,
2515906,Serraria,PB,Nordeste,74.71,80.0,5.29,96.49,0.727,0.727,0.727,critico,True,"desempenho médio, alta participação",False,
4113205,Lapa,PR,Sul,74.83,80.0,5.17,89.54,0.727,0.718,0.727,critico,True,"desempenho médio, alta participação",False,
3539004,Pirangi,SP,Sudeste,75.61,80.0,4.39,91.96,0.727,0.726,0.727,critico,True,"desempenho médio, alta participação",False,
2904704,Buerarema,BA,Nordeste,29.37,39.73,10.36,90.0,0.727,0.726,0.727,critico,True,"baixo desempenho, alta participação",True,
3548708,São Bernardo do Campo,SP,Sudeste,54.16,63.55,9.39,85.15,0.727,0.715,0.727,critico,True,"baixo desempenho, baixa participação",True,
3304409,Rio Claro,RJ,Sudeste,65.54,70.19,4.65,86.98,0.727,0.729,0.727,critico,True,"desempenho médio, alta participação",False,
2909505,Cravolândia,BA,Nordeste,34.55,64.73,30.18,93.22,0.727,0.733,0.727,critico,True,"baixo desempenho, alta participação",True,
2926509,Ribeira do Amparo,BA,Nordeste,33.95,43.7,9.75,95.29,0.726,0.726,0.726,critico,True,"baixo desempenho, alta participação",True,
4115705,Matinhos,PR,Sul,63.15,73.39,10.24,80.43,0.726,0.723,0.726,critico,True,"baixo desempenho, baixa participação",True,
1301902,Itacoatiara,AM,Norte,42.66,57.21,14.55,86.33,0.725,0.727,0.725,critico,True,"baixo desempenho, alta participação",True,
3303005,Miracema,RJ,Sudeste,69.51,71.51,2.0,86.19,0.725,0.725,0.725,critico,True,"desempenho médio, alta participação",False,
3300209,Araruama,RJ,Sudeste,55.89,60.36,4.47,78.08,0.725,0.729,0.725,critico,True,"baixo desempenho, baixa participação",False,
2905602,Camacan,BA,Nordeste,24.61,48.06,23.45,83.77,0.724,0.722,0.724,critico,True,"baixo desempenho, alta participação",True,
4125605,São Mateus do Sul,PR,Sul,70.57,80.0,9.43,91.85,0.724,0.717,0.724,critico,True,"desempenho médio, alta participação",True,
2902104,Araci,BA,Nordeste,24.47,35.84,11.37,91.18,0.723,0.723,0.723,critico,True,"baixo desempenho, alta participação",True,
1503309,Igarapé-Miri,PA,Norte,41.34,50.18,8.84,83.22,0.723,0.723,0.723,critico,True,"baixo desempenho, baixa participação",True,
2403103,Currais Novos,RN,Nordeste,46.77,53.54,6.77,83.64,0.723,0.712,0.723,critico,True,"baixo desempenho, baixa participação",False,
4102505,Barbosa Ferraz,PR,Sul,77.65,80.0,2.35,84.55,0.722,0.722,0.722,critico,True,"desempenho médio, alta participação",False,
2207751,Passagem Franca do Piauí,PI,Nordeste,64.51,80.0,15.49,93.33,0.722,0.726,0.722,critico,True,"baixo desempenho, alta participação",True,
4208906,Jaraguá do Sul,SC,Sul,75.11,75.01,-0.1,75.68,0.722,0.713,0.722,critico,True,"baixo desempenho, baixa participação",False,
2922656,Nordestina,BA,Nordeste,26.14,45.83,19.69,83.41,0.721,0.723,0.721,critico,True,"baixo desempenho, baixa participação",True,
1507904,Soure,PA,Norte,52.41,68.33,15.92,94.05,0.721,0.72,0.721,critico,True,"baixo desempenho, alta participação",True,
2513927,São Bentinho,PB,Nordeste,60.02,70.46,10.44,87.5,0.721,0.725,0.721,critico,True,"baixo desempenho, alta participação",True,
3532504,Neves Paulista,SP,Sudeste,74.47,80.0,5.53,95.12,0.721,0.721,0.721,critico,True,"desempenho médio, alta participação",False,
2108603,Pinheiro,MA,Nordeste,46.82,61.85,15.03,76.89,0.721,0.721,0.721,critico,True,"baixo desempenho, baixa participação",True,
2917300,Ituberá,BA,Nordeste,29.17,55.64,26.47,93.75,0.72,0.718,0.72,critico,True,"baixo desempenho, alta participação",True,
1504307,Maracanã,PA,Norte,47.51,71.85,24.34,88.34,0.72,0.72,0.72,critico,True,"baixo desempenho, alta participação",True,
2107506,Paço do Lumiar,MA,Nordeste,55.55,60.26,4.71,85.24,0.72,0.724,0.72,critico,True,"baixo desempenho, baixa participação",False,
2902054,Araçás,BA,Nordeste,38.26,50.14,11.88,98.29,0.72,0.718,0.72,critico,True,"baixo desempenho, alta participação",True,
3525904,Jundiaí,SP,Sudeste,70.49,72.61,2.12,90.86,0.72,0.708,0.72,critico,True,"desempenho médio, alta participação",False,
2203008,Cristalândia do Piauí,PI,Nordeste,79.55,79.95,0.4,100.0,0.72,0.718,0.72,critico,True,"desempenho médio, alta participação",False,
1501907,Bujaru,PA,Norte,51.61,60.73,9.12,89.11,0.72,0.717,0.72,critico,True,"baixo desempenho, alta participação",True,
2413508,Serrinha,RN,Nordeste,48.08,63.97,15.89,81.16,0.719,0.72,0.719,critico,True,"baixo desempenho, baixa participação",True,
2704906,Mar Vermelho,AL,Nordeste,57.65,65.82,8.17,89.19,0.719,0.727,0.719,critico,True,"baixo desempenho, alta participação",True,
3526902,Limeira,SP,Sudeste,62.75,68.08,5.33,90.1,0.719,0.713,0.719,critico,True,"desempenho médio, alta participação",False,
3303104,Natividade,RJ,Sudeste,56.91,66.7,9.79,80.88,0.719,0.724,0.719,critico,True,"baixo desempenho, baixa participação",True,
4105904,Colorado,PR,Sul,78.22,80.0,1.78,86.08,0.719,0.715,0.719,critico,True,"desempenho médio, alta participação",False,
2922854,Nova Redenção,BA,Nordeste,27.03,46.37,19.34,78.72,0.719,0.723,0.719,critico,True,"baixo desempenho, baixa participação",True,
3529302,Matão,SP,Sudeste,62.33,69.41,7.08,89.66,0.719,0.712,0.719,critico,True,"baixo desempenho, alta participação",False,
2112209,Timon,MA,Nordeste,75.74,71.67,-4.07,93.7,0.718,0.717,0.718,critico,True,"desempenho médio, alta participação",False,
1504000,Limoeiro do Ajuru,PA,Norte,47.82,58.14,10.32,84.49,0.718,0.717,0.718,critico,True,"baixo desempenho, baixa participação",True,
2104073,Feira Nova do Maranhão,MA,Nordeste,65.38,80.0,14.62,97.32,0.718,0.723,0.718,critico,True,"baixo desempenho, alta participação",True,
3549953,São Lourenço da Serra,SP,Sudeste,58.4,67.42,9.02,85.09,0.718,0.719,0.718,critico,True,"baixo desempenho, baixa participação",True,
2109809,Santa Helena,MA,Nordeste,72.74,64.59,-8.15,74.35,0.718,0.715,0.718,critico,True,"baixo desempenho, baixa participação",False,
3305406,Sapucaia,RJ,Sudeste,65.37,70.2,4.83,83.9,0.717,0.718,0.717,critico,True,"baixo desempenho, baixa participação",False,
2109239,Presidente Médici,MA,Nordeste,74.73,76.82,2.09,94.44,0.717,0.723,0.717,critico,True,"desempenho médio, alta participação",False,
2907103,Carinhanha,BA,Nordeste,31.96,43.56,11.6,94.89,0.717,0.714,0.717,critico,True,"baixo desempenho, alta participação",True,
3304904,São Gonçalo,RJ,Sudeste,43.71,56.76,13.05,78.02,0.717,0.72,0.717,critico,True,"baixo desempenho, baixa participação",True,
2103109,Cedral,MA,Nordeste,66.85,73.0,6.15,97.78,0.717,0.721,0.717,critico,True,"desempenho médio, alta participação",False,
4106407,Cornélio Procópio,PR,Sul,73.21,77.74,4.53,88.18,0.717,0.709,0.717,critico,True,"desempenho médio, alta participação",False,
3523701,Itirapuã,SP,Sudeste,82.38,75.77,-6.61,78.69,0.717,0.72,0.717,critico,True,"baixo desempenho, baixa participação",False,
2916203,Itapé,BA,Nordeste,35.38,45.28,9.9,92.86,0.717,0.719,0.717,critico,True,"baixo desempenho, alta participação",True,
2200053,Acauã,PI,Nordeste,81.89,80.0,-1.89,98.39,0.716,0.715,0.716,critico,True,"desempenho médio, alta participação",False,
1507706,São Sebastião da Boa Vista,PA,Norte,47.41,58.45,11.04,85.68,0.716,0.716,0.716,critico,True,"baixo desempenho, baixa participação",True,
4322558,Vanini,RS,Sul,69.2,80.0,10.8,76.47,0.961,0.716,0.716,critico,True,"baixo desempenho, baixa participação",True,score sem o choque das enchentes de 2024
3301900,Itaboraí,RJ,Sudeste,50.45,60.66,10.21,81.6,0.716,0.718,0.716,critico,True,"baixo desempenho, baixa participação",True,
1100403,Alto Paraíso,RO,Norte,60.45,67.51,7.06,85.5,0.716,0.714,0.716,critico,True,"baixo desempenho, baixa participação",False,
1707652,Figueirópolis,TO,Norte,51.74,68.06,16.32,79.49,0.716,0.715,0.716,critico,True,"baixo desempenho, baixa participação",True,
4123006,Salto do Lontra,PR,Sul,76.46,80.0,3.54,88.89,0.716,0.714,0.716,critico,True,"desempenho médio, alta participação",False,
2903102,Barra do Rocha,BA,Nordeste,39.62,51.27,11.65,96.36,0.716,0.72,0.716,critico,True,"baixo desempenho, alta participação",True,
2506251,Gado Bravo,PB,Nordeste,70.71,78.77,8.06,96.43,0.715,0.714,0.715,critico,True,"desempenho médio, alta participação",True,
4109302,Guaraniaçu,PR,Sul,71.17,80.0,8.83,87.98,0.715,0.714,0.715,critico,True,"desempenho médio, alta participação",True,
3514957,Embaúba,SP,Sudeste,73.08,80.0,6.92,92.86,0.714,0.723,0.714,critico,True,"desempenho médio, alta participação",False,
2907905,Cipó,BA,Nordeste,31.09,42.99,11.9,93.24,0.714,0.714,0.714,critico,True,"baixo desempenho, alta participação",True,
4110102,Imbituva,PR,Sul,78.04,80.0,1.96,87.97,0.714,0.708,0.714,critico,True,"desempenho médio, alta participação",False,
2916104,Itaparica,BA,Nordeste,28.57,51.35,22.78,87.87,0.714,0.713,0.714,critico,True,"baixo desempenho, alta participação",True,
3303856,Paty do Alferes,RJ,Sudeste,75.96,70.79,-5.17,77.25,0.714,0.713,0.714,critico,True,"baixo desempenho, baixa participação",False,
1200302,Feijó,AC,Norte,53.33,58.48,5.15,83.17,0.713,0.703,0.713,critico,True,"baixo desempenho, baixa participação",False,UF sem historico no treino: avaliado so pelas demais variaveis
3300100,Angra dos Reis,RJ,Sudeste,60.8,64.51,3.71,85.64,0.712,0.712,0.712,critico,True,"baixo desempenho, baixa participação",False,
1504802,Monte Alegre,PA,Norte,46.69,62.46,15.77,88.94,0.712,0.711,0.712,critico,True,"baixo desempenho, alta participação",True,
1100304,Vilhena,RO,Norte,71.66,70.22,-1.44,86.27,0.712,0.711,0.712,critico,True,"desempenho médio, alta participação",False,
2909307,Correntina,BA,Nordeste,26.64,50.18,23.54,77.54,0.712,0.706,0.712,critico,True,"baixo desempenho, baixa participação",True,
4102109,Astorga,PR,Sul,75.21,79.69,4.48,88.58,0.712,0.707,0.712,critico,True,"desempenho médio, alta participação",False,
2206696,Murici dos Portelas,PI,Nordeste,65.17,71.09,5.92,96.55,0.711,0.712,0.711,critico,True,"desempenho médio, alta participação",False,
1709500,Gurupi,TO,Norte,54.37,55.89,1.52,86.46,0.711,0.699,0.711,critico,True,"baixo desempenho, baixa participação",False,
1501725,Brasil Novo,PA,Norte,87.6,75.29,-12.31,90.0,0.711,0.707,0.711,critico,True,"alto desempenho, alta participação",False,
2111508,São Mateus do Maranhão,MA,Nordeste,66.16,69.52,3.36,92.07,0.711,0.707,0.711,critico,True,"desempenho médio, alta participação",False,
1702000,Araguaçu,TO,Norte,40.54,55.92,15.38,71.95,0.71,0.709,0.71,critico,True,"baixo desempenho, baixa participação",True,
2103125,Central do Maranhão,MA,Nordeste,84.42,80.0,-4.42,91.67,0.71,0.713,0.71,critico,True,"desempenho médio, alta participação",False,
4207007,Içara,SC,Sul,69.72,72.97,3.25,76.14,0.71,0.7,0.71,critico,True,"baixo desempenho, baixa participação",False,
1100023,Ariquemes,RO,Norte,65.62,68.02,2.4,88.76,0.71,0.709,0.71,critico,True,"desempenho médio, alta participação",False,
4101853,Ariranha do Ivaí,PR,Sul,69.82,76.92,7.1,83.87,0.709,0.72,0.709,critico,True,"baixo desempenho, baixa participação",False,
1505809,Portel,PA,Norte,40.72,55.35,14.63,80.46,0.709,0.709,0.709,critico,True,"baixo desempenho, baixa participação",True,
2403202,Doutor Severiano,RN,Nordeste,53.06,62.41,9.35,88.0,0.709,0.708,0.709,critico,True,"baixo desempenho, alta participação",True,
3541000,Praia Grande,SP,Sudeste,51.25,60.28,9.03,83.06,0.709,0.705,0.709,critico,True,"baixo desempenho, baixa participação",True,
3302106,Itaocara,RJ,Sudeste,70.09,70.01,-0.08,84.3,0.709,0.71,0.709,critico,True,"desempenho médio, alta participação",False,
2209450,Santo Antônio dos Milagres,PI,Nordeste,78.26,80.0,1.74,100.0,0.708,0.715,0.708,critico,True,"desempenho médio, alta participação",False,
1600238,Ferreira Gomes,AP,Norte,74.96,75.44,0.48,93.29,0.708,0.701,0.708,critico,True,"desempenho médio, alta participação",False,
4215802,São Bento do Sul,SC,Sul,76.73,75.22,-1.51,75.58,0.708,0.696,0.708,critico,True,"baixo desempenho, baixa participação",False,
2805000,Pedra Mole,SE,Nordeste,47.76,58.13,10.37,92.0,0.708,0.716,0.708,critico,True,"baixo desempenho, alta participação",True,
1500909,Augusto Corrêa,PA,Norte,43.99,51.58,7.59,83.39,0.708,0.706,0.708,critico,True,"baixo desempenho, baixa participação",True,
2908606,Conde,BA,Nordeste,28.14,53.1,24.96,89.78,0.708,0.706,0.708,critico,True,"baixo desempenho, alta participação",True,
2929008,São Félix,BA,Nordeste,31.33,46.51,15.18,95.4,0.708,0.708,0.708,critico,True,"baixo desempenho, alta participação",True,
2913507,Iguaí,BA,Nordeste,31.48,59.47,27.99,97.3,0.708,0.705,0.708,critico,True,"baixo desempenho, alta participação",True,
2704005,Junqueiro,AL,Nordeste,56.66,62.02,5.36,90.07,0.708,0.705,0.708,critico,True,"baixo desempenho, alta participação",False,
2110005,Santa Luzia,MA,Nordeste,58.7,62.78,4.08,90.61,0.707,0.706,0.707,critico,True,"desempenho médio, alta participação",False,
2911659,Guajeru,BA,Nordeste,36.78,44.11,7.33,97.75,0.707,0.711,0.707,critico,True,"baixo desempenho, alta participação",True,
3300456,Belford Roxo,RJ,Sudeste,38.9,48.64,9.74,70.02,0.707,0.707,0.707,critico,True,"baixo desempenho, baixa participação",True,
5103908,General Carneiro,MT,Centro-Oeste,71.41,80.0,8.59,89.74,0.707,0.708,0.707,critico,True,"desempenho médio, alta participação",True,
4109500,Guaraqueçaba,PR,Sul,57.18,73.22,16.04,72.41,0.706,0.713,0.706,critico,True,"baixo desempenho, baixa participação",True,
4111001,Itambaracá,PR,Sul,80.58,79.37,-1.21,80.88,0.706,0.709,0.706,critico,True,"baixo desempenho, baixa participação",False,
2102036,Bom Jesus das Selvas,MA,Nordeste,63.18,68.89,5.71,93.32,0.706,0.704,0.706,critico,True,"desempenho médio, alta participação",False,
4114609,Marechal Cândido Rondon,PR,Sul,76.44,76.71,0.27,87.87,0.705,0.7,0.705,critico,True,"desempenho médio, alta participação",False,
2110039,Santa Luzia do Paruá,MA,Nordeste,85.76,80.0,-5.76,97.2,0.705,0.702,0.705,critico,True,"alto desempenho, alta participação",False,
2108009,Pastos Bons,MA,Nordeste,64.01,75.94,11.93,95.02,0.705,0.704,0.705,critico,True,"baixo desempenho, alta participação",True,
3520608,Indiana,SP,Sudeste,70.59,80.0,9.41,100.0,0.704,0.71,0.704,critico,True,"desempenho médio, alta participação",True,
4204301,Concórdia,SC,Sul,75.26,77.47,2.21,83.84,0.704,0.692,0.704,critico,True,"desempenho médio, alta participação",False,
1505437,Ourilândia do Norte,PA,Norte,53.11,58.86,5.75,87.99,0.704,0.699,0.704,critico,True,"baixo desempenho, alta participação",False,
2109700,Sambaíba,MA,Nordeste,77.94,80.0,2.06,93.06,0.703,0.705,0.703,critico,True,"desempenho médio, alta participação",False,
3500600,Águas de São Pedro,SP,Sudeste,80.89,80.0,-0.89,91.3,0.703,0.708,0.703,critico,True,"desempenho médio, alta participação",False,
2905404,Cairu,BA,Nordeste,32.87,50.33,17.46,89.66,0.703,0.698,0.703,critico,True,"baixo desempenho, alta participação",True,
3543303,Ribeirão Pires,SP,Sudeste,66.4,69.38,2.98,90.81,0.702,0.702,0.702,critico,True,"desempenho médio, alta participação",False,
2110203,Santa Rita,MA,Nordeste,56.53,66.19,9.66,86.04,0.702,0.701,0.702,critico,True,"baixo desempenho, baixa participação",True,
4219150,Vargem,SC,Sul,69.58,80.0,10.42,75.0,0.702,0.707,0.702,critico,True,"baixo desempenho, baixa participação",True,
2930808,Souto Soares,BA,Nordeste,31.82,40.85,9.03,97.06,0.702,0.701,0.702,critico,True,"baixo desempenho, alta participação",True,
2414803,Vera Cruz,RN,Nordeste,43.56,65.66,22.1,81.99,0.701,0.699,0.701,critico,True,"baixo desempenho, baixa participação",True,
3505500,Barretos,SP,Sudeste,58.42,66.28,7.86,87.81,0.701,0.701,0.701,critico,True,"baixo desempenho, alta participação",True,
4118204,Paranaguá,PR,Sul,61.71,67.77,6.06,79.34,0.701,0.698,0.701,critico,True,"baixo desempenho, baixa participação",False,
3505351,Barra do Chapéu,SP,Sudeste,65.29,69.85,4.56,87.5,0.701,0.706,0.701,critico,True,"desempenho médio, alta participação",False,
2900801,Alcobaça,BA,Nordeste,29.6,56.52,26.92,90.25,0.7,0.699,0.7,critico,True,"baixo desempenho, alta participação",True,
4216800,São José do Cerrito,SC,Sul,65.03,77.52,12.49,77.08,0.7,0.699,0.7,critico,True,"baixo desempenho, baixa participação",True,
2917904,Jandaíra,BA,Nordeste,36.08,60.12,24.04,96.04,0.7,0.701,0.7,critico,True,"baixo desempenho, alta participação",True,
3554904,Três Fronteiras,SP,Sudeste,69.58,80.0,10.42,96.2,0.7,0.704,0.7,critico,True,"desempenho médio, alta participação",True,
4217501,Seara,SC,Sul,70.92,80.0,9.08,78.24,0.7,0.692,0.7,alto,True,"baixo desempenho, baixa participação",True,
2923704,Paratinga,BA,Nordeste,24.46,36.71,12.25,89.62,0.7,0.698,0.7,alto,True,"baixo desempenho, alta participação",True,
2905800,Camamu,BA,Nordeste,28.39,41.28,12.89,93.28,0.699,0.695,0.699,alto,True,"baixo desempenho, alta participação",True,
2904050,Bonito,BA,Nordeste,34.0,52.79,18.79,92.59,0.699,0.697,0.699,alto,True,"baixo desempenho, alta participação",True,
3547809,Santo André,SP,Sudeste,56.5,61.71,5.21,86.13,0.699,0.689,0.699,alto,True,"baixo desempenho, baixa participação",False,
4202404,Blumenau,SC,Sul,64.77,69.08,4.31,76.68,0.699,0.687,0.699,alto,True,"baixo desempenho, baixa participação",False,
2906873,Capim Grosso,BA,Nordeste,29.34,41.49,12.15,92.02,0.699,0.695,0.699,alto,True,"baixo desempenho, alta participação",True,
4116109,Moreira Sales,PR,Sul,78.01,79.52,1.51,89.83,0.699,0.698,0.699,alto,True,"desempenho médio, alta participação",False,
1303536,Presidente Figueiredo,AM,Norte,35.31,48.19,12.88,71.66,0.698,0.695,0.698,alto,True,"baixo desempenho, baixa participação",True,
2401503,Barcelona,RN,Nordeste,74.35,63.35,-11.0,75.0,0.698,0.699,0.698,alto,True,"baixo desempenho, baixa participação",False,
4107009,Curiúva,PR,Sul,68.88,80.0,11.12,88.83,0.698,0.698,0.698,alto,True,"baixo desempenho, alta participação",True,
2702306,Coruripe,AL,Nordeste,92.03,80.0,-12.03,96.33,0.698,0.688,0.698,alto,True,"alto desempenho, alta participação",False,
4111555,Ivaté,PR,Sul,77.24,80.0,2.76,89.25,0.697,0.699,0.697,alto,True,"desempenho médio, alta participação",False,
1101492,São Francisco do Guaporé,RO,Norte,62.99,70.33,7.34,88.0,0.697,0.695,0.697,alto,True,"baixo desempenho, alta participação",True,
4127601,Tijucas do Sul,PR,Sul,68.4,79.12,10.72,89.3,0.697,0.695,0.697,alto,True,"baixo desempenho, alta participação",True,
1600535,Porto Grande,AP,Norte,73.42,69.95,-3.47,93.04,0.697,0.688,0.697,alto,True,"desempenho médio, alta participação",False,
1100114,Jaru,RO,Norte,63.99,68.37,4.38,91.79,0.697,0.693,0.697,alto,True,"desempenho médio, alta participação",False,
2410801,Riacho de Santana,RN,Nordeste,53.36,58.04,4.68,81.58,0.696,0.699,0.696,alto,True,"baixo desempenho, baixa participação",False,
1506203,Salinópolis,PA,Norte,50.44,55.04,4.6,85.23,0.696,0.692,0.696,alto,True,"baixo desempenho, baixa participação",False,
2921906,Mucugê,BA,Nordeste,38.82,53.87,15.05,93.41,0.696,0.694,0.696,alto,True,"baixo desempenho, alta participação",True,
2906808,Cansanção,BA,Nordeste,23.19,44.53,21.34,85.35,0.696,0.693,0.696,alto,True,"baixo desempenho, alta participação",True,
2208007,Picos,PI,Nordeste,54.93,61.79,6.86,89.8,0.695,0.687,0.695,alto,True,"baixo desempenho, alta participação",False,
2103158,Centro do Guilherme,MA,Nordeste,87.93,80.0,-7.93,95.9,0.695,0.695,0.695,alto,True,"alto desempenho, alta participação",False,
4304903,Casca,RS,Sul,76.0,80.0,4.0,84.38,0.959,0.695,0.695,alto,True,"desempenho médio, alta participação",False,score sem o choque das enchentes de 2024
2906303,Canavieiras,BA,Nordeste,28.68,43.93,15.25,93.47,0.695,0.692,0.695,alto,True,"baixo desempenho, alta participação",True,
2933257,Vereda,BA,Nordeste,35.85,71.69,35.84,96.36,0.695,0.699,0.695,alto,True,"baixo desempenho, alta participação",True,
2708204,São Brás,AL,Nordeste,70.72,71.26,0.54,98.94,0.695,0.696,0.695,alto,True,"desempenho médio, alta participação",False,
3549805,São José do Rio Preto,SP,Sudeste,56.85,61.18,4.33,84.75,0.694,0.686,0.694,alto,True,"baixo desempenho, baixa participação",False,
2801900,Cumbe,SE,Nordeste,54.53,55.66,1.13,89.19,0.694,0.7,0.694,alto,True,"desempenho médio, alta participação",False,
4126256,Sarandi,PR,Sul,56.55,65.16,8.61,82.4,0.694,0.69,0.694,alto,True,"baixo desempenho, baixa participação",True,
3556008,Urupês,SP,Sudeste,65.68,80.0,14.32,90.48,0.694,0.693,0.694,alto,True,"baixo desempenho, alta participação",True,
2512903,Rio Tinto,PB,Nordeste,60.02,78.47,18.45,92.09,0.694,0.689,0.694,alto,True,"baixo desempenho, alta participação",True,
2105005,Humberto de Campos,MA,Nordeste,59.22,67.55,8.33,92.78,0.694,0.694,0.694,alto,True,"baixo desempenho, alta participação",True,
2109601,Rosário,MA,Nordeste,57.6,64.27,6.67,88.38,0.694,0.692,0.694,alto,True,"baixo desempenho, alta participação",False,
2107258,Nova Colinas,MA,Nordeste,77.14,80.0,2.86,100.0,0.693,0.699,0.693,alto,True,"desempenho médio, alta participação",False,
3525607,João Ramalho,SP,Sudeste,65.42,80.0,14.58,88.24,0.693,0.7,0.693,alto,True,"baixo desempenho, alta participação",True,
3508306,Cabrália Paulista,SP,Sudeste,78.11,79.58,1.47,94.23,0.693,0.698,0.693,alto,True,"desempenho médio, alta participação",False,
2404903,Itaú,RN,Nordeste,51.63,61.78,10.15,93.94,0.693,0.693,0.693,alto,True,"baixo desempenho, alta participação",True,
1100205,Porto Velho,RO,Norte,50.84,69.85,19.01,85.05,0.692,0.684,0.692,alto,True,"baixo desempenho, baixa participação",True,
3533304,Nova Luzitânia,SP,Sudeste,73.33,78.53,5.2,97.62,0.692,0.699,0.692,alto,True,"desempenho médio, alta participação",False,
3534807,Ouro Verde,SP,Sudeste,76.07,80.0,3.93,97.78,0.692,0.694,0.692,alto,True,"desempenho médio, alta participação",False,
2924405,Pilão Arcado,BA,Nordeste,22.51,39.38,16.87,85.0,0.692,0.69,0.692,alto,True,"baixo desempenho, alta participação",True,
2406007,José da Penha,RN,Nordeste,49.94,55.7,5.76,87.5,0.691,0.692,0.691,alto,True,"baixo desempenho, alta participação",False,
4101804,Araucária,PR,Sul,69.02,72.81,3.79,83.89,0.691,0.686,0.691,alto,True,"baixo desempenho, baixa participação",False,
2205003,Itainópolis,PI,Nordeste,73.67,75.93,2.26,98.82,0.691,0.687,0.691,alto,True,"desempenho médio, alta participação",False,
4108957,Guamiranga,PR,Sul,71.55,79.67,8.12,91.75,0.69,0.692,0.69,alto,True,"desempenho médio, alta participação",True,
4320800,Soledade,RS,Sul,61.9,70.64,8.74,75.86,0.958,0.69,0.69,alto,True,"baixo desempenho, baixa participação",True,score sem o choque das enchentes de 2024
4125456,São José das Palmeiras,PR,Sul,74.36,80.0,5.64,88.71,0.69,0.697,0.69,alto,True,"desempenho médio, alta participação",False,
3300803,Cachoeiras de Macacu,RJ,Sudeste,49.28,60.17,10.89,78.74,0.69,0.693,0.69,alto,True,"baixo desempenho, baixa participação",True,
2511707,Pilõezinhos,PB,Nordeste,56.06,80.0,23.94,77.55,0.69,0.695,0.69,alto,True,"baixo desempenho, baixa participação",True,
3303302,Niterói,RJ,Sudeste,51.2,61.09,9.89,79.63,0.69,0.684,0.69,alto,True,"baixo desempenho, baixa participação",True,
1100288,Rolim de Moura,RO,Norte,75.19,72.34,-2.85,91.33,0.689,0.683,0.689,alto,True,"desempenho médio, alta participação",False,
4112009,Jaguariaíva,PR,Sul,79.14,80.0,0.86,88.0,0.689,0.681,0.689,alto,True,"desempenho médio, alta participação",False,
4123857,Santa Maria do Oeste,PR,Sul,70.26,77.37,7.11,89.33,0.689,0.69,0.689,alto,True,"desempenho médio, alta participação",False,
4117800,Palmital,PR,Sul,69.5,76.01,6.51,86.18,0.689,0.689,0.689,alto,True,"desempenho médio, alta participação",False,
3504800,Bálsamo,SP,Sudeste,83.51,80.0,-3.51,85.71,0.688,0.688,0.688,alto,True,"desempenho médio, alta participação",False,
4120606,Prudentópolis,PR,Sul,82.91,80.0,-2.91,92.4,0.688,0.683,0.688,alto,True,"desempenho médio, alta participação",False,
2413003,São Vicente,RN,Nordeste,47.83,68.46,20.63,85.19,0.688,0.689,0.688,alto,True,"baixo desempenho, alta participação",True,
4118006,Paraíso do Norte,PR,Sul,67.76,76.43,8.67,87.28,0.688,0.687,0.688,alto,True,"desempenho médio, alta participação",True,
4203907,Capinzal,SC,Sul,69.54,74.66,5.12,79.27,0.688,0.679,0.688,alto,True,"baixo desempenho, baixa participação",False,
3510005,Cândido Mota,SP,Sudeste,65.51,74.97,9.46,96.04,0.687,0.682,0.687,alto,True,"baixo desempenho, alta participação",True,
4125407,São José da Boa Vista,PR,Sul,76.15,80.0,3.85,89.33,0.687,0.691,0.687,alto,True,"desempenho médio, alta participação",False,
2210102,São José do Peixe,PI,Nordeste,75.0,77.2,2.2,100.0,0.687,0.691,0.687,alto,True,"desempenho médio, alta participação",False,
2905503,Caldeirão Grande,BA,Nordeste,28.19,36.88,8.69,96.13,0.687,0.689,0.687,alto,True,"baixo desempenho, alta participação",True,
1502103,Cametá,PA,Norte,39.08,52.96,13.88,84.27,0.687,0.69,0.687,alto,True,"baixo desempenho, baixa participação",True,
4124707,São Jerônimo da Serra,PR,Sul,71.33,80.0,8.67,93.62,0.687,0.687,0.687,alto,True,"desempenho médio, alta participação",True,
2907202,Casa Nova,BA,Nordeste,20.93,27.82,6.89,87.76,0.686,0.684,0.686,alto,True,"baixo desempenho, alta participação",False,
1705557,Combinado,TO,Norte,56.14,67.88,11.74,96.49,0.686,0.686,0.686,alto,True,"baixo desempenho, alta participação",True,
4105409,Chopinzinho,PR,Sul,70.85,80.0,9.15,89.92,0.686,0.682,0.686,alto,True,"desempenho médio, alta participação",True,
3538204,Pinhalzinho,SP,Sudeste,78.79,78.66,-0.13,92.62,0.685,0.683,0.685,alto,True,"desempenho médio, alta participação",False,
4127858,Três Barras do Paraná,PR,Sul,75.42,79.55,4.13,88.28,0.685,0.684,0.685,alto,True,"desempenho médio, alta participação",False,
2914208,Irajuba,BA,Nordeste,65.38,52.91,-12.47,92.86,0.685,0.685,0.685,alto,True,"alto desempenho, alta participação",False,
1100049,Cacoal,RO,Norte,65.81,68.16,2.35,92.57,0.685,0.677,0.685,alto,True,"desempenho médio, alta participação",False,
3505104,Barbosa,SP,Sudeste,65.05,69.69,4.64,85.06,0.685,0.69,0.685,alto,True,"baixo desempenho, baixa participação",False,
3547700,Santo Anastácio,SP,Sudeste,79.01,79.99,0.98,95.6,0.685,0.68,0.685,alto,True,"desempenho médio, alta participação",False,
1505403,Ourém,PA,Norte,56.24,58.75,2.51,89.58,0.685,0.684,0.685,alto,True,"desempenho médio, alta participação",False,
3516309,Francisco Morato,SP,Sudeste,50.49,60.21,9.72,86.16,0.684,0.686,0.684,alto,True,"baixo desempenho, alta participação",True,
2402600,Ceará-Mirim,RN,Nordeste,32.38,40.56,8.18,74.64,0.684,0.678,0.684,alto,True,"baixo desempenho, baixa participação",True,
4114302,Mandirituba,PR,Sul,64.48,79.56,15.08,86.09,0.684,0.682,0.684,alto,True,"baixo desempenho, baixa participação",True,
2920205,Malhada,BA,Nordeste,33.68,40.62,6.94,98.45,0.684,0.683,0.684,alto,True,"baixo desempenho, alta participação",False,
3500758,Alambari,SP,Sudeste,61.45,74.2,12.75,87.32,0.684,0.69,0.684,alto,True,"baixo desempenho, alta participação",True,
2903003,Barra do Mendes,BA,Nordeste,32.43,52.1,19.67,94.87,0.684,0.685,0.684,alto,True,"baixo desempenho, alta participação",True,
3305604,Silva Jardim,RJ,Sudeste,57.35,63.43,6.08,82.28,0.684,0.687,0.684,alto,True,"baixo desempenho, baixa participação",False,
2200400,Altos,PI,Nordeste,61.82,67.77,5.95,94.28,0.684,0.675,0.684,alto,True,"desempenho médio, alta participação",False,
1508100,Tucuruí,PA,Norte,44.7,50.61,5.91,81.7,0.684,0.685,0.684,alto,True,"baixo desempenho, baixa participação",False,
3553906,Tarabai,SP,Sudeste,67.98,78.91,10.93,97.5,0.683,0.686,0.683,alto,True,"baixo desempenho, alta participação",True,
1100502,Novo Horizonte do Oeste,RO,Norte,70.67,74.83,4.16,93.58,0.683,0.684,0.683,alto,True,"desempenho médio, alta participação",False,
3304151,Quissamã,RJ,Sudeste,70.11,70.62,0.51,78.68,0.683,0.679,0.683,alto,True,"baixo desempenho, baixa participação",False,
2902906,Barra do Choça,BA,Nordeste,30.6,49.7,19.1,96.06,0.683,0.678,0.683,alto,True,"baixo desempenho, alta participação",True,
1101203,Ministro Andreazza,RO,Norte,69.17,74.81,5.64,94.25,0.683,0.683,0.683,alto,True,"desempenho médio, alta participação",False,
3300308,Barra do Piraí,RJ,Sudeste,48.01,56.48,8.47,77.56,0.683,0.69,0.683,alto,True,"baixo desempenho, baixa participação",True,
1706001,Couto Magalhães,TO,Norte,49.04,58.52,9.48,82.22,0.682,0.682,0.682,alto,True,"baixo desempenho, baixa participação",True,
2102556,Campestre do Maranhão,MA,Nordeste,61.7,69.62,7.92,91.75,0.682,0.684,0.682,alto,True,"baixo desempenho, alta participação",True,
3529005,Marília,SP,Sudeste,64.28,65.94,1.66,87.07,0.682,0.677,0.682,alto,True,"desempenho médio, alta participação",False,
1504976,Nova Ipixuna,PA,Norte,52.55,55.82,3.27,81.25,0.682,0.682,0.682,alto,True,"baixo desempenho, baixa participação",False,
4115804,Medianeira,PR,Sul,79.1,79.45,0.35,87.39,0.682,0.672,0.682,alto,True,"desempenho médio, alta participação",False,
3301306,Casimiro de Abreu,RJ,Sudeste,58.33,63.12,4.79,81.3,0.682,0.679,0.682,alto,True,"baixo desempenho, baixa participação",False,
3300902,Cambuci,RJ,Sudeste,64.38,72.46,8.08,93.16,0.682,0.684,0.682,alto,True,"baixo desempenho, alta participação",True,
4106506,Coronel Vivida,PR,Sul,74.6,80.0,5.4,92.05,0.681,0.678,0.681,alto,True,"desempenho médio, alta participação",False,
2922805,Nova Itarana,BA,Nordeste,34.65,47.23,12.58,95.28,0.681,0.684,0.681,alto,True,"baixo desempenho, alta participação",True,
3530300,Mirassol,SP,Sudeste,61.57,71.53,9.96,94.04,0.681,0.676,0.681,alto,True,"baixo desempenho, alta participação",True,
2507507,João Pessoa,PB,Nordeste,55.87,57.49,1.62,83.59,0.681,0.666,0.681,alto,True,"baixo desempenho, baixa participação",False,
4109807,Ibiporã,PR,Sul,64.9,75.39,10.49,88.05,0.681,0.676,0.681,alto,True,"baixo desempenho, alta participação",True,
5005707,Naviraí,MS,Centro-Oeste,59.87,66.68,6.81,90.3,0.681,0.677,0.681,alto,True,"baixo desempenho, alta participação",False,
2207777,Patos do Piauí,PI,Nordeste,63.04,80.0,16.96,100.0,0.681,0.683,0.681,alto,True,"baixo desempenho, alta participação",True,
2927606,Santa Brígida,BA,Nordeste,28.39,41.0,12.61,90.12,0.68,0.682,0.68,alto,True,"baixo desempenho, alta participação",True,
2512408,Puxinanã,PB,Nordeste,62.11,76.9,14.79,97.22,0.68,0.677,0.68,alto,True,"baixo desempenho, alta participação",True,
3501202,Álvares Florence,SP,Sudeste,72.05,79.02,6.97,95.65,0.68,0.686,0.68,alto,True,"desempenho médio, alta participação",False,
2925808,Queimadas,BA,Nordeste,30.32,42.51,12.19,95.43,0.68,0.678,0.68,alto,True,"baixo desempenho, alta participação",True,
2916906,Itiruçu,BA,Nordeste,30.0,47.15,17.15,89.55,0.68,0.681,0.68,alto,True,"baixo desempenho, alta participação",True,
1506559,Santa Luzia do Pará,PA,Norte,39.77,64.14,24.37,72.81,0.68,0.682,0.68,alto,True,"baixo desempenho, baixa participação",True,
2515104,São Sebastião de Lagoa de Roça,PB,Nordeste,57.17,69.41,12.24,91.36,0.679,0.678,0.679,alto,True,"baixo desempenho, alta participação",True,
1713304,Miranorte,TO,Norte,63.01,61.51,-1.5,86.84,0.679,0.671,0.679,alto,True,"desempenho médio, alta participação",False,
4107603,Faxinal,PR,Sul,71.76,80.0,8.24,93.81,0.678,0.675,0.678,alto,True,"desempenho médio, alta participação",True,
4207809,Irani,SC,Sul,71.4,75.75,4.35,80.0,0.678,0.675,0.678,alto,True,"baixo desempenho, baixa participação",False,
3537701,Piacatu,SP,Sudeste,76.68,80.0,3.32,95.38,0.678,0.681,0.678,alto,True,"desempenho médio, alta participação",False,
4122156,Rio Bonito do Iguaçu,PR,Sul,80.25,80.0,-0.25,86.51,0.678,0.676,0.678,alto,True,"desempenho médio, alta participação",False,
4119954,Pontal do Paraná,PR,Sul,61.28,73.93,12.65,81.17,0.677,0.675,0.677,alto,True,"baixo desempenho, baixa participação",True,
2930774,Sobradinho,BA,Nordeste,34.44,41.71,7.27,97.42,0.677,0.672,0.677,alto,True,"baixo desempenho, alta participação",True,
2930105,Senhor do Bonfim,BA,Nordeste,24.02,35.5,11.48,95.87,0.677,0.673,0.677,alto,True,"baixo desempenho, alta participação",True,
3500105,Adamantina,SP,Sudeste,66.06,71.41,5.35,93.02,0.677,0.671,0.677,alto,True,"desempenho médio, alta participação",False,
2704609,Maravilha,AL,Nordeste,74.38,72.33,-2.05,99.11,0.677,0.677,0.677,alto,True,"desempenho médio, alta participação",False,
3536208,Pariquera-Açu,SP,Sudeste,61.36,69.45,8.09,89.18,0.677,0.674,0.677,alto,True,"baixo desempenho, alta participação",True,
4102406,Bandeirantes,PR,Sul,72.78,76.79,4.01,89.88,0.676,0.671,0.676,alto,True,"desempenho médio, alta participação",False,
4121505,Rebouças,PR,Sul,77.0,80.0,3.0,93.24,0.676,0.673,0.676,alto,True,"desempenho médio, alta participação",False,
2203602,Eliseu Martins,PI,Nordeste,65.85,80.0,14.15,100.0,0.676,0.679,0.676,alto,True,"baixo desempenho, alta participação",True,
2928307,Santanópolis,BA,Nordeste,22.95,31.5,8.55,82.43,0.676,0.681,0.676,alto,True,"baixo desempenho, baixa participação",True,
3535101,Palmares Paulista,SP,Sudeste,77.46,80.0,2.54,98.0,0.675,0.674,0.675,alto,True,"desempenho médio, alta participação",False,
2200301,Alto Longá,PI,Nordeste,82.41,80.0,-2.41,97.67,0.675,0.669,0.675,alto,True,"desempenho médio, alta participação",False,
3507506,Botucatu,SP,Sudeste,57.09,65.9,8.81,90.57,0.675,0.674,0.675,alto,True,"baixo desempenho, alta participação",True,
1707009,Dianópolis,TO,Norte,61.27,61.01,-0.26,88.93,0.675,0.665,0.675,alto,True,"desempenho médio, alta participação",False,
2102903,Carutapera,MA,Nordeste,61.21,63.56,2.35,86.23,0.675,0.676,0.675,alto,True,"desempenho médio, alta participação",False,
4115358,Maripá,PR,Sul,76.69,80.0,3.31,89.26,0.675,0.677,0.675,alto,True,"desempenho médio, alta participação",False,
3305554,Seropédica,RJ,Sudeste,50.53,57.34,6.81,80.59,0.675,0.674,0.675,alto,True,"baixo desempenho, baixa participação",False,
2915809,Itambé,BA,Nordeste,26.98,37.77,10.79,91.97,0.674,0.673,0.674,alto,True,"baixo desempenho, alta participação",True,
2401107,Areia Branca,RN,Nordeste,39.95,61.3,21.35,76.63,0.674,0.666,0.674,alto,True,"baixo desempenho, baixa participação",True,
4104709,Carlópolis,PR,Sul,66.18,75.62,9.44,86.19,0.674,0.674,0.674,alto,True,"baixo desempenho, baixa participação",True,
1507458,São Geraldo do Araguaia,PA,Norte,52.06,57.34,5.28,86.78,0.674,0.672,0.674,alto,True,"baixo desempenho, alta participação",False,
2106631,Matões do Norte,MA,Nordeste,57.42,69.02,11.6,94.44,0.674,0.677,0.674,alto,True,"baixo desempenho, alta participação",True,
3556404,Vargem Grande do Sul,SP,Sudeste,61.51,72.78,11.27,91.81,0.674,0.667,0.674,alto,True,"baixo desempenho, alta participação",True,
5003454,Deodápolis,MS,Centro-Oeste,65.69,80.0,14.31,89.29,0.673,0.673,0.673,alto,True,"baixo desempenho, alta participação",True,
3301702,Duque de Caxias,RJ,Sudeste,45.37,57.8,12.43,79.7,0.673,0.674,0.673,alto,True,"baixo desempenho, baixa participação",True,
2407708,Montanhas,RN,Nordeste,44.2,65.63,21.43,84.51,0.673,0.671,0.673,alto,True,"baixo desempenho, alta participação",True,
4107207,Dois Vizinhos,PR,Sul,82.56,80.0,-2.56,85.76,0.673,0.663,0.673,alto,True,"desempenho médio, alta participação",False,
3305133,São José de Ubá,RJ,Sudeste,80.39,76.59,-3.8,87.8,0.673,0.678,0.673,alto,True,"desempenho médio, alta participação",False,
2104099,Formosa da Serra Negra,MA,Nordeste,84.29,80.0,-4.29,98.02,0.672,0.669,0.672,alto,True,"desempenho médio, alta participação",False,
4115002,Marilena,PR,Sul,75.36,80.0,4.64,89.58,0.672,0.675,0.672,alto,True,"desempenho médio, alta participação",False,
1300409,Barcelos,AM,Norte,38.21,58.82,20.61,79.0,0.672,0.672,0.672,alto,True,"baixo desempenho, baixa participação",True,
2510105,Nova Floresta,PB,Nordeste,67.53,70.55,3.02,95.61,0.672,0.67,0.672,alto,True,"desempenho médio, alta participação",False,
2903607,Biritinga,BA,Nordeste,29.82,37.78,7.96,93.44,0.672,0.672,0.672,alto,True,"baixo desempenho, alta participação",True,
1503705,Itupiranga,PA,Norte,44.08,54.62,10.54,86.65,0.672,0.671,0.672,alto,True,"baixo desempenho, alta participação",True,
4128104,Umuarama,PR,Sul,63.1,69.24,6.14,88.57,0.671,0.672,0.671,alto,True,"desempenho médio, alta participação",False,
2403707,Felipe Guerra,RN,Nordeste,51.71,62.74,11.03,94.0,0.671,0.67,0.671,alto,True,"baixo desempenho, alta participação",True,
2911907,Iaçu,BA,Nordeste,28.52,38.47,9.95,97.77,0.671,0.67,0.671,alto,True,"baixo desempenho, alta participação",True,
3301876,Iguaba Grande,RJ,Sudeste,70.32,68.12,-2.2,82.43,0.671,0.671,0.671,alto,True,"baixo desempenho, baixa participação",False,
1507607,São Miguel do Guamá,PA,Norte,49.59,51.68,2.09,85.57,0.671,0.67,0.671,alto,True,"baixo desempenho, baixa participação",False,
3522208,Itapecerica da Serra,SP,Sudeste,54.9,62.06,7.16,90.43,0.671,0.67,0.671,alto,True,"baixo desempenho, alta participação",False,
2105427,Itinga do Maranhão,MA,Nordeste,60.13,79.94,19.81,92.99,0.67,0.669,0.67,alto,True,"baixo desempenho, alta participação",True,
2708600,São Miguel dos Campos,AL,Nordeste,57.17,59.83,2.66,92.61,0.67,0.666,0.67,alto,True,"desempenho médio, alta participação",False,
3301801,Engenheiro Paulo de Frontin,RJ,Sudeste,55.56,68.49,12.93,82.35,0.67,0.675,0.67,alto,True,"baixo desempenho, baixa participação",True,
2210953,Tamboril do Piauí,PI,Nordeste,65.11,72.3,7.19,95.56,0.67,0.677,0.67,alto,True,"desempenho médio, alta participação",False,
4213708,Pouso Redondo,SC,Sul,60.13,70.8,10.67,74.19,0.67,0.664,0.67,alto,True,"baixo desempenho, baixa participação",True,
4210506,Maravilha,SC,Sul,76.03,80.0,3.97,85.17,0.67,0.658,0.67,alto,True,"desempenho médio, alta participação",False,
2503506,Cacimba de Dentro,PB,Nordeste,63.3,79.64,16.34,94.48,0.67,0.665,0.67,alto,True,"baixo desempenho, alta participação",True,
1507953,Tailândia,PA,Norte,37.9,50.91,13.01,82.64,0.67,0.675,0.67,alto,True,"baixo desempenho, baixa participação",True,
3502804,Araçatuba,SP,Sudeste,74.22,70.33,-3.89,86.24,0.67,0.664,0.67,alto,True,"desempenho médio, alta participação",False,
3537305,Penápolis,SP,Sudeste,61.01,66.89,5.88,93.91,0.669,0.664,0.669,alto,True,"desempenho médio, alta participação",False,
1707553,Fátima,TO,Norte,57.84,61.51,3.67,84.09,0.669,0.67,0.669,alto,True,"baixo desempenho, baixa participação",False,
4127106,Telêmaco Borba,PR,Sul,61.71,68.62,6.91,87.63,0.669,0.662,0.669,alto,True,"baixo desempenho, alta participação",False,
4104907,Castro,PR,Sul,74.56,76.0,1.44,90.08,0.668,0.661,0.668,alto,True,"desempenho médio, alta participação",False,
3510609,Carapicuíba,SP,Sudeste,44.8,56.43,11.63,81.28,0.668,0.665,0.668,alto,True,"baixo desempenho, baixa participação",True,
3507407,Borborema,SP,Sudeste,70.83,80.0,9.17,95.83,0.668,0.665,0.668,alto,True,"desempenho médio, alta participação",True,
4104659,Carambeí,PR,Sul,69.2,76.57,7.37,88.45,0.668,0.663,0.668,alto,True,"desempenho médio, alta participação",True,
4101606,Arapoti,PR,Sul,67.63,76.8,9.17,90.0,0.668,0.663,0.668,alto,True,"desempenho médio, alta participação",True,
2102358,Buritirana,MA,Nordeste,54.91,67.41,12.5,91.23,0.668,0.672,0.668,alto,True,"baixo desempenho, alta participação",True,
2509800,Mulungu,PB,Nordeste,54.12,64.02,9.9,80.88,0.667,0.668,0.667,alto,True,"baixo desempenho, baixa participação",True,
2209807,São Gonçalo do Piauí,PI,Nordeste,64.04,80.0,15.96,96.36,0.667,0.67,0.667,alto,True,"baixo desempenho, alta participação",True,
2908903,Coração de Maria,BA,Nordeste,21.3,45.58,24.28,84.92,0.667,0.667,0.667,alto,True,"baixo desempenho, alta participação",True,
2922730,Nova Fátima,BA,Nordeste,31.91,57.56,25.65,95.92,0.667,0.67,0.667,alto,True,"baixo desempenho, alta participação",True,
3522406,Itapeva,SP,Sudeste,56.2,62.06,5.86,87.81,0.667,0.66,0.667,alto,True,"baixo desempenho, alta participação",False,
2208700,Redenção do Gurguéia,PI,Nordeste,80.52,80.0,-0.52,100.0,0.667,0.664,0.667,alto,True,"desempenho médio, alta participação",False,
3531506,Monte Azul Paulista,SP,Sudeste,55.38,75.09,19.71,77.64,0.666,0.665,0.666,alto,True,"baixo desempenho, baixa participação",True,
3528007,Macatuba,SP,Sudeste,62.4,69.83,7.43,92.39,0.666,0.664,0.666,alto,True,"baixo desempenho, alta participação",True,
2410504,Rafael Fernandes,RN,Nordeste,41.81,63.57,21.76,85.71,0.666,0.67,0.666,alto,True,"baixo desempenho, alta participação",True,
1501105,Bagre,PA,Norte,53.31,57.48,4.17,92.62,0.666,0.664,0.666,alto,True,"baixo desempenho, alta participação",False,
2105104,Icatu,MA,Nordeste,68.98,70.85,1.87,96.3,0.666,0.665,0.666,alto,True,"desempenho médio, alta participação",False,
2709152,Teotônio Vilela,AL,Nordeste,57.59,61.47,3.88,88.4,0.666,0.657,0.666,alto,True,"baixo desempenho, alta participação",False,
3302809,Mendes,RJ,Sudeste,56.89,65.41,8.52,90.18,0.665,0.669,0.665,alto,True,"baixo desempenho, alta participação",True,
3303708,Paraíba do Sul,RJ,Sudeste,51.96,59.74,7.78,80.41,0.665,0.665,0.665,alto,True,"baixo desempenho, baixa participação",True,
4112108,Jandaia do Sul,PR,Sul,68.64,77.88,9.24,90.2,0.665,0.662,0.665,alto,True,"desempenho médio, alta participação",True,
1703800,Buriti do Tocantins,TO,Norte,50.39,56.06,5.67,90.4,0.665,0.661,0.665,alto,True,"baixo desempenho, alta participação",False,
2203404,Dom Expedito Lopes,PI,Nordeste,76.45,77.98,1.53,97.33,0.665,0.664,0.665,alto,True,"desempenho médio, alta participação",False,
2709301,União dos Palmares,AL,Nordeste,94.75,80.0,-14.75,98.44,0.665,0.653,0.665,alto,True,"alto desempenho, alta participação",False,
3515509,Fernandópolis,SP,Sudeste,61.01,64.91,3.9,89.3,0.665,0.66,0.665,alto,True,"desempenho médio, alta participação",False,
4308078,Fazenda Vilanova,RS,Sul,65.0,80.0,15.0,85.71,0.951,0.664,0.664,alto,True,"baixo desempenho, baixa participação",True,score sem o choque das enchentes de 2024
4113429,Lidianópolis,PR,Sul,83.47,80.0,-3.47,79.63,0.664,0.671,0.664,alto,True,"baixo desempenho, baixa participação",False,
2927507,Santa Bárbara,BA,Nordeste,31.58,36.59,5.01,92.36,0.663,0.662,0.663,alto,True,"baixo desempenho, alta participação",False,
4109609,Guaratuba,PR,Sul,66.9,71.37,4.47,84.77,0.663,0.658,0.663,alto,True,"baixo desempenho, baixa participação",False,
2921708,Morro do Chapéu,BA,Nordeste,28.31,49.79,21.48,94.4,0.663,0.657,0.663,alto,True,"baixo desempenho, alta participação",True,
2612703,Santa Maria do Cambucá,PE,Nordeste,70.05,80.0,9.95,92.66,0.663,0.665,0.663,alto,True,"desempenho médio, alta participação",True,
4126678,Tamarana,PR,Sul,65.46,75.72,10.26,88.28,0.663,0.662,0.663,alto,True,"baixo desempenho, alta participação",True,
1507961,Terra Alta,PA,Norte,49.88,54.1,4.22,86.75,0.662,0.667,0.662,alto,True,"baixo desempenho, alta participação",False,
3545001,Salesópolis,SP,Sudeste,65.52,69.57,4.05,90.41,0.662,0.662,0.662,alto,True,"desempenho médio, alta participação",False,
1200450,Senador Guiomard,AC,Norte,43.66,50.47,6.81,76.67,0.662,0.655,0.662,alto,True,"baixo desempenho, baixa participação",False,UF sem historico no treino: avaliado so pelas demais variaveis
3519006,Herculândia,SP,Sudeste,81.08,80.0,-1.08,94.51,0.662,0.661,0.662,alto,True,"desempenho médio, alta participação",False,
2515500,Serra Branca,PB,Nordeste,54.35,64.89,10.54,85.47,0.662,0.66,0.662,alto,True,"baixo desempenho, baixa participação",True,
2106201,Luís Domingues,MA,Nordeste,84.97,77.84,-7.13,94.17,0.662,0.666,0.662,alto,True,"alto desempenho, alta participação",False,
4126900,Tapira,PR,Sul,77.42,80.0,2.58,89.8,0.661,0.666,0.661,alto,True,"desempenho médio, alta participação",False,
3538709,Piracicaba,SP,Sudeste,55.08,62.99,7.91,89.58,0.661,0.652,0.661,alto,True,"baixo desempenho, alta participação",True,
1501758,Brejo Grande do Araguaia,PA,Norte,75.7,67.55,-8.15,89.22,0.661,0.663,0.661,alto,True,"alto desempenho, alta participação",False,
2801009,Campo do Brito,SE,Nordeste,41.74,52.05,10.31,95.28,0.661,0.658,0.661,alto,True,"baixo desempenho, alta participação",True,
4216404,São João do Sul,SC,Sul,76.69,77.27,0.58,79.31,0.66,0.658,0.66,alto,True,"baixo desempenho, baixa participação",False,
2613909,Serra Talhada,PE,Nordeste,77.92,77.29,-0.63,96.34,0.66,0.654,0.66,alto,True,"desempenho médio, alta participação",False,
3516606,Gália,SP,Sudeste,66.68,79.23,12.55,93.15,0.66,0.664,0.66,alto,True,"baixo desempenho, alta participação",True,
3547601,Santa Rosa de Viterbo,SP,Sudeste,75.32,76.07,0.75,94.31,0.66,0.654,0.66,alto,True,"desempenho médio, alta participação",False,
2918555,Jussari,BA,Nordeste,31.58,49.51,17.93,91.94,0.66,0.666,0.66,alto,True,"baixo desempenho, alta participação",True,
3304003,Piraí,RJ,Sudeste,60.43,65.7,5.27,83.43,0.66,0.658,0.66,alto,True,"baixo desempenho, baixa participação",False,
2103307,Codó,MA,Nordeste,50.85,57.65,6.8,88.94,0.66,0.664,0.66,alto,True,"baixo desempenho, alta participação",False,
2912806,Ibirapuã,BA,Nordeste,37.84,66.82,28.98,98.01,0.659,0.658,0.659,alto,True,"baixo desempenho, alta participação",True,
4115606,Matelândia,PR,Sul,71.4,75.5,4.1,86.83,0.659,0.655,0.659,alto,True,"desempenho médio, alta participação",False,
3507605,Bragança Paulista,SP,Sudeste,53.36,61.15,7.79,86.52,0.659,0.657,0.659,alto,True,"baixo desempenho, alta participação",True,
4104006,Campina Grande do Sul,PR,Sul,66.84,73.41,6.57,88.47,0.659,0.651,0.659,alto,True,"desempenho médio, alta participação",False,
4126504,Sertanópolis,PR,Sul,61.98,70.98,9.0,80.12,0.659,0.658,0.659,alto,True,"baixo desempenho, baixa participação",True,
2608057,Jatobá,PE,Nordeste,68.05,77.29,9.24,92.44,0.658,0.66,0.658,alto,True,"desempenho médio, alta participação",True,
4104105,Campo do Tenente,PR,Sul,80.98,80.0,-0.98,89.19,0.658,0.659,0.658,alto,True,"desempenho médio, alta participação",False,
2922904,Nova Soure,BA,Nordeste,31.41,37.7,6.29,96.8,0.657,0.654,0.657,alto,True,"baixo desempenho, alta participação",False,
2929354,São José da Vitória,BA,Nordeste,27.27,45.87,18.6,93.9,0.657,0.664,0.657,alto,True,"baixo desempenho, alta participação",True,
4201604,Arroio Trinta,SC,Sul,76.24,80.0,3.76,80.36,0.657,0.659,0.657,alto,True,"baixo desempenho, baixa participação",False,
3519808,Icém,SP,Sudeste,81.32,75.39,-5.93,87.72,0.657,0.658,0.657,alto,True,"desempenho médio, alta participação",False,
2911402,Glória,BA,Nordeste,29.69,49.56,19.87,98.46,0.657,0.656,0.657,alto,True,"baixo desempenho, alta participação",True,
1303569,Rio Preto da Eva,AM,Norte,46.76,49.09,2.33,80.73,0.656,0.652,0.656,alto,True,"baixo desempenho, baixa participação",False,
2608909,Limoeiro,PE,Nordeste,67.03,74.63,7.6,96.92,0.656,0.654,0.656,alto,True,"desempenho médio, alta participação",True,
2205516,Juazeiro do Piauí,PI,Nordeste,71.43,72.26,0.83,95.56,0.656,0.658,0.656,alto,True,"desempenho médio, alta participação",False,
2504009,Campina Grande,PB,Nordeste,47.92,54.42,6.5,85.1,0.655,0.645,0.655,alto,True,"baixo desempenho, baixa participação",False,
2101004,Arari,MA,Nordeste,72.37,71.46,-0.91,97.26,0.655,0.652,0.655,alto,True,"desempenho médio, alta participação",False,
2403004,Cruzeta,RN,Nordeste,60.81,61.01,0.2,88.89,0.655,0.651,0.655,alto,True,"desempenho médio, alta participação",False,
1504059,Mãe do Rio,PA,Norte,46.97,56.63,9.66,88.86,0.654,0.653,0.654,alto,True,"baixo desempenho, alta participação",True,
4116901,Nova Esperança,PR,Sul,74.65,75.92,1.27,85.5,0.654,0.649,0.654,alto,True,"desempenho médio, alta participação",False,
4114807,Marialva,PR,Sul,73.09,75.31,2.22,86.24,0.654,0.646,0.654,alto,True,"desempenho médio, alta participação",False,
2101301,Bacuri,MA,Nordeste,57.55,71.58,14.03,94.15,0.654,0.656,0.654,alto,True,"baixo desempenho, alta participação",True,
2516508,Taperoá,PB,Nordeste,90.59,78.82,-11.77,91.79,0.653,0.646,0.653,alto,True,"alto desempenho, alta participação",False,
2612208,Salgueiro,PE,Nordeste,75.13,77.15,2.02,96.92,0.653,0.649,0.653,alto,True,"desempenho médio, alta participação",False,
4123501,Santa Helena,PR,Sul,79.37,79.44,0.07,90.26,0.653,0.646,0.653,alto,True,"desempenho médio, alta participação",False,
1506112,Quatipuru,PA,Norte,47.3,59.01,11.71,91.08,0.653,0.656,0.653,alto,True,"baixo desempenho, alta participação",True,
3510153,Canitar,SP,Sudeste,79.49,79.58,0.09,92.55,0.653,0.656,0.653,alto,True,"desempenho médio, alta participação",False,
4125100,São João do Triunfo,PR,Sul,79.45,78.99,-0.46,88.84,0.653,0.649,0.653,alto,True,"desempenho médio, alta participação",False,
4114005,Mamborê,PR,Sul,74.68,80.0,5.32,90.48,0.653,0.65,0.653,alto,True,"desempenho médio, alta participação",False,
2916708,Itaquara,BA,Nordeste,34.25,48.34,14.09,98.65,0.653,0.655,0.653,alto,True,"baixo desempenho, alta participação",True,
3300225,Areal,RJ,Sudeste,63.64,68.12,4.48,85.71,0.652,0.656,0.652,alto,True,"baixo desempenho, baixa participação",False,
4117107,Nova Londrina,PR,Sul,74.05,78.35,4.3,89.87,0.652,0.65,0.652,alto,True,"desempenho médio, alta participação",False,
2704302,Maceió,AL,Nordeste,40.95,52.09,11.14,91.46,0.652,0.648,0.652,alto,True,"baixo desempenho, alta participação",True,
1716703,Colméia,TO,Norte,60.62,58.71,-1.91,78.67,0.652,0.648,0.652,alto,True,"baixo desempenho, baixa participação",False,
1503200,Igarapé-Açu,PA,Norte,40.43,47.07,6.64,79.41,0.652,0.65,0.652,alto,True,"baixo desempenho, baixa participação",False,
1200807,Porto Acre,AC,Norte,39.69,47.06,7.37,72.39,0.652,0.646,0.652,alto,True,"baixo desempenho, baixa participação",True,UF sem historico no treino: avaliado so pelas demais variaveis
5005251,Laguna Carapã,MS,Centro-Oeste,77.47,80.0,2.53,92.57,0.651,0.65,0.651,alto,True,"desempenho médio, alta participação",False,
4308003,Faxinal do Soturno,RS,Sul,66.7,79.38,12.68,80.0,0.949,0.651,0.651,alto,True,"baixo desempenho, baixa participação",True,score sem o choque das enchentes de 2024
2929305,São Gonçalo dos Campos,BA,Nordeste,24.63,49.94,25.31,86.02,0.651,0.645,0.651,alto,True,"baixo desempenho, alta participação",True,
3512506,Coroados,SP,Sudeste,72.95,72.75,-0.2,85.07,0.651,0.654,0.651,alto,True,"desempenho médio, alta participação",False,
4122503,Roncador,PR,Sul,76.32,80.0,3.68,91.56,0.651,0.65,0.651,alto,True,"desempenho médio, alta participação",False,
1720002,Santa Terezinha do Tocantins,TO,Norte,57.14,63.88,6.74,93.33,0.651,0.655,0.651,alto,True,"baixo desempenho, alta participação",False,
5107107,São José dos Quatro Marcos,MT,Centro-Oeste,68.7,80.0,11.3,91.92,0.651,0.646,0.651,alto,True,"baixo desempenho, alta participação",True,
4106209,Contenda,PR,Sul,77.37,78.85,1.48,91.53,0.65,0.645,0.65,alto,True,"desempenho médio, alta participação",False,
4115754,Mauá da Serra,PR,Sul,80.48,80.0,-0.48,88.69,0.649,0.648,0.649,alto,True,"desempenho médio, alta participação",False,
2906402,Candeal,BA,Nordeste,30.77,45.56,14.79,98.11,0.649,0.653,0.649,alto,True,"baixo desempenho, alta participação",True,
3531308,Monte Alto,SP,Sudeste,59.0,71.18,12.18,92.4,0.649,0.645,0.649,alto,True,"baixo desempenho, alta participação",True,
4103503,Califórnia,PR,Sul,69.28,80.0,10.72,93.46,0.649,0.651,0.649,alto,True,"baixo desempenho, alta participação",True,
4126108,São Tomé,PR,Sul,69.88,80.0,10.12,92.41,0.648,0.653,0.648,alto,True,"desempenho médio, alta participação",True,
2909109,Coribe,BA,Nordeste,30.71,57.93,27.22,96.55,0.648,0.648,0.648,alto,True,"baixo desempenho, alta participação",True,
4312757,Nova Alvorada,RS,Sul,71.4,80.0,8.6,91.3,0.948,0.648,0.648,alto,True,"desempenho médio, alta participação",True,score sem o choque das enchentes de 2024
3539806,Poá,SP,Sudeste,51.72,62.8,11.08,85.86,0.648,0.649,0.648,alto,True,"baixo desempenho, baixa participação",True,
2708402,São José da Tapera,AL,Nordeste,50.43,59.11,8.68,94.09,0.647,0.644,0.647,alto,True,"baixo desempenho, alta participação",True,
3540408,Populina,SP,Sudeste,79.69,78.52,-1.17,83.33,0.647,0.652,0.647,alto,True,"desempenho médio, alta participação",False,
3524204,Jaborandi,SP,Sudeste,67.19,80.0,12.81,93.06,0.647,0.651,0.647,alto,True,"baixo desempenho, alta participação",True,
4305447,Chuvisca,RS,Sul,69.0,73.83,4.83,85.42,0.948,0.647,0.647,alto,True,"baixo desempenho, baixa participação",False,score sem o choque das enchentes de 2024
4119400,Piraí do Sul,PR,Sul,74.06,75.14,1.08,86.67,0.647,0.642,0.647,alto,True,"desempenho médio, alta participação",False,
2111300,São Luís,MA,Nordeste,56.69,58.04,1.35,88.73,0.646,0.643,0.646,alto,True,"desempenho médio, alta participação",False,
1506401,Santa Cruz do Arari,PA,Norte,52.31,59.69,7.38,92.86,0.646,0.65,0.646,alto,True,"baixo desempenho, alta participação",True,
4103354,Braganey,PR,Sul,85.11,80.0,-5.11,82.76,0.646,0.649,0.646,alto,True,"desempenho médio, alta participação",False,
2112803,Viana,MA,Nordeste,53.36,65.36,12.0,92.67,0.646,0.647,0.646,alto,True,"baixo desempenho, alta participação",True,
5107925,Sorriso,MT,Centro-Oeste,81.05,79.35,-1.7,87.97,0.646,0.631,0.646,alto,True,"desempenho médio, alta participação",False,
2906105,Canápolis,BA,Nordeste,29.55,50.63,21.08,96.7,0.646,0.649,0.646,alto,True,"baixo desempenho, alta participação",True,
2506004,Esperança,PB,Nordeste,64.21,67.49,3.28,93.01,0.645,0.636,0.645,alto,True,"desempenho médio, alta participação",False,
4124400,Santo Antônio do Sudoeste,PR,Sul,81.43,79.65,-1.78,89.05,0.645,0.64,0.645,alto,True,"desempenho médio, alta participação",False,
4117214,Nova Santa Bárbara,PR,Sul,79.18,80.0,0.82,84.38,0.644,0.65,0.644,alto,True,"desempenho médio, alta participação",False,
1700251,Abreulândia,TO,Norte,75.0,67.87,-7.13,87.5,0.644,0.645,0.644,alto,True,"desempenho médio, alta participação",False,
2903235,Barro Alto,BA,Nordeste,29.75,39.75,10.0,98.37,0.644,0.645,0.644,alto,True,"baixo desempenho, alta participação",True,
4117057,Nova Laranjeiras,PR,Sul,68.33,78.22,9.89,93.98,0.644,0.645,0.644,alto,True,"desempenho médio, alta participação",True,
3302700,Maricá,RJ,Sudeste,59.97,64.27,4.3,82.99,0.644,0.641,0.644,alto,True,"baixo desempenho, baixa participação",False,
3519071,Hortolândia,SP,Sudeste,55.05,65.17,10.12,88.91,0.644,0.638,0.644,alto,True,"baixo desempenho, alta participação",True,
2404853,Itajá,RN,Nordeste,40.01,64.47,24.46,77.38,0.644,0.644,0.644,alto,True,"baixo desempenho, baixa participação",True,
1505486,Pacajá,PA,Norte,45.49,50.64,5.15,82.92,0.643,0.638,0.643,alto,True,"baixo desempenho, baixa participação",False,
4128633,Doutor Ulysses,PR,Sul,69.45,77.42,7.97,92.75,0.643,0.649,0.643,alto,True,"desempenho médio, alta participação",True,
4315172,Protásio Alves,RS,Sul,75.0,79.99,4.99,84.21,0.946,0.643,0.643,alto,True,"baixo desempenho, baixa participação",False,score sem o choque das enchentes de 2024
4128005,Ubiratã,PR,Sul,77.6,80.0,2.4,89.12,0.643,0.637,0.643,alto,True,"desempenho médio, alta participação",False,
3303807,Paraty,RJ,Sudeste,48.89,60.27,11.38,74.64,0.643,0.642,0.643,alto,True,"baixo desempenho, baixa participação",True,
3533254,Novais,SP,Sudeste,63.99,72.18,8.19,97.5,0.642,0.649,0.642,alto,True,"baixo desempenho, alta participação",True,
4125803,São Pedro do Ivaí,PR,Sul,85.66,80.0,-5.66,83.72,0.642,0.641,0.642,alto,True,"desempenho médio, alta participação",False,
1505551,Pau D'Arco,PA,Norte,48.91,60.22,11.31,86.49,0.642,0.649,0.642,alto,True,"baixo desempenho, alta participação",True,
3544004,Rio das Pedras,SP,Sudeste,58.5,69.84,11.34,89.85,0.642,0.636,0.642,alto,True,"baixo desempenho, alta participação",True,
1508357,Vitória do Xingu,PA,Norte,70.18,66.91,-3.27,87.96,0.642,0.634,0.642,alto,True,"desempenho médio, alta participação",False,
4108601,Goioerê,PR,Sul,63.77,73.46,9.69,85.62,0.642,0.637,0.642,alto,True,"baixo desempenho, baixa participação",True,
4219408,Witmarsum,SC,Sul,77.27,79.97,2.7,84.62,0.642,0.642,0.642,alto,True,"desempenho médio, alta participação",False,
4121109,Quinta do Sol,PR,Sul,74.15,77.71,3.56,86.54,0.642,0.646,0.642,alto,True,"desempenho médio, alta participação",False,
3305752,Tanguá,RJ,Sudeste,54.46,63.44,8.98,85.18,0.641,0.642,0.641,alto,True,"baixo desempenho, baixa participação",True,
4104501,Capanema,PR,Sul,79.5,78.91,-0.59,84.75,0.641,0.636,0.641,alto,True,"desempenho médio, alta participação",False,
4128708,Vitorino,PR,Sul,70.19,74.06,3.87,81.56,0.641,0.644,0.641,alto,True,"baixo desempenho, baixa participação",False,
3510401,Capivari,SP,Sudeste,66.48,69.46,2.98,94.67,0.641,0.635,0.641,alto,True,"desempenho médio, alta participação",False,
2105203,Igarapé Grande,MA,Nordeste,89.11,80.0,-9.11,94.17,0.641,0.641,0.641,alto,True,"alto desempenho, alta participação",False,
1504109,Magalhães Barata,PA,Norte,60.05,62.5,2.45,92.31,0.641,0.644,0.641,alto,True,"desempenho médio, alta participação",False,
1508209,Vigia,PA,Norte,37.71,44.6,6.89,83.71,0.641,0.642,0.641,alto,True,"baixo desempenho, baixa participação",False,
2930204,Sento Sé,BA,Nordeste,24.24,41.68,17.44,87.73,0.64,0.633,0.64,alto,True,"baixo desempenho, alta participação",True,
4210100,Mafra,SC,Sul,77.41,75.13,-2.28,81.55,0.64,0.629,0.64,alto,True,"desempenho médio, alta participação",False,
3515186,Espírito Santo do Pinhal,SP,Sudeste,61.16,70.09,8.93,92.31,0.64,0.632,0.64,alto,True,"baixo desempenho, alta participação",True,
2510709,Passagem,PB,Nordeste,66.67,79.66,12.99,95.45,0.64,0.647,0.64,alto,True,"baixo desempenho, alta participação",True,
2200806,Antônio Almeida,PI,Nordeste,73.81,80.0,6.19,100.0,0.64,0.641,0.64,alto,True,"desempenho médio, alta participação",False,
4110706,Irati,PR,Sul,88.31,80.0,-8.31,89.79,0.64,0.631,0.64,alto,True,"alto desempenho, alta participação",False,
3304706,Santo Antônio de Pádua,RJ,Sudeste,73.82,70.72,-3.1,91.18,0.639,0.635,0.639,alto,True,"desempenho médio, alta participação",False,
1500206,Acará,PA,Norte,41.73,51.93,10.2,84.75,0.639,0.638,0.639,alto,True,"baixo desempenho, baixa participação",True,
3514601,Dumont,SP,Sudeste,64.5,77.73,13.23,90.62,0.639,0.64,0.639,alto,True,"baixo desempenho, alta participação",True,
3505708,Barueri,SP,Sudeste,68.13,68.35,0.22,86.07,0.639,0.629,0.639,alto,True,"desempenho médio, alta participação",False,
2209559,São Braz do Piauí,PI,Nordeste,66.39,80.0,13.61,98.51,0.639,0.643,0.639,alto,True,"baixo desempenho, alta participação",True,
1100080,Costa Marques,RO,Norte,59.63,80.0,20.37,91.63,0.639,0.637,0.639,alto,True,"baixo desempenho, alta participação",True,
4117222,Nova Santa Rosa,PR,Sul,72.16,78.45,6.29,88.54,0.639,0.639,0.639,alto,True,"desempenho médio, alta participação",False,
4121752,Reserva do Iguaçu,PR,Sul,83.13,78.52,-4.61,84.91,0.638,0.639,0.638,alto,True,"desempenho médio, alta participação",False,
3548500,Santos,SP,Sudeste,52.77,63.79,11.02,88.5,0.638,0.63,0.638,alto,True,"baixo desempenho, alta participação",True,
1200252,Epitaciolândia,AC,Norte,52.28,57.62,5.34,87.2,0.638,0.629,0.638,alto,True,"baixo desempenho, alta participação",False,UF sem historico no treino: avaliado so pelas demais variaveis
2931400,Teodoro Sampaio,BA,Nordeste,30.56,53.42,22.86,94.74,0.638,0.641,0.638,alto,True,"baixo desempenho, alta participação",True,
3504503,Avaré,SP,Sudeste,52.47,64.83,12.36,89.24,0.638,0.632,0.638,alto,True,"baixo desempenho, alta participação",True,
1101559,Teixeirópolis,RO,Norte,65.3,74.44,9.14,89.83,0.638,0.644,0.638,alto,True,"baixo desempenho, alta participação",True,
4123808,Santa Izabel do Oeste,PR,Sul,82.63,80.0,-2.63,89.23,0.638,0.634,0.638,alto,True,"desempenho médio, alta participação",False,
3545605,Santa Adélia,SP,Sudeste,64.33,66.96,2.63,85.11,0.638,0.637,0.638,alto,True,"baixo desempenho, baixa participação",False,
2412500,São Miguel,RN,Nordeste,44.85,52.54,7.69,89.3,0.638,0.63,0.638,alto,True,"baixo desempenho, alta participação",True,
3503307,Araras,SP,Sudeste,59.68,65.24,5.56,91.78,0.638,0.636,0.638,alto,True,"baixo desempenho, alta participação",False,
4102000,Assis Chateaubriand,PR,Sul,80.31,80.0,-0.31,91.4,0.637,0.629,0.637,alto,True,"desempenho médio, alta participação",False,
2203305,Demerval Lobão,PI,Nordeste,73.33,73.23,-0.1,96.19,0.637,0.632,0.637,alto,True,"desempenho médio, alta participação",False,
4212908,Pinhalzinho,SC,Sul,78.35,78.76,0.41,80.7,0.637,0.627,0.637,alto,True,"baixo desempenho, baixa participação",False,
3501004,Altinópolis,SP,Sudeste,67.78,72.14,4.36,93.18,0.637,0.633,0.637,alto,True,"desempenho médio, alta participação",False,
4308458,Fortaleza dos Valos,RS,Sul,72.7,80.0,7.3,91.67,0.946,0.637,0.637,alto,True,"desempenho médio, alta participação",True,score sem o choque das enchentes de 2024
4103305,Borrazópolis,PR,Sul,75.03,80.0,4.97,86.52,0.637,0.64,0.637,alto,True,"desempenho médio, alta participação",False,
1304062,Tabatinga,AM,Norte,37.75,53.79,16.04,87.45,0.637,0.634,0.637,alto,True,"baixo desempenho, alta participação",True,
1707405,Esperantina,TO,Norte,47.82,53.27,5.45,84.62,0.637,0.633,0.637,alto,True,"baixo desempenho, baixa participação",False,
2917102,Itororó,BA,Nordeste,28.85,57.97,29.12,96.3,0.637,0.635,0.637,alto,True,"baixo desempenho, alta participação",True,
2407104,Macaíba,RN,Nordeste,30.13,44.07,13.94,73.25,0.637,0.628,0.637,alto,True,"baixo desempenho, baixa participação",True,
3518800,Guarulhos,SP,Sudeste,44.19,52.23,8.04,82.99,0.636,0.631,0.636,alto,True,"baixo desempenho, baixa participação",True,
3528205,Macedônia,SP,Sudeste,72.5,80.0,7.5,100.0,0.636,0.642,0.636,alto,True,"desempenho médio, alta participação",True,
1303502,Pauini,AM,Norte,48.43,51.88,3.45,88.46,0.636,0.634,0.636,alto,True,"baixo desempenho, alta participação",False,
4121257,Ramilândia,PR,Sul,77.23,80.0,2.77,93.94,0.636,0.642,0.636,alto,True,"desempenho médio, alta participação",False,
3512407,Cordeirópolis,SP,Sudeste,69.6,76.12,6.52,95.01,0.636,0.627,0.636,alto,True,"desempenho médio, alta participação",False,
2907004,Cardeal da Silva,BA,Nordeste,33.04,41.91,8.87,98.29,0.635,0.637,0.635,alto,True,"baixo desempenho, alta participação",True,
1200104,Brasiléia,AC,Norte,46.68,53.01,6.33,80.16,0.635,0.626,0.635,alto,True,"baixo desempenho, baixa participação",False,UF sem historico no treino: avaliado so pelas demais variaveis
1503093,Goianésia do Pará,PA,Norte,42.29,57.03,14.74,85.23,0.635,0.632,0.635,alto,True,"baixo desempenho, alta participação",True,
2932408,Uibaí,BA,Nordeste,27.71,47.33,19.62,91.21,0.635,0.636,0.635,alto,True,"baixo desempenho, alta participação",True,
2703205,Igreja Nova,AL,Nordeste,50.74,58.34,7.6,91.88,0.635,0.632,0.635,alto,True,"baixo desempenho, alta participação",True,
2508703,Mãe d'Água,PB,Nordeste,63.64,73.13,9.49,100.0,0.635,0.64,0.635,alto,True,"baixo desempenho, alta participação",True,
4321956,Trindade do Sul,RS,Sul,62.9,80.0,17.1,72.6,0.945,0.635,0.635,alto,True,"baixo desempenho, baixa participação",True,score sem o choque das enchentes de 2024
2109908,Santa Inês,MA,Nordeste,48.48,57.79,9.31,86.91,0.635,0.632,0.635,alto,True,"baixo desempenho, alta participação",True,
3552700,Tabatinga,SP,Sudeste,62.83,68.11,5.28,91.62,0.635,0.634,0.635,alto,True,"desempenho médio, alta participação",False,
2400703,Alto do Rodrigues,RN,Nordeste,52.52,58.68,6.16,88.39,0.634,0.625,0.634,alto,True,"baixo desempenho, alta participação",False,
4117008,Nova Fátima,PR,Sul,79.65,80.0,0.35,90.79,0.634,0.634,0.634,alto,True,"desempenho médio, alta participação",False,
3520509,Indaiatuba,SP,Sudeste,62.82,65.51,2.69,88.25,0.634,0.626,0.634,alto,True,"desempenho médio, alta participação",False,
1502400,Castanhal,PA,Norte,32.97,41.06,8.09,77.17,0.634,0.634,0.634,alto,True,"baixo desempenho, baixa participação",True,
4318457,São José das Missões,RS,Sul,60.4,78.89,18.49,72.0,0.943,0.634,0.634,alto,True,"baixo desempenho, baixa participação",True,score sem o choque das enchentes de 2024
3536000,Parapuã,SP,Sudeste,73.38,76.91,3.53,94.23,0.633,0.631,0.633,alto,True,"desempenho médio, alta participação",False,
2930501,Serrinha,BA,Nordeste,19.92,40.59,20.67,92.76,0.633,0.629,0.633,alto,True,"baixo desempenho, alta participação",True,
2107902,Passagem Franca,MA,Nordeste,58.43,77.72,19.29,93.93,0.633,0.633,0.633,alto,True,"baixo desempenho, alta participação",True,
3514304,Dourado,SP,Sudeste,71.85,74.14,2.29,91.86,0.632,0.631,0.632,alto,True,"desempenho médio, alta participação",False,
2512788,Riacho de Santo Antônio,PB,Nordeste,55.56,78.99,23.43,90.0,0.632,0.643,0.632,alto,True,"baixo desempenho, alta participação",True,
1502756,Concórdia do Pará,PA,Norte,54.24,53.12,-1.12,81.97,0.632,0.629,0.632,alto,True,"baixo desempenho, baixa participação",False,
2922706,Nova Canaã,BA,Nordeste,50.0,44.35,-5.65,100.0,0.632,0.628,0.632,alto,True,"desempenho médio, alta participação",False,
5106752,Pontes e Lacerda,MT,Centro-Oeste,66.49,71.81,5.32,88.35,0.632,0.621,0.632,alto,True,"desempenho médio, alta participação",False,
3542107,Rafard,SP,Sudeste,70.8,80.0,9.2,96.55,0.631,0.631,0.631,alto,True,"desempenho médio, alta participação",True,
4117503,Paiçandu,PR,Sul,62.96,72.12,9.16,89.41,0.631,0.625,0.631,alto,True,"baixo desempenho, alta participação",True,
3510500,Caraguatatuba,SP,Sudeste,58.19,62.72,4.53,88.99,0.631,0.631,0.631,alto,True,"baixo desempenho, alta participação",False,
1302504,Manacapuru,AM,Norte,37.28,55.57,18.29,86.92,0.631,0.625,0.631,alto,True,"baixo desempenho, alta participação",True,
2927101,Rodelas,BA,Nordeste,26.35,38.79,12.44,94.87,0.631,0.634,0.631,alto,True,"baixo desempenho, alta participação",True,
2800670,Boquim,SE,Nordeste,33.02,38.3,5.28,81.82,0.631,0.63,0.631,alto,True,"baixo desempenho, baixa participação",False,
3548807,São Caetano do Sul,SP,Sudeste,66.12,67.13,1.01,88.46,0.631,0.626,0.631,alto,True,"desempenho médio, alta participação",False,
2514800,São José dos Cordeiros,PB,Nordeste,95.24,80.0,-15.24,95.45,0.631,0.632,0.631,alto,True,"alto desempenho, alta participação",False,
3530102,Mirandópolis,SP,Sudeste,54.13,62.1,7.97,87.57,0.631,0.628,0.631,alto,True,"baixo desempenho, alta participação",True,
3534401,Osasco,SP,Sudeste,49.13,56.96,7.83,85.47,0.631,0.618,0.631,alto,True,"baixo desempenho, baixa participação",True,
3501608,Americana,SP,Sudeste,64.36,65.54,1.18,90.17,0.63,0.624,0.63,alto,True,"desempenho médio, alta participação",False,
2805505,Poço Verde,SE,Nordeste,40.54,45.43,4.89,88.64,0.63,0.628,0.63,alto,True,"baixo desempenho, alta participação",False,
1304302,Urucará,AM,Norte,73.95,64.52,-9.43,95.06,0.63,0.625,0.63,alto,True,"alto desempenho, alta participação",False,
3552205,Sorocaba,SP,Sudeste,52.43,58.32,5.89,88.08,0.63,0.618,0.63,alto,True,"baixo desempenho, alta participação",False,
2914653,Itabela,BA,Nordeste,24.92,45.71,20.79,91.52,0.63,0.626,0.63,alto,True,"baixo desempenho, alta participação",True,
2931707,Terra Nova,BA,Nordeste,28.42,38.77,10.35,93.14,0.629,0.63,0.629,alto,True,"baixo desempenho, alta participação",True,
2900405,Água Fria,BA,Nordeste,30.43,36.58,6.15,93.24,0.629,0.628,0.629,alto,True,"baixo desempenho, alta participação",False,
4121901,Ribeirão do Pinhal,PR,Sul,84.51,80.0,-4.51,86.19,0.629,0.627,0.629,alto,True,"desempenho médio, alta participação",False,
4117255,Nova Prata do Iguaçu,PR,Sul,72.83,80.0,7.17,94.29,0.629,0.628,0.629,alto,True,"desempenho médio, alta participação",False,
2901353,Andorinha,BA,Nordeste,28.44,47.23,18.79,97.32,0.628,0.628,0.628,alto,True,"baixo desempenho, alta participação",True,
3547304,Santana de Parnaíba,SP,Sudeste,60.69,64.41,3.72,88.7,0.628,0.625,0.628,alto,True,"desempenho médio, alta participação",False,
4103909,Campina da Lagoa,PR,Sul,77.67,80.0,2.33,91.9,0.628,0.625,0.628,alto,True,"desempenho médio, alta participação",False,
4118105,Paranacity,PR,Sul,80.03,80.0,-0.03,92.91,0.628,0.626,0.628,alto,True,"desempenho médio, alta participação",False,
4126306,Sengés,PR,Sul,81.96,80.0,-1.96,91.87,0.628,0.622,0.628,alto,True,"desempenho médio, alta participação",False,
2207009,Oeiras,PI,Nordeste,72.5,70.42,-2.08,97.68,0.628,0.617,0.628,alto,True,"desempenho médio, alta participação",False,
3540002,Pompéia,SP,Sudeste,60.32,67.88,7.56,89.95,0.627,0.623,0.627,alto,True,"baixo desempenho, alta participação",True,
4127965,Turvo,PR,Sul,84.81,80.0,-4.81,86.94,0.627,0.624,0.627,alto,True,"desempenho médio, alta participação",False,
4126009,São Sebastião da Amoreira,PR,Sul,87.77,80.0,-7.77,86.08,0.627,0.627,0.627,alto,True,"alto desempenho, alta participação",False,
4111704,Jaboti,PR,Sul,73.86,80.0,6.14,94.38,0.627,0.631,0.627,alto,True,"desempenho médio, alta participação",False,
4302402,Bom Retiro do Sul,RS,Sul,64.6,78.72,14.12,83.94,0.945,0.627,0.627,alto,True,"baixo desempenho, baixa participação",True,score sem o choque das enchentes de 2024
3522604,Itapira,SP,Sudeste,62.18,66.82,4.64,91.83,0.627,0.619,0.627,alto,True,"desempenho médio, alta participação",False,
4107504,Engenheiro Beltrão,PR,Sul,82.06,80.0,-2.06,91.67,0.627,0.623,0.627,alto,True,"desempenho médio, alta participação",False,
3526506,Lavínia,SP,Sudeste,59.08,67.84,8.76,85.37,0.626,0.628,0.626,alto,True,"baixo desempenho, baixa participação",True,
2500205,Aguiar,PB,Nordeste,61.96,72.28,10.32,97.83,0.626,0.629,0.626,alto,True,"baixo desempenho, alta participação",True,
4110078,Imbaú,PR,Sul,70.26,74.42,4.16,89.27,0.626,0.626,0.626,alto,True,"desempenho médio, alta participação",False,
4103222,Bom Sucesso do Sul,PR,Sul,71.33,80.0,8.67,92.45,0.626,0.633,0.626,alto,True,"desempenho médio, alta participação",True,
2509404,Mogeiro,PB,Nordeste,60.61,75.29,14.68,100.0,0.626,0.622,0.626,alto,True,"baixo desempenho, alta participação",True,
4123956,Santa Mônica,PR,Sul,80.22,79.06,-1.16,91.84,0.626,0.632,0.626,alto,True,"desempenho médio, alta participação",False,
4108007,Florestópolis,PR,Sul,63.48,69.4,5.92,82.35,0.626,0.628,0.626,alto,True,"baixo desempenho, baixa participação",False,
4114203,Mandaguari,PR,Sul,81.53,80.0,-1.53,90.31,0.626,0.616,0.626,alto,True,"desempenho médio, alta participação",False,
2208551,Porto Alegre do Piauí,PI,Nordeste,64.29,75.73,11.44,100.0,0.626,0.632,0.626,alto,True,"baixo desempenho, alta participação",True,
1716505,Pedro Afonso,TO,Norte,56.7,61.86,5.16,94.29,0.625,0.615,0.625,alto,True,"baixo desempenho, alta participação",False,
5106190,Nova Santa Helena,MT,Centro-Oeste,75.07,79.45,4.38,87.5,0.625,0.628,0.625,alto,True,"desempenho médio, alta participação",False,
4112801,Joaquim Távora,PR,Sul,85.12,80.0,-5.12,85.94,0.625,0.622,0.625,alto,True,"desempenho médio, alta participação",False,
3516200,Franca,SP,Sudeste,64.54,64.99,0.45,92.14,0.625,0.617,0.625,alto,True,"desempenho médio, alta participação",False,
2913101,Ibititá,BA,Nordeste,28.0,41.4,13.4,97.09,0.625,0.624,0.625,alto,True,"baixo desempenho, alta participação",True,
2610509,Passira,PE,Nordeste,76.23,76.43,0.2,93.49,0.625,0.623,0.625,alto,True,"desempenho médio, alta participação",False,
3522109,Itanhaém,SP,Sudeste,48.05,62.72,14.67,83.67,0.625,0.629,0.625,alto,True,"baixo desempenho, baixa participação",True,
3518909,Guzolândia,SP,Sudeste,79.92,80.0,0.08,95.45,0.625,0.629,0.625,alto,True,"desempenho médio, alta participação",False,
2107407,Olho d'Água das Cunhãs,MA,Nordeste,58.91,62.45,3.54,91.56,0.625,0.626,0.625,alto,True,"desempenho médio, alta participação",False,
1100320,São Miguel do Guaporé,RO,Norte,69.13,71.63,2.5,92.07,0.624,0.619,0.624,alto,True,"desempenho médio, alta participação",False,
3554300,Teodoro Sampaio,SP,Sudeste,70.49,71.01,0.52,90.27,0.624,0.621,0.624,alto,True,"desempenho médio, alta participação",False,
1503804,Jacundá,PA,Norte,37.87,53.01,15.14,84.36,0.624,0.625,0.624,alto,True,"baixo desempenho, baixa participação",True,
4118600,Paula Freitas,PR,Sul,74.56,78.27,3.71,89.06,0.624,0.627,0.624,alto,True,"desempenho médio, alta participação",False,
2910305,Elísio Medrado,BA,Nordeste,35.29,44.76,9.47,97.14,0.624,0.627,0.624,alto,True,"baixo desempenho, alta participação",True,
1504604,Mocajuba,PA,Norte,37.29,46.42,9.13,77.17,0.624,0.624,0.624,alto,True,"baixo desempenho, baixa participação",True,
4107751,Figueira,PR,Sul,77.82,80.0,2.18,91.09,0.624,0.626,0.624,alto,True,"desempenho médio, alta participação",False,
2414001,Tangará,RN,Nordeste,36.85,54.8,17.95,77.24,0.624,0.62,0.624,alto,True,"baixo desempenho, baixa participação",True,
3302502,Magé,RJ,Sudeste,46.66,57.18,10.52,85.19,0.624,0.626,0.624,alto,True,"baixo desempenho, baixa participação",True,
3503208,Araraquara,SP,Sudeste,62.01,63.77,1.76,87.83,0.624,0.618,0.624,alto,True,"desempenho médio, alta participação",False,
3540507,Porangaba,SP,Sudeste,60.38,73.06,12.68,89.13,0.623,0.626,0.623,alto,True,"baixo desempenho, alta participação",True,
2614600,Tabira,PE,Nordeste,69.1,75.1,6.0,99.33,0.623,0.621,0.623,alto,True,"desempenho médio, alta participação",False,
3525300,Jaú,SP,Sudeste,54.89,66.35,11.46,92.42,0.623,0.622,0.623,alto,True,"baixo desempenho, alta participação",True,
4101903,Assaí,PR,Sul,80.24,80.0,-0.24,90.4,0.623,0.619,0.623,alto,True,"desempenho médio, alta participação",False,
3527009,Lindóia,SP,Sudeste,61.13,77.96,16.83,91.67,0.623,0.626,0.623,alto,True,"baixo desempenho, alta participação",True,
2100436,Alto Alegre do Maranhão,MA,Nordeste,51.5,73.29,21.79,85.49,0.622,0.623,0.622,alto,True,"baixo desempenho, alta participação",True,
3527256,Lourdes,SP,Sudeste,72.22,75.84,3.62,94.74,0.622,0.633,0.622,alto,True,"desempenho médio, alta participação",False,
1502855,Curuá,PA,Norte,42.47,50.81,8.34,89.58,0.622,0.625,0.622,alto,True,"baixo desempenho, alta participação",True,
3540804,Potirendaba,SP,Sudeste,62.55,66.98,4.43,87.89,0.622,0.619,0.622,alto,True,"desempenho médio, alta participação",False,
3551207,Sarutaiá,SP,Sudeste,79.97,79.26,-0.71,91.84,0.622,0.628,0.622,alto,True,"desempenho médio, alta participação",False,
1501709,Bragança,PA,Norte,37.0,54.65,17.65,84.02,0.621,0.626,0.621,alto,True,"baixo desempenho, baixa participação",True,
4103800,Cambira,PR,Sul,83.63,80.0,-3.63,88.35,0.621,0.622,0.621,alto,True,"desempenho médio, alta participação",False,
4206306,Guabiruba,SC,Sul,73.93,73.24,-0.69,75.8,0.621,0.611,0.621,alto,True,"baixo desempenho, baixa participação",False,
2603454,Camaragibe,PE,Nordeste,57.57,65.61,8.04,93.86,0.621,0.623,0.621,alto,True,"baixo desempenho, alta participação",True,
4110201,Inácio Martins,PR,Sul,70.03,75.44,5.41,90.18,0.621,0.622,0.621,alto,True,"desempenho médio, alta participação",False,
2111029,São João do Carú,MA,Nordeste,70.68,69.92,-0.76,95.05,0.621,0.622,0.621,alto,True,"desempenho médio, alta participação",False,
3552809,Taboão da Serra,SP,Sudeste,49.01,56.7,7.69,86.37,0.621,0.616,0.621,alto,True,"baixo desempenho, alta participação",True,
2503704,Cajazeiras,PB,Nordeste,50.91,60.92,10.01,90.25,0.621,0.614,0.621,alto,True,"baixo desempenho, alta participação",True,
2925006,Planalto,BA,Nordeste,24.31,52.73,28.42,92.35,0.621,0.618,0.621,alto,True,"baixo desempenho, alta participação",True,
3514403,Dracena,SP,Sudeste,62.74,68.57,5.83,94.51,0.62,0.612,0.62,alto,True,"desempenho médio, alta participação",False,
2103000,Caxias,MA,Nordeste,55.15,55.39,0.24,83.27,0.62,0.622,0.62,alto,True,"baixo desempenho, baixa participação",False,
3525508,Joanópolis,SP,Sudeste,57.3,74.39,17.09,87.58,0.62,0.622,0.62,alto,True,"baixo desempenho, alta participação",True,
3552403,Sumaré,SP,Sudeste,50.61,61.76,11.15,87.06,0.62,0.615,0.62,alto,True,"baixo desempenho, alta participação",True,
2205201,Jaicós,PI,Nordeste,58.67,79.28,20.61,97.62,0.62,0.615,0.62,alto,True,"baixo desempenho, alta participação",True,
3507308,Boracéia,SP,Sudeste,66.62,73.9,7.28,94.29,0.62,0.623,0.62,alto,True,"desempenho médio, alta participação",True,
3552908,Taciba,SP,Sudeste,67.0,79.95,12.95,95.0,0.62,0.624,0.62,alto,True,"baixo desempenho, alta participação",True,
1722081,Wanderlândia,TO,Norte,41.89,48.97,7.08,81.74,0.62,0.616,0.62,alto,True,"baixo desempenho, baixa participação",False,
2106409,Mata Roma,MA,Nordeste,76.86,72.92,-3.94,95.22,0.62,0.619,0.62,alto,True,"desempenho médio, alta participação",False,
4100806,Alvorada do Sul,PR,Sul,72.48,72.72,0.24,84.8,0.619,0.62,0.619,alto,True,"desempenho médio, alta participação",False,
2209757,São Gonçalo do Gurguéia,PI,Nordeste,60.71,77.52,16.81,100.0,0.619,0.626,0.619,alto,True,"baixo desempenho, alta participação",True,
2104701,Graça Aranha,MA,Nordeste,75.68,75.0,-0.68,97.3,0.619,0.625,0.619,alto,True,"desempenho médio, alta participação",False,
2104628,Governador Luiz Rocha,MA,Nordeste,91.67,80.0,-11.67,100.0,0.619,0.621,0.619,alto,True,"alto desempenho, alta participação",False,
4111100,Itambé,PR,Sul,86.9,80.0,-6.9,86.3,0.619,0.621,0.619,alto,True,"alto desempenho, alta participação",False,
4104402,Cândido de Abreu,PR,Sul,85.54,80.0,-5.54,87.93,0.619,0.615,0.619,alto,True,"desempenho médio, alta participação",False,
3519402,Ibirá,SP,Sudeste,61.64,73.91,12.27,93.6,0.618,0.619,0.618,alto,True,"baixo desempenho, alta participação",True,
2607307,Ipubi,PE,Nordeste,70.08,74.47,4.39,97.58,0.618,0.616,0.618,alto,True,"desempenho médio, alta participação",False,
3529401,Mauá,SP,Sudeste,46.04,56.81,10.77,82.29,0.618,0.611,0.618,alto,True,"baixo desempenho, baixa participação",True,
1702554,Augustinópolis,TO,Norte,59.95,59.78,-0.17,92.72,0.618,0.608,0.618,alto,True,"desempenho médio, alta participação",False,
2917334,Iuiu,BA,Nordeste,25.53,59.11,33.58,94.95,0.618,0.62,0.618,alto,True,"baixo desempenho, alta participação",True,
4103453,Cafelândia,PR,Sul,78.14,80.0,1.86,90.03,0.618,0.611,0.618,alto,True,"desempenho médio, alta participação",False,
3535606,Paraibuna,SP,Sudeste,58.56,68.82,10.26,91.04,0.618,0.617,0.618,alto,True,"baixo desempenho, alta participação",True,
5003801,Fátima do Sul,MS,Centro-Oeste,59.59,67.03,7.44,90.97,0.617,0.615,0.617,alto,True,"baixo desempenho, alta participação",True,
2707602,Quebrangulo,AL,Nordeste,61.05,64.83,3.78,97.09,0.617,0.617,0.617,alto,True,"desempenho médio, alta participação",False,
4127502,Tibagi,PR,Sul,77.79,78.42,0.63,89.68,0.617,0.611,0.617,alto,True,"desempenho médio, alta participação",False,
3545159,Saltinho,SP,Sudeste,64.45,70.21,5.76,91.82,0.617,0.618,0.617,alto,True,"desempenho médio, alta participação",False,
4119707,Planaltina do Paraná,PR,Sul,80.42,79.85,-0.57,86.54,0.617,0.623,0.617,alto,True,"desempenho médio, alta participação",False,
1506005,Prainha,PA,Norte,43.28,64.73,21.45,86.1,0.617,0.615,0.617,alto,True,"baixo desempenho, alta participação",True,
1200609,Tarauacá,AC,Norte,45.18,51.74,6.56,85.99,0.616,0.605,0.616,alto,True,"baixo desempenho, baixa participação",False,UF sem historico no treino: avaliado so pelas demais variaveis
3505005,Barão de Antonina,SP,Sudeste,64.23,70.18,5.95,86.96,0.616,0.626,0.616,alto,True,"desempenho médio, alta participação",False,
2700300,Arapiraca,AL,Nordeste,43.75,52.24,8.49,93.25,0.616,0.612,0.616,alto,True,"baixo desempenho, alta participação",True,
2512101,Pombal,PB,Nordeste,65.57,65.6,0.03,88.85,0.616,0.607,0.616,alto,True,"desempenho médio, alta participação",False,
2902005,Aracatu,BA,Nordeste,28.92,54.09,25.17,95.4,0.616,0.616,0.616,alto,True,"baixo desempenho, alta participação",True,
2806206,Salgado,SE,Nordeste,44.89,47.88,2.99,93.12,0.616,0.614,0.616,alto,True,"baixo desempenho, alta participação",False,
4112207,Janiópolis,PR,Sul,77.3,80.0,2.7,91.8,0.616,0.619,0.616,alto,True,"desempenho médio, alta participação",False,
4111902,Jaguapitã,PR,Sul,62.26,77.37,15.11,82.01,0.616,0.614,0.616,alto,True,"baixo desempenho, baixa participação",True,
4106803,Cruz Machado,PR,Sul,84.49,80.0,-4.49,92.42,0.615,0.61,0.615,alto,True,"desempenho médio, alta participação",False,
2111953,Sucupira do Riachão,MA,Nordeste,80.65,76.78,-3.87,100.0,0.615,0.621,0.615,alto,True,"desempenho médio, alta participação",False,
4104428,Candói,PR,Sul,64.69,75.4,10.71,89.26,0.615,0.613,0.615,alto,True,"baixo desempenho, alta participação",True,
4116703,Nova Aurora,PR,Sul,74.99,80.0,5.01,92.2,0.615,0.613,0.615,alto,True,"desempenho médio, alta participação",False,
3542404,Regente Feijó,SP,Sudeste,61.09,78.4,17.31,92.39,0.615,0.612,0.615,alto,True,"baixo desempenho, alta participação",True,
1100015,Alta Floresta D'Oeste,RO,Norte,67.79,69.51,1.72,89.87,0.615,0.611,0.615,alto,True,"desempenho médio, alta participação",False,
2102077,Bom Lugar,MA,Nordeste,95.28,80.0,-15.28,99.06,0.615,0.612,0.615,alto,True,"alto desempenho, alta participação",False,
2103752,Davinópolis,MA,Nordeste,69.82,70.97,1.15,95.62,0.615,0.616,0.615,alto,True,"desempenho médio, alta participação",False,
2615805,Tupanatinga,PE,Nordeste,68.38,72.18,3.8,95.57,0.614,0.614,0.614,alto,True,"desempenho médio, alta participação",False,
2202208,Campo Maior,PI,Nordeste,54.48,61.3,6.82,92.95,0.614,0.604,0.614,alto,True,"baixo desempenho, alta participação",False,
2401008,Apodi,RN,Nordeste,48.86,50.29,1.43,84.82,0.614,0.603,0.614,alto,True,"baixo desempenho, baixa participação",False,
4123204,Santa Cecília do Pavão,PR,Sul,80.09,80.0,-0.09,92.11,0.614,0.621,0.614,alto,True,"desempenho médio, alta participação",False,
2512309,Princesa Isabel,PB,Nordeste,86.29,80.0,-6.29,97.85,0.614,0.603,0.614,alto,True,"alto desempenho, alta participação",False,
3550308,São Paulo,SP,Sudeste,48.25,51.06,2.81,85.03,0.614,0.592,0.614,alto,True,"baixo desempenho, baixa participação",False,
3301850,Guapimirim,RJ,Sudeste,47.75,59.91,12.16,83.29,0.614,0.616,0.614,alto,True,"baixo desempenho, baixa participação",True,
2929370,São José do Jacuípe,BA,Nordeste,28.41,38.7,10.29,94.62,0.614,0.616,0.614,alto,True,"baixo desempenho, alta participação",True,
1200054,Assis Brasil,AC,Norte,49.17,55.08,5.91,83.06,0.614,0.612,0.614,alto,True,"baixo desempenho, baixa participação",False,UF sem historico no treino: avaliado so pelas demais variaveis
2501104,Areia,PB,Nordeste,90.53,80.0,-10.53,94.64,0.613,0.603,0.613,alto,True,"alto desempenho, alta participação",False,
2107803,Parnarama,MA,Nordeste,54.65,80.0,25.35,92.8,0.613,0.612,0.613,alto,True,"baixo desempenho, alta participação",True,
2211001,Teresina,PI,Nordeste,57.25,58.54,1.29,91.73,0.613,0.595,0.613,alto,True,"desempenho médio, alta participação",False,
3503604,Areiópolis,SP,Sudeste,75.02,74.69,-0.33,96.32,0.613,0.613,0.613,alto,True,"desempenho médio, alta participação",False,
2928505,Santa Terezinha,BA,Nordeste,27.63,41.88,14.25,96.2,0.613,0.615,0.613,alto,True,"baixo desempenho, alta participação",True,
2511905,Pitimbu,PB,Nordeste,51.59,77.17,25.58,87.08,0.613,0.607,0.613,alto,True,"baixo desempenho, alta participação",True,
5004502,Itaporã,MS,Centro-Oeste,57.29,72.48,15.19,86.53,0.612,0.61,0.612,alto,True,"baixo desempenho, alta participação",True,
3530805,Mogi Mirim,SP,Sudeste,57.7,62.35,4.65,88.19,0.612,0.603,0.612,alto,True,"baixo desempenho, alta participação",False,
3517604,Guapiara,SP,Sudeste,60.31,71.09,10.78,94.12,0.612,0.61,0.612,alto,True,"baixo desempenho, alta participação",True,
4320206,Seberi,RS,Sul,68.0,80.0,12.0,88.89,0.941,0.612,0.612,alto,True,"baixo desempenho, alta participação",True,score sem o choque das enchentes de 2024
3551009,São Vicente,SP,Sudeste,47.93,54.93,7.0,88.9,0.612,0.607,0.612,alto,True,"baixo desempenho, alta participação",False,
4204608,Criciúma,SC,Sul,59.75,65.88,6.13,83.76,0.612,0.602,0.612,alto,True,"baixo desempenho, baixa participação",False,
2202604,Castelo do Piauí,PI,Nordeste,82.63,76.57,-6.06,98.82,0.611,0.602,0.611,alto,True,"alto desempenho, alta participação",False,
4115408,Marmeleiro,PR,Sul,85.08,78.81,-6.27,83.82,0.611,0.607,0.611,alto,True,"alto desempenho, alta participação",False,
4315156,Progresso,RS,Sul,64.8,78.88,14.08,90.91,0.94,0.611,0.611,alto,True,"baixo desempenho, alta participação",True,score sem o choque das enchentes de 2024
4117602,Palmas,PR,Sul,54.27,63.61,9.34,81.16,0.611,0.61,0.611,alto,True,"baixo desempenho, baixa participação",True,
1304401,Urucurituba,AM,Norte,46.46,52.79,6.33,93.56,0.611,0.609,0.611,alto,True,"baixo desempenho, alta participação",False,
2900603,Aiquara,BA,Nordeste,26.32,44.16,17.84,90.48,0.611,0.62,0.611,alto,True,"baixo desempenho, alta participação",True,
3513009,Cotia,SP,Sudeste,49.49,60.23,10.74,86.54,0.611,0.606,0.611,alto,True,"baixo desempenho, alta participação",True,
2930154,Serra do Ramalho,BA,Nordeste,26.65,49.76,23.11,97.34,0.611,0.606,0.611,alto,True,"baixo desempenho, alta participação",True,
4125209,São Jorge d'Oeste,PR,Sul,84.59,80.0,-4.59,85.34,0.611,0.609,0.611,alto,True,"desempenho médio, alta participação",False,
4113809,Lupionópolis,PR,Sul,77.71,80.0,2.29,96.97,0.61,0.615,0.61,alto,True,"desempenho médio, alta participação",False,
4105706,Clevelândia,PR,Sul,74.84,75.22,0.38,87.28,0.61,0.606,0.61,alto,True,"desempenho médio, alta participação",False,
2105948,Lago dos Rodrigues,MA,Nordeste,92.3,80.0,-12.3,96.3,0.61,0.611,0.61,alto,True,"alto desempenho, alta participação",False,
4205704,Garopaba,SC,Sul,75.75,73.53,-2.22,76.85,0.61,0.6,0.61,alto,True,"baixo desempenho, baixa participação",False,
1502707,Conceição do Araguaia,PA,Norte,50.69,51.67,0.98,86.55,0.61,0.604,0.61,alto,True,"baixo desempenho, baixa participação",False,
1507300,São Félix do Xingu,PA,Norte,30.95,39.2,8.25,75.37,0.61,0.614,0.61,alto,True,"baixo desempenho, baixa participação",True,
1712157,Lavandeira,TO,Norte,58.81,72.62,13.81,96.67,0.609,0.614,0.609,alto,True,"baixo desempenho, alta participação",True,
1100809,Candeias do Jamari,RO,Norte,51.63,59.06,7.43,84.33,0.609,0.607,0.609,alto,True,"baixo desempenho, baixa participação",True,
3544301,Roseira,SP,Sudeste,67.2,68.86,1.66,90.21,0.609,0.61,0.609,alto,True,"desempenho médio, alta participação",False,
4200200,Agrolândia,SC,Sul,76.03,80.0,3.97,91.12,0.609,0.602,0.609,alto,True,"desempenho médio, alta participação",False,
4119806,Planalto,PR,Sul,78.93,80.0,1.07,89.86,0.609,0.606,0.609,alto,True,"desempenho médio, alta participação",False,
2913903,Ipiaú,BA,Nordeste,25.15,47.77,22.62,96.45,0.609,0.602,0.609,alto,True,"baixo desempenho, alta participação",True,
3532603,Nhandeara,SP,Sudeste,67.47,70.8,3.33,92.42,0.609,0.609,0.609,alto,True,"desempenho médio, alta participação",False,
1506104,Primavera,PA,Norte,49.94,59.06,9.12,91.1,0.609,0.61,0.609,alto,True,"baixo desempenho, alta participação",True,
3556800,Viradouro,SP,Sudeste,60.23,68.85,8.62,95.78,0.609,0.606,0.609,alto,True,"baixo desempenho, alta participação",True,
2706703,Penedo,AL,Nordeste,42.23,53.29,11.06,88.44,0.609,0.606,0.609,alto,True,"baixo desempenho, alta participação",True,
5003157,Coronel Sapucaia,MS,Centro-Oeste,60.75,79.28,18.53,93.68,0.608,0.608,0.608,alto,True,"baixo desempenho, alta participação",True,
2701001,Boca da Mata,AL,Nordeste,88.19,75.55,-12.64,98.76,0.608,0.599,0.608,alto,True,"alto desempenho, alta participação",False,
2208304,Piracuruca,PI,Nordeste,82.48,76.95,-5.53,98.99,0.608,0.597,0.608,alto,True,"alto desempenho, alta participação",False,
3505906,Batatais,SP,Sudeste,55.68,67.11,11.43,93.85,0.608,0.604,0.608,alto,True,"baixo desempenho, alta participação",True,
2410207,Portalegre,RN,Nordeste,65.36,60.37,-4.99,87.65,0.608,0.604,0.608,alto,True,"desempenho médio, alta participação",False,
4107736,Fernandes Pinheiro,PR,Sul,79.81,80.0,0.19,87.78,0.608,0.611,0.608,alto,True,"desempenho médio, alta participação",False,
2708956,Senador Rui Palmeira,AL,Nordeste,57.08,61.07,3.99,98.15,0.608,0.608,0.608,alto,True,"baixo desempenho, alta participação",False,
2414902,Viçosa,RN,Nordeste,61.9,65.79,3.89,95.45,0.608,0.614,0.608,alto,True,"desempenho médio, alta participação",False,
3117405,Conceição de Ipanema,MG,Sudeste,74.88,80.0,5.12,88.89,0.608,0.615,0.608,alto,True,"desempenho médio, alta participação",False,
1504752,Mojuí dos Campos,PA,Norte,43.72,63.3,19.58,84.36,0.608,0.608,0.608,alto,True,"baixo desempenho, baixa participação",True,
2915353,Itaguaçu da Bahia,BA,Nordeste,32.8,36.47,3.67,96.9,0.608,0.607,0.608,alto,True,"baixo desempenho, alta participação",False,
3550100,São Manuel,SP,Sudeste,60.53,66.3,5.77,93.45,0.608,0.601,0.608,alto,True,"baixo desempenho, alta participação",False,
1713205,Miracema do Tocantins,TO,Norte,46.42,53.79,7.37,83.33,0.607,0.598,0.607,alto,True,"baixo desempenho, baixa participação",True,
3543501,Riversul,SP,Sudeste,64.17,80.0,15.83,95.4,0.607,0.614,0.607,alto,True,"baixo desempenho, alta participação",True,
1507151,São Domingos do Araguaia,PA,Norte,40.37,57.03,16.66,82.2,0.607,0.607,0.607,alto,True,"baixo desempenho, baixa participação",True,
3551702,Sertãozinho,SP,Sudeste,54.16,62.3,8.14,90.89,0.607,0.606,0.607,alto,True,"baixo desempenho, alta participação",True,
1703107,Barrolândia,TO,Norte,49.74,66.14,16.4,93.15,0.607,0.606,0.607,alto,True,"baixo desempenho, alta participação",True,
2412005,São Gonçalo do Amarante,RN,Nordeste,32.48,61.37,28.89,76.62,0.606,0.605,0.606,alto,True,"baixo desempenho, baixa participação",True,
2403608,Extremoz,RN,Nordeste,34.55,58.39,23.84,76.56,0.606,0.599,0.606,alto,True,"baixo desempenho, baixa participação",True,
3521309,Ipuã,SP,Sudeste,63.8,77.95,14.15,96.62,0.606,0.604,0.606,alto,True,"baixo desempenho, alta participação",True,
3509601,Campo Limpo Paulista,SP,Sudeste,48.77,59.67,10.9,86.33,0.606,0.602,0.606,alto,True,"baixo desempenho, alta participação",True,
1100262,Rio Crespo,RO,Norte,62.81,80.0,17.19,92.54,0.606,0.613,0.606,alto,True,"baixo desempenho, alta participação",True,
4304655,Capão do Cipó,RS,Sul,71.8,80.0,8.2,84.0,0.939,0.606,0.606,alto,True,"baixo desempenho, baixa participação",True,score sem o choque das enchentes de 2024
4121406,Realeza,PR,Sul,79.84,80.0,0.16,90.83,0.606,0.601,0.606,alto,True,"desempenho médio, alta participação",False,
4300638,Amaral Ferrador,RS,Sul,57.2,73.51,16.31,76.67,0.938,0.606,0.606,alto,True,"baixo desempenho, baixa participação",True,score sem o choque das enchentes de 2024
1507409,São Francisco do Pará,PA,Norte,37.44,50.41,12.97,78.63,0.606,0.609,0.606,alto,True,"baixo desempenho, baixa participação",True,
4119608,Pitanga,PR,Sul,73.42,75.14,1.72,91.15,0.606,0.599,0.606,alto,True,"desempenho médio, alta participação",False,
2911501,Gongogi,BA,Nordeste,50.0,42.85,-7.15,91.89,0.606,0.608,0.606,alto,True,"desempenho médio, alta participação",False,
4113502,Loanda,PR,Sul,73.8,74.76,0.96,91.18,0.606,0.601,0.606,alto,True,"desempenho médio, alta participação",False,
4113452,Lindoeste,PR,Sul,72.9,80.0,7.1,96.15,0.605,0.61,0.605,alto,True,"desempenho médio, alta participação",False,
3526803,Lençóis Paulista,SP,Sudeste,63.65,67.37,3.72,94.25,0.605,0.598,0.605,alto,True,"desempenho médio, alta participação",False,
2802908,Itabaiana,SE,Nordeste,41.79,41.88,0.09,88.19,0.605,0.597,0.605,alto,True,"baixo desempenho, alta participação",False,
1100296,Santa Luzia D'Oeste,RO,Norte,83.36,77.27,-6.09,91.76,0.605,0.606,0.605,alto,True,"alto desempenho, alta participação",False,
2408904,Parelhas,RN,Nordeste,50.73,55.09,4.36,86.96,0.605,0.597,0.605,alto,True,"baixo desempenho, alta participação",False,
2925253,Ponto Novo,BA,Nordeste,36.99,38.69,1.7,95.58,0.605,0.604,0.605,alto,True,"baixo desempenho, alta participação",False,
5001102,Aquidauana,MS,Centro-Oeste,58.42,73.13,14.71,92.66,0.605,0.599,0.605,alto,True,"baixo desempenho, alta participação",True,
4109708,Ibaiti,PR,Sul,71.64,75.07,3.43,93.33,0.605,0.599,0.605,alto,True,"desempenho médio, alta participação",False,
4212403,Pedras Grandes,SC,Sul,69.2,80.0,10.8,76.92,0.605,0.606,0.605,alto,True,"baixo desempenho, baixa participação",True,
4112702,Jataizinho,PR,Sul,60.93,68.09,7.16,85.71,0.605,0.607,0.605,alto,True,"baixo desempenho, baixa participação",False,
2210631,Sebastião Leal,PI,Nordeste,76.86,80.0,3.14,96.3,0.605,0.603,0.605,alto,True,"desempenho médio, alta participação",False,
4207601,Ipira,SC,Sul,84.43,80.0,-4.43,83.87,0.605,0.605,0.605,alto,True,"desempenho médio, alta participação",False,
2605806,Frei Miguelinho,PE,Nordeste,70.68,71.82,1.14,88.18,0.605,0.607,0.605,alto,True,"desempenho médio, alta participação",False,
4314068,Passa Sete,RS,Sul,75.0,80.0,5.0,100.0,0.939,0.605,0.605,alto,True,"desempenho médio, alta participação",False,score sem o choque das enchentes de 2024
2407401,Martins,RN,Nordeste,53.91,53.85,-0.06,87.21,0.604,0.602,0.604,alto,True,"desempenho médio, alta participação",False,
4102307,Balsa Nova,PR,Sul,75.18,77.08,1.9,88.98,0.604,0.601,0.604,alto,True,"desempenho médio, alta participação",False,
3546900,Santa Lúcia,SP,Sudeste,70.68,71.02,0.34,94.9,0.604,0.607,0.604,alto,True,"desempenho médio, alta participação",False,
2918605,Jussiape,BA,Nordeste,33.33,46.53,13.2,97.5,0.604,0.609,0.604,alto,True,"baixo desempenho, alta participação",True,
5107156,Reserva do Cabaçal,MT,Centro-Oeste,83.86,77.38,-6.48,89.29,0.604,0.611,0.604,alto,True,"alto desempenho, alta participação",False,
4204707,Cunha Porã,SC,Sul,77.07,80.0,2.93,81.25,0.604,0.595,0.604,alto,True,"baixo desempenho, baixa participação",False,
2112704,Vargem Grande,MA,Nordeste,96.58,80.0,-16.58,99.81,0.604,0.598,0.604,alto,True,"alto desempenho, alta participação",False,
4126603,Siqueira Campos,PR,Sul,82.88,80.0,-2.88,94.66,0.604,0.598,0.604,alto,True,"desempenho médio, alta participação",False,
2405900,João Dias,RN,Nordeste,38.89,57.1,18.21,81.82,0.604,0.612,0.604,alto,True,"baixo desempenho, baixa participação",True,
3551306,Sebastianópolis do Sul,SP,Sudeste,75.86,80.0,4.14,91.89,0.603,0.607,0.603,alto,True,"desempenho médio, alta participação",False,
4216909,São Lourenço do Oeste,SC,Sul,71.25,74.08,2.83,79.27,0.603,0.592,0.603,alto,True,"baixo desempenho, baixa participação",False,
2508554,Logradouro,PB,Nordeste,94.6,80.0,-14.6,88.64,0.603,0.603,0.603,alto,True,"alto desempenho, alta participação",False,
2917805,Jaguaripe,BA,Nordeste,46.85,41.18,-5.67,94.08,0.603,0.598,0.603,alto,True,"desempenho médio, alta participação",False,
3301504,Cordeiro,RJ,Sudeste,64.16,65.98,1.82,93.53,0.603,0.605,0.603,alto,True,"desempenho médio, alta participação",False,
1600212,Cutias,AP,Norte,53.36,57.7,4.34,95.35,0.603,0.603,0.603,alto,True,"baixo desempenho, alta participação",False,
3538600,Piracaia,SP,Sudeste,57.46,65.5,8.04,90.52,0.603,0.599,0.603,alto,True,"baixo desempenho, alta participação",True,
4203600,Campos Novos,SC,Sul,64.77,69.34,4.57,75.24,0.602,0.59,0.602,alto,True,"baixo desempenho, baixa participação",False,
4303202,Cacique Doble,RS,Sul,58.2,80.0,21.8,79.17,0.937,0.602,0.602,alto,True,"baixo desempenho, baixa participação",True,score sem o choque das enchentes de 2024
4117701,Palmeira,PR,Sul,65.93,74.23,8.3,90.49,0.602,0.595,0.602,alto,True,"desempenho médio, alta participação",True,
2108058,Paulino Neves,MA,Nordeste,68.89,69.72,0.83,99.44,0.602,0.603,0.602,alto,True,"desempenho médio, alta participação",False,
4216107,São Domingos,SC,Sul,76.94,78.9,1.96,85.71,0.602,0.595,0.602,alto,True,"desempenho médio, alta participação",False,
4110805,Iretama,PR,Sul,80.07,80.0,-0.07,90.0,0.601,0.6,0.601,alto,True,"desempenho médio, alta participação",False,
4106605,Cruzeiro do Oeste,PR,Sul,73.47,75.87,2.4,94.14,0.601,0.597,0.601,alto,True,"desempenho médio, alta participação",False,
3514106,Dois Córregos,SP,Sudeste,57.41,67.45,10.04,93.26,0.601,0.598,0.601,alto,True,"baixo desempenho, alta participação",True,
3506003,Bauru,SP,Sudeste,50.56,55.39,4.83,85.84,0.601,0.594,0.601,alto,True,"baixo desempenho, baixa participação",False,
3541406,Presidente Prudente,SP,Sudeste,61.12,62.54,1.42,89.42,0.601,0.596,0.601,alto,True,"desempenho médio, alta participação",False,
4219507,Xanxerê,SC,Sul,72.14,70.88,-1.26,78.99,0.601,0.59,0.601,alto,True,"baixo desempenho, baixa participação",False,
4316501,Salvador do Sul,RS,Sul,70.4,80.0,9.6,93.85,0.938,0.601,0.601,alto,True,"desempenho médio, alta participação",True,score sem o choque das enchentes de 2024
2901700,Antônio Cardoso,BA,Nordeste,25.76,47.97,22.21,95.65,0.601,0.603,0.601,alto,True,"baixo desempenho, alta participação",True,
4120903,Quedas do Iguaçu,PR,Sul,62.11,74.27,12.16,87.73,0.6,0.595,0.6,alto,True,"baixo desempenho, alta participação",True,
4305132,Cerro Branco,RS,Sul,66.7,74.39,7.69,92.31,0.937,0.6,0.6,alto,True,"desempenho médio, alta participação",True,score sem o choque das enchentes de 2024
3518404,Guaratinguetá,SP,Sudeste,55.83,64.39,8.56,92.43,0.6,0.599,0.6,alto,True,"baixo desempenho, alta participação",True,
4114401,Mangueirinha,PR,Sul,66.1,74.62,8.52,86.91,0.6,0.596,0.6,alto,True,"baixo desempenho, baixa participação",True,
4128401,Uraí,PR,Sul,66.07,77.58,11.51,90.28,0.6,0.601,0.6,alto,True,"baixo desempenho, alta participação",True,
3533700,Ocauçu,SP,Sudeste,90.38,80.0,-10.38,86.67,0.6,0.603,0.6,alto,True,"alto desempenho, alta participação",False,
2925402,Potiraguá,BA,Nordeste,27.54,42.98,15.44,92.0,0.6,0.605,0.6,alto,True,"baixo desempenho, alta participação",True,
1500107,Abaetetuba,PA,Norte,35.85,52.46,16.61,85.52,0.6,0.602,0.6,alto,True,"baixo desempenho, alta participação",True,
4319711,São Valentim do Sul,RS,Sul,73.3,80.0,6.7,100.0,0.936,0.6,0.6,alto,True,"desempenho médio, alta participação",False,score sem o choque das enchentes de 2024
2615706,Triunfo,PE,Nordeste,80.64,80.0,-0.64,96.4,0.599,0.599,0.599,alto,True,"desempenho médio, alta participação",False,
3537800,Piedade,SP,Sudeste,63.25,65.55,2.3,94.39,0.599,0.595,0.599,alto,True,"desempenho médio, alta participação",False,
3530201,Mirante do Paranapanema,SP,Sudeste,87.52,80.0,-7.52,89.38,0.599,0.592,0.599,alto,True,"alto desempenho, alta participação",False,
1701002,Ananás,TO,Norte,46.69,52.61,5.92,86.83,0.599,0.596,0.599,alto,True,"baixo desempenho, alta participação",False,
3544806,Sales,SP,Sudeste,68.37,71.78,3.41,93.24,0.599,0.603,0.599,alto,True,"desempenho médio, alta participação",False,
2104651,Governador Newton Bello,MA,Nordeste,78.08,72.55,-5.53,92.13,0.599,0.602,0.599,alto,True,"desempenho médio, alta participação",False,
2803906,Malhador,SE,Nordeste,36.75,48.29,11.54,92.09,0.599,0.6,0.599,alto,True,"baixo desempenho, alta participação",True,
4215406,Salto Veloso,SC,Sul,72.08,80.0,7.92,85.0,0.598,0.597,0.598,alto,True,"baixo desempenho, baixa participação",True,
3523206,Itararé,SP,Sudeste,53.17,63.77,10.6,93.82,0.598,0.597,0.598,alto,True,"baixo desempenho, alta participação",True,
2210607,São Raimundo Nonato,PI,Nordeste,73.25,71.92,-1.33,95.82,0.598,0.586,0.598,alto,True,"desempenho médio, alta participação",False,
2932457,Umburanas,BA,Nordeste,22.95,36.89,13.94,92.42,0.598,0.596,0.598,alto,True,"baixo desempenho, alta participação",True,
4121703,Reserva,PR,Sul,81.08,75.06,-6.02,84.55,0.598,0.592,0.598,alto,True,"desempenho médio, alta participação",False,
3540903,Pradópolis,SP,Sudeste,62.53,75.99,13.46,94.55,0.598,0.593,0.598,alto,True,"baixo desempenho, alta participação",True,
4102604,Barracão,PR,Sul,73.99,74.86,0.87,87.41,0.597,0.598,0.597,alto,True,"desempenho médio, alta participação",False,
1720903,Taguatinga,TO,Norte,42.45,51.39,8.94,86.07,0.597,0.59,0.597,alto,True,"baixo desempenho, alta participação",True,
2911808,Guaratinga,BA,Nordeste,22.64,38.24,15.6,91.91,0.597,0.597,0.597,alto,True,"baixo desempenho, alta participação",True,
2203909,Floriano,PI,Nordeste,53.36,59.2,5.84,93.43,0.597,0.59,0.597,alto,True,"baixo desempenho, alta participação",False,
5106851,Porto Estrela,MT,Centro-Oeste,77.75,80.0,2.25,96.43,0.597,0.603,0.597,alto,True,"desempenho médio, alta participação",False,
2930600,Serrolândia,BA,Nordeste,25.69,47.13,21.44,94.74,0.597,0.598,0.597,alto,True,"baixo desempenho, alta participação",True,
3506508,Birigui,SP,Sudeste,78.13,73.86,-4.27,95.4,0.597,0.593,0.597,alto,True,"desempenho médio, alta participação",False,
4124608,São Carlos do Ivaí,PR,Sul,73.36,78.79,5.43,94.94,0.597,0.598,0.597,alto,True,"desempenho médio, alta participação",False,
1508308,Viseu,PA,Norte,38.21,48.28,10.07,88.8,0.596,0.596,0.596,alto,True,"baixo desempenho, alta participação",True,
1600204,Calçoene,AP,Norte,39.25,48.89,9.64,81.05,0.596,0.595,0.596,alto,True,"baixo desempenho, baixa participação",True,
4209854,Lindóia do Sul,SC,Sul,84.61,80.0,-4.61,85.19,0.596,0.595,0.596,alto,True,"desempenho médio, alta participação",False,
3500402,Águas da Prata,SP,Sudeste,61.82,69.66,7.84,96.36,0.596,0.599,0.596,alto,True,"baixo desempenho, alta participação",True,
1200708,Xapuri,AC,Norte,51.91,57.32,5.41,88.33,0.596,0.586,0.596,alto,True,"baixo desempenho, alta participação",False,UF sem historico no treino: avaliado so pelas demais variaveis
3303203,Nilópolis,RJ,Sudeste,47.32,55.83,8.51,85.87,0.596,0.601,0.596,alto,True,"baixo desempenho, baixa participação",True,
5001243,Aral Moreira,MS,Centro-Oeste,73.43,75.77,2.34,93.29,0.596,0.592,0.596,alto,True,"desempenho médio, alta participação",False,
2412203,São José de Mipibu,RN,Nordeste,34.77,48.56,13.79,81.12,0.596,0.585,0.596,alto,True,"baixo desempenho, baixa participação",True,
4208104,Itaiópolis,SC,Sul,57.23,70.15,12.92,72.73,0.595,0.589,0.595,alto,True,"baixo desempenho, baixa participação",True,
2401651,Bodó,RN,Nordeste,60.0,69.81,9.81,83.33,0.595,0.595,0.595,alto,True,"baixo desempenho, baixa participação",True,
2611606,Recife,PE,Nordeste,54.36,68.08,13.72,92.73,0.595,0.589,0.595,alto,True,"baixo desempenho, alta participação",True,
5102850,Castanheira,MT,Centro-Oeste,64.87,68.55,3.68,87.1,0.595,0.596,0.595,alto,True,"desempenho médio, alta participação",False,
4305504,Ciríaco,RS,Sul,85.7,80.0,-5.7,82.35,0.937,0.595,0.595,alto,True,"desempenho médio, alta participação",False,score sem o choque das enchentes de 2024
2929206,São Francisco do Conde,BA,Nordeste,25.66,44.81,19.15,87.72,0.595,0.583,0.595,alto,True,"baixo desempenho, alta participação",True,
2504033,Capim,PB,Nordeste,60.4,63.86,3.46,90.6,0.595,0.597,0.595,alto,True,"desempenho médio, alta participação",False,
2501807,Bayeux,PB,Nordeste,36.71,47.97,11.26,77.36,0.595,0.588,0.595,alto,True,"baixo desempenho, baixa participação",True,
2910602,Esplanada,BA,Nordeste,23.96,35.44,11.48,94.97,0.595,0.589,0.595,alto,True,"baixo desempenho, alta participação",True,
4127809,Tomazina,PR,Sul,83.7,80.0,-3.7,90.54,0.595,0.595,0.595,alto,True,"desempenho médio, alta participação",False,
3527900,Lutécia,SP,Sudeste,78.67,74.2,-4.47,88.0,0.595,0.603,0.595,alto,True,"desempenho médio, alta participação",False,
3545209,Salto,SP,Sudeste,60.52,63.99,3.47,91.27,0.594,0.593,0.594,alto,True,"desempenho médio, alta participação",False,
2502805,Brejo do Cruz,PB,Nordeste,51.6,62.2,10.6,85.84,0.594,0.592,0.594,alto,True,"baixo desempenho, baixa participação",True,
4127205,Terra Boa,PR,Sul,89.1,80.0,-9.1,85.1,0.594,0.589,0.594,alto,True,"alto desempenho, alta participação",False,
3116001,Chalé,MG,Sudeste,70.09,80.0,9.91,85.71,0.594,0.6,0.594,alto,True,"baixo desempenho, baixa participação",True,
3540200,Pontal,SP,Sudeste,64.47,66.53,2.06,92.84,0.594,0.59,0.594,alto,True,"desempenho médio, alta participação",False,
3300258,Arraial do Cabo,RJ,Sudeste,58.05,60.11,2.06,77.57,0.594,0.593,0.594,alto,True,"baixo desempenho, baixa participação",False,
2611101,Petrolina,PE,Nordeste,70.25,70.58,0.33,95.24,0.594,0.587,0.594,alto,True,"desempenho médio, alta participação",False,
3543253,Ribeirão Grande,SP,Sudeste,60.84,68.94,8.1,94.25,0.594,0.599,0.594,alto,True,"baixo desempenho, alta participação",True,
2901601,Antas,BA,Nordeste,23.17,55.66,32.49,91.11,0.594,0.593,0.594,alto,True,"baixo desempenho, alta participação",True,
2406700,Lajes,RN,Nordeste,36.01,44.05,8.04,79.27,0.594,0.592,0.594,alto,True,"baixo desempenho, baixa participação",True,
4218103,Timbé do Sul,SC,Sul,80.2,74.0,-6.2,74.71,0.594,0.593,0.594,alto,True,"baixo desempenho, baixa participação",False,
4110300,Inajá,PR,Sul,69.71,75.64,5.93,94.29,0.593,0.603,0.593,alto,True,"desempenho médio, alta participação",False,
1504703,Moju,PA,Norte,34.29,46.54,12.25,84.41,0.593,0.591,0.593,alto,True,"baixo desempenho, baixa participação",True,
3306008,Três Rios,RJ,Sudeste,51.43,62.15,10.72,88.21,0.593,0.59,0.593,alto,True,"baixo desempenho, alta participação",True,
3518701,Guarujá,SP,Sudeste,44.13,58.55,14.42,83.39,0.593,0.589,0.593,alto,True,"baixo desempenho, baixa participação",True,
2919157,Lapão,BA,Nordeste,25.25,40.48,15.23,96.78,0.593,0.59,0.593,alto,True,"baixo desempenho, alta participação",True,
2507101,Itapororoca,PB,Nordeste,84.21,74.3,-9.91,89.94,0.593,0.584,0.593,alto,True,"alto desempenho, alta participação",False,
2109551,Ribamar Fiquene,MA,Nordeste,50.14,62.66,12.52,84.85,0.592,0.6,0.592,alto,True,"baixo desempenho, baixa participação",True,
2404507,Guamaré,RN,Nordeste,43.15,50.03,6.88,76.67,0.592,0.582,0.592,alto,True,"baixo desempenho, baixa participação",False,
2208106,Pimenteiras,PI,Nordeste,61.41,66.84,5.43,93.15,0.592,0.589,0.592,alto,True,"desempenho médio, alta participação",False,
1303106,Nova Olinda do Norte,AM,Norte,32.8,60.73,27.93,75.94,0.592,0.589,0.592,alto,True,"baixo desempenho, baixa participação",True,
3501400,Álvaro de Carvalho,SP,Sudeste,58.33,63.01,4.68,90.91,0.592,0.601,0.592,alto,True,"baixo desempenho, alta participação",False,
2919926,Madre de Deus,BA,Nordeste,25.81,53.18,27.37,94.42,0.592,0.589,0.592,alto,True,"baixo desempenho, alta participação",True,
4204202,Chapecó,SC,Sul,56.25,63.99,7.74,80.13,0.592,0.582,0.592,alto,True,"baixo desempenho, baixa participação",True,
4101705,Araruna,PR,Sul,77.54,77.23,-0.31,92.51,0.591,0.588,0.591,alto,True,"desempenho médio, alta participação",False,
2201200,Barras,PI,Nordeste,60.13,63.62,3.49,97.21,0.591,0.581,0.591,alto,True,"desempenho médio, alta participação",False,
4119152,Pinhais,PR,Sul,57.37,68.31,10.94,87.14,0.591,0.59,0.591,alto,True,"baixo desempenho, alta participação",True,
4106456,Coronel Domingos Soares,PR,Sul,62.47,78.78,16.31,82.98,0.591,0.595,0.591,alto,True,"baixo desempenho, baixa participação",True,
4212007,Palma Sola,SC,Sul,79.92,80.0,0.08,83.18,0.591,0.586,0.591,alto,True,"desempenho médio, alta participação",False,
1301308,Codajás,AM,Norte,40.59,55.33,14.74,86.87,0.591,0.587,0.591,alto,True,"baixo desempenho, alta participação",True,
2105807,Lago do Junco,MA,Nordeste,97.1,80.0,-17.1,98.55,0.591,0.59,0.591,alto,True,"alto desempenho, alta participação",False,
4110953,Itaipulândia,PR,Sul,84.64,80.0,-4.64,85.64,0.591,0.588,0.591,alto,True,"desempenho médio, alta participação",False,
2927200,Ruy Barbosa,BA,Nordeste,27.94,51.35,23.41,98.41,0.591,0.586,0.591,alto,True,"baixo desempenho, alta participação",True,
3508801,Cafelândia,SP,Sudeste,61.51,67.29,5.78,93.37,0.59,0.587,0.59,alto,True,"desempenho médio, alta participação",False,
2917003,Itiúba,BA,Nordeste,21.05,42.9,21.85,93.92,0.59,0.587,0.59,alto,True,"baixo desempenho, alta participação",True,
3532843,Nova Canaã Paulista,SP,Sudeste,72.22,79.25,7.03,100.0,0.59,0.602,0.59,alto,True,"desempenho médio, alta participação",False,
4313391,Novo Cabrais,RS,Sul,77.0,80.0,3.0,97.5,0.935,0.59,0.59,alto,True,"desempenho médio, alta participação",False,score sem o choque das enchentes de 2024
4111407,Ivaí,PR,Sul,82.65,80.0,-2.65,93.01,0.59,0.586,0.59,alto,True,"desempenho médio, alta participação",False,
3548906,São Carlos,SP,Sudeste,50.27,60.84,10.57,88.84,0.59,0.585,0.59,alto,True,"baixo desempenho, alta participação",True,
2700102,Água Branca,AL,Nordeste,48.8,57.79,8.99,96.15,0.59,0.589,0.59,alto,True,"baixo desempenho, alta participação",True,
2109304,Presidente Vargas,MA,Nordeste,47.82,55.77,7.95,86.24,0.589,0.597,0.589,alto,True,"baixo desempenho, alta participação",True,
2400109,Acari,RN,Nordeste,38.21,55.62,17.41,83.04,0.589,0.588,0.589,alto,True,"baixo desempenho, baixa participação",True,
2409407,Pau dos Ferros,RN,Nordeste,38.9,51.81,12.91,83.33,0.589,0.58,0.589,alto,True,"baixo desempenho, baixa participação",True,
1100189,Pimenta Bueno,RO,Norte,81.06,72.95,-8.11,89.73,0.589,0.579,0.589,alto,True,"alto desempenho, alta participação",False,
4317806,Santo Augusto,RS,Sul,69.9,78.38,8.48,96.43,0.937,0.589,0.589,alto,True,"desempenho médio, alta participação",True,score sem o choque das enchentes de 2024
3534708,Ourinhos,SP,Sudeste,53.67,60.03,6.36,91.91,0.589,0.59,0.589,alto,True,"baixo desempenho, alta participação",False,
3503406,Arealva,SP,Sudeste,79.38,74.89,-4.49,90.53,0.588,0.589,0.588,alto,True,"desempenho médio, alta participação",False,
3549904,São José dos Campos,SP,Sudeste,64.75,64.8,0.05,93.37,0.588,0.573,0.588,alto,True,"desempenho médio, alta participação",False,
2112456,Turilândia,MA,Nordeste,49.69,64.13,14.44,87.32,0.588,0.59,0.588,alto,True,"baixo desempenho, alta participação",True,
3550001,São Luiz do Paraitinga,SP,Sudeste,59.66,75.43,15.77,94.62,0.588,0.59,0.588,alto,True,"baixo desempenho, alta participação",True,
1702703,Aurora do Tocantins,TO,Norte,41.94,61.77,19.83,78.38,0.588,0.593,0.588,alto,True,"baixo desempenho, baixa participação",True,
2801306,Capela,SE,Nordeste,35.78,47.68,11.9,91.12,0.588,0.583,0.588,alto,True,"baixo desempenho, alta participação",True,
3557303,Estiva Gerbi,SP,Sudeste,51.48,56.38,4.9,77.06,0.588,0.591,0.588,alto,True,"baixo desempenho, baixa participação",False,
4126355,Serranópolis do Iguaçu,PR,Sul,82.66,80.0,-2.66,86.67,0.587,0.591,0.587,alto,True,"desempenho médio, alta participação",False,
3509304,Cajobi,SP,Sudeste,60.42,67.31,6.89,94.12,0.587,0.59,0.587,alto,True,"baixo desempenho, alta participação",False,
4120309,Porto Vitória,PR,Sul,75.0,80.0,5.0,100.0,0.587,0.594,0.587,alto,True,"desempenho médio, alta participação",False,
3507001,Boituva,SP,Sudeste,69.83,67.57,-2.26,90.11,0.587,0.579,0.587,alto,True,"desempenho médio, alta participação",False,
3550605,São Roque,SP,Sudeste,51.51,61.36,9.85,90.97,0.587,0.58,0.587,alto,True,"baixo desempenho, alta participação",True,
1500404,Alenquer,PA,Norte,34.75,49.94,15.19,83.43,0.587,0.587,0.587,alto,True,"baixo desempenho, baixa participação",True,
2606101,Glória do Goitá,PE,Nordeste,66.22,73.52,7.3,98.01,0.587,0.583,0.587,alto,True,"desempenho médio, alta participação",True,
2605608,Flores,PE,Nordeste,68.28,76.0,7.72,99.32,0.587,0.586,0.587,alto,True,"desempenho médio, alta participação",True,
1101708,Urupá,RO,Norte,61.28,73.75,12.47,92.99,0.586,0.587,0.586,alto,True,"baixo desempenho, alta participação",True,
4211702,Orleans,SC,Sul,68.14,70.36,2.22,78.4,0.586,0.577,0.586,alto,True,"baixo desempenho, baixa participação",False,
3507803,Brodowski,SP,Sudeste,54.27,62.27,8.0,88.19,0.586,0.584,0.586,alto,True,"baixo desempenho, alta participação",True,
4202800,Braço do Norte,SC,Sul,59.36,66.93,7.57,77.78,0.586,0.575,0.586,alto,True,"baixo desempenho, baixa participação",True,
3526209,Juquitiba,SP,Sudeste,55.99,66.59,10.6,94.65,0.586,0.583,0.586,alto,True,"baixo desempenho, alta participação",True,
4209508,Laurentino,SC,Sul,60.32,69.33,9.01,75.68,0.586,0.585,0.586,alto,True,"baixo desempenho, baixa participação",True,
3523404,Itatiba,SP,Sudeste,73.47,69.88,-3.59,90.72,0.586,0.582,0.586,alto,True,"desempenho médio, alta participação",False,
2103901,Duque Bacelar,MA,Nordeste,81.51,72.72,-8.79,96.02,0.586,0.588,0.586,alto,True,"alto desempenho, alta participação",False,
4302204,Boa Vista do Buricá,RS,Sul,74.0,80.0,6.0,91.94,0.935,0.586,0.586,alto,True,"desempenho médio, alta participação",False,score sem o choque das enchentes de 2024
4110409,Indianópolis,PR,Sul,69.81,80.0,10.19,92.98,0.585,0.589,0.585,alto,True,"desempenho médio, alta participação",True,
2204006,Francinópolis,PI,Nordeste,84.21,78.56,-5.65,100.0,0.585,0.585,0.585,alto,True,"alto desempenho, alta participação",False,
3543907,Rio Claro,SP,Sudeste,54.52,59.96,5.44,90.35,0.585,0.58,0.585,alto,True,"baixo desempenho, alta participação",False,
3542305,Redenção da Serra,SP,Sudeste,84.33,80.0,-4.33,94.44,0.585,0.59,0.585,alto,True,"desempenho médio, alta participação",False,
2414100,Tenente Ananias,RN,Nordeste,52.25,54.77,2.52,90.62,0.585,0.58,0.585,alto,True,"baixo desempenho, alta participação",False,
3530607,Mogi das Cruzes,SP,Sudeste,47.88,57.39,9.51,89.74,0.585,0.576,0.585,alto,True,"baixo desempenho, alta participação",True,
2516706,Teixeira,PB,Nordeste,81.85,75.05,-6.8,96.85,0.584,0.577,0.584,alto,True,"alto desempenho, alta participação",False,
2923100,Olindina,BA,Nordeste,21.29,48.45,27.16,92.66,0.584,0.583,0.584,alto,True,"baixo desempenho, alta participação",True,
4320701,Sobradinho,RS,Sul,70.8,80.0,9.2,94.29,0.935,0.584,0.584,alto,True,"desempenho médio, alta participação",True,score sem o choque das enchentes de 2024
1707207,Dois Irmãos do Tocantins,TO,Norte,52.81,58.86,6.05,92.54,0.584,0.58,0.584,alto,True,"baixo desempenho, alta participação",False,
4212239,Paraíso,SC,Sul,83.86,80.0,-3.86,81.58,0.584,0.585,0.584,alto,True,"desempenho médio, alta participação",False,
2105302,Imperatriz,MA,Nordeste,54.73,56.42,1.69,86.75,0.583,0.58,0.583,alto,True,"baixo desempenho, baixa participação",False,
2515401,São Vicente do Seridó,PB,Nordeste,54.16,63.76,9.6,96.43,0.583,0.583,0.583,alto,True,"baixo desempenho, alta participação",True,
2919603,Macajuba,BA,Nordeste,30.14,34.07,3.93,95.42,0.583,0.585,0.583,alto,True,"baixo desempenho, alta participação",False,
1101500,Seringueiras,RO,Norte,66.06,68.5,2.44,93.47,0.583,0.582,0.583,alto,True,"desempenho médio, alta participação",False,
1301852,Iranduba,AM,Norte,34.35,56.45,22.1,80.7,0.583,0.577,0.583,alto,True,"baixo desempenho, baixa participação",True,
4116208,Morretes,PR,Sul,59.7,72.08,12.38,84.62,0.583,0.582,0.583,alto,True,"baixo desempenho, baixa participação",True,
3550506,São Pedro do Turvo,SP,Sudeste,71.42,72.6,1.18,95.45,0.583,0.584,0.583,alto,True,"desempenho médio, alta participação",False,
2411429,Santana do Seridó,RN,Nordeste,40.91,61.37,20.46,81.48,0.583,0.59,0.583,alto,True,"baixo desempenho, baixa participação",True,
4320578,Sete de Setembro,RS,Sul,66.7,78.99,12.29,92.31,0.931,0.583,0.583,alto,True,"baixo desempenho, alta participação",True,score sem o choque das enchentes de 2024
3514205,Dolcinópolis,SP,Sudeste,65.38,77.62,12.24,100.0,0.582,0.594,0.582,alto,True,"baixo desempenho, alta participação",True,
2922052,Mulungu do Morro,BA,Nordeste,28.83,38.02,9.19,98.23,0.582,0.583,0.582,alto,True,"baixo desempenho, alta participação",True,
1600600,Santana,AP,Norte,55.32,53.95,-1.37,92.51,0.582,0.576,0.582,alto,True,"desempenho médio, alta participação",False,
2104057,Estreito,MA,Nordeste,59.79,63.09,3.3,89.77,0.582,0.577,0.582,alto,True,"desempenho médio, alta participação",False,
2603009,Cabrobó,PE,Nordeste,61.21,71.96,10.75,90.67,0.582,0.58,0.582,alto,True,"baixo desempenho, alta participação",True,
2101202,Bacabal,MA,Nordeste,51.38,56.75,5.37,93.96,0.581,0.587,0.581,alto,True,"baixo desempenho, alta participação",False,
3304508,Rio das Flores,RJ,Sudeste,67.73,66.3,-1.43,85.23,0.581,0.587,0.581,alto,True,"desempenho médio, alta participação",False,
4104600,Capitão Leônidas Marques,PR,Sul,78.04,75.13,-2.91,84.94,0.581,0.576,0.581,alto,True,"desempenho médio, alta participação",False,
4123824,Santa Lúcia,PR,Sul,85.71,79.64,-6.07,85.71,0.581,0.587,0.581,alto,True,"alto desempenho, alta participação",False,
2205706,Luís Correia,PI,Nordeste,51.6,67.87,16.27,93.56,0.581,0.575,0.581,alto,True,"baixo desempenho, alta participação",True,
4104253,Campo Magro,PR,Sul,57.97,66.39,8.42,86.9,0.581,0.578,0.581,alto,True,"baixo desempenho, alta participação",True,
2916500,Itapicuru,BA,Nordeste,51.23,43.15,-8.08,97.31,0.58,0.571,0.58,alto,True,"desempenho médio, alta participação",False,
2107357,Nova Olinda do Maranhão,MA,Nordeste,62.23,64.61,2.38,94.25,0.58,0.581,0.58,alto,True,"desempenho médio, alta participação",False,
2614501,Surubim,PE,Nordeste,58.71,63.44,4.73,88.54,0.58,0.579,0.58,alto,True,"baixo desempenho, alta participação",False,
3501707,Américo Brasiliense,SP,Sudeste,71.18,70.76,-0.42,90.66,0.58,0.571,0.58,alto,True,"desempenho médio, alta participação",False,
2703007,Ibateguara,AL,Nordeste,54.43,80.0,25.57,100.0,0.58,0.578,0.58,alto,True,"baixo desempenho, alta participação",True,
4109005,Guapirama,PR,Sul,75.09,80.0,4.91,94.52,0.58,0.585,0.58,alto,True,"desempenho médio, alta participação",False,
2111102,São João dos Patos,MA,Nordeste,55.16,62.2,7.04,94.52,0.579,0.579,0.579,alto,True,"baixo desempenho, alta participação",False,
4127908,Tuneiras do Oeste,PR,Sul,68.12,74.11,5.99,91.4,0.579,0.582,0.579,alto,True,"desempenho médio, alta participação",False,
3542206,Rancharia,SP,Sudeste,60.02,66.53,6.51,92.02,0.579,0.573,0.579,alto,True,"baixo desempenho, alta participação",False,
3527405,Lucélia,SP,Sudeste,68.26,69.5,1.24,97.44,0.579,0.576,0.579,alto,True,"desempenho médio, alta participação",False,
2109452,Raposa,MA,Nordeste,48.35,71.84,23.49,87.78,0.579,0.58,0.579,alto,True,"baixo desempenho, alta participação",True,
4311700,Machadinho,RS,Sul,64.3,71.64,7.34,89.13,0.932,0.579,0.579,alto,True,"desempenho médio, alta participação",True,score sem o choque das enchentes de 2024
3552502,Suzano,SP,Sudeste,46.82,54.18,7.36,87.11,0.579,0.574,0.579,alto,True,"baixo desempenho, alta participação",True,
4322400,Uruguaiana,RS,Sul,47.3,67.36,20.06,74.64,0.932,0.579,0.579,alto,True,"baixo desempenho, baixa participação",True,score sem o choque das enchentes de 2024
5106158,Nova Bandeirantes,MT,Centro-Oeste,76.59,75.35,-1.24,90.95,0.578,0.573,0.578,alto,True,"desempenho médio, alta participação",False,
3511508,Cerquilho,SP,Sudeste,69.15,67.12,-2.03,91.45,0.578,0.573,0.578,alto,True,"desempenho médio, alta participação",False,
2107001,Montes Altos,MA,Nordeste,55.27,74.01,18.74,94.21,0.578,0.585,0.578,alto,True,"baixo desempenho, alta participação",True,
3302908,Miguel Pereira,RJ,Sudeste,70.49,64.77,-5.72,81.99,0.578,0.578,0.578,alto,True,"desempenho médio, alta participação",False,
2911105,Formosa do Rio Preto,BA,Nordeste,28.21,35.22,7.01,88.97,0.578,0.569,0.578,alto,True,"baixo desempenho, alta participação",False,
3533007,Nova Granada,SP,Sudeste,59.94,67.3,7.36,95.26,0.578,0.575,0.578,alto,True,"baixo desempenho, alta participação",True,
3524709,Jaguariúna,SP,Sudeste,70.22,68.37,-1.85,84.13,0.577,0.567,0.577,alto,True,"desempenho médio, alta participação",False,
2207355,Pajeú do Piauí,PI,Nordeste,64.0,70.48,6.48,100.0,0.577,0.582,0.577,alto,True,"desempenho médio, alta participação",False,
2607901,Jaboatão dos Guararapes,PE,Nordeste,54.98,64.67,9.69,93.08,0.577,0.567,0.577,alto,True,"baixo desempenho, alta participação",True,
5100607,Alto Taquari,MT,Centro-Oeste,70.01,74.69,4.68,90.0,0.577,0.572,0.577,alto,True,"desempenho médio, alta participação",False,
4101200,Antonina,PR,Sul,63.75,70.68,6.93,89.59,0.577,0.574,0.577,alto,True,"desempenho médio, alta participação",False,
3556503,Várzea Paulista,SP,Sudeste,53.24,58.9,5.66,90.76,0.577,0.577,0.577,alto,True,"baixo desempenho, alta participação",False,
3517307,Guaimbê,SP,Sudeste,83.39,80.0,-3.39,90.74,0.577,0.576,0.577,alto,True,"desempenho médio, alta participação",False,
3301405,Conceição de Macabu,RJ,Sudeste,56.17,59.59,3.42,87.32,0.577,0.58,0.577,alto,True,"baixo desempenho, alta participação",False,
4323309,Vila Flores,RS,Sul,68.8,80.0,11.2,86.67,0.931,0.576,0.576,alto,True,"baixo desempenho, baixa participação",True,score sem o choque das enchentes de 2024
3522505,Itapevi,SP,Sudeste,55.46,59.95,4.49,91.17,0.576,0.57,0.576,alto,True,"baixo desempenho, alta participação",False,
1501303,Barcarena,PA,Norte,39.5,57.38,17.88,86.37,0.576,0.575,0.576,alto,True,"baixo desempenho, alta participação",True,
1709302,Guaraí,TO,Norte,48.16,49.68,1.52,83.27,0.576,0.565,0.576,alto,True,"baixo desempenho, baixa participação",False,
1200427,Rodrigues Alves,AC,Norte,38.92,46.4,7.48,75.66,0.576,0.569,0.576,alto,True,"baixo desempenho, baixa participação",True,UF sem historico no treino: avaliado so pelas demais variaveis
3509700,Campos do Jordão,SP,Sudeste,57.12,60.62,3.5,89.29,0.575,0.573,0.575,alto,True,"desempenho médio, alta participação",False,
2901809,Antônio Gonçalves,BA,Nordeste,25.32,46.92,21.6,96.34,0.575,0.578,0.575,alto,True,"baixo desempenho, alta participação",True,
4318804,São Lourenço do Sul,RS,Sul,58.7,79.35,20.65,83.57,0.934,0.575,0.575,alto,True,"baixo desempenho, baixa participação",True,score sem o choque das enchentes de 2024
2803500,Lagarto,SE,Nordeste,31.27,49.32,18.05,92.09,0.575,0.577,0.575,alto,True,"baixo desempenho, alta participação",True,
3505609,Barrinha,SP,Sudeste,51.43,63.47,12.04,89.0,0.575,0.573,0.575,alto,True,"baixo desempenho, alta participação",True,
2903953,Bom Jesus da Serra,BA,Nordeste,24.44,54.02,29.58,92.78,0.575,0.579,0.575,alto,True,"baixo desempenho, alta participação",True,
3554003,Tatuí,SP,Sudeste,53.92,60.53,6.61,94.64,0.575,0.575,0.575,alto,True,"baixo desempenho, alta participação",False,
4120333,Prado Ferreira,PR,Sul,73.85,77.64,3.79,92.98,0.575,0.581,0.575,alto,True,"desempenho médio, alta participação",False,
3508108,Buritama,SP,Sudeste,67.83,69.16,1.33,90.96,0.575,0.571,0.575,alto,True,"desempenho médio, alta participação",False,
4107900,Floresta,PR,Sul,74.01,77.47,3.46,94.35,0.575,0.577,0.575,alto,True,"desempenho médio, alta participação",False,
4125555,São Manoel do Paraná,PR,Sul,73.08,80.0,6.92,100.0,0.575,0.585,0.575,alto,True,"desempenho médio, alta participação",False,
3541703,Quatá,SP,Sudeste,68.43,70.64,2.21,92.44,0.575,0.571,0.575,alto,True,"desempenho médio, alta participação",False,
4111506,Ivaiporã,PR,Sul,72.39,70.86,-1.53,86.24,0.574,0.568,0.574,alto,True,"desempenho médio, alta participação",False,
2104305,Godofredo Viana,MA,Nordeste,88.4,80.0,-8.4,95.76,0.574,0.568,0.574,alto,True,"alto desempenho, alta participação",False,
4101309,Antônio Olinto,PR,Sul,88.26,80.0,-8.26,91.18,0.574,0.575,0.574,alto,True,"alto desempenho, alta participação",False,
2929800,Saúde,BA,Nordeste,20.73,30.12,9.39,94.25,0.574,0.577,0.574,alto,True,"baixo desempenho, alta participação",True,
2920106,Mairi,BA,Nordeste,23.42,53.26,29.84,92.5,0.574,0.574,0.574,alto,True,"baixo desempenho, alta participação",True,
1506583,Santa Maria das Barreiras,PA,Norte,42.45,62.25,19.8,81.73,0.574,0.572,0.574,alto,True,"baixo desempenho, baixa participação",True,
4319406,São Pedro do Sul,RS,Sul,61.6,77.99,16.39,86.36,0.932,0.574,0.574,alto,True,"baixo desempenho, alta participação",True,score sem o choque das enchentes de 2024
3526100,Juquiá,SP,Sudeste,55.18,63.08,7.9,94.17,0.574,0.573,0.574,alto,True,"baixo desempenho, alta participação",True,
2105401,Itapecuru Mirim,MA,Nordeste,60.47,62.06,1.59,96.38,0.574,0.571,0.574,alto,True,"desempenho médio, alta participação",False,
2708303,São José da Laje,AL,Nordeste,95.31,79.45,-15.86,98.84,0.574,0.563,0.574,alto,True,"alto desempenho, alta participação",False,
2513703,Santa Rita,PB,Nordeste,35.79,53.27,17.48,75.0,0.574,0.574,0.574,alto,True,"baixo desempenho, baixa participação",True,
3533601,Nuporanga,SP,Sudeste,64.88,72.76,7.88,92.77,0.574,0.574,0.574,alto,True,"desempenho médio, alta participação",True,
2512077,Poço de José de Moura,PB,Nordeste,57.57,61.89,4.32,87.23,0.573,0.579,0.573,alto,True,"baixo desempenho, alta participação",False,
3504404,Avanhandava,SP,Sudeste,77.37,73.75,-3.62,92.19,0.573,0.571,0.573,alto,True,"desempenho médio, alta participação",False,
1502764,Cumaru do Norte,PA,Norte,45.2,59.86,14.66,83.78,0.573,0.573,0.573,alto,True,"baixo desempenho, baixa participação",True,
3538501,Piquete,SP,Sudeste,69.56,70.13,0.57,90.62,0.573,0.572,0.573,alto,True,"desempenho médio, alta participação",False,
4206405,Guaraciaba,SC,Sul,83.69,80.0,-3.69,88.54,0.573,0.565,0.573,alto,True,"desempenho médio, alta participação",False,
2704708,Marechal Deodoro,AL,Nordeste,46.23,53.1,6.87,93.44,0.573,0.567,0.573,alto,True,"baixo desempenho, alta participação",False,
2410405,Pureza,RN,Nordeste,36.22,49.56,13.34,78.1,0.572,0.571,0.572,alto,True,"baixo desempenho, baixa participação",True,
2108108,Paulo Ramos,MA,Nordeste,90.57,77.38,-13.19,99.53,0.572,0.569,0.572,alto,True,"alto desempenho, alta participação",False,
4126801,Tapejara,PR,Sul,61.07,72.72,11.65,88.17,0.572,0.571,0.572,alto,True,"baixo desempenho, alta participação",True,
5100300,Alto Araguaia,MT,Centro-Oeste,75.59,75.72,0.13,88.95,0.572,0.563,0.572,alto,True,"desempenho médio, alta participação",False,
3557006,Votorantim,SP,Sudeste,54.69,59.0,4.31,90.41,0.572,0.573,0.572,alto,True,"baixo desempenho, alta participação",False,
2205854,Madeiro,PI,Nordeste,55.88,67.86,11.98,100.0,0.572,0.573,0.572,alto,True,"baixo desempenho, alta participação",True,
4316006,Rolante,RS,Sul,66.6,80.0,13.4,93.83,0.932,0.572,0.572,alto,True,"baixo desempenho, alta participação",True,score sem o choque das enchentes de 2024
3509908,Cananéia,SP,Sudeste,59.72,69.71,9.99,93.02,0.572,0.572,0.572,alto,True,"baixo desempenho, alta participação",True,
2409506,Pedra Grande,RN,Nordeste,44.5,56.63,12.13,80.0,0.572,0.573,0.572,alto,True,"baixo desempenho, baixa participação",True,
4116059,Missal,PR,Sul,83.28,80.0,-3.28,93.79,0.571,0.569,0.571,alto,True,"desempenho médio, alta participação",False,
2201804,Bocaina,PI,Nordeste,55.0,80.0,25.0,90.91,0.571,0.577,0.571,alto,True,"baixo desempenho, alta participação",True,
1708254,Tabocão,TO,Norte,51.71,59.04,7.33,92.96,0.571,0.573,0.571,alto,True,"baixo desempenho, alta participação",True,
3518602,Guariba,SP,Sudeste,78.67,72.94,-5.73,92.23,0.571,0.561,0.571,alto,True,"desempenho médio, alta participação",False,
2906824,Canudos,BA,Nordeste,30.13,34.38,4.25,96.89,0.571,0.57,0.571,alto,True,"baixo desempenho, alta participação",False,
2802106,Estância,SE,Nordeste,29.77,48.03,18.26,90.94,0.571,0.565,0.571,alto,True,"baixo desempenho, alta participação",True,
2105963,Lagoa Grande do Maranhão,MA,Nordeste,97.12,80.0,-17.12,99.07,0.57,0.569,0.57,alto,True,"alto desempenho, alta participação",False,
4128609,Verê,PR,Sul,67.29,80.0,12.71,90.57,0.57,0.572,0.57,alto,True,"baixo desempenho, alta participação",True,
4205605,Galvão,SC,Sul,70.47,80.0,9.53,90.38,0.57,0.574,0.57,alto,True,"desempenho médio, alta participação",True,
2804805,Nossa Senhora do Socorro,SE,Nordeste,29.8,35.42,5.62,89.37,0.57,0.568,0.57,alto,True,"baixo desempenho, alta participação",False,
3301108,Cantagalo,RJ,Sudeste,52.0,63.67,11.67,84.82,0.57,0.573,0.57,alto,True,"baixo desempenho, baixa participação",True,
2923050,Novo Triunfo,BA,Nordeste,39.06,37.32,-1.74,94.12,0.57,0.568,0.57,alto,True,"baixo desempenho, alta participação",False,
2410256,Porto do Mangue,RN,Nordeste,42.47,65.41,22.94,81.63,0.57,0.569,0.57,alto,True,"baixo desempenho, baixa participação",True,
4212205,Papanduva,SC,Sul,64.15,73.49,9.34,85.25,0.569,0.56,0.569,alto,True,"baixo desempenho, baixa participação",True,
1600279,Laranjal do Jari,AP,Norte,39.8,52.13,12.33,93.09,0.569,0.562,0.569,alto,True,"baixo desempenho, alta participação",True,
3526001,Junqueirópolis,SP,Sudeste,80.44,77.85,-2.59,95.98,0.569,0.563,0.569,alto,True,"desempenho médio, alta participação",False,
4119509,Piraquara,PR,Sul,50.54,65.39,14.85,83.45,0.569,0.573,0.569,alto,True,"baixo desempenho, baixa participação",True,
3549102,São João da Boa Vista,SP,Sudeste,61.6,62.88,1.28,90.09,0.569,0.56,0.569,alto,True,"desempenho médio, alta participação",False,
4122701,Sabáudia,PR,Sul,78.98,80.0,1.02,90.57,0.569,0.568,0.569,alto,True,"desempenho médio, alta participação",False,
2204204,Francisco Santos,PI,Nordeste,48.78,55.53,6.75,85.71,0.569,0.571,0.569,alto,True,"baixo desempenho, baixa participação",False,
3544905,Sales Oliveira,SP,Sudeste,50.04,65.48,15.44,86.36,0.569,0.571,0.569,alto,True,"baixo desempenho, alta participação",True,
1718808,Sampaio,TO,Norte,43.25,55.29,12.04,84.16,0.568,0.569,0.568,alto,True,"baixo desempenho, baixa participação",True,
3512209,Conchal,SP,Sudeste,55.54,62.48,6.94,89.87,0.568,0.565,0.568,alto,True,"baixo desempenho, alta participação",False,
4113106,Kaloré,PR,Sul,77.98,80.0,2.02,97.62,0.568,0.574,0.568,alto,True,"desempenho médio, alta participação",False,
4218509,Treze Tílias,SC,Sul,71.92,76.05,4.13,83.13,0.568,0.562,0.568,alto,True,"baixo desempenho, baixa participação",False,
5000203,Água Clara,MS,Centro-Oeste,77.03,73.26,-3.77,87.91,0.568,0.563,0.568,alto,True,"desempenho médio, alta participação",False,
3549409,São Joaquim da Barra,SP,Sudeste,50.24,56.67,6.43,88.19,0.568,0.565,0.568,alto,True,"baixo desempenho, alta participação",False,
2500502,Alagoinha,PB,Nordeste,53.1,64.7,11.6,94.0,0.568,0.565,0.568,alto,True,"baixo desempenho, alta participação",True,
4120408,Presidente Castelo Branco,PR,Sul,62.98,77.36,14.38,81.13,0.568,0.574,0.568,alto,True,"baixo desempenho, baixa participação",True,
2800308,Aracaju,SE,Nordeste,47.18,44.53,-2.65,93.79,0.567,0.552,0.567,alto,True,"desempenho médio, alta participação",False,
2605103,Custódia,PE,Nordeste,84.57,80.0,-4.57,97.86,0.567,0.56,0.567,alto,True,"desempenho médio, alta participação",False,
3524402,Jacareí,SP,Sudeste,51.48,56.68,5.2,85.86,0.567,0.562,0.567,alto,True,"baixo desempenho, baixa participação",False,
2604007,Carpina,PE,Nordeste,59.18,70.0,10.82,92.83,0.567,0.562,0.567,alto,True,"baixo desempenho, alta participação",True,
3517901,Guaraci,SP,Sudeste,73.02,75.7,2.68,96.19,0.566,0.564,0.566,alto,True,"desempenho médio, alta participação",False,
3531001,Monções,SP,Sudeste,80.77,80.0,-0.77,96.3,0.566,0.575,0.566,alto,True,"desempenho médio, alta participação",False,
2105906,Lago Verde,MA,Nordeste,76.73,67.9,-8.83,88.62,0.566,0.566,0.566,alto,True,"alto desempenho, alta participação",False,
2401305,Campo Grande,RN,Nordeste,43.77,49.73,5.96,91.03,0.565,0.563,0.565,alto,True,"baixo desempenho, alta participação",False,
1304203,Tefé,AM,Norte,36.78,44.5,7.72,89.67,0.565,0.562,0.565,alto,True,"baixo desempenho, alta participação",True,
2707701,Rio Largo,AL,Nordeste,38.78,50.31,11.53,90.58,0.565,0.561,0.565,alto,True,"baixo desempenho, alta participação",True,
1720101,São Bento do Tocantins,TO,Norte,52.93,55.55,2.62,91.57,0.565,0.565,0.565,alto,True,"baixo desempenho, alta participação",False,
1506351,Santa Bárbara do Pará,PA,Norte,46.35,50.88,4.53,91.76,0.565,0.565,0.565,alto,True,"baixo desempenho, alta participação",False,
2925600,Presidente Dutra,BA,Nordeste,20.0,36.86,16.86,95.24,0.564,0.566,0.564,alto,True,"baixo desempenho, alta participação",True,
4204905,Descanso,SC,Sul,70.31,80.0,9.69,92.42,0.564,0.56,0.564,alto,True,"desempenho médio, alta participação",True,
2706406,Pão de Açúcar,AL,Nordeste,55.26,58.15,2.89,96.85,0.564,0.561,0.564,alto,True,"desempenho médio, alta participação",False,
2609600,Olinda,PE,Nordeste,62.29,66.22,3.93,96.45,0.564,0.558,0.564,alto,True,"desempenho médio, alta participação",False,
2100303,Aldeias Altas,MA,Nordeste,45.37,71.73,26.36,82.49,0.564,0.566,0.564,alto,True,"baixo desempenho, baixa participação",True,
3524006,Itupeva,SP,Sudeste,48.94,56.2,7.26,82.84,0.563,0.558,0.563,alto,True,"baixo desempenho, baixa participação",True,
3553708,Taquaritinga,SP,Sudeste,72.83,67.9,-4.93,88.26,0.563,0.557,0.563,alto,True,"desempenho médio, alta participação",False,
2912707,Ibirapitanga,BA,Nordeste,22.06,45.82,23.76,92.31,0.562,0.561,0.562,alto,True,"baixo desempenho, alta participação",True,
1720937,Taipas do Tocantins,TO,Norte,55.56,63.74,8.18,100.0,0.562,0.567,0.562,alto,True,"baixo desempenho, alta participação",True,
1702109,Araguaína,TO,Norte,50.51,49.19,-1.32,87.26,0.562,0.551,0.562,alto,True,"desempenho médio, alta participação",False,
2205151,Jacobina do Piauí,PI,Nordeste,84.31,80.0,-4.31,100.0,0.561,0.56,0.561,alto,True,"desempenho médio, alta participação",False,
2615300,Timbaúba,PE,Nordeste,77.57,75.9,-1.67,97.74,0.561,0.558,0.561,alto,True,"desempenho médio, alta participação",False,
4115309,Mariópolis,PR,Sul,66.98,77.47,10.49,91.95,0.561,0.564,0.561,alto,True,"baixo desempenho, alta participação",True,
2915403,Itaju do Colônia,BA,Nordeste,15.25,35.74,20.49,74.68,0.561,0.569,0.561,alto,True,"baixo desempenho, baixa participação",True,
3509403,Cajuru,SP,Sudeste,54.99,74.32,19.33,88.26,0.561,0.558,0.561,alto,True,"baixo desempenho, alta participação",True,
3162807,São João Evangelista,MG,Sudeste,70.27,80.0,9.73,88.3,0.561,0.56,0.561,alto,True,"desempenho médio, alta participação",True,
4318424,São João da Urtiga,RS,Sul,70.3,77.56,7.26,94.87,0.927,0.561,0.561,alto,True,"desempenho médio, alta participação",True,score sem o choque das enchentes de 2024
4200606,Águas Mornas,SC,Sul,79.3,80.0,0.7,87.63,0.56,0.557,0.56,alto,True,"desempenho médio, alta participação",False,
4107801,Floraí,PR,Sul,85.2,78.12,-7.08,87.1,0.56,0.563,0.56,alto,True,"alto desempenho, alta participação",False,
4310207,Ijuí,RS,Sul,61.9,77.52,15.62,92.97,0.931,0.56,0.56,alto,True,"baixo desempenho, alta participação",True,score sem o choque das enchentes de 2024
1720853,Sucupira,TO,Norte,58.97,78.3,19.33,96.67,0.56,0.559,0.56,alto,True,"baixo desempenho, alta participação",True,
3531803,Monte Mor,SP,Sudeste,46.98,59.49,12.51,83.22,0.56,0.556,0.56,alto,True,"baixo desempenho, baixa participação",True,
2106003,Lima Campos,MA,Nordeste,90.91,80.0,-10.91,97.04,0.56,0.557,0.56,alto,True,"alto desempenho, alta participação",False,
4122107,Rio Bom,PR,Sul,69.55,80.0,10.45,92.31,0.559,0.568,0.559,alto,True,"desempenho médio, alta participação",True,
5107909,Sinop,MT,Centro-Oeste,54.33,64.53,10.2,86.66,0.559,0.555,0.559,alto,True,"baixo desempenho, alta participação",True,
1600253,Itaubal,AP,Norte,43.57,60.1,16.53,91.3,0.559,0.562,0.559,alto,True,"baixo desempenho, alta participação",True,
4112751,Jesuítas,PR,Sul,89.98,80.0,-9.98,88.57,0.559,0.557,0.559,alto,True,"alto desempenho, alta participação",False,
4128534,Ventania,PR,Sul,77.17,75.89,-1.28,89.66,0.559,0.557,0.559,alto,True,"desempenho médio, alta participação",False,
4316204,Rondinha,RS,Sul,75.3,80.0,4.7,94.12,0.927,0.559,0.559,alto,True,"desempenho médio, alta participação",False,score sem o choque das enchentes de 2024
2807501,Tomar do Geru,SE,Nordeste,40.43,54.75,14.32,96.64,0.559,0.558,0.559,alto,True,"baixo desempenho, alta participação",True,
3524303,Jaboticabal,SP,Sudeste,57.94,61.83,3.89,92.2,0.558,0.551,0.558,alto,True,"desempenho médio, alta participação",False,
2405009,Jaçanã,RN,Nordeste,39.09,57.7,18.61,89.23,0.558,0.557,0.558,alto,True,"baixo desempenho, alta participação",True,
3509205,Cajamar,SP,Sudeste,53.17,60.4,7.23,87.04,0.557,0.547,0.557,alto,True,"baixo desempenho, alta participação",True,
4117305,Ortigueira,PR,Sul,58.43,68.24,9.81,80.07,0.557,0.553,0.557,alto,True,"baixo desempenho, baixa participação",True,
4124020,Santa Tereza do Oeste,PR,Sul,77.75,75.36,-2.39,86.54,0.557,0.556,0.557,alto,True,"desempenho médio, alta participação",False,
2610608,Paudalho,PE,Nordeste,66.03,68.48,2.45,94.74,0.557,0.555,0.557,alto,True,"desempenho médio, alta participação",False,
2918506,Jussara,BA,Nordeste,43.44,38.71,-4.73,93.85,0.557,0.555,0.557,alto,True,"desempenho médio, alta participação",False,
2922250,Muquém do São Francisco,BA,Nordeste,22.03,45.61,23.58,89.39,0.557,0.558,0.557,alto,True,"baixo desempenho, alta participação",True,
2918308,Jitaúna,BA,Nordeste,40.82,39.62,-1.2,97.03,0.557,0.556,0.557,alto,True,"baixo desempenho, alta participação",False,
1600154,Pedra Branca do Amapari,AP,Norte,44.22,70.64,26.42,92.93,0.556,0.549,0.556,alto,True,"baixo desempenho, alta participação",True,
4300851,Arambaré,RS,Sul,55.0,64.87,9.87,76.92,0.925,0.556,0.556,alto,True,"baixo desempenho, baixa participação",True,score sem o choque das enchentes de 2024
4305009,Catuípe,RS,Sul,77.1,80.0,2.9,97.73,0.928,0.556,0.556,alto,True,"desempenho médio, alta participação",False,score sem o choque das enchentes de 2024
4308706,Gaurama,RS,Sul,74.7,79.16,4.46,97.92,0.926,0.556,0.556,alto,True,"desempenho médio, alta participação",False,score sem o choque das enchentes de 2024
4125902,São Pedro do Paraná,PR,Sul,75.0,74.43,-0.57,88.89,0.556,0.566,0.556,alto,True,"desempenho médio, alta participação",False,
4113403,Leópolis,PR,Sul,89.7,80.0,-9.7,90.7,0.555,0.559,0.555,alto,True,"alto desempenho, alta participação",False,
4113007,Jussara,PR,Sul,66.03,74.65,8.62,89.53,0.555,0.558,0.555,alto,True,"baixo desempenho, alta participação",True,
3534609,Osvaldo Cruz,SP,Sudeste,59.23,65.39,6.16,95.71,0.555,0.549,0.555,alto,True,"baixo desempenho, alta participação",False,
3543402,Ribeirão Preto,SP,Sudeste,45.01,52.0,6.99,87.4,0.555,0.543,0.555,alto,True,"baixo desempenho, alta participação",False,
3516507,Gabriel Monteiro,SP,Sudeste,85.45,80.0,-5.45,90.32,0.555,0.561,0.555,alto,True,"alto desempenho, alta participação",False,
3302056,Italva,RJ,Sudeste,61.79,62.82,1.03,88.89,0.555,0.558,0.555,alto,True,"desempenho médio, alta participação",False,
2413607,Severiano Melo,RN,Nordeste,47.88,74.22,26.34,92.41,0.555,0.562,0.555,alto,True,"baixo desempenho, alta participação",True,
4124509,Santo Inácio,PR,Sul,80.07,80.0,-0.07,93.48,0.554,0.555,0.554,alto,True,"desempenho médio, alta participação",False,
4108700,Grandes Rios,PR,Sul,61.6,69.82,8.22,84.47,0.554,0.561,0.554,alto,True,"baixo desempenho, baixa participação",True,
4303673,Campestre da Serra,RS,Sul,80.8,80.0,-0.8,87.5,0.925,0.554,0.554,alto,True,"desempenho médio, alta participação",False,score sem o choque das enchentes de 2024
3544202,Riolândia,SP,Sudeste,84.72,80.0,-4.72,95.51,0.554,0.55,0.554,alto,True,"desempenho médio, alta participação",False,
2909901,Curaçá,BA,Nordeste,22.94,44.5,21.56,96.52,0.554,0.549,0.554,alto,True,"baixo desempenho, alta participação",True,
4215307,Salete,SC,Sul,68.23,78.59,10.36,88.42,0.554,0.55,0.554,alto,True,"baixo desempenho, alta participação",True,
1100379,Alto Alegre dos Parecis,RO,Norte,79.54,72.81,-6.73,92.08,0.554,0.549,0.554,alto,True,"alto desempenho, alta participação",False,
4216008,São Carlos,SC,Sul,80.35,80.0,-0.35,90.0,0.553,0.545,0.553,alto,True,"desempenho médio, alta participação",False,
3540309,Pontes Gestal,SP,Sudeste,74.25,74.09,-0.16,85.19,0.553,0.561,0.553,alto,True,"desempenho médio, alta participação",False,
3304110,Porto Real,RJ,Sudeste,63.3,67.03,3.73,85.88,0.553,0.551,0.553,alto,True,"baixo desempenho, baixa participação",False,
2931103,Tanquinho,BA,Nordeste,30.67,34.46,3.79,96.15,0.553,0.557,0.553,alto,True,"baixo desempenho, alta participação",False,
2203453,Dom Inocêncio,PI,Nordeste,87.27,80.0,-7.27,100.0,0.552,0.546,0.552,alto,True,"alto desempenho, alta participação",False,
4106571,Cruzeiro do Iguaçu,PR,Sul,86.52,80.0,-6.52,82.61,0.552,0.556,0.552,alto,True,"alto desempenho, alta participação",False,
1504505,Melgaço,PA,Norte,28.64,51.16,22.52,72.69,0.552,0.555,0.552,alto,True,"baixo desempenho, baixa participação",True,
3519600,Ibitinga,SP,Sudeste,49.2,59.58,10.38,89.65,0.552,0.549,0.552,alto,True,"baixo desempenho, alta participação",True,
2509008,Manaíra,PB,Nordeste,50.66,80.0,29.34,93.1,0.552,0.552,0.552,alto,True,"baixo desempenho, alta participação",True,
2108306,Penalva,MA,Nordeste,63.88,63.48,-0.4,92.05,0.552,0.549,0.552,alto,True,"desempenho médio, alta participação",False,
2908804,Contendas do Sincorá,BA,Nordeste,40.62,39.48,-1.14,96.97,0.552,0.559,0.552,alto,True,"baixo desempenho, alta participação",False,
1706100,Cristalândia,TO,Norte,61.42,57.59,-3.83,90.82,0.552,0.547,0.552,alto,True,"desempenho médio, alta participação",False,
3540705,Porto Ferreira,SP,Sudeste,50.08,59.02,8.94,91.27,0.552,0.548,0.552,alto,True,"baixo desempenho, alta participação",True,
3534906,Pacaembu,SP,Sudeste,53.27,69.55,16.28,93.02,0.552,0.554,0.552,alto,True,"baixo desempenho, alta participação",True,
4316303,Roque Gonzales,RS,Sul,76.0,77.0,1.0,85.71,0.926,0.552,0.552,alto,True,"desempenho médio, alta participação",False,score sem o choque das enchentes de 2024
4210001,Luiz Alves,SC,Sul,76.19,80.0,3.81,88.73,0.551,0.542,0.551,alto,True,"desempenho médio, alta participação",False,
4312252,Minas do Leão,RS,Sul,69.6,75.32,5.72,93.22,0.926,0.551,0.551,alto,True,"desempenho médio, alta participação",False,score sem o choque das enchentes de 2024
4108452,Foz do Jordão,PR,Sul,78.1,80.0,1.9,97.62,0.551,0.556,0.551,alto,True,"desempenho médio, alta participação",False,
4215455,Sangão,SC,Sul,68.6,72.64,4.04,81.08,0.551,0.544,0.551,alto,True,"baixo desempenho, baixa participação",False,
3305000,São João da Barra,RJ,Sudeste,58.22,61.22,3.0,79.37,0.551,0.545,0.551,alto,True,"baixo desempenho, baixa participação",False,
2600302,Agrestina,PE,Nordeste,64.09,74.28,10.19,98.71,0.551,0.55,0.551,alto,True,"baixo desempenho, alta participação",True,
3550407,São Pedro,SP,Sudeste,58.16,61.09,2.93,87.63,0.551,0.546,0.551,alto,True,"desempenho médio, alta participação",False,
4212809,Balneário Piçarras,SC,Sul,53.84,67.49,13.65,70.04,0.551,0.543,0.551,alto,True,"baixo desempenho, baixa participação",True,
2512507,Queimadas,PB,Nordeste,92.65,80.0,-12.65,94.29,0.551,0.533,0.551,alto,True,"alto desempenho, alta participação",False,
3552551,Suzanápolis,SP,Sudeste,90.85,80.0,-10.85,82.05,0.551,0.552,0.551,alto,True,"alto desempenho, alta participação",False,
4307864,Fagundes Varela,RS,Sul,69.2,80.0,10.8,83.87,0.923,0.55,0.55,alto,True,"baixo desempenho, baixa participação",True,score sem o choque das enchentes de 2024
4209300,Lages,SC,Sul,55.85,58.78,2.93,73.53,0.55,0.544,0.55,alto,True,"baixo desempenho, baixa participação",False,
2920809,Marcionílio Souza,BA,Nordeste,18.57,36.73,18.16,88.61,0.55,0.555,0.55,alto,True,"baixo desempenho, alta participação",True,
5104542,Itanhangá,MT,Centro-Oeste,77.99,80.0,2.01,89.6,0.55,0.546,0.55,alto,True,"desempenho médio, alta participação",False,
3554102,Taubaté,SP,Sudeste,53.88,55.84,1.96,84.83,0.55,0.543,0.55,alto,True,"baixo desempenho, baixa participação",False,
3550803,São Sebastião da Grama,SP,Sudeste,68.66,69.66,1.0,91.59,0.549,0.548,0.549,alto,True,"desempenho médio, alta participação",False,
2612455,Santa Cruz,PE,Nordeste,69.1,72.64,3.54,95.65,0.549,0.55,0.549,alto,True,"desempenho médio, alta participação",False,
2604106,Caruaru,PE,Nordeste,58.37,63.13,4.76,93.23,0.549,0.543,0.549,alto,True,"baixo desempenho, alta participação",False,
4109104,Guaporema,PR,Sul,66.67,80.0,13.33,94.74,0.549,0.56,0.549,alto,True,"baixo desempenho, alta participação",True,
3107307,Bocaiúva,MG,Sudeste,68.42,72.34,3.92,83.62,0.549,0.545,0.549,alto,True,"baixo desempenho, baixa participação",False,
2513901,São Bento,PB,Nordeste,46.87,54.46,7.59,87.7,0.548,0.541,0.548,alto,True,"baixo desempenho, alta participação",True,
4211652,Novo Horizonte,SC,Sul,86.57,80.0,-6.57,79.31,0.548,0.55,0.548,alto,True,"alto desempenho, alta participação",False,
3533403,Nova Odessa,SP,Sudeste,57.96,63.12,5.16,92.82,0.547,0.541,0.547,alto,True,"baixo desempenho, alta participação",False,
2501500,Bananeiras,PB,Nordeste,54.93,60.49,5.56,93.67,0.547,0.542,0.547,alto,True,"baixo desempenho, alta participação",False,
4119202,Pinhalão,PR,Sul,76.88,75.8,-1.08,89.8,0.547,0.55,0.547,alto,True,"desempenho médio, alta participação",False,
4105300,Céu Azul,PR,Sul,84.56,80.0,-4.56,89.66,0.547,0.542,0.547,alto,True,"desempenho médio, alta participação",False,
3519105,Iacanga,SP,Sudeste,97.67,80.0,-17.67,79.28,0.547,0.541,0.547,alto,True,"alto desempenho, alta participação",False,
3512902,Cosmorama,SP,Sudeste,56.46,80.0,23.54,88.31,0.547,0.55,0.547,alto,True,"baixo desempenho, alta participação",True,
1500503,Almeirim,PA,Norte,38.92,45.36,6.44,82.37,0.546,0.543,0.546,alto,True,"baixo desempenho, baixa participação",False,
2925931,Quixabeira,BA,Nordeste,75.47,51.7,-23.77,96.36,0.546,0.543,0.546,alto,True,"alto desempenho, alta participação",False,
3521903,Itajobi,SP,Sudeste,82.74,80.0,-2.74,96.08,0.546,0.539,0.546,alto,True,"desempenho médio, alta participação",False,
2110807,São Félix de Balsas,MA,Nordeste,44.69,55.41,10.72,76.92,0.546,0.559,0.546,alto,True,"baixo desempenho, baixa participação",True,
3512803,Cosmópolis,SP,Sudeste,59.61,61.79,2.18,94.8,0.546,0.539,0.546,alto,True,"desempenho médio, alta participação",False,
2411908,São Francisco do Oeste,RN,Nordeste,68.97,64.41,-4.56,98.21,0.545,0.544,0.545,alto,True,"desempenho médio, alta participação",False,
2921609,Morpará,BA,Nordeste,28.89,46.27,17.38,98.9,0.545,0.549,0.545,alto,True,"baixo desempenho, alta participação",True,
1101476,Primavera de Rondônia,RO,Norte,57.63,80.0,22.37,86.76,0.545,0.556,0.545,alto,True,"baixo desempenho, alta participação",True,
2202703,Cocal,PI,Nordeste,83.93,75.26,-8.67,99.07,0.545,0.534,0.545,alto,True,"alto desempenho, alta participação",False,
3156502,Rubelita,MG,Sudeste,76.83,80.0,3.17,90.24,0.545,0.55,0.545,alto,True,"desempenho médio, alta participação",False,
3553807,Taquarituba,SP,Sudeste,56.67,61.5,4.83,89.11,0.545,0.542,0.545,alto,True,"baixo desempenho, alta participação",False,
2910859,Filadélfia,BA,Nordeste,36.76,33.77,-2.99,93.79,0.544,0.543,0.544,alto,True,"baixo desempenho, alta participação",False,
4120358,Pranchita,PR,Sul,79.55,80.0,0.45,93.22,0.544,0.546,0.544,alto,True,"desempenho médio, alta participação",False,
2907608,Central,BA,Nordeste,25.64,45.5,19.86,100.0,0.544,0.543,0.544,alto,True,"baixo desempenho, alta participação",True,
4125753,São Pedro do Iguaçu,PR,Sul,80.66,76.32,-4.34,83.95,0.543,0.546,0.543,alto,True,"desempenho médio, alta participação",False,
4301008,Arroio do Meio,RS,Sul,63.6,80.0,16.4,86.39,0.925,0.543,0.543,alto,True,"baixo desempenho, alta participação",True,score sem o choque das enchentes de 2024
4319109,São Martinho,RS,Sul,64.5,80.0,15.5,90.77,0.922,0.543,0.543,alto,True,"baixo desempenho, alta participação",True,score sem o choque das enchentes de 2024
3545803,Santa Bárbara d'Oeste,SP,Sudeste,64.2,62.92,-1.28,89.95,0.543,0.538,0.543,alto,True,"desempenho médio, alta participação",False,
2933059,Várzea da Roça,BA,Nordeste,20.73,46.92,26.19,92.13,0.543,0.545,0.543,alto,True,"baixo desempenho, alta participação",True,
2207793,Pau D'Arco do Piauí,PI,Nordeste,51.85,80.0,28.15,96.43,0.543,0.55,0.543,alto,True,"baixo desempenho, alta participação",True,
3300605,Bom Jesus do Itabapoana,RJ,Sudeste,70.64,65.11,-5.53,85.57,0.543,0.54,0.543,alto,True,"desempenho médio, alta participação",False,
3527306,Louveira,SP,Sudeste,58.25,62.92,4.67,86.79,0.542,0.534,0.542,alto,True,"baixo desempenho, baixa participação",False,
3538006,Pindamonhangaba,SP,Sudeste,63.8,62.84,-0.96,86.41,0.542,0.537,0.542,alto,True,"desempenho médio, alta participação",False,
4206900,Ibirama,SC,Sul,71.81,71.45,-0.36,82.19,0.542,0.533,0.542,alto,True,"baixo desempenho, baixa participação",False,
2703304,Inhapi,AL,Nordeste,83.03,69.84,-13.19,97.29,0.542,0.536,0.542,alto,True,"alto desempenho, alta participação",False,
3300936,Carapebus,RJ,Sudeste,59.54,60.47,0.93,80.7,0.542,0.545,0.542,alto,True,"baixo desempenho, baixa participação",False,
4111209,Itapejara d'Oeste,PR,Sul,75.37,76.84,1.47,94.06,0.542,0.539,0.542,alto,True,"desempenho médio, alta participação",False,
4204152,Celso Ramos,SC,Sul,75.67,78.13,2.46,91.84,0.542,0.546,0.542,alto,True,"desempenho médio, alta participação",False,
2807600,Umbaúba,SE,Nordeste,39.34,40.77,1.43,86.38,0.542,0.539,0.542,alto,True,"baixo desempenho, alta participação",False,
4214003,Presidente Getúlio,SC,Sul,55.72,67.96,12.24,70.19,0.542,0.535,0.542,alto,True,"baixo desempenho, baixa participação",True,
1708205,Formoso do Araguaia,TO,Norte,45.42,68.94,23.52,88.0,0.542,0.53,0.542,alto,True,"baixo desempenho, alta participação",True,
5005806,Nioaque,MS,Centro-Oeste,60.98,62.45,1.47,86.32,0.542,0.542,0.542,alto,True,"desempenho médio, alta participação",False,
2202505,Caracol,PI,Nordeste,49.31,67.14,17.83,89.39,0.542,0.543,0.542,alto,True,"baixo desempenho, alta participação",True,
1716604,Peixe,TO,Norte,42.93,57.32,14.39,77.78,0.542,0.534,0.542,alto,True,"baixo desempenho, baixa participação",True,
3110004,Caeté,MG,Sudeste,70.95,75.47,4.52,87.34,0.541,0.533,0.541,alto,True,"desempenho médio, alta participação",False,
2513406,Santa Luzia,PB,Nordeste,54.05,63.05,9.0,95.51,0.541,0.536,0.541,alto,True,"baixo desempenho, alta participação",True,
3111150,Campo Azul,MG,Sudeste,73.26,80.0,6.74,88.1,0.541,0.55,0.541,alto,True,"desempenho médio, alta participação",False,
3548104,Santo Antônio do Jardim,SP,Sudeste,72.45,74.11,1.66,95.83,0.54,0.543,0.54,alto,True,"desempenho médio, alta participação",False,
4116950,Nova Esperança do Sudoeste,PR,Sul,88.59,80.0,-8.59,88.42,0.54,0.543,0.54,alto,True,"alto desempenho, alta participação",False,
2605400,Feira Nova,PE,Nordeste,83.27,80.0,-3.27,97.77,0.54,0.536,0.54,alto,True,"desempenho médio, alta participação",False,
2406502,Lagoa Nova,RN,Nordeste,35.61,48.64,13.03,87.03,0.54,0.535,0.54,alto,True,"baixo desempenho, alta participação",True,
4305871,Coronel Barros,RS,Sul,67.8,80.0,12.2,88.57,0.92,0.54,0.54,alto,True,"baixo desempenho, alta participação",True,score sem o choque das enchentes de 2024
1507805,Senador José Porfírio,PA,Norte,35.9,47.44,11.54,80.34,0.54,0.544,0.54,alto,True,"baixo desempenho, baixa participação",True,
4306551,Dom Pedro de Alcântara,RS,Sul,57.1,80.0,22.9,77.78,0.919,0.539,0.539,alto,True,"baixo desempenho, baixa participação",True,score sem o choque das enchentes de 2024
4303509,Camaquã,RS,Sul,56.4,65.58,9.18,85.79,0.924,0.539,0.539,alto,True,"baixo desempenho, baixa participação",True,score sem o choque das enchentes de 2024
4219705,Xaxim,SC,Sul,59.5,70.88,11.38,80.2,0.539,0.529,0.539,alto,True,"baixo desempenho, baixa participação",True,
3509502,Campinas,SP,Sudeste,41.49,53.9,12.41,86.85,0.539,0.534,0.539,alto,True,"baixo desempenho, alta participação",True,
3516408,Franco da Rocha,SP,Sudeste,46.57,60.38,13.81,90.01,0.539,0.539,0.539,alto,True,"baixo desempenho, alta participação",True,
2505105,Cuité,PB,Nordeste,62.2,60.23,-1.97,86.29,0.539,0.534,0.539,alto,True,"desempenho médio, alta participação",False,
2210300,São Julião,PI,Nordeste,87.93,80.0,-7.93,100.0,0.539,0.536,0.539,alto,True,"alto desempenho, alta participação",False,
2511103,Pedra Lavrada,PB,Nordeste,83.68,76.93,-6.75,98.53,0.539,0.535,0.539,alto,True,"alto desempenho, alta participação",False,
5103601,Dom Aquino,MT,Centro-Oeste,71.45,80.0,8.55,95.35,0.539,0.535,0.539,alto,True,"desempenho médio, alta participação",True,
2915304,Itagimirim,BA,Nordeste,25.0,47.11,22.11,93.02,0.539,0.543,0.539,alto,True,"baixo desempenho, alta participação",True,
2607208,Ipojuca,PE,Nordeste,64.15,72.04,7.89,95.45,0.538,0.527,0.538,alto,True,"baixo desempenho, alta participação",True,
2504306,Catolé do Rocha,PB,Nordeste,45.82,63.31,17.49,86.67,0.538,0.532,0.538,alto,True,"baixo desempenho, alta participação",True,
4317608,Santo Antônio da Patrulha,RS,Sul,61.7,78.11,16.41,90.67,0.925,0.538,0.538,alto,True,"baixo desempenho, alta participação",True,score sem o choque das enchentes de 2024
3555208,Turiúba,SP,Sudeste,93.33,80.0,-13.33,88.24,0.538,0.547,0.538,alto,True,"alto desempenho, alta participação",False,
3162948,São José da Barra,MG,Sudeste,75.22,80.0,4.78,79.13,0.538,0.537,0.538,alto,True,"baixo desempenho, baixa participação",False,
3535705,Paraíso,SP,Sudeste,87.14,77.78,-9.36,88.46,0.538,0.538,0.538,alto,True,"alto desempenho, alta participação",False,
3538808,Piraju,SP,Sudeste,71.36,69.62,-1.74,94.3,0.538,0.531,0.538,alto,True,"desempenho médio, alta participação",False,
3523305,Itariri,SP,Sudeste,70.98,67.57,-3.41,90.53,0.538,0.534,0.538,alto,True,"desempenho médio, alta participação",False,
4200507,Águas de Chapecó,SC,Sul,75.76,74.65,-1.11,92.59,0.538,0.536,0.538,alto,True,"desempenho médio, alta participação",False,
4100608,Alto Paraná,PR,Sul,70.12,69.81,-0.31,85.25,0.538,0.536,0.538,alto,True,"desempenho médio, alta participação",False,
3523503,Itatinga,SP,Sudeste,54.18,67.63,13.45,93.75,0.538,0.537,0.538,alto,True,"baixo desempenho, alta participação",True,
3521507,Irapuã,SP,Sudeste,76.62,72.85,-3.77,93.83,0.538,0.539,0.538,alto,True,"desempenho médio, alta participação",False,
3517802,Guaraçaí,SP,Sudeste,60.72,62.73,2.01,87.8,0.538,0.541,0.538,alto,True,"desempenho médio, alta participação",False,
4317400,Santiago,RS,Sul,61.2,75.04,13.84,89.08,0.925,0.538,0.538,alto,True,"baixo desempenho, alta participação",True,score sem o choque das enchentes de 2024
4312955,Nova Boa Vista,RS,Sul,66.7,80.0,13.3,85.71,0.919,0.537,0.537,alto,True,"baixo desempenho, baixa participação",True,score sem o choque das enchentes de 2024
4209607,Lauro Müller,SC,Sul,72.59,68.69,-3.9,76.56,0.537,0.53,0.537,alto,True,"baixo desempenho, baixa participação",False,
1100254,Presidente Médici,RO,Norte,71.14,68.1,-3.04,91.72,0.537,0.532,0.537,alto,True,"desempenho médio, alta participação",False,
3528502,Mairiporã,SP,Sudeste,63.31,63.17,-0.14,92.2,0.537,0.538,0.537,alto,True,"desempenho médio, alta participação",False,
3518503,Guareí,SP,Sudeste,68.52,68.0,-0.52,92.07,0.537,0.534,0.537,alto,True,"desempenho médio, alta participação",False,
4100459,Altamira do Paraná,PR,Sul,74.47,79.35,4.88,100.0,0.537,0.549,0.537,alto,True,"desempenho médio, alta participação",False,
2101251,Bacabeira,MA,Nordeste,53.73,60.79,7.06,90.23,0.537,0.536,0.537,alto,True,"baixo desempenho, alta participação",False,
3506201,Bento de Abreu,SP,Sudeste,84.11,80.0,-4.11,91.43,0.537,0.541,0.537,alto,True,"desempenho médio, alta participação",False,
3503802,Artur Nogueira,SP,Sudeste,54.41,59.85,5.44,93.35,0.536,0.533,0.536,alto,True,"baixo desempenho, alta participação",False,
4107405,Enéas Marques,PR,Sul,85.24,80.0,-5.24,85.71,0.536,0.537,0.536,alto,True,"desempenho médio, alta participação",False,
3547502,Santa Rita do Passa Quatro,SP,Sudeste,67.97,68.06,0.09,91.33,0.536,0.53,0.536,alto,True,"desempenho médio, alta participação",False,
3525706,José Bonifácio,SP,Sudeste,54.93,63.69,8.76,94.81,0.536,0.53,0.536,alto,True,"baixo desempenho, alta participação",True,
4212254,Passo de Torres,SC,Sul,59.86,63.74,3.88,70.35,0.536,0.534,0.536,alto,True,"baixo desempenho, baixa participação",False,
4215703,Santo Amaro da Imperatriz,SC,Sul,60.42,65.3,4.88,73.96,0.535,0.526,0.535,alto,True,"baixo desempenho, baixa participação",False,
3541901,Queluz,SP,Sudeste,68.79,67.79,-1.0,90.48,0.535,0.534,0.535,alto,True,"desempenho médio, alta participação",False,
1506161,Rio Maria,PA,Norte,56.31,53.98,-2.33,85.55,0.535,0.532,0.535,alto,True,"desempenho médio, alta participação",False,
2202711,Cocal de Telha,PI,Nordeste,59.56,71.49,11.93,98.36,0.535,0.539,0.535,alto,True,"baixo desempenho, alta participação",True,
3525003,Jandira,SP,Sudeste,51.39,56.19,4.8,88.03,0.535,0.535,0.535,alto,True,"baixo desempenho, alta participação",False,
3509254,Cajati,SP,Sudeste,57.52,65.8,8.28,95.06,0.535,0.529,0.535,alto,True,"baixo desempenho, alta participação",True,
3542800,Ribeira,SP,Sudeste,53.85,68.42,14.57,92.31,0.535,0.547,0.535,alto,True,"baixo desempenho, alta participação",True,
2501609,Barra de Santa Rosa,PB,Nordeste,45.83,64.1,18.27,86.36,0.535,0.533,0.535,alto,True,"baixo desempenho, alta participação",True,
3515194,Espírito Santo do Turvo,SP,Sudeste,56.14,65.55,9.41,92.31,0.534,0.543,0.534,alto,True,"baixo desempenho, alta participação",True,
1101005,Governador Jorge Teixeira,RO,Norte,70.76,69.88,-0.88,91.85,0.534,0.536,0.534,alto,True,"desempenho médio, alta participação",False,
3513801,Diadema,SP,Sudeste,48.02,53.31,5.29,88.04,0.534,0.526,0.534,alto,True,"baixo desempenho, alta participação",False,
2615003,Taquaritinga do Norte,PE,Nordeste,59.64,66.27,6.63,94.0,0.534,0.533,0.534,alto,True,"baixo desempenho, alta participação",False,
4122305,Rio Negro,PR,Sul,88.56,80.0,-8.56,91.83,0.534,0.523,0.534,alto,True,"alto desempenho, alta participação",False,
4217808,Taió,SC,Sul,70.32,72.11,1.79,83.8,0.534,0.524,0.534,alto,True,"baixo desempenho, baixa participação",False,
4322608,Venâncio Aires,RS,Sul,59.2,78.68,19.48,93.64,0.923,0.534,0.534,alto,True,"baixo desempenho, alta participação",True,score sem o choque das enchentes de 2024
4317954,Santo Expedito do Sul,RS,Sul,66.7,80.0,13.3,90.0,0.918,0.533,0.533,alto,True,"baixo desempenho, alta participação",True,score sem o choque das enchentes de 2024
3501905,Amparo,SP,Sudeste,59.94,61.42,1.48,88.92,0.533,0.526,0.533,alto,True,"desempenho médio, alta participação",False,
2402709,Cerro Corá,RN,Nordeste,40.95,66.78,25.83,90.0,0.533,0.53,0.533,alto,True,"baixo desempenho, alta participação",True,
4108809,Guaíra,PR,Sul,69.53,68.64,-0.89,85.36,0.533,0.526,0.533,alto,True,"desempenho médio, alta participação",False,
4122206,Rio Branco do Sul,PR,Sul,61.35,68.02,6.67,90.33,0.533,0.527,0.533,alto,True,"baixo desempenho, alta participação",False,
2209401,Santo Antônio de Lisboa,PI,Nordeste,55.71,67.3,11.59,96.97,0.532,0.535,0.532,alto,True,"baixo desempenho, alta participação",True,
4204558,Correia Pinto,SC,Sul,56.53,66.25,9.72,77.99,0.532,0.528,0.532,alto,True,"baixo desempenho, baixa participação",True,
4300505,Alpestre,RS,Sul,66.5,76.47,9.97,92.42,0.919,0.532,0.532,alto,True,"baixo desempenho, alta participação",True,score sem o choque das enchentes de 2024
2807006,São Miguel do Aleixo,SE,Nordeste,46.34,51.64,5.3,92.86,0.532,0.539,0.532,alto,True,"baixo desempenho, alta participação",False,
2607505,Itaíba,PE,Nordeste,58.6,66.17,7.57,98.56,0.532,0.532,0.532,alto,True,"baixo desempenho, alta participação",True,
3142205,Miraí,MG,Sudeste,79.2,80.0,0.8,87.78,0.532,0.529,0.532,alto,True,"desempenho médio, alta participação",False,
4303608,Cambará do Sul,RS,Sul,63.6,66.5,2.9,78.57,0.919,0.532,0.532,alto,True,"baixo desempenho, baixa participação",False,score sem o choque das enchentes de 2024
2108801,Pirapemas,MA,Nordeste,42.38,80.0,37.62,77.44,0.532,0.537,0.532,alto,True,"baixo desempenho, baixa participação",True,
3528403,Mairinque,SP,Sudeste,49.33,55.2,5.87,83.07,0.532,0.524,0.532,alto,True,"baixo desempenho, baixa participação",False,
4119103,Piên,PR,Sul,83.34,80.0,-3.34,91.71,0.532,0.526,0.532,alto,True,"desempenho médio, alta participação",False,
5103403,Cuiabá,MT,Centro-Oeste,46.56,62.45,15.89,84.05,0.532,0.519,0.532,alto,True,"baixo desempenho, baixa participação",True,
1500305,Afuá,PA,Norte,38.18,45.47,7.29,87.98,0.531,0.529,0.531,alto,True,"baixo desempenho, alta participação",True,
4112306,Japira,PR,Sul,64.46,76.98,12.52,90.0,0.531,0.538,0.531,alto,True,"baixo desempenho, alta participação",True,
2202554,Caridade do Piauí,PI,Nordeste,58.14,67.44,9.3,96.61,0.531,0.535,0.531,alto,True,"baixo desempenho, alta participação",True,
2514305,São José de Caiana,PB,Nordeste,52.39,58.52,6.13,95.0,0.531,0.535,0.531,alto,True,"baixo desempenho, alta participação",False,
3508702,Caconde,SP,Sudeste,75.94,73.29,-2.65,93.63,0.531,0.525,0.531,alto,True,"desempenho médio, alta participação",False,
3517703,Guará,SP,Sudeste,76.27,71.39,-4.88,91.37,0.531,0.526,0.531,alto,True,"desempenho médio, alta participação",False,
3548609,São Bento do Sapucaí,SP,Sudeste,57.89,67.79,9.9,96.15,0.531,0.531,0.531,alto,True,"baixo desempenho, alta participação",True,
3305109,São João de Meriti,RJ,Sudeste,35.97,50.86,14.89,79.59,0.531,0.53,0.531,alto,True,"baixo desempenho, baixa participação",True,
4321469,Tio Hugo,RS,Sul,69.1,80.0,10.9,97.06,0.918,0.53,0.53,alto,True,"baixo desempenho, alta participação",True,score sem o choque das enchentes de 2024
3515103,Embu-Guaçu,SP,Sudeste,45.34,57.34,12.0,88.08,0.53,0.527,0.53,alto,True,"baixo desempenho, alta participação",True,
2916302,Itapebi,BA,Nordeste,23.44,30.06,6.62,82.05,0.53,0.531,0.53,alto,True,"baixo desempenho, baixa participação",False,
2209302,Santa Luz,PI,Nordeste,55.68,80.0,24.32,91.89,0.53,0.533,0.53,alto,True,"baixo desempenho, alta participação",True,
4107108,Diamante do Norte,PR,Sul,78.26,75.14,-3.12,87.5,0.529,0.533,0.529,alto,True,"desempenho médio, alta participação",False,
3555000,Tupã,SP,Sudeste,51.23,59.89,8.66,92.48,0.529,0.525,0.529,alto,True,"baixo desempenho, alta participação",True,
3539509,Pitangueiras,SP,Sudeste,67.24,68.42,1.18,95.22,0.529,0.52,0.529,alto,True,"desempenho médio, alta participação",False,
2514206,São José da Lagoa Tapada,PB,Nordeste,59.52,80.0,20.48,100.0,0.529,0.53,0.529,alto,True,"baixo desempenho, alta participação",True,
4101101,Andirá,PR,Sul,64.82,69.82,5.0,93.46,0.529,0.525,0.529,alto,True,"desempenho médio, alta participação",False,
2102101,Brejo,MA,Nordeste,58.08,59.99,1.91,94.12,0.529,0.526,0.529,alto,True,"desempenho médio, alta participação",False,
3506102,Bebedouro,SP,Sudeste,55.75,58.87,3.12,89.43,0.529,0.522,0.529,alto,True,"baixo desempenho, alta participação",False,
2401404,Baía Formosa,RN,Nordeste,35.36,41.32,5.96,81.32,0.529,0.526,0.529,alto,True,"baixo desempenho, baixa participação",False,
1703206,Bernardo Sayão,TO,Norte,59.26,61.68,2.42,96.55,0.528,0.526,0.528,alto,True,"desempenho médio, alta participação",False,
3301603,Duas Barras,RJ,Sudeste,65.4,65.07,-0.33,89.03,0.528,0.533,0.528,alto,True,"desempenho médio, alta participação",False,
4108908,Guairaçá,PR,Sul,80.71,74.85,-5.86,83.17,0.528,0.529,0.528,alto,True,"desempenho médio, alta participação",False,
2606804,Igarassu,PE,Nordeste,66.97,68.23,1.26,96.61,0.527,0.528,0.527,alto,True,"desempenho médio, alta participação",False,
3546702,Santa Gertrudes,SP,Sudeste,64.05,66.28,2.23,88.96,0.527,0.519,0.527,alto,True,"desempenho médio, alta participação",False,
1300029,Alvarães,AM,Norte,58.47,52.59,-5.88,89.7,0.527,0.524,0.527,alto,True,"desempenho médio, alta participação",False,
4214904,Rio Fortuna,SC,Sul,68.78,78.84,10.06,87.5,0.527,0.526,0.527,alto,True,"baixo desempenho, alta participação",True,
4313805,Palmitinho,RS,Sul,68.4,80.0,11.6,96.36,0.918,0.527,0.527,alto,True,"baixo desempenho, alta participação",True,score sem o choque das enchentes de 2024
4123907,Santa Mariana,PR,Sul,83.73,75.59,-8.14,85.84,0.527,0.524,0.527,alto,True,"alto desempenho, alta participação",False,
4121208,Quitandinha,PR,Sul,75.8,74.31,-1.49,92.42,0.527,0.522,0.527,alto,True,"desempenho médio, alta participação",False,
5106802,Porto dos Gaúchos,MT,Centro-Oeste,74.29,76.91,2.62,86.02,0.527,0.524,0.527,alto,True,"desempenho médio, alta participação",False,
1500701,Anajás,PA,Norte,33.83,42.04,8.21,82.68,0.526,0.527,0.526,alto,True,"baixo desempenho, baixa participação",True,
4100509,Altônia,PR,Sul,78.17,73.4,-4.77,91.6,0.526,0.522,0.526,alto,True,"desempenho médio, alta participação",False,
2407500,Maxaranguape,RN,Nordeste,35.11,42.99,7.88,83.76,0.526,0.524,0.526,alto,True,"baixo desempenho, baixa participação",True,
3123528,Durandé,MG,Sudeste,71.43,78.73,7.3,90.91,0.525,0.529,0.525,alto,True,"desempenho médio, alta participação",True,
4120804,Quatro Barras,PR,Sul,67.24,70.99,3.75,90.76,0.525,0.519,0.525,alto,True,"desempenho médio, alta participação",False,
4119301,Pinhão,PR,Sul,61.33,67.75,6.42,90.26,0.525,0.519,0.525,alto,True,"baixo desempenho, alta participação",False,
5004601,Itaquiraí,MS,Centro-Oeste,79.41,75.39,-4.02,99.15,0.525,0.519,0.525,alto,True,"desempenho médio, alta participação",False,
2915106,Itagi,BA,Nordeste,23.53,50.97,27.44,97.54,0.525,0.527,0.525,alto,True,"baixo desempenho, alta participação",True,
2924207,Pedro Alexandre,BA,Nordeste,20.45,44.06,23.61,98.51,0.525,0.526,0.525,alto,True,"baixo desempenho, alta participação",True,
4118709,Paulo Frontin,PR,Sul,84.51,80.0,-4.51,94.32,0.525,0.524,0.525,alto,True,"desempenho médio, alta participação",False,
3142908,Monte Azul,MG,Sudeste,66.67,80.0,13.33,90.0,0.525,0.524,0.525,alto,True,"baixo desempenho, alta participação",True,
2103505,Colinas,MA,Nordeste,49.9,66.17,16.27,92.24,0.525,0.522,0.525,alto,True,"baixo desempenho, alta participação",True,
2407203,Macau,RN,Nordeste,32.32,42.44,10.12,80.56,0.525,0.515,0.525,alto,True,"baixo desempenho, baixa participação",True,
4110508,Ipiranga,PR,Sul,82.28,80.0,-2.28,95.61,0.525,0.519,0.525,alto,True,"desempenho médio, alta participação",False,
1200179,Capixaba,AC,Norte,34.97,42.9,7.93,76.65,0.524,0.52,0.524,alto,True,"baixo desempenho, baixa participação",True,UF sem historico no treino: avaliado so pelas demais variaveis
4323101,Vicente Dutra,RS,Sul,70.1,74.66,4.56,90.24,0.916,0.524,0.524,alto,True,"desempenho médio, alta participação",False,score sem o choque das enchentes de 2024
2922300,Muritiba,BA,Nordeste,51.72,38.86,-12.86,92.55,0.524,0.517,0.524,alto,True,"alto desempenho, alta participação",False,
2106672,Milagres do Maranhão,MA,Nordeste,96.86,80.0,-16.86,97.06,0.524,0.525,0.524,alto,True,"alto desempenho, alta participação",False,
2516003,Solânea,PB,Nordeste,45.73,78.98,33.25,87.38,0.524,0.519,0.524,alto,True,"baixo desempenho, alta participação",True,
2105989,Lajeado Novo,MA,Nordeste,65.92,66.92,1.0,96.3,0.524,0.529,0.524,alto,True,"desempenho médio, alta participação",False,
4205456,Forquilhinha,SC,Sul,63.94,65.64,1.7,73.8,0.524,0.513,0.524,alto,True,"baixo desempenho, baixa participação",False,
1701903,Araguacema,TO,Norte,49.27,51.63,2.36,84.0,0.523,0.52,0.523,alto,True,"baixo desempenho, baixa participação",False,
2602100,Bom Conselho,PE,Nordeste,60.74,66.49,5.75,97.47,0.523,0.518,0.523,alto,True,"desempenho médio, alta participação",False,
3554409,Terra Roxa,SP,Sudeste,74.29,71.27,-3.02,94.81,0.523,0.524,0.523,alto,True,"desempenho médio, alta participação",False,
4114351,Manfrinópolis,PR,Sul,70.91,80.0,9.09,91.18,0.523,0.533,0.523,alto,True,"desempenho médio, alta participação",True,
3100401,Acaiaca,MG,Sudeste,73.93,80.0,6.07,89.29,0.523,0.531,0.523,alto,True,"desempenho médio, alta participação",False,
4321105,Tapes,RS,Sul,59.3,65.57,6.27,86.73,0.918,0.523,0.523,alto,True,"baixo desempenho, baixa participação",False,score sem o choque das enchentes de 2024
3119609,Coronel Pacheco,MG,Sudeste,59.91,80.0,20.09,75.0,0.523,0.535,0.523,alto,True,"baixo desempenho, baixa participação",True,
2104602,Governador Eugênio Barros,MA,Nordeste,48.13,61.75,13.62,86.89,0.522,0.527,0.522,alto,True,"baixo desempenho, alta participação",True,
3542503,Reginópolis,SP,Sudeste,84.53,80.0,-4.53,97.26,0.522,0.52,0.522,alto,True,"desempenho médio, alta participação",False,
4201000,Anita Garibaldi,SC,Sul,77.33,70.5,-6.83,70.37,0.522,0.52,0.522,alto,True,"baixo desempenho, baixa participação",False,
4313037,Nova Esperança do Sul,RS,Sul,80.7,80.0,-0.7,92.68,0.917,0.522,0.522,alto,True,"desempenho médio, alta participação",False,score sem o choque das enchentes de 2024
5103957,Glória D'Oeste,MT,Centro-Oeste,83.78,80.0,-3.78,96.08,0.522,0.526,0.522,alto,True,"desempenho médio, alta participação",False,
2505279,Curral de Cima,PB,Nordeste,55.56,64.6,9.04,100.0,0.521,0.525,0.521,alto,True,"baixo desempenho, alta participação",True,
2404606,Ielmo Marinho,RN,Nordeste,30.13,53.6,23.47,79.02,0.521,0.52,0.521,alto,True,"baixo desempenho, baixa participação",True,
4217303,Saudades,SC,Sul,80.9,80.0,-0.9,92.54,0.521,0.513,0.521,alto,True,"desempenho médio, alta participação",False,
2103406,Coelho Neto,MA,Nordeste,76.13,66.85,-9.28,89.21,0.521,0.514,0.521,alto,True,"alto desempenho, alta participação",False,
4121356,Rancho Alegre D'Oeste,PR,Sul,56.92,78.61,21.69,82.14,0.521,0.532,0.521,alto,True,"baixo desempenho, baixa participação",True,
2705705,Olho d'Água das Flores,AL,Nordeste,45.46,52.75,7.29,96.17,0.521,0.52,0.521,alto,True,"baixo desempenho, alta participação",True,
3154309,Resplendor,MG,Sudeste,61.12,74.16,13.04,78.18,0.521,0.521,0.521,alto,True,"baixo desempenho, baixa participação",True,
4126272,Saudade do Iguaçu,PR,Sul,85.49,80.0,-5.49,89.91,0.521,0.52,0.521,alto,True,"alto desempenho, alta participação",False,
1502905,Curuçá,PA,Norte,33.48,45.47,11.99,83.11,0.52,0.519,0.52,alto,True,"baixo desempenho, baixa participação",True,
4120853,Quatro Pontes,PR,Sul,89.52,80.0,-9.52,85.0,0.52,0.524,0.52,alto,True,"alto desempenho, alta participação",False,
3507100,Bom Jesus dos Perdões,SP,Sudeste,53.92,73.04,19.12,91.25,0.52,0.516,0.52,alto,True,"baixo desempenho, alta participação",True,
4215059,Rio Rufino,SC,Sul,76.32,70.3,-6.02,71.88,0.52,0.526,0.52,alto,True,"baixo desempenho, baixa participação",False,
3527207,Lorena,SP,Sudeste,47.82,54.48,6.66,89.88,0.52,0.514,0.52,alto,True,"baixo desempenho, alta participação",False,
4109203,Guaraci,PR,Sul,72.67,74.98,2.31,91.84,0.52,0.524,0.52,alto,True,"desempenho médio, alta participação",False,
3520301,Iguape,SP,Sudeste,61.67,64.63,2.96,92.93,0.52,0.513,0.52,alto,True,"desempenho médio, alta participação",False,
2803302,Japaratuba,SE,Nordeste,58.28,54.23,-4.05,98.82,0.52,0.512,0.52,alto,True,"desempenho médio, alta participação",False,
2402303,Caraúbas,RN,Nordeste,39.56,40.62,1.06,80.0,0.52,0.514,0.52,alto,True,"baixo desempenho, baixa participação",False,
4124806,São João,PR,Sul,87.16,80.0,-7.16,91.16,0.52,0.515,0.52,alto,True,"alto desempenho, alta participação",False,
4103602,Cambará,PR,Sul,58.04,68.18,10.14,89.95,0.519,0.516,0.519,alto,True,"baixo desempenho, alta participação",True,
4106308,Corbélia,PR,Sul,85.26,76.25,-9.01,86.42,0.519,0.512,0.519,alto,True,"alto desempenho, alta participação",False,
3504602,Bady Bassitt,SP,Sudeste,61.39,63.6,2.21,90.43,0.519,0.516,0.519,alto,True,"desempenho médio, alta participação",False,
2804102,Moita Bonita,SE,Nordeste,58.01,54.97,-3.04,98.91,0.519,0.516,0.519,alto,True,"desempenho médio, alta participação",False,
2616183,Vertente do Lério,PE,Nordeste,82.94,80.0,-2.94,96.43,0.519,0.522,0.519,alto,True,"desempenho médio, alta participação",False,
4201802,Atalanta,SC,Sul,64.79,73.88,9.09,79.31,0.519,0.522,0.519,alto,True,"baixo desempenho, baixa participação",True,
4309951,Ibirapuitã,RS,Sul,70.6,72.34,1.74,85.0,0.914,0.518,0.518,alto,True,"desempenho médio, alta participação",False,score sem o choque das enchentes de 2024
4119657,Pitangueiras,PR,Sul,83.19,80.0,-3.19,92.11,0.518,0.524,0.518,alto,True,"desempenho médio, alta participação",False,
2205953,Marcolândia,PI,Nordeste,89.66,80.0,-9.66,95.86,0.518,0.511,0.518,alto,True,"alto desempenho, alta participação",False,
2102804,Carolina,MA,Nordeste,50.96,55.96,5.0,88.73,0.518,0.518,0.518,alto,True,"baixo desempenho, alta participação",False,
2411106,Ruy Barbosa,RN,Nordeste,35.0,65.33,30.33,74.07,0.518,0.522,0.518,alto,True,"baixo desempenho, baixa participação",True,
2509701,Monteiro,PB,Nordeste,61.09,63.19,2.1,95.85,0.518,0.507,0.518,alto,True,"desempenho médio, alta participação",False,
4201653,Arvoredo,SC,Sul,77.94,77.0,-0.94,76.47,0.518,0.52,0.518,alto,True,"baixo desempenho, baixa participação",False,
1720259,São Salvador do Tocantins,TO,Norte,59.09,58.13,-0.96,91.84,0.518,0.52,0.518,alto,True,"desempenho médio, alta participação",False,
2902252,Arataca,BA,Nordeste,13.11,32.22,19.11,79.22,0.517,0.523,0.517,alto,True,"baixo desempenho, baixa participação",True,
5007406,Rio Verde de Mato Grosso,MS,Centro-Oeste,49.11,57.9,8.79,84.96,0.517,0.518,0.517,alto,True,"baixo desempenho, baixa participação",True,
1100064,Colorado do Oeste,RO,Norte,71.69,68.39,-3.3,90.67,0.517,0.513,0.517,alto,True,"desempenho médio, alta participação",False,
2508604,Lucena,PB,Nordeste,44.96,57.83,12.87,84.21,0.517,0.515,0.517,alto,True,"baixo desempenho, baixa participação",True,
2805802,Riachão do Dantas,SE,Nordeste,34.65,51.13,16.48,92.59,0.517,0.514,0.517,alto,True,"baixo desempenho, alta participação",True,
3521408,Iracemápolis,SP,Sudeste,62.26,66.22,3.96,92.58,0.516,0.51,0.516,alto,True,"desempenho médio, alta participação",False,
5103809,Figueirópolis D'Oeste,MT,Centro-Oeste,58.78,80.0,21.22,87.8,0.516,0.525,0.516,alto,True,"baixo desempenho, alta participação",True,
3524600,Jacupiranga,SP,Sudeste,54.8,69.05,14.25,90.21,0.516,0.514,0.516,alto,True,"baixo desempenho, alta participação",True,
3120839,Cuparaque,MG,Sudeste,69.0,80.0,11.0,85.25,0.516,0.523,0.516,alto,True,"baixo desempenho, baixa participação",True,
2503209,Cabedelo,PB,Nordeste,57.26,59.03,1.77,91.61,0.516,0.504,0.516,alto,True,"desempenho médio, alta participação",False,
3541059,Pratânia,SP,Sudeste,56.48,63.88,7.4,90.11,0.516,0.523,0.516,alto,True,"baixo desempenho, alta participação",True,
2402501,Carnaubais,RN,Nordeste,42.31,42.55,0.24,79.37,0.516,0.513,0.516,alto,True,"baixo desempenho, baixa participação",False,
2512705,Remígio,PB,Nordeste,49.27,65.68,16.41,91.61,0.516,0.511,0.516,alto,True,"baixo desempenho, alta participação",True,
3514908,Elias Fausto,SP,Sudeste,56.28,63.26,6.98,93.67,0.516,0.512,0.516,alto,True,"baixo desempenho, alta participação",False,
2700201,Anadia,AL,Nordeste,45.26,62.12,16.86,94.38,0.516,0.515,0.516,alto,True,"baixo desempenho, alta participação",True,
4101051,Anahy,PR,Sul,69.97,68.09,-1.88,76.74,0.516,0.526,0.516,alto,True,"baixo desempenho, baixa participação",False,
2205805,Luzilândia,PI,Nordeste,54.9,60.96,6.06,99.53,0.515,0.51,0.515,alto,True,"baixo desempenho, alta participação",False,
2903300,Barro Preto,BA,Nordeste,24.72,52.13,27.41,89.0,0.515,0.522,0.515,alto,True,"baixo desempenho, alta participação",True,
1720499,São Valério,TO,Norte,46.24,70.19,23.95,87.23,0.515,0.516,0.515,alto,True,"baixo desempenho, alta participação",True,
2202729,Cocal dos Alves,PI,Nordeste,87.68,80.0,-7.68,100.0,0.515,0.512,0.515,alto,True,"alto desempenho, alta participação",False,
1303601,Santa Isabel do Rio Negro,AM,Norte,36.02,41.95,5.93,88.24,0.515,0.514,0.515,alto,True,"baixo desempenho, alta participação",False,
2408201,Nísia Floresta,RN,Nordeste,49.76,46.59,-3.17,79.3,0.515,0.505,0.515,alto,True,"baixo desempenho, baixa participação",False,
3556453,Vargem Grande Paulista,SP,Sudeste,64.59,63.87,-0.72,92.69,0.514,0.508,0.514,alto,True,"desempenho médio, alta participação",False,
5002704,Campo Grande,MS,Centro-Oeste,51.76,53.84,2.08,89.34,0.514,0.511,0.514,alto,True,"baixo desempenho, alta participação",False,
2400406,Água Nova,RN,Nordeste,39.66,47.49,7.83,87.88,0.514,0.521,0.514,alto,True,"baixo desempenho, alta participação",True,
3151701,Poço Fundo,MG,Sudeste,70.92,80.0,9.08,88.61,0.514,0.511,0.514,alto,True,"desempenho médio, alta participação",True,
2926905,Rio do Pires,BA,Nordeste,15.62,50.01,34.39,80.0,0.514,0.518,0.514,alto,True,"baixo desempenho, baixa participação",True,
2110237,Santana do Maranhão,MA,Nordeste,54.17,80.0,25.83,93.75,0.514,0.518,0.514,alto,True,"baixo desempenho, alta participação",True,
2610707,Paulista,PE,Nordeste,55.54,60.62,5.08,93.35,0.514,0.51,0.514,alto,True,"baixo desempenho, alta participação",False,
2409308,Patu,RN,Nordeste,32.76,46.58,13.82,83.33,0.514,0.511,0.514,alto,True,"baixo desempenho, baixa participação",True,
2804508,Nossa Senhora da Glória,SE,Nordeste,31.24,44.41,13.17,94.29,0.513,0.507,0.513,alto,True,"baixo desempenho, alta participação",True,
4213609,Porto União,SC,Sul,59.53,73.47,13.94,87.1,0.513,0.502,0.513,alto,True,"baixo desempenho, alta participação",True,
4306106,Cruz Alta,RS,Sul,50.9,64.79,13.89,82.24,0.916,0.513,0.513,alto,True,"baixo desempenho, baixa participação",True,score sem o choque das enchentes de 2024
3504206,Auriflama,SP,Sudeste,77.87,72.2,-5.67,90.09,0.513,0.509,0.513,alto,True,"desempenho médio, alta participação",False,
4215356,Saltinho,SC,Sul,75.29,80.0,4.71,96.0,0.513,0.514,0.513,alto,True,"desempenho médio, alta participação",False,
3511904,Clementina,SP,Sudeste,54.12,60.5,6.38,89.19,0.513,0.518,0.513,alto,True,"baixo desempenho, alta participação",False,
3515152,Engenheiro Coelho,SP,Sudeste,47.86,62.04,14.18,84.58,0.513,0.513,0.513,alto,True,"baixo desempenho, baixa participação",True,
4320263,Segredo,RS,Sul,84.9,76.51,-8.39,85.37,0.914,0.513,0.513,alto,True,"alto desempenho, alta participação",False,score sem o choque das enchentes de 2024
5101803,Barra do Garças,MT,Centro-Oeste,68.34,67.28,-1.06,90.71,0.513,0.504,0.513,alto,True,"desempenho médio, alta participação",False,
3508504,Caçapava,SP,Sudeste,44.26,61.85,17.59,84.68,0.512,0.506,0.512,alto,True,"baixo desempenho, baixa participação",True,
4215752,São Bernardino,SC,Sul,69.54,80.0,10.46,86.96,0.512,0.517,0.512,alto,True,"baixo desempenho, baixa participação",True,
4116802,Nova Cantu,PR,Sul,88.03,79.64,-8.39,87.61,0.512,0.514,0.512,alto,True,"alto desempenho, alta participação",False,
3551801,Sete Barras,SP,Sudeste,52.1,71.0,18.9,86.67,0.512,0.513,0.512,alto,True,"baixo desempenho, alta participação",True,
4120507,Primeiro de Maio,PR,Sul,62.66,60.76,-1.9,70.25,0.512,0.514,0.512,alto,True,"baixo desempenho, baixa participação",False,
4312005,Mariano Moro,RS,Sul,58.3,80.0,21.7,75.0,0.91,0.512,0.512,alto,True,"baixo desempenho, baixa participação",True,score sem o choque das enchentes de 2024
1300201,Atalaia do Norte,AM,Norte,84.07,62.63,-21.44,91.11,0.512,0.505,0.512,alto,True,"alto desempenho, alta participação",False,
3500907,Altair,SP,Sudeste,62.85,63.73,0.88,81.82,0.512,0.52,0.512,alto,True,"baixo desempenho, baixa participação",False,
2202851,Coronel José Dias,PI,Nordeste,61.36,67.26,5.9,100.0,0.512,0.516,0.512,alto,True,"desempenho médio, alta participação",False,
4314407,Pelotas,RS,Sul,39.4,46.81,7.41,70.03,0.915,0.512,0.512,alto,True,"baixo desempenho, baixa participação",True,score sem o choque das enchentes de 2024
2509602,Monte Horebe,PB,Nordeste,93.4,80.0,-13.4,95.74,0.511,0.509,0.511,alto,True,"alto desempenho, alta participação",False,
3304144,Queimados,RJ,Sudeste,37.63,51.22,13.59,80.56,0.511,0.518,0.511,alto,True,"baixo desempenho, baixa participação",True,
2926103,Retirolândia,BA,Nordeste,23.58,33.98,10.4,98.4,0.511,0.511,0.511,alto,True,"baixo desempenho, alta participação",True,
2103604,Coroatá,MA,Nordeste,55.72,53.76,-1.96,86.14,0.511,0.51,0.511,alto,True,"desempenho médio, alta participação",False,
1503077,Garrafão do Norte,PA,Norte,32.89,51.13,18.24,84.58,0.511,0.513,0.511,alto,True,"baixo desempenho, alta participação",True,
1702208,Araguatins,TO,Norte,50.5,48.97,-1.53,84.55,0.511,0.499,0.511,alto,True,"baixo desempenho, baixa participação",False,
1304005,Silves,AM,Norte,38.73,46.24,7.51,86.01,0.511,0.514,0.511,alto,True,"baixo desempenho, alta participação",True,
4210308,Major Vieira,SC,Sul,74.01,72.51,-1.5,82.41,0.511,0.507,0.511,alto,True,"desempenho médio, alta participação",False,
2104800,Grajaú,MA,Nordeste,45.8,54.39,8.59,93.03,0.511,0.509,0.511,alto,True,"baixo desempenho, alta participação",True,
4100707,Alto Piquiri,PR,Sul,64.66,76.32,11.66,95.42,0.51,0.511,0.51,alto,True,"baixo desempenho, alta participação",True,
1508035,Tracuateua,PA,Norte,37.16,58.72,21.56,86.16,0.51,0.51,0.51,alto,True,"baixo desempenho, alta participação",True,
4219309,Videira,SC,Sul,64.11,64.7,0.59,80.23,0.51,0.499,0.51,alto,True,"baixo desempenho, baixa participação",False,
1504950,Nova Esperança do Piriá,PA,Norte,50.02,49.35,-0.67,87.2,0.51,0.51,0.51,alto,True,"desempenho médio, alta participação",False,
4100905,Amaporã,PR,Sul,76.71,74.4,-2.31,93.9,0.51,0.514,0.51,alto,True,"desempenho médio, alta participação",False,
2706307,Palmeira dos Índios,AL,Nordeste,38.67,46.59,7.92,93.46,0.51,0.506,0.51,alto,True,"baixo desempenho, alta participação",True,
3540754,Potim,SP,Sudeste,46.58,53.29,6.71,84.19,0.51,0.51,0.51,alto,True,"baixo desempenho, baixa participação",False,
2203420,Domingos Mourão,PI,Nordeste,82.22,80.0,-2.22,100.0,0.51,0.51,0.51,alto,True,"desempenho médio, alta participação",False,
4118907,Pérola,PR,Sul,62.28,78.87,16.59,92.47,0.509,0.51,0.509,alto,True,"baixo desempenho, alta participação",True,
3302601,Mangaratiba,RJ,Sudeste,40.95,58.07,17.12,76.06,0.509,0.508,0.509,alto,True,"baixo desempenho, baixa participação",True,
3537156,Pedrinhas Paulista,SP,Sudeste,67.92,72.93,5.01,96.88,0.509,0.516,0.509,alto,True,"desempenho médio, alta participação",False,
3131208,Ipanema,MG,Sudeste,77.67,79.18,1.51,89.95,0.509,0.506,0.509,alto,True,"desempenho médio, alta participação",False,
2200277,Alegrete do Piauí,PI,Nordeste,55.26,62.42,7.16,95.0,0.509,0.514,0.509,alto,True,"baixo desempenho, alta participação",False,
2806008,Ribeirópolis,SE,Nordeste,38.48,47.8,9.32,95.92,0.509,0.505,0.509,alto,True,"baixo desempenho, alta participação",True,
1506500,Santa Izabel do Pará,PA,Norte,34.18,53.25,19.07,88.35,0.509,0.507,0.509,alto,True,"baixo desempenho, alta participação",True,
2207405,Palmeira do Piauí,PI,Nordeste,72.22,73.69,1.47,100.0,0.509,0.508,0.509,alto,True,"desempenho médio, alta participação",False,
2604155,Casinhas,PE,Nordeste,84.85,79.62,-5.23,97.4,0.509,0.508,0.509,alto,True,"alto desempenho, alta participação",False,
3121209,Delfinópolis,MG,Sudeste,68.3,79.45,11.15,83.81,0.509,0.512,0.509,alto,True,"baixo desempenho, baixa participação",True,
2508307,Lagoa Seca,PB,Nordeste,46.71,70.83,24.12,88.24,0.509,0.503,0.509,alto,True,"baixo desempenho, alta participação",True,
3304755,São Francisco de Itabapoana,RJ,Sudeste,47.47,55.22,7.75,87.75,0.508,0.508,0.508,alto,True,"baixo desempenho, alta participação",True,
2612505,Santa Cruz do Capibaribe,PE,Nordeste,55.94,61.69,5.75,92.98,0.508,0.512,0.508,alto,True,"baixo desempenho, alta participação",False,
4203303,Campo Alegre,SC,Sul,59.82,70.79,10.97,81.01,0.508,0.502,0.508,alto,True,"baixo desempenho, baixa participação",True,
2202406,Capitão de Campos,PI,Nordeste,54.01,62.28,8.27,100.0,0.508,0.507,0.508,alto,True,"baixo desempenho, alta participação",True,
4114104,Mandaguaçu,PR,Sul,62.29,66.6,4.31,90.13,0.508,0.505,0.508,alto,True,"desempenho médio, alta participação",False,
3148608,Peçanha,MG,Sudeste,61.48,69.58,8.1,81.58,0.508,0.508,0.508,alto,True,"baixo desempenho, baixa participação",True,
4108551,Godoy Moreira,PR,Sul,74.07,80.0,5.93,100.0,0.508,0.517,0.508,alto,True,"desempenho médio, alta participação",False,
2102325,Buriticupu,MA,Nordeste,42.03,52.09,10.06,90.59,0.508,0.508,0.508,alto,True,"baixo desempenho, alta participação",True,
4313300,Nova Prata,RS,Sul,61.1,79.13,18.03,89.01,0.915,0.508,0.508,alto,True,"baixo desempenho, alta participação",True,score sem o choque das enchentes de 2024
2608602,Lagoa do Ouro,PE,Nordeste,85.39,74.9,-10.49,88.18,0.507,0.507,0.507,alto,True,"alto desempenho, alta participação",False,
2610905,Pesqueira,PE,Nordeste,64.38,66.27,1.89,95.24,0.507,0.503,0.507,alto,True,"desempenho médio, alta participação",False,
2500809,Araçagi,PB,Nordeste,47.88,69.17,21.29,88.89,0.506,0.503,0.506,alto,True,"baixo desempenho, alta participação",True,
4301701,Barão de Cotegipe,RS,Sul,76.6,80.0,3.4,96.77,0.912,0.506,0.506,alto,True,"desempenho médio, alta participação",False,score sem o choque das enchentes de 2024
3527504,Lucianópolis,SP,Sudeste,75.0,76.41,1.41,100.0,0.506,0.515,0.506,alto,True,"desempenho médio, alta participação",False,
4117453,Ouro Verde do Oeste,PR,Sul,90.05,80.0,-10.05,84.52,0.506,0.506,0.506,alto,True,"alto desempenho, alta participação",False,
2707305,Porto Calvo,AL,Nordeste,45.99,50.05,4.06,94.9,0.506,0.503,0.506,alto,True,"baixo desempenho, alta participação",False,
5107305,São José do Rio Claro,MT,Centro-Oeste,60.28,75.26,14.98,91.2,0.506,0.499,0.506,alto,True,"baixo desempenho, alta participação",True,
2203503,Elesbão Veloso,PI,Nordeste,51.08,59.84,8.76,98.92,0.505,0.503,0.505,alto,True,"baixo desempenho, alta participação",True,
3536109,Pardinho,SP,Sudeste,56.51,65.0,8.49,88.79,0.505,0.509,0.505,alto,True,"baixo desempenho, alta participação",True,
3147600,Passa Quatro,MG,Sudeste,75.75,80.0,4.25,92.06,0.505,0.501,0.505,alto,True,"desempenho médio, alta participação",False,
3531100,Mongaguá,SP,Sudeste,41.39,58.81,17.42,83.41,0.505,0.505,0.505,alto,True,"baixo desempenho, baixa participação",True,
4122172,Rio Branco do Ivaí,PR,Sul,73.84,72.96,-0.88,89.8,0.505,0.512,0.505,alto,True,"desempenho médio, alta participação",False,
3167905,Tabuleiro,MG,Sudeste,74.43,80.0,5.57,91.67,0.505,0.513,0.505,alto,True,"desempenho médio, alta participação",False,
2504603,Conde,PB,Nordeste,69.48,68.08,-1.4,90.83,0.505,0.493,0.505,alto,True,"desempenho médio, alta participação",False,
3502408,Anhumas,SP,Sudeste,57.39,71.12,13.73,93.02,0.505,0.514,0.505,alto,True,"baixo desempenho, alta participação",True,
4125704,São Miguel do Iguaçu,PR,Sul,77.84,75.54,-2.3,94.35,0.505,0.497,0.505,alto,True,"desempenho médio, alta participação",False,
4105607,Cidade Gaúcha,PR,Sul,63.42,69.62,6.2,91.72,0.505,0.504,0.505,alto,True,"desempenho médio, alta participação",False,
3527702,Luiziânia,SP,Sudeste,54.95,62.93,7.98,92.16,0.504,0.512,0.504,alto,True,"baixo desempenho, alta participação",True,
4124103,Santo Antônio da Platina,PR,Sul,55.04,66.77,11.73,86.97,0.504,0.497,0.504,alto,True,"baixo desempenho, alta participação",True,
1503044,Floresta do Araguaia,PA,Norte,67.37,58.23,-9.14,88.72,0.504,0.499,0.504,alto,True,"alto desempenho, alta participação",False,
4220000,Balneário Rincão,SC,Sul,54.65,60.01,5.36,74.89,0.504,0.501,0.504,alto,True,"baixo desempenho, baixa participação",False,
3505203,Bariri,SP,Sudeste,72.3,69.69,-2.61,93.5,0.504,0.495,0.504,alto,True,"desempenho médio, alta participação",False,
2210979,Tanque do Piauí,PI,Nordeste,50.0,65.39,15.39,95.24,0.504,0.514,0.504,alto,True,"baixo desempenho, alta participação",True,
2516755,Tenório,PB,Nordeste,48.73,67.93,19.2,85.37,0.504,0.513,0.504,alto,True,"baixo desempenho, alta participação",True,
4304697,Capitão,RS,Sul,58.6,80.0,21.4,84.62,0.908,0.503,0.503,alto,True,"baixo desempenho, baixa participação",True,score sem o choque das enchentes de 2024
4209003,Joaçaba,SC,Sul,70.42,65.94,-4.48,71.86,0.503,0.491,0.503,alto,True,"baixo desempenho, baixa participação",False,
3516804,Gastão Vidigal,SP,Sudeste,54.3,61.91,7.61,93.75,0.503,0.512,0.503,alto,True,"baixo desempenho, alta participação",True,
1101302,Mirante da Serra,RO,Norte,73.82,65.98,-7.84,85.53,0.503,0.502,0.503,alto,True,"alto desempenho, alta participação",False,
3517505,Guapiaçu,SP,Sudeste,70.54,64.05,-6.49,79.49,0.503,0.499,0.503,alto,True,"baixo desempenho, baixa participação",False,
3515608,Fernando Prestes,SP,Sudeste,85.99,80.0,-5.99,96.97,0.503,0.503,0.503,alto,True,"alto desempenho, alta participação",False,
3526407,Laranjal Paulista,SP,Sudeste,59.37,62.64,3.27,92.18,0.503,0.497,0.503,alto,True,"desempenho médio, alta participação",False,
1200344,Manoel Urbano,AC,Norte,42.51,49.47,6.96,85.14,0.503,0.5,0.503,alto,True,"baixo desempenho, baixa participação",False,UF sem historico no treino: avaliado so pelas demais variaveis
2112100,Timbiras,MA,Nordeste,44.63,54.08,9.45,88.52,0.503,0.505,0.503,alto,True,"baixo desempenho, alta participação",True,
4211207,Morro da Fumaça,SC,Sul,68.09,71.81,3.72,88.59,0.503,0.492,0.503,alto,True,"desempenho médio, alta participação",False,
3546306,Santa Cruz das Palmeiras,SP,Sudeste,59.69,59.4,-0.29,87.15,0.503,0.498,0.503,alto,True,"desempenho médio, alta participação",False,
4315701,Rio Pardo,RS,Sul,63.4,75.39,11.99,96.3,0.914,0.503,0.503,alto,True,"baixo desempenho, alta participação",True,score sem o choque das enchentes de 2024
4317202,Santa Rosa,RS,Sul,58.8,74.76,15.96,93.57,0.914,0.502,0.502,alto,True,"baixo desempenho, alta participação",True,score sem o choque das enchentes de 2024
3537602,Peruíbe,SP,Sudeste,46.81,52.38,5.57,89.82,0.502,0.499,0.502,alto,True,"baixo desempenho, alta participação",False,
4314498,Pinheirinho do Vale,RS,Sul,76.9,80.0,3.1,100.0,0.91,0.502,0.502,alto,True,"desempenho médio, alta participação",False,score sem o choque das enchentes de 2024
2411205,Santa Cruz,RN,Nordeste,32.73,36.93,4.2,81.44,0.502,0.492,0.502,alto,True,"baixo desempenho, baixa participação",False,
4319372,São Pedro do Butiá,RS,Sul,64.3,80.0,15.7,93.33,0.908,0.502,0.502,alto,True,"baixo desempenho, alta participação",True,score sem o choque das enchentes de 2024
4102802,Bela Vista do Paraíso,PR,Sul,54.88,67.2,12.32,84.49,0.502,0.502,0.502,alto,True,"baixo desempenho, baixa participação",True,
1501253,Bannach,PA,Norte,47.37,53.57,6.2,89.83,0.501,0.511,0.501,alto,True,"baixo desempenho, alta participação",False,
1100031,Cabixi,RO,Norte,75.88,72.53,-3.35,92.59,0.501,0.504,0.501,alto,True,"desempenho médio, alta participação",False,
4217758,Sul Brasil,SC,Sul,73.21,77.33,4.12,89.66,0.501,0.506,0.501,alto,True,"desempenho médio, alta participação",False,
4211058,Monte Carlo,SC,Sul,52.67,68.99,16.32,75.64,0.501,0.5,0.501,alto,True,"baixo desempenho, baixa participação",True,
5101407,Aripuanã,MT,Centro-Oeste,61.83,66.61,4.78,86.07,0.501,0.494,0.501,alto,True,"baixo desempenho, baixa participação",False,
3503109,Arandu,SP,Sudeste,56.61,62.64,6.03,90.0,0.501,0.506,0.501,alto,True,"baixo desempenho, alta participação",False,
2513968,São Domingos,PB,Nordeste,54.55,80.0,25.45,88.0,0.501,0.508,0.501,alto,True,"baixo desempenho, alta participação",True,
5102504,Cáceres,MT,Centro-Oeste,51.27,58.07,6.8,90.42,0.501,0.492,0.501,alto,True,"baixo desempenho, alta participação",False,
1720804,Sítio Novo do Tocantins,TO,Norte,50.64,52.31,1.67,90.57,0.5,0.497,0.5,alto,True,"baixo desempenho, alta participação",False,
4309506,Guarani das Missões,RS,Sul,67.5,73.38,5.88,90.2,0.91,0.5,0.5,alto,True,"desempenho médio, alta participação",False,score sem o choque das enchentes de 2024
3520004,Igaraçu do Tietê,SP,Sudeste,77.29,72.17,-5.12,95.87,0.5,0.495,0.5,alto,True,"desempenho médio, alta participação",False,
4306759,Doutor Ricardo,RS,Sul,80.0,80.0,0.0,100.0,0.907,0.5,0.5,alto,True,"desempenho médio, alta participação",False,score sem o choque das enchentes de 2024
4202057,Balneário Barra do Sul,SC,Sul,51.19,66.68,15.49,71.43,0.5,0.498,0.5,alto,True,"baixo desempenho, baixa participação",True,
4301206,Arroio do Tigre,RS,Sul,64.7,80.0,15.3,96.49,0.911,0.5,0.5,alto,True,"baixo desempenho, alta participação",True,score sem o choque das enchentes de 2024
3528601,Manduri,SP,Sudeste,65.64,67.96,2.32,93.33,0.5,0.5,0.5,alto,True,"desempenho médio, alta participação",False,
4101002,Ampére,PR,Sul,70.06,70.15,0.09,88.85,0.499,0.495,0.499,alto,True,"desempenho médio, alta participação",False,
1505304,Oriximiná,PA,Norte,30.61,48.47,17.86,82.29,0.499,0.496,0.499,alto,True,"baixo desempenho, baixa participação",True,
2805307,Pirambu,SE,Nordeste,37.68,41.14,3.46,87.72,0.499,0.501,0.499,alto,True,"baixo desempenho, alta participação",False,
3502101,Andradina,SP,Sudeste,65.48,64.49,-0.99,94.38,0.498,0.491,0.498,alto,True,"desempenho médio, alta participação",False,
2704104,Lagoa da Canoa,AL,Nordeste,44.19,56.69,12.5,93.53,0.498,0.497,0.498,alto,True,"baixo desempenho, alta participação",True,
3115508,Caxambu,MG,Sudeste,78.2,77.47,-0.73,87.74,0.498,0.494,0.498,alto,True,"desempenho médio, alta participação",False,
4217253,São Pedro de Alcântara,SC,Sul,59.93,75.81,15.88,80.0,0.498,0.499,0.498,alto,True,"baixo desempenho, baixa participação",True,
3304805,São Fidélis,RJ,Sudeste,48.7,52.5,3.8,83.87,0.498,0.498,0.498,alto,True,"baixo desempenho, baixa participação",False,
4205100,Dona Emma,SC,Sul,88.51,80.0,-8.51,84.38,0.498,0.496,0.498,alto,True,"alto desempenho, alta participação",False,
4318002,São Borja,RS,Sul,46.4,70.07,23.67,75.95,0.91,0.497,0.497,alto,True,"baixo desempenho, baixa participação",True,score sem o choque das enchentes de 2024
4107157,Diamante D'Oeste,PR,Sul,74.32,71.27,-3.05,88.1,0.497,0.503,0.497,alto,True,"desempenho médio, alta participação",False,
4108205,Formosa do Oeste,PR,Sul,85.18,80.0,-5.18,91.78,0.497,0.497,0.497,alto,True,"desempenho médio, alta participação",False,
3554953,Tuiuti,SP,Sudeste,55.64,70.28,14.64,94.2,0.497,0.502,0.497,alto,True,"baixo desempenho, alta participação",True,
3525805,Júlio Mesquita,SP,Sudeste,55.26,70.98,15.72,90.74,0.497,0.506,0.497,alto,True,"baixo desempenho, alta participação",True,
3552106,Socorro,SP,Sudeste,59.71,60.34,0.63,87.1,0.496,0.489,0.496,alto,True,"desempenho médio, alta participação",False,
4125308,São Jorge do Ivaí,PR,Sul,70.73,80.0,9.27,98.21,0.496,0.498,0.496,alto,True,"desempenho médio, alta participação",True,
4120705,Quatiguá,PR,Sul,90.26,80.0,-10.26,93.07,0.496,0.496,0.496,alto,True,"alto desempenho, alta participação",False,
3529609,Meridiano,SP,Sudeste,67.31,71.31,4.0,93.88,0.496,0.501,0.496,alto,True,"desempenho médio, alta participação",False,
4204806,Curitibanos,SC,Sul,53.48,58.78,5.3,72.41,0.496,0.485,0.496,alto,True,"baixo desempenho, baixa participação",False,
4103958,Campina do Simão,PR,Sul,84.25,80.0,-4.25,93.98,0.496,0.501,0.496,alto,True,"desempenho médio, alta participação",False,
2107209,Nina Rodrigues,MA,Nordeste,46.83,61.87,15.04,89.51,0.496,0.502,0.496,alto,True,"baixo desempenho, alta participação",True,
3511300,Cedral,SP,Sudeste,55.73,75.09,19.36,88.27,0.496,0.497,0.496,alto,True,"baixo desempenho, alta participação",True,
3510203,Capão Bonito,SP,Sudeste,74.63,68.09,-6.54,92.65,0.496,0.485,0.496,alto,True,"desempenho médio, alta participação",False,
4100400,Almirante Tamandaré,PR,Sul,45.12,61.44,16.32,82.41,0.496,0.5,0.496,alto,True,"baixo desempenho, baixa participação",True,
4206108,Grão-Pará,SC,Sul,70.23,69.91,-0.32,78.65,0.496,0.493,0.496,alto,True,"baixo desempenho, baixa participação",False,
1303700,Santo Antônio do Içá,AM,Norte,37.94,66.29,28.35,91.03,0.496,0.495,0.496,alto,True,"baixo desempenho, alta participação",True,
4210407,Maracajá,SC,Sul,61.81,65.51,3.7,76.15,0.495,0.494,0.495,alto,True,"baixo desempenho, baixa participação",False,
3529500,Mendonça,SP,Sudeste,77.56,73.1,-4.46,95.59,0.495,0.497,0.495,alto,True,"desempenho médio, alta participação",False,
2902203,Aramari,BA,Nordeste,17.95,37.3,19.35,89.66,0.495,0.499,0.495,alto,True,"baixo desempenho, alta participação",True,
3548401,Santópolis do Aguapeí,SP,Sudeste,77.36,75.74,-1.62,96.88,0.495,0.499,0.495,alto,True,"desempenho médio, alta participação",False,
3302270,Japeri,RJ,Sudeste,36.88,51.98,15.1,80.49,0.494,0.505,0.494,alto,True,"baixo desempenho, baixa participação",True,
2206720,Nazária,PI,Nordeste,52.15,78.34,26.19,96.97,0.494,0.495,0.494,alto,True,"baixo desempenho, alta participação",True,
4105003,Catanduvas,PR,Sul,56.16,70.5,14.34,84.17,0.494,0.496,0.494,alto,True,"baixo desempenho, baixa participação",True,
4309555,Harmonia,RS,Sul,71.4,80.0,8.6,100.0,0.907,0.494,0.494,alto,True,"desempenho médio, alta participação",True,score sem o choque das enchentes de 2024
4213807,Praia Grande,SC,Sul,69.36,70.21,0.85,79.41,0.494,0.491,0.494,alto,True,"baixo desempenho, baixa participação",False,
4214508,Rio do Campo,SC,Sul,74.29,71.81,-2.48,78.0,0.493,0.492,0.493,alto,True,"baixo desempenho, baixa participação",False,
3540853,Pracinha,SP,Sudeste,80.0,80.0,0.0,100.0,0.493,0.499,0.493,alto,True,"desempenho médio, alta participação",False,
3556206,Valinhos,SP,Sudeste,48.21,60.28,12.07,91.4,0.493,0.493,0.493,alto,True,"baixo desempenho, alta participação",True,
3546207,Santa Cruz da Conceição,SP,Sudeste,73.36,70.86,-2.5,93.75,0.493,0.498,0.493,alto,True,"desempenho médio, alta participação",False,
5108808,Nova Guarita,MT,Centro-Oeste,67.3,71.81,4.51,92.5,0.493,0.497,0.493,alto,True,"desempenho médio, alta participação",False,
4321436,Terra de Areia,RS,Sul,60.3,71.07,10.77,90.48,0.908,0.493,0.493,alto,True,"baixo desempenho, alta participação",True,score sem o choque das enchentes de 2024
1506609,Santa Maria do Pará,PA,Norte,39.79,47.15,7.36,91.51,0.493,0.492,0.493,alto,True,"baixo desempenho, alta participação",True,
3524907,Jambeiro,SP,Sudeste,56.89,65.74,8.85,92.65,0.492,0.496,0.492,alto,True,"baixo desempenho, alta participação",True,
3302007,Itaguaí,RJ,Sudeste,41.61,54.17,12.56,82.58,0.492,0.497,0.492,alto,True,"baixo desempenho, baixa participação",True,
2111748,Senador Alexandre Costa,MA,Nordeste,96.12,80.0,-16.12,98.06,0.492,0.49,0.492,alto,True,"alto desempenho, alta participação",False,
4312351,Montauri,RS,Sul,75.0,80.0,5.0,100.0,0.904,0.492,0.492,alto,True,"desempenho médio, alta participação",False,score sem o choque das enchentes de 2024
4307708,Esteio,RS,Sul,47.0,68.74,21.74,76.65,0.91,0.492,0.492,alto,True,"baixo desempenho, baixa participação",True,score sem o choque das enchentes de 2024
2800506,Areia Branca,SE,Nordeste,44.81,42.28,-2.53,89.76,0.492,0.489,0.492,alto,True,"baixo desempenho, alta participação",False,
4218400,Treze de Maio,SC,Sul,62.38,74.39,12.01,88.24,0.492,0.49,0.492,alto,True,"baixo desempenho, alta participação",True,
5103379,Cotriguaçu,MT,Centro-Oeste,62.71,65.41,2.7,89.87,0.491,0.488,0.491,alto,True,"desempenho médio, alta participação",False,
4321402,Tenente Portela,RS,Sul,65.0,71.54,6.54,94.57,0.908,0.491,0.491,alto,True,"desempenho médio, alta participação",False,score sem o choque das enchentes de 2024
4106704,Cruzeiro do Sul,PR,Sul,71.42,74.09,2.67,96.08,0.491,0.497,0.491,alto,True,"desempenho médio, alta participação",False,
4128625,Alto Paraíso,PR,Sul,68.04,70.28,2.24,84.62,0.491,0.501,0.491,alto,True,"baixo desempenho, baixa participação",False,
4200754,Alto Bela Vista,SC,Sul,85.18,80.0,-5.18,93.1,0.491,0.495,0.491,alto,True,"alto desempenho, alta participação",False,
4208609,Jaborá,SC,Sul,77.67,75.75,-1.92,83.33,0.491,0.491,0.491,alto,True,"desempenho médio, alta participação",False,
4319307,São Paulo das Missões,RS,Sul,61.1,78.4,17.3,89.47,0.905,0.49,0.49,alto,True,"baixo desempenho, alta participação",True,score sem o choque das enchentes de 2024
4202859,Braço do Trombudo,SC,Sul,64.21,67.94,3.73,71.93,0.49,0.492,0.49,alto,True,"baixo desempenho, baixa participação",False,
4315206,Putinga,RS,Sul,82.8,80.0,-2.8,93.55,0.906,0.49,0.49,alto,True,"desempenho médio, alta participação",False,score sem o choque das enchentes de 2024
4201703,Ascurra,SC,Sul,94.83,80.0,-14.83,79.31,0.49,0.483,0.49,alto,True,"alto desempenho, alta participação",False,
4302907,Cacequi,RS,Sul,49.0,60.3,11.3,74.0,0.906,0.49,0.49,alto,True,"baixo desempenho, baixa participação",True,score sem o choque das enchentes de 2024
4110607,Iporã,PR,Sul,68.95,69.25,0.3,88.36,0.49,0.488,0.49,alto,True,"desempenho médio, alta participação",False,
3504909,Bananal,SP,Sudeste,58.62,58.24,-0.38,85.37,0.49,0.492,0.49,alto,True,"baixo desempenho, baixa participação",False,
3301009,Campos dos Goytacazes,RJ,Sudeste,38.33,51.68,13.35,82.45,0.489,0.485,0.489,alto,True,"baixo desempenho, baixa participação",True,
4323408,Vila Maria,RS,Sul,66.7,80.0,13.3,100.0,0.905,0.489,0.489,alto,True,"baixo desempenho, alta participação",True,score sem o choque das enchentes de 2024
4300570,Alto Feliz,RS,Sul,58.3,74.95,16.65,81.58,0.903,0.489,0.489,alto,True,"baixo desempenho, baixa participação",True,score sem o choque das enchentes de 2024
1101435,Nova União,RO,Norte,70.92,66.93,-3.99,90.43,0.489,0.491,0.489,alto,True,"desempenho médio, alta participação",False,
2504900,Cruz do Espírito Santo,PB,Nordeste,47.63,64.13,16.5,87.79,0.488,0.485,0.488,alto,True,"baixo desempenho, alta participação",True,
4304689,Capela de Santana,RS,Sul,54.3,71.57,17.27,79.44,0.906,0.488,0.488,alto,True,"baixo desempenho, baixa participação",True,score sem o choque das enchentes de 2024
3515004,Embu das Artes,SP,Sudeste,40.5,46.94,6.44,83.16,0.488,0.484,0.488,alto,True,"baixo desempenho, baixa participação",False,
4200408,Água Doce,SC,Sul,72.41,69.64,-2.77,75.76,0.488,0.484,0.488,alto,True,"baixo desempenho, baixa participação",False,
2600104,Afogados da Ingazeira,PE,Nordeste,70.19,70.86,0.67,97.48,0.488,0.482,0.488,alto,True,"desempenho médio, alta participação",False,
2919108,Lamarão,BA,Nordeste,19.57,37.8,18.23,97.87,0.487,0.493,0.487,alto,True,"baixo desempenho, alta participação",True,
2201507,Batalha,PI,Nordeste,46.97,55.33,8.36,93.69,0.487,0.482,0.487,alto,True,"baixo desempenho, alta participação",True,
2707800,Roteiro,AL,Nordeste,45.95,69.39,23.44,94.39,0.487,0.491,0.487,alto,True,"baixo desempenho, alta participação",True,
2507705,Juazeirinho,PB,Nordeste,45.45,60.43,14.98,91.46,0.486,0.483,0.486,alto,True,"baixo desempenho, alta participação",True,
3522307,Itapetininga,SP,Sudeste,50.81,54.24,3.43,90.73,0.486,0.485,0.486,alto,True,"baixo desempenho, alta participação",False,
3102902,Antônio Carlos,MG,Sudeste,71.37,78.61,7.24,92.06,0.486,0.486,0.486,alto,True,"desempenho médio, alta participação",True,
1101468,Pimenteiras do Oeste,RO,Norte,57.63,63.01,5.38,83.72,0.486,0.496,0.486,alto,True,"baixo desempenho, baixa participação",False,
3516903,General Salgado,SP,Sudeste,67.35,67.03,-0.32,94.12,0.486,0.486,0.486,alto,True,"desempenho médio, alta participação",False,
2700805,Belém,AL,Nordeste,64.57,63.22,-1.35,93.48,0.486,0.49,0.486,alto,True,"desempenho médio, alta participação",False,
2611200,Poção,PE,Nordeste,64.18,68.19,4.01,95.4,0.486,0.49,0.486,alto,True,"desempenho médio, alta participação",False,
2111631,São Raimundo do Doca Bezerra,MA,Nordeste,55.35,64.03,8.68,90.38,0.486,0.496,0.486,alto,True,"baixo desempenho, alta participação",True,
4100103,Abatiá,PR,Sul,57.74,63.89,6.15,82.8,0.486,0.491,0.486,alto,True,"baixo desempenho, baixa participação",False,
1705102,Chapada da Natividade,TO,Norte,52.38,59.09,6.71,100.0,0.486,0.486,0.486,alto,True,"baixo desempenho, alta participação",False,
2207504,Palmeirais,PI,Nordeste,46.19,60.39,14.2,94.34,0.486,0.484,0.486,alto,True,"baixo desempenho, alta participação",True,
4300208,Ajuricaba,RS,Sul,81.9,80.0,-1.9,94.29,0.906,0.485,0.485,alto,True,"desempenho médio, alta participação",False,score sem o choque das enchentes de 2024
3556305,Valparaíso,SP,Sudeste,70.44,69.43,-1.01,95.05,0.485,0.478,0.485,alto,True,"desempenho médio, alta participação",False,
2210391,São Miguel do Fidalgo,PI,Nordeste,64.42,63.7,-0.72,96.15,0.485,0.492,0.485,alto,True,"desempenho médio, alta participação",False,
3502903,Araçoiaba da Serra,SP,Sudeste,56.16,59.35,3.19,88.63,0.485,0.479,0.485,alto,True,"baixo desempenho, alta participação",False,
4307906,Farroupilha,RS,Sul,56.7,80.0,23.3,91.57,0.908,0.485,0.485,alto,True,"baixo desempenho, alta participação",True,score sem o choque das enchentes de 2024
2403806,Florânia,RN,Nordeste,43.75,49.83,6.08,88.89,0.485,0.482,0.485,alto,True,"baixo desempenho, alta participação",False,
5006275,Paraíso das Águas,MS,Centro-Oeste,78.5,77.46,-1.04,99.26,0.485,0.484,0.485,alto,True,"desempenho médio, alta participação",False,
3525102,Jardinópolis,SP,Sudeste,45.42,65.37,19.95,84.99,0.485,0.479,0.485,alto,True,"baixo desempenho, alta participação",True,
3552304,Sud Mennucci,SP,Sudeste,57.15,60.99,3.84,87.84,0.485,0.489,0.485,alto,True,"baixo desempenho, alta participação",False,
4204004,Catanduvas,SC,Sul,72.43,72.0,-0.43,78.45,0.485,0.478,0.485,alto,True,"baixo desempenho, baixa participação",False,
3300159,Aperibé,RJ,Sudeste,68.41,66.06,-2.35,91.92,0.485,0.489,0.485,alto,True,"desempenho médio, alta participação",False,
3513504,Cubatão,SP,Sudeste,45.43,58.73,13.3,85.77,0.485,0.483,0.485,alto,True,"baixo desempenho, alta participação",True,
3506607,Biritiba Mirim,SP,Sudeste,52.19,54.54,2.35,83.2,0.484,0.48,0.484,alto,True,"baixo desempenho, baixa participação",False,
3111101,Campina Verde,MG,Sudeste,75.03,78.07,3.04,89.55,0.484,0.479,0.484,alto,True,"desempenho médio, alta participação",False,
3553203,Taiúva,SP,Sudeste,57.37,71.88,14.51,95.31,0.484,0.49,0.484,alto,True,"baixo desempenho, alta participação",True,
2107308,Nova Iorque,MA,Nordeste,51.24,78.19,26.95,92.16,0.484,0.495,0.484,alto,True,"baixo desempenho, alta participação",True,
4116406,Nossa Senhora das Graças,PR,Sul,94.81,79.4,-15.41,88.64,0.483,0.488,0.483,alto,True,"alto desempenho, alta participação",False,
2109106,Presidente Dutra,MA,Nordeste,45.11,63.01,17.9,92.26,0.483,0.48,0.483,alto,True,"baixo desempenho, alta participação",True,
5105259,Lucas do Rio Verde,MT,Centro-Oeste,73.53,69.12,-4.41,87.01,0.483,0.471,0.483,alto,True,"desempenho médio, alta participação",False,
3504305,Avaí,SP,Sudeste,65.24,63.38,-1.86,77.19,0.483,0.487,0.483,alto,True,"baixo desempenho, baixa participação",False,
3520442,Ilha Solteira,SP,Sudeste,80.76,70.82,-9.94,87.08,0.483,0.475,0.483,alto,True,"alto desempenho, alta participação",False,
2405108,Jandaíra,RN,Nordeste,29.91,45.15,15.24,81.13,0.483,0.485,0.483,alto,True,"baixo desempenho, baixa participação",True,
3516705,Garça,SP,Sudeste,57.27,61.08,3.81,92.38,0.482,0.474,0.482,alto,True,"desempenho médio, alta participação",False,
2611705,Riacho das Almas,PE,Nordeste,68.11,69.13,1.02,98.72,0.482,0.482,0.482,alto,True,"desempenho médio, alta participação",False,
4314753,Poço das Antas,RS,Sul,66.3,80.0,13.7,96.0,0.901,0.482,0.482,alto,True,"baixo desempenho, alta participação",True,score sem o choque das enchentes de 2024
2506806,Ingá,PB,Nordeste,37.97,64.71,26.74,81.01,0.482,0.481,0.482,alto,True,"baixo desempenho, baixa participação",True,
3526704,Leme,SP,Sudeste,61.7,61.71,0.01,93.15,0.482,0.482,0.482,alto,True,"desempenho médio, alta participação",False,
2207801,Paulistana,PI,Nordeste,50.47,56.33,5.86,95.16,0.482,0.478,0.482,alto,True,"baixo desempenho, alta participação",False,
4117909,Palotina,PR,Sul,74.33,72.48,-1.85,91.82,0.482,0.472,0.482,alto,True,"desempenho médio, alta participação",False,
3500709,Agudos,SP,Sudeste,64.6,64.66,0.06,90.91,0.482,0.473,0.482,alto,True,"desempenho médio, alta participação",False,
2402204,Canguaretama,RN,Nordeste,32.26,50.93,18.67,84.66,0.482,0.473,0.482,alto,True,"baixo desempenho, alta participação",True,
4107850,Flor da Serra do Sul,PR,Sul,85.55,80.0,-5.55,96.88,0.482,0.485,0.482,alto,True,"alto desempenho, alta participação",False,
4215679,Santa Terezinha,SC,Sul,69.26,80.0,10.74,94.03,0.481,0.476,0.481,alto,True,"baixo desempenho, alta participação",True,
3541604,Promissão,SP,Sudeste,79.12,71.38,-7.74,91.01,0.481,0.47,0.481,alto,True,"alto desempenho, alta participação",False,
4202131,Bela Vista do Toldo,SC,Sul,81.95,80.0,-1.95,94.2,0.481,0.477,0.481,alto,True,"desempenho médio, alta participação",False,
5000856,Angélica,MS,Centro-Oeste,86.52,80.0,-6.52,99.42,0.481,0.476,0.481,alto,True,"alto desempenho, alta participação",False,
1301209,Coari,AM,Norte,32.72,51.74,19.02,89.67,0.481,0.474,0.481,alto,True,"baixo desempenho, alta participação",True,
2108454,Peritoró,MA,Nordeste,70.53,64.71,-5.82,91.56,0.481,0.479,0.481,alto,True,"desempenho médio, alta participação",False,
4303806,Campinas do Sul,RS,Sul,68.0,80.0,12.0,100.0,0.903,0.481,0.481,alto,True,"baixo desempenho, alta participação",True,score sem o choque das enchentes de 2024
3157377,Santa Cruz de Salinas,MG,Sudeste,72.73,80.0,7.27,100.0,0.481,0.489,0.481,alto,True,"desempenho médio, alta participação",True,
2701704,Capela,AL,Nordeste,42.53,53.57,11.04,97.1,0.481,0.481,0.481,alto,True,"baixo desempenho, alta participação",True,
4118808,Peabiru,PR,Sul,74.24,72.78,-1.46,90.17,0.481,0.478,0.481,alto,True,"desempenho médio, alta participação",False,
4205209,Erval Velho,SC,Sul,58.15,64.17,6.02,75.38,0.481,0.483,0.481,alto,True,"baixo desempenho, baixa participação",False,
4113734,Luiziana,PR,Sul,86.61,80.0,-6.61,93.88,0.481,0.479,0.481,alto,True,"alto desempenho, alta participação",False,
1506906,Santarém Novo,PA,Norte,78.25,61.25,-17.0,89.71,0.481,0.484,0.481,alto,True,"alto desempenho, alta participação",False,
3118809,Coração de Jesus,MG,Sudeste,68.05,70.21,2.16,80.65,0.48,0.478,0.48,alto,True,"baixo desempenho, baixa participação",False,
2208908,Ribeiro Gonçalves,PI,Nordeste,85.26,80.0,-5.26,97.89,0.48,0.472,0.48,alto,True,"alto desempenho, alta participação",False,
3537909,Pilar do Sul,SP,Sudeste,63.33,64.29,0.96,94.33,0.48,0.474,0.48,alto,True,"desempenho médio, alta participação",False,
1100130,Machadinho D'Oeste,RO,Norte,64.75,60.73,-4.02,86.54,0.48,0.472,0.48,alto,True,"desempenho médio, alta participação",False,
3520905,Ipaussu,SP,Sudeste,54.96,63.68,8.72,93.96,0.48,0.478,0.48,alto,True,"baixo desempenho, alta participação",True,
5101308,Arenápolis,MT,Centro-Oeste,58.62,68.04,9.42,92.65,0.48,0.48,0.48,alto,True,"baixo desempenho, alta participação",True,
4312385,Monte Belo do Sul,RS,Sul,76.9,80.0,3.1,100.0,0.901,0.479,0.479,alto,True,"desempenho médio, alta participação",False,score sem o choque das enchentes de 2024
4301503,Augusto Pestana,RS,Sul,63.2,80.0,16.8,90.48,0.903,0.479,0.479,alto,True,"baixo desempenho, alta participação",True,score sem o choque das enchentes de 2024
3535408,Panorama,SP,Sudeste,92.54,80.0,-12.54,97.71,0.479,0.472,0.479,alto,True,"alto desempenho, alta participação",False,
3511607,Cesário Lange,SP,Sudeste,51.32,63.64,12.32,91.67,0.479,0.477,0.479,alto,True,"baixo desempenho, alta participação",True,
2411007,Rodolfo Fernandes,RN,Nordeste,41.06,45.78,4.72,87.18,0.478,0.482,0.478,alto,True,"baixo desempenho, alta participação",False,
3303500,Nova Iguaçu,RJ,Sudeste,33.42,47.44,14.02,81.91,0.478,0.474,0.478,alto,True,"baixo desempenho, baixa participação",True,
3542602,Registro,SP,Sudeste,63.81,61.35,-2.46,91.13,0.478,0.473,0.478,alto,True,"desempenho médio, alta participação",False,
2511806,Pirpirituba,PB,Nordeste,41.49,48.55,7.06,80.82,0.478,0.48,0.478,alto,True,"baixo desempenho, baixa participação",False,
3539608,Planalto,SP,Sudeste,83.68,76.17,-7.51,90.91,0.478,0.48,0.478,alto,True,"alto desempenho, alta participação",False,
2111607,São Raimundo das Mangabeiras,MA,Nordeste,84.5,73.81,-10.69,93.04,0.478,0.471,0.478,alto,True,"alto desempenho, alta participação",False,
2200202,Água Branca,PI,Nordeste,91.98,80.0,-11.98,100.0,0.478,0.466,0.478,alto,True,"alto desempenho, alta participação",False,
2610301,Paranatama,PE,Nordeste,66.67,75.92,9.25,100.0,0.478,0.478,0.478,alto,True,"desempenho médio, alta participação",True,
5104906,Jangada,MT,Centro-Oeste,54.87,63.76,8.89,87.3,0.478,0.48,0.478,alto,True,"baixo desempenho, alta participação",True,
3152170,Ponto dos Volantes,MG,Sudeste,67.71,74.9,7.19,93.75,0.477,0.479,0.477,alto,True,"desempenho médio, alta participação",False,
3302304,Laje do Muriaé,RJ,Sudeste,48.41,56.42,8.01,83.12,0.477,0.488,0.477,alto,True,"baixo desempenho, baixa participação",True,
3553401,Tanabi,SP,Sudeste,74.07,69.92,-4.15,91.73,0.477,0.469,0.477,alto,True,"desempenho médio, alta participação",False,
3516002,Flórida Paulista,SP,Sudeste,54.56,80.0,25.44,96.55,0.477,0.477,0.477,alto,True,"baixo desempenho, alta participação",True,
1708304,Goianorte,TO,Norte,40.0,62.2,22.2,91.11,0.477,0.477,0.477,alto,True,"baixo desempenho, alta participação",True,
3159506,Santa Rita do Itueto,MG,Sudeste,87.19,80.0,-7.19,70.97,0.477,0.479,0.477,alto,True,"baixo desempenho, baixa participação",False,
3556701,Vinhedo,SP,Sudeste,56.12,60.73,4.61,93.48,0.476,0.466,0.476,alto,True,"baixo desempenho, alta participação",False,
4302253,Boa Vista do Sul,RS,Sul,75.0,75.37,0.37,88.89,0.9,0.476,0.476,alto,True,"desempenho médio, alta participação",False,score sem o choque das enchentes de 2024
2801405,Carira,SE,Nordeste,34.24,47.68,13.44,98.45,0.476,0.473,0.476,alto,True,"baixo desempenho, alta participação",True,
5003751,Eldorado,MS,Centro-Oeste,56.45,76.78,20.33,93.12,0.476,0.476,0.476,alto,True,"baixo desempenho, alta participação",True,
4218855,União do Oeste,SC,Sul,65.0,71.41,6.41,80.56,0.476,0.482,0.476,alto,True,"baixo desempenho, baixa participação",False,
4209458,Lajeado Grande,SC,Sul,66.07,78.99,12.92,85.71,0.476,0.485,0.476,alto,True,"baixo desempenho, baixa participação",True,
3162559,São João do Manhuaçu,MG,Sudeste,71.72,77.7,5.98,95.0,0.476,0.476,0.476,alto,True,"desempenho médio, alta participação",False,
2708808,São Sebastião,AL,Nordeste,42.43,50.14,7.71,95.73,0.476,0.47,0.476,alto,True,"baixo desempenho, alta participação",True,
1101450,Parecis,RO,Norte,70.6,67.19,-3.41,92.19,0.476,0.479,0.476,alto,True,"desempenho médio, alta participação",False,
2503308,Cachoeira dos Índios,PB,Nordeste,52.23,54.17,1.94,85.51,0.476,0.475,0.476,alto,True,"baixo desempenho, baixa participação",False,
1507201,São Domingos do Capim,PA,Norte,32.97,45.48,12.51,82.51,0.475,0.474,0.475,alto,True,"baixo desempenho, baixa participação",True,
3122504,Dom Cavati,MG,Sudeste,73.35,76.33,2.98,88.46,0.475,0.482,0.475,alto,True,"desempenho médio, alta participação",False,
4107702,Fênix,PR,Sul,61.86,69.92,8.06,89.36,0.475,0.481,0.475,alto,True,"baixo desempenho, alta participação",True,
4114500,Manoel Ribas,PR,Sul,71.98,71.6,-0.38,94.57,0.475,0.472,0.475,alto,True,"desempenho médio, alta participação",False,
2601300,Barra de Guabiraba,PE,Nordeste,86.54,80.0,-6.54,100.0,0.475,0.473,0.475,alto,True,"alto desempenho, alta participação",False,
2801702,Cristinápolis,SE,Nordeste,34.73,40.17,5.44,96.86,0.474,0.472,0.474,alto,True,"baixo desempenho, alta participação",False,
4107306,Doutor Camargo,PR,Sul,60.84,79.37,18.53,89.55,0.474,0.479,0.474,alto,True,"baixo desempenho, alta participação",True,
3114808,Carvalhos,MG,Sudeste,72.5,80.0,7.5,91.43,0.474,0.48,0.474,alto,True,"desempenho médio, alta participação",True,
4308052,Faxinalzinho,RS,Sul,51.9,78.71,26.81,73.68,0.896,0.474,0.474,alto,True,"baixo desempenho, baixa participação",True,score sem o choque das enchentes de 2024
1721109,Tocantínia,TO,Norte,51.16,54.82,3.66,92.73,0.474,0.469,0.474,alto,True,"baixo desempenho, alta participação",False,
3109204,Buenópolis,MG,Sudeste,75.91,80.0,4.09,92.68,0.474,0.474,0.474,alto,True,"desempenho médio, alta participação",False,
3503901,Arujá,SP,Sudeste,60.67,60.36,-0.31,92.45,0.474,0.463,0.474,alto,True,"desempenho médio, alta participação",False,
3305307,São Sebastião do Alto,RJ,Sudeste,49.68,68.95,19.27,86.76,0.473,0.482,0.473,alto,True,"baixo desempenho, alta participação",True,
2509305,Mataraca,PB,Nordeste,50.43,80.0,29.57,92.71,0.473,0.473,0.473,alto,True,"baixo desempenho, alta participação",True,
2806107,Rosário do Catete,SE,Nordeste,39.01,52.05,13.04,94.89,0.473,0.471,0.473,alto,True,"baixo desempenho, alta participação",True,
5107602,Rondonópolis,MT,Centro-Oeste,60.49,61.65,1.16,88.99,0.473,0.463,0.473,alto,True,"desempenho médio, alta participação",False,
2805703,Propriá,SE,Nordeste,29.59,35.2,5.61,86.63,0.472,0.469,0.472,alto,True,"baixo desempenho, alta participação",False,
5007901,Sidrolândia,MS,Centro-Oeste,39.84,49.77,9.93,77.98,0.472,0.471,0.472,alto,True,"baixo desempenho, baixa participação",True,
4211801,Ouro,SC,Sul,82.18,74.86,-7.32,77.63,0.472,0.468,0.472,alto,True,"baixo desempenho, baixa participação",False,
2205540,Lagoinha do Piauí,PI,Nordeste,87.79,80.0,-7.79,97.14,0.472,0.474,0.472,alto,True,"alto desempenho, alta participação",False,
3550902,São Simão,SP,Sudeste,65.55,68.38,2.83,97.06,0.472,0.469,0.472,alto,True,"desempenho médio, alta participação",False,
2704203,Limoeiro de Anadia,AL,Nordeste,44.61,55.18,10.57,96.95,0.472,0.468,0.472,alto,True,"baixo desempenho, alta participação",True,
3519709,Ibiúna,SP,Sudeste,53.06,56.09,3.03,92.51,0.472,0.466,0.472,alto,True,"baixo desempenho, alta participação",False,
3542909,Ribeirão Bonito,SP,Sudeste,53.4,79.46,26.06,90.99,0.472,0.472,0.472,alto,True,"baixo desempenho, alta participação",True,
4209904,Lontras,SC,Sul,58.41,66.39,7.98,83.26,0.471,0.466,0.471,alto,True,"baixo desempenho, baixa participação",True,
5104104,Guarantã do Norte,MT,Centro-Oeste,54.22,67.04,12.82,88.97,0.471,0.463,0.471,alto,True,"baixo desempenho, alta participação",True,
4308300,Fontoura Xavier,RS,Sul,60.0,67.86,7.86,94.59,0.9,0.471,0.471,alto,True,"baixo desempenho, alta participação",True,score sem o choque das enchentes de 2024
2100832,Apicum-Açu,MA,Nordeste,39.08,46.05,6.97,80.1,0.471,0.477,0.471,alto,True,"baixo desempenho, baixa participação",False,
3515202,Estrela d'Oeste,SP,Sudeste,58.91,62.47,3.56,88.76,0.471,0.472,0.471,alto,True,"desempenho médio, alta participação",False,
2409803,Pedro Velho,RN,Nordeste,23.56,32.33,8.77,73.08,0.47,0.469,0.47,alto,True,"baixo desempenho, baixa participação",True,
3521002,Iperó,SP,Sudeste,44.75,53.32,8.57,87.16,0.47,0.467,0.47,alto,True,"baixo desempenho, alta participação",True,
2206605,Monte Alegre do Piauí,PI,Nordeste,57.85,71.24,13.39,99.15,0.47,0.466,0.47,alto,True,"baixo desempenho, alta participação",True,
3517406,Guaíra,SP,Sudeste,53.49,63.07,9.58,95.03,0.47,0.461,0.47,alto,True,"baixo desempenho, alta participação",True,
4217204,São Miguel do Oeste,SC,Sul,75.64,72.22,-3.42,83.26,0.469,0.453,0.469,alto,True,"desempenho médio, alta participação",False,
2928950,São Domingos,BA,Nordeste,52.94,40.65,-12.29,91.07,0.469,0.469,0.469,alto,True,"alto desempenho, alta participação",False,
4207858,Irati,SC,Sul,87.82,80.0,-7.82,89.29,0.469,0.473,0.469,alto,True,"alto desempenho, alta participação",False,
1501782,Breu Branco,PA,Norte,50.55,45.82,-4.73,86.72,0.468,0.465,0.468,alto,True,"desempenho médio, alta participação",False,
3539301,Pirassununga,SP,Sudeste,56.4,56.92,0.52,90.55,0.468,0.461,0.468,alto,True,"desempenho médio, alta participação",False,
1502806,Curralinho,PA,Norte,24.03,40.46,16.43,74.13,0.468,0.47,0.468,alto,True,"baixo desempenho, baixa participação",True,
3546603,Santa Fé do Sul,SP,Sudeste,54.03,65.98,11.95,95.21,0.468,0.462,0.468,alto,True,"baixo desempenho, alta participação",True,
5000252,Alcinópolis,MS,Centro-Oeste,63.77,77.68,13.91,100.0,0.468,0.472,0.468,alto,True,"baixo desempenho, alta participação",True,
3145406,Olaria,MG,Sudeste,89.13,80.0,-9.13,73.91,0.467,0.48,0.467,alto,True,"alto desempenho, alta participação",False,
2412559,São Miguel do Gostoso,RN,Nordeste,30.54,38.85,8.31,75.0,0.467,0.464,0.467,alto,True,"baixo desempenho, baixa participação",True,
3534757,Ouroeste,SP,Sudeste,89.21,80.0,-9.21,93.8,0.467,0.462,0.467,alto,True,"alto desempenho, alta participação",False,
2203206,Curimatá,PI,Nordeste,81.77,71.92,-9.85,97.26,0.467,0.461,0.467,alto,True,"alto desempenho, alta participação",False,
2406155,Jundiá,RN,Nordeste,33.33,41.43,8.1,78.95,0.467,0.473,0.467,alto,True,"baixo desempenho, baixa participação",True,
2504801,Coremas,PB,Nordeste,48.71,71.18,22.47,92.98,0.467,0.463,0.467,alto,True,"baixo desempenho, alta participação",True,
3546504,Santa Ernestina,SP,Sudeste,92.26,80.0,-12.26,87.04,0.467,0.468,0.467,alto,True,"alto desempenho, alta participação",False,
4304713,Caraá,RS,Sul,62.4,80.0,17.6,96.0,0.898,0.467,0.467,alto,True,"baixo desempenho, alta participação",True,score sem o choque das enchentes de 2024
2207702,Parnaíba,PI,Nordeste,38.42,45.63,7.21,87.95,0.467,0.464,0.467,alto,True,"baixo desempenho, alta participação",False,
4308201,Flores da Cunha,RS,Sul,59.6,79.3,19.7,91.03,0.902,0.466,0.466,alto,True,"baixo desempenho, alta participação",True,score sem o choque das enchentes de 2024
3510708,Cardoso,SP,Sudeste,59.86,72.42,12.56,96.04,0.466,0.466,0.466,alto,True,"baixo desempenho, alta participação",True,
4304606,Canoas,RS,Sul,41.4,61.93,20.53,75.41,0.901,0.466,0.466,alto,True,"baixo desempenho, baixa participação",True,score sem o choque das enchentes de 2024
4302105,Bento Gonçalves,RS,Sul,50.8,78.15,27.35,84.27,0.899,0.466,0.466,alto,True,"baixo desempenho, alta participação",True,score sem o choque das enchentes de 2024
3547106,Santa Mercedes,SP,Sudeste,81.08,80.0,-1.08,97.3,0.466,0.472,0.466,alto,True,"desempenho médio, alta participação",False,
3112505,Capim Branco,MG,Sudeste,77.92,78.27,0.35,89.43,0.466,0.467,0.466,alto,True,"desempenho médio, alta participação",False,
4128658,Virmond,PR,Sul,81.54,79.07,-2.47,96.77,0.466,0.47,0.466,alto,True,"desempenho médio, alta participação",False,
4322327,Turuçu,RS,Sul,61.7,80.0,18.3,88.64,0.896,0.466,0.466,alto,True,"baixo desempenho, alta participação",True,score sem o choque das enchentes de 2024
2112902,Vitória do Mearim,MA,Nordeste,60.19,59.07,-1.12,92.22,0.466,0.464,0.466,alto,True,"desempenho médio, alta participação",False,
4321857,Três Palmeiras,RS,Sul,62.5,80.0,17.5,87.14,0.896,0.466,0.466,alto,True,"baixo desempenho, alta participação",True,score sem o choque das enchentes de 2024
4213104,Piratuba,SC,Sul,83.99,80.0,-3.99,79.76,0.466,0.462,0.466,alto,True,"desempenho médio, alta participação",False,
2509909,Natuba,PB,Nordeste,47.23,65.69,18.46,92.5,0.466,0.466,0.466,alto,True,"baixo desempenho, alta participação",True,
5108907,Nova Maringá,MT,Centro-Oeste,62.38,67.66,5.28,84.3,0.465,0.462,0.465,alto,True,"baixo desempenho, baixa participação",False,
4121802,Ribeirão Claro,PR,Sul,85.68,76.22,-9.46,90.51,0.465,0.463,0.465,alto,True,"alto desempenho, alta participação",False,
2109270,Presidente Sarney,MA,Nordeste,39.6,68.35,28.75,81.72,0.465,0.47,0.465,alto,True,"baixo desempenho, baixa participação",True,
3304128,Quatis,RJ,Sudeste,60.05,59.04,-1.01,85.07,0.465,0.469,0.465,alto,True,"baixo desempenho, baixa participação",False,
1501204,Baião,PA,Norte,38.16,42.66,4.5,86.14,0.465,0.46,0.465,alto,True,"baixo desempenho, alta participação",False,
4315008,Porto Lucena,RS,Sul,100.0,78.99,-21.01,75.0,0.897,0.465,0.465,alto,True,"alto desempenho, alta participação",False,score sem o choque das enchentes de 2024
3525409,Jeriquara,SP,Sudeste,49.55,56.43,6.88,86.96,0.465,0.476,0.465,alto,True,"baixo desempenho, alta participação",False,
2805406,Poço Redondo,SE,Nordeste,26.61,32.28,5.67,87.12,0.465,0.461,0.465,alto,True,"baixo desempenho, alta participação",False,
2501005,Araruna,PB,Nordeste,40.53,48.99,8.46,88.67,0.465,0.463,0.465,alto,True,"baixo desempenho, alta participação",True,
4213351,Ponte Alta do Norte,SC,Sul,70.19,69.21,-0.98,79.66,0.464,0.467,0.464,alto,True,"baixo desempenho, baixa participação",False,
2600500,Águas Belas,PE,Nordeste,59.77,64.88,5.11,98.06,0.464,0.46,0.464,alto,True,"desempenho médio, alta participação",False,
3161056,São Félix de Minas,MG,Sudeste,67.09,71.86,4.77,82.5,0.464,0.475,0.464,alto,True,"baixo desempenho, baixa participação",False,
3514809,Eldorado,SP,Sudeste,75.19,68.04,-7.15,87.63,0.464,0.461,0.464,alto,True,"alto desempenho, alta participação",False,
2508802,Malta,PB,Nordeste,48.74,72.08,23.34,92.19,0.464,0.468,0.464,alto,True,"baixo desempenho, alta participação",True,
5107180,Ribeirão Cascalheira,MT,Centro-Oeste,70.87,68.76,-2.11,88.52,0.464,0.46,0.464,alto,True,"desempenho médio, alta participação",False,
1300086,Anamã,AM,Norte,53.48,47.47,-6.01,82.05,0.464,0.463,0.464,alto,True,"baixo desempenho, baixa participação",False,
3524105,Ituverava,SP,Sudeste,49.94,58.66,8.72,91.35,0.464,0.457,0.464,alto,True,"baixo desempenho, alta participação",True,
5003702,Dourados,MS,Centro-Oeste,53.43,52.98,-0.45,83.11,0.463,0.459,0.463,alto,True,"baixo desempenho, baixa participação",False,
2706422,Pariconha,AL,Nordeste,68.76,53.73,-15.03,81.16,0.463,0.463,0.463,alto,True,"alto desempenho, alta participação",False,
3515707,Ferraz de Vasconcelos,SP,Sudeste,65.07,61.63,-3.44,94.69,0.462,0.458,0.462,alto,True,"desempenho médio, alta participação",False,
3112802,Capitólio,MG,Sudeste,78.93,80.0,1.07,88.16,0.462,0.461,0.462,alto,True,"desempenho médio, alta participação",False,
2209377,Santa Rosa do Piauí,PI,Nordeste,51.64,67.18,15.54,97.78,0.462,0.467,0.462,alto,True,"baixo desempenho, alta participação",True,
3533908,Olímpia,SP,Sudeste,74.72,67.26,-7.46,91.54,0.462,0.454,0.462,alto,True,"alto desempenho, alta participação",False,
2613602,São José do Egito,PE,Nordeste,73.38,71.48,-1.9,97.7,0.462,0.457,0.462,alto,True,"desempenho médio, alta participação",False,
2500106,Água Branca,PB,Nordeste,52.67,58.14,5.47,94.57,0.462,0.461,0.462,alto,True,"baixo desempenho, alta participação",False,
4304804,Carlos Barbosa,RS,Sul,64.9,71.4,6.5,92.23,0.9,0.461,0.461,alto,True,"desempenho médio, alta participação",False,score sem o choque das enchentes de 2024
4208955,Jardinópolis,SC,Sul,77.08,80.0,2.92,85.0,0.461,0.467,0.461,alto,True,"desempenho médio, alta participação",False,
3554201,Tejupá,SP,Sudeste,59.38,75.41,16.03,100.0,0.461,0.468,0.461,alto,True,"baixo desempenho, alta participação",True,
4202073,Balneário Gaivota,SC,Sul,49.21,55.1,5.89,70.32,0.461,0.46,0.461,alto,True,"baixo desempenho, baixa participação",False,
4124301,Santo Antônio do Paraíso,PR,Sul,81.17,80.0,-1.17,96.43,0.46,0.468,0.46,alto,True,"desempenho médio, alta participação",False,
3531209,Monte Alegre do Sul,SP,Sudeste,56.59,63.25,6.66,93.75,0.46,0.463,0.46,alto,True,"baixo desempenho, alta participação",False,
3514924,Elisiário,SP,Sudeste,85.34,74.72,-10.62,91.67,0.459,0.465,0.459,alto,True,"alto desempenho, alta participação",False,
2102606,Cândido Mendes,MA,Nordeste,49.53,67.57,18.04,97.47,0.459,0.462,0.459,alto,True,"baixo desempenho, alta participação",True,
3303955,Pinheiral,RJ,Sudeste,63.28,60.7,-2.58,87.58,0.459,0.458,0.459,alto,True,"desempenho médio, alta participação",False,
1502772,Curionópolis,PA,Norte,72.88,60.3,-12.58,83.38,0.459,0.449,0.459,alto,True,"alto desempenho, alta participação",False,
5107404,São Pedro da Cipa,MT,Centro-Oeste,76.26,75.07,-1.19,97.1,0.459,0.462,0.459,alto,True,"desempenho médio, alta participação",False,
2601102,Araripina,PE,Nordeste,52.06,64.43,12.37,94.46,0.459,0.455,0.459,alto,True,"baixo desempenho, alta participação",True,
1200385,Plácido de Castro,AC,Norte,33.78,41.81,8.03,80.6,0.459,0.452,0.459,alto,True,"baixo desempenho, baixa participação",True,UF sem historico no treino: avaliado so pelas demais variaveis
2401453,Baraúna,RN,Nordeste,44.48,46.46,1.98,85.51,0.458,0.447,0.458,alto,True,"baixo desempenho, baixa participação",False,
2929701,Sátiro Dias,BA,Nordeste,30.68,30.51,-0.17,91.67,0.458,0.456,0.458,alto,True,"baixo desempenho, alta participação",False,
2515302,Sapé,PB,Nordeste,39.0,47.97,8.97,88.26,0.458,0.454,0.458,alto,True,"baixo desempenho, alta participação",True,
4321451,Teutônia,RS,Sul,62.9,80.0,17.1,100.0,0.899,0.458,0.458,alto,True,"baixo desempenho, alta participação",True,score sem o choque das enchentes de 2024
3509957,Canas,SP,Sudeste,48.15,62.2,14.05,82.81,0.458,0.467,0.458,alto,True,"baixo desempenho, baixa participação",True,
4219002,Urussanga,SC,Sul,71.86,72.37,0.51,88.52,0.458,0.447,0.458,alto,True,"desempenho médio, alta participação",False,
4117404,Ourizona,PR,Sul,57.5,80.0,22.5,83.33,0.458,0.467,0.458,alto,True,"baixo desempenho, baixa participação",True,
2615904,Tuparetama,PE,Nordeste,82.52,77.96,-4.56,98.0,0.458,0.46,0.458,alto,True,"desempenho médio, alta participação",False,
4103040,Boa Ventura de São Roque,PR,Sul,60.49,76.36,15.87,87.67,0.457,0.461,0.457,alto,True,"baixo desempenho, alta participação",True,
2110708,São Domingos do Maranhão,MA,Nordeste,50.11,54.0,3.89,91.1,0.457,0.456,0.457,alto,True,"baixo desempenho, alta participação",False,
2601201,Arcoverde,PE,Nordeste,70.04,66.19,-3.85,96.96,0.457,0.452,0.457,alto,True,"desempenho médio, alta participação",False,
4317103,Sant'Ana do Livramento,RS,Sul,44.5,59.6,15.1,76.86,0.897,0.457,0.457,alto,True,"baixo desempenho, baixa participação",True,score sem o choque das enchentes de 2024
3546009,Santa Branca,SP,Sudeste,49.71,53.24,3.53,82.81,0.457,0.459,0.457,alto,True,"baixo desempenho, baixa participação",False,
2709400,Viçosa,AL,Nordeste,49.91,52.68,2.77,96.21,0.457,0.452,0.457,alto,True,"baixo desempenho, alta participação",False,
1721208,Tocantinópolis,TO,Norte,35.44,48.38,12.94,90.08,0.457,0.449,0.457,alto,True,"baixo desempenho, alta participação",True,
1200336,Mâncio Lima,AC,Norte,38.07,45.65,7.58,82.69,0.456,0.449,0.456,alto,True,"baixo desempenho, baixa participação",True,UF sem historico no treino: avaliado so pelas demais variaveis
2802809,Indiaroba,SE,Nordeste,34.31,51.41,17.1,97.51,0.456,0.454,0.456,alto,True,"baixo desempenho, alta participação",True,
4201208,Antônio Carlos,SC,Sul,74.89,76.15,1.26,89.38,0.456,0.448,0.456,alto,True,"desempenho médio, alta participação",False,
4118451,Pato Bragado,PR,Sul,90.41,80.0,-10.41,87.5,0.455,0.456,0.455,alto,True,"alto desempenho, alta participação",False,
3107802,Bom Jesus do Galho,MG,Sudeste,75.91,80.0,4.09,98.04,0.455,0.453,0.455,alto,True,"desempenho médio, alta participação",False,
3507902,Brotas,SP,Sudeste,56.01,67.77,11.76,98.18,0.455,0.451,0.455,alto,True,"baixo desempenho, alta participação",True,
2102507,Cajari,MA,Nordeste,34.1,62.0,27.9,78.26,0.455,0.462,0.455,alto,True,"baixo desempenho, baixa participação",True,
3530706,Mogi Guaçu,SP,Sudeste,63.47,60.73,-2.74,92.16,0.455,0.452,0.455,alto,True,"desempenho médio, alta participação",False,
1100338,Nova Mamoré,RO,Norte,45.3,68.5,23.2,87.26,0.455,0.452,0.455,alto,True,"baixo desempenho, alta participação",True,
2507903,Juripiranga,PB,Nordeste,46.57,60.06,13.49,89.42,0.455,0.455,0.455,alto,True,"baixo desempenho, alta participação",True,
2605004,Cupira,PE,Nordeste,88.96,78.56,-10.4,97.33,0.455,0.45,0.455,alto,True,"alto desempenho, alta participação",False,
2404408,Grossos,RN,Nordeste,65.35,52.98,-12.37,82.43,0.455,0.448,0.455,alto,True,"alto desempenho, alta participação",False,
2101731,Belágua,MA,Nordeste,72.29,67.24,-5.05,98.18,0.455,0.46,0.455,alto,True,"desempenho médio, alta participação",False,
3120805,Cruzília,MG,Sudeste,75.3,80.0,4.7,94.38,0.454,0.451,0.454,alto,True,"desempenho médio, alta participação",False,
4212601,Peritiba,SC,Sul,87.5,80.0,-7.5,85.71,0.454,0.455,0.454,alto,True,"alto desempenho, alta participação",False,
4314001,Paraí,RS,Sul,60.0,80.0,20.0,89.66,0.893,0.454,0.454,alto,True,"baixo desempenho, alta participação",True,score sem o choque das enchentes de 2024
4218202,Timbó,SC,Sul,77.99,73.04,-4.95,85.67,0.454,0.437,0.454,alto,True,"desempenho médio, alta participação",False,
3535507,Paraguaçu Paulista,SP,Sudeste,56.93,58.52,1.59,88.99,0.454,0.446,0.454,alto,True,"desempenho médio, alta participação",False,
2109502,Riachão,MA,Nordeste,51.85,57.28,5.43,91.59,0.454,0.454,0.454,alto,True,"baixo desempenho, alta participação",False,
3161304,São Francisco de Sales,MG,Sudeste,73.5,77.58,4.08,87.01,0.454,0.457,0.454,alto,True,"desempenho médio, alta participação",False,
4108502,General Carneiro,PR,Sul,55.52,79.32,23.8,87.95,0.454,0.454,0.454,alto,True,"baixo desempenho, alta participação",True,
3542701,Restinga,SP,Sudeste,55.18,73.32,18.14,98.13,0.454,0.458,0.454,alto,True,"baixo desempenho, alta participação",True,
2110278,Santo Amaro do Maranhão,MA,Nordeste,39.84,47.51,7.67,86.71,0.453,0.459,0.453,alto,True,"baixo desempenho, alta participação",True,
4111605,Ivatuba,PR,Sul,86.72,79.16,-7.56,93.55,0.453,0.458,0.453,alto,True,"alto desempenho, alta participação",False,
2706901,Pilar,AL,Nordeste,45.81,50.85,5.04,96.0,0.453,0.447,0.453,alto,True,"baixo desempenho, alta participação",False,
4210035,Luzerna,SC,Sul,79.74,75.09,-4.65,81.94,0.453,0.449,0.453,alto,True,"desempenho médio, alta participação",False,
5002100,Bela Vista,MS,Centro-Oeste,48.18,55.41,7.23,87.23,0.452,0.451,0.452,alto,True,"baixo desempenho, alta participação",True,
3522703,Itápolis,SP,Sudeste,77.38,70.92,-6.46,96.36,0.452,0.441,0.452,alto,True,"alto desempenho, alta participação",False,
3116209,Chiador,MG,Sudeste,76.01,78.26,2.25,86.79,0.452,0.463,0.452,alto,True,"desempenho médio, alta participação",False,
4318440,São Jorge,RS,Sul,66.7,77.66,10.96,94.74,0.89,0.452,0.452,alto,True,"baixo desempenho, alta participação",True,score sem o choque das enchentes de 2024
2209708,São Francisco do Piauí,PI,Nordeste,64.27,65.26,0.99,98.48,0.452,0.453,0.452,alto,True,"desempenho médio, alta participação",False,
1505494,Palestina do Pará,PA,Norte,44.75,47.9,3.15,91.94,0.452,0.458,0.452,alto,True,"baixo desempenho, alta participação",False,
3159902,Santo Antônio do Amparo,MG,Sudeste,80.3,80.0,-0.3,92.53,0.452,0.446,0.452,alto,True,"desempenho médio, alta participação",False,
2408300,Nova Cruz,RN,Nordeste,28.42,45.24,16.82,81.87,0.452,0.443,0.452,alto,True,"baixo desempenho, baixa participação",True,
4302220,Boa Vista do Cadeado,RS,Sul,66.7,74.08,7.38,85.71,0.891,0.452,0.452,alto,True,"baixo desempenho, baixa participação",True,score sem o choque das enchentes de 2024
2513505,Santana de Mangueira,PB,Nordeste,100.0,80.0,-20.0,90.91,0.451,0.448,0.451,alto,True,"alto desempenho, alta participação",False,
2409100,Passa e Fica,RN,Nordeste,41.07,40.01,-1.06,79.63,0.451,0.447,0.451,alto,True,"baixo desempenho, baixa participação",False,
5002209,Bonito,MS,Centro-Oeste,58.78,62.07,3.29,92.77,0.451,0.448,0.451,alto,True,"desempenho médio, alta participação",False,
3171907,Virgolândia,MG,Sudeste,70.97,80.0,9.03,100.0,0.451,0.457,0.451,alto,True,"desempenho médio, alta participação",True,
3154606,Ribeirão das Neves,MG,Sudeste,59.36,63.16,3.8,85.08,0.451,0.445,0.451,alto,True,"baixo desempenho, baixa participação",False,
3531704,Monteiro Lobato,SP,Sudeste,50.9,70.87,19.97,87.93,0.451,0.46,0.451,alto,True,"baixo desempenho, alta participação",True,
3170438,União de Minas,MG,Sudeste,72.68,74.64,1.96,82.5,0.451,0.457,0.451,alto,True,"baixo desempenho, baixa participação",False,
4200101,Abelardo Luz,SC,Sul,59.88,69.69,9.81,88.28,0.451,0.442,0.451,alto,True,"baixo desempenho, alta participação",True,
5105234,Lambari D'Oeste,MT,Centro-Oeste,51.5,80.0,28.5,85.29,0.45,0.455,0.45,alto,True,"baixo desempenho, alta participação",True,
2601003,Angelim,PE,Nordeste,62.41,67.86,5.45,96.7,0.45,0.454,0.45,alto,True,"desempenho médio, alta participação",False,
4115101,Mariluz,PR,Sul,52.21,68.12,15.91,80.92,0.45,0.454,0.45,alto,True,"baixo desempenho, baixa participação",True,
3508207,Buritizal,SP,Sudeste,56.29,80.0,23.71,87.5,0.45,0.456,0.45,alto,True,"baixo desempenho, alta participação",True,
3127388,Goianá,MG,Sudeste,80.51,76.51,-4.0,83.78,0.45,0.457,0.45,alto,True,"desempenho médio, alta participação",False,
2705002,Mata Grande,AL,Nordeste,42.45,52.74,10.29,96.0,0.45,0.448,0.45,alto,True,"baixo desempenho, alta participação",True,
4313359,Nova Roma do Sul,RS,Sul,83.3,80.0,-3.3,96.77,0.891,0.45,0.45,alto,True,"desempenho médio, alta participação",False,score sem o choque das enchentes de 2024
5104807,Jaciara,MT,Centro-Oeste,55.26,64.51,9.25,91.82,0.45,0.443,0.45,alto,True,"baixo desempenho, alta participação",True,
4308854,Gentil,RS,Sul,85.7,80.0,-5.7,93.33,0.889,0.449,0.449,alto,True,"alto desempenho, alta participação",False,score sem o choque das enchentes de 2024
4301602,Bagé,RS,Sul,46.6,67.83,21.23,83.68,0.892,0.449,0.449,alto,True,"baixo desempenho, baixa participação",True,score sem o choque das enchentes de 2024
1303809,São Gabriel da Cachoeira,AM,Norte,31.59,50.01,18.42,91.89,0.449,0.444,0.449,alto,True,"baixo desempenho, alta participação",True,
2103802,Dom Pedro,MA,Nordeste,43.95,52.95,9.0,92.9,0.449,0.452,0.449,alto,True,"baixo desempenho, alta participação",True,
3148509,Pavão,MG,Sudeste,81.4,80.0,-1.4,97.73,0.449,0.451,0.449,alto,True,"desempenho médio, alta participação",False,
4104055,Campo Bonito,PR,Sul,78.31,75.06,-3.25,88.68,0.449,0.454,0.449,alto,True,"desempenho médio, alta participação",False,
3103603,Arantina,MG,Sudeste,57.09,76.51,19.42,77.78,0.449,0.462,0.449,alto,True,"baixo desempenho, baixa participação",True,
2708907,Satuba,AL,Nordeste,55.11,54.8,-0.31,95.73,0.449,0.447,0.449,alto,True,"desempenho médio, alta participação",False,
4322301,Tuparendi,RS,Sul,52.7,80.0,27.3,80.72,0.891,0.449,0.449,alto,True,"baixo desempenho, baixa participação",True,score sem o choque das enchentes de 2024
4117206,Nova Olímpia,PR,Sul,91.63,79.45,-12.18,94.67,0.448,0.45,0.448,alto,True,"alto desempenho, alta participação",False,
4300604,Alvorada,RS,Sul,37.0,57.39,20.39,73.7,0.891,0.448,0.448,alto,True,"baixo desempenho, baixa participação",True,score sem o choque das enchentes de 2024
3548302,Santo Expedito,SP,Sudeste,100.0,80.0,-20.0,87.5,0.447,0.452,0.447,alto,True,"alto desempenho, alta participação",False,
2106755,Miranda do Norte,MA,Nordeste,50.55,63.27,12.72,95.74,0.447,0.445,0.447,alto,True,"baixo desempenho, alta participação",True,
4119004,Pérola d'Oeste,PR,Sul,88.78,80.0,-8.78,96.83,0.447,0.447,0.447,alto,True,"alto desempenho, alta participação",False,
2516805,Triunfo,PB,Nordeste,63.35,59.83,-3.52,96.83,0.447,0.446,0.447,alto,True,"desempenho médio, alta participação",False,
2803807,Malhada dos Bois,SE,Nordeste,37.63,52.66,15.03,97.1,0.447,0.455,0.447,alto,True,"baixo desempenho, alta participação",True,
5106315,Novo Santo Antônio,MT,Centro-Oeste,58.27,73.96,15.69,92.31,0.447,0.457,0.447,alto,True,"baixo desempenho, alta participação",True,
4215000,Rio Negrinho,SC,Sul,66.96,66.59,-0.37,85.26,0.447,0.433,0.447,alto,True,"desempenho médio, alta participação",False,
2204709,Inhuma,PI,Nordeste,67.52,63.43,-4.09,94.57,0.447,0.441,0.447,alto,True,"desempenho médio, alta participação",False,
4310801,Ivoti,RS,Sul,56.9,78.17,21.27,91.5,0.893,0.446,0.446,alto,True,"baixo desempenho, alta participação",True,score sem o choque das enchentes de 2024
2106508,Matinha,MA,Nordeste,46.67,69.13,22.46,95.38,0.446,0.449,0.446,alto,True,"baixo desempenho, alta participação",True,
3530409,Mirassolândia,SP,Sudeste,55.96,65.98,10.02,96.0,0.446,0.452,0.446,alto,True,"baixo desempenho, alta participação",True,
2510303,Nova Palmeira,PB,Nordeste,76.75,66.12,-10.63,88.68,0.446,0.447,0.446,alto,True,"alto desempenho, alta participação",False,
2709004,Tanque d'Arca,AL,Nordeste,53.45,54.17,0.72,94.94,0.446,0.451,0.446,alto,True,"desempenho médio, alta participação",False,
2413359,Serra do Mel,RN,Nordeste,27.68,46.99,19.31,70.4,0.445,0.441,0.445,alto,True,"baixo desempenho, baixa participação",True,
5006200,Nova Andradina,MS,Centro-Oeste,69.44,65.43,-4.01,98.05,0.445,0.439,0.445,alto,True,"desempenho médio, alta participação",False,
4218608,Trombudo Central,SC,Sul,63.31,71.89,8.58,90.62,0.445,0.441,0.445,alto,True,"baixo desempenho, alta participação",True,
2609006,Macaparana,PE,Nordeste,81.95,74.88,-7.07,97.72,0.445,0.441,0.445,alto,True,"alto desempenho, alta participação",False,
3507159,Bom Sucesso de Itararé,SP,Sudeste,55.46,64.05,8.59,96.43,0.445,0.455,0.445,alto,True,"baixo desempenho, alta participação",True,
3528809,Maracaí,SP,Sudeste,91.17,80.0,-11.17,93.22,0.445,0.437,0.445,alto,True,"alto desempenho, alta participação",False,
3510302,Capela do Alto,SP,Sudeste,47.64,58.06,10.42,92.21,0.445,0.445,0.445,alto,True,"baixo desempenho, alta participação",True,
4121307,Rancho Alegre,PR,Sul,86.02,77.9,-8.12,90.74,0.445,0.449,0.445,alto,True,"alto desempenho, alta participação",False,
2404101,Galinhos,RN,Nordeste,55.2,51.41,-3.79,83.33,0.445,0.446,0.445,alto,True,"baixo desempenho, baixa participação",False,
4214151,Princesa,SC,Sul,64.05,80.0,15.95,87.8,0.444,0.448,0.444,alto,True,"baixo desempenho, alta participação",True,
4127304,Terra Rica,PR,Sul,81.46,72.48,-8.98,90.62,0.444,0.44,0.444,alto,True,"alto desempenho, alta participação",False,
1505700,Ponta de Pedras,PA,Norte,57.13,51.69,-5.44,93.49,0.444,0.44,0.444,alto,True,"desempenho médio, alta participação",False,
2403301,Encanto,RN,Nordeste,67.02,58.07,-8.95,90.0,0.444,0.441,0.444,alto,True,"alto desempenho, alta participação",False,
4100301,Agudos do Sul,PR,Sul,87.51,77.09,-10.42,89.17,0.444,0.443,0.444,alto,True,"alto desempenho, alta participação",False,
4126207,Sapopema,PR,Sul,83.01,75.36,-7.65,92.71,0.444,0.446,0.444,alto,True,"alto desempenho, alta participação",False,
2101509,Barão de Grajaú,MA,Nordeste,51.56,53.84,2.28,90.91,0.444,0.445,0.444,alto,True,"baixo desempenho, alta participação",False,
3545100,Salmourão,SP,Sudeste,61.69,64.58,2.89,93.1,0.444,0.45,0.444,alto,True,"desempenho médio, alta participação",False,
2900207,Abaré,BA,Nordeste,18.24,43.32,25.08,98.15,0.444,0.444,0.444,alto,True,"baixo desempenho, alta participação",True,
2708105,Santana do Mundaú,AL,Nordeste,97.67,80.0,-17.67,100.0,0.444,0.433,0.444,alto,True,"alto desempenho, alta participação",False,
3555406,Ubatuba,SP,Sudeste,36.64,53.62,16.98,84.38,0.444,0.44,0.444,alto,True,"baixo desempenho, baixa participação",True,
3158904,Santana do Manhuaçu,MG,Sudeste,77.24,80.0,2.76,94.59,0.444,0.444,0.444,alto,True,"desempenho médio, alta participação",False,
4123303,Santa Cruz de Monte Castelo,PR,Sul,59.1,80.0,20.9,89.92,0.444,0.446,0.444,alto,True,"baixo desempenho, alta participação",True,
2401206,Arez,RN,Nordeste,31.22,40.17,8.95,82.32,0.444,0.439,0.444,alto,True,"baixo desempenho, baixa participação",True,
2512804,Riacho dos Cavalos,PB,Nordeste,44.22,72.59,28.37,88.89,0.443,0.446,0.443,alto,True,"baixo desempenho, alta participação",True,
4312807,Nova Araçá,RS,Sul,60.6,80.0,19.4,83.56,0.888,0.443,0.443,alto,True,"baixo desempenho, baixa participação",True,score sem o choque das enchentes de 2024
4218905,Urubici,SC,Sul,76.9,66.62,-10.28,71.07,0.443,0.437,0.443,alto,True,"baixo desempenho, baixa participação",False,
4102208,Atalaia,PR,Sul,88.32,80.0,-8.32,86.27,0.443,0.446,0.443,alto,True,"alto desempenho, alta participação",False,
2933158,Várzea Nova,BA,Nordeste,17.95,47.1,29.15,96.89,0.443,0.444,0.443,alto,True,"baixo desempenho, alta participação",True,
2414159,Tenente Laurentino Cruz,RN,Nordeste,37.18,56.03,18.85,88.14,0.443,0.443,0.443,alto,True,"baixo desempenho, alta participação",True,
3106200,Belo Horizonte,MG,Sudeste,68.58,64.91,-3.67,83.08,0.442,0.428,0.442,alto,True,"desempenho médio, alta participação",False,
5007950,Tacuru,MS,Centro-Oeste,56.62,60.88,4.26,93.5,0.442,0.444,0.442,alto,True,"baixo desempenho, alta participação",False,
2414407,Touros,RN,Nordeste,38.35,40.12,1.77,80.5,0.442,0.432,0.442,alto,True,"baixo desempenho, baixa participação",False,
5106653,Pontal do Araguaia,MT,Centro-Oeste,51.2,72.91,21.71,87.06,0.442,0.447,0.442,alto,True,"baixo desempenho, alta participação",True,
3527801,Lupércio,SP,Sudeste,60.96,63.6,2.64,92.31,0.442,0.449,0.442,alto,True,"desempenho médio, alta participação",False,
4214201,Quilombo,SC,Sul,70.08,71.22,1.14,85.51,0.442,0.436,0.442,alto,True,"desempenho médio, alta participação",False,
2208874,Ribeira do Piauí,PI,Nordeste,54.84,65.01,10.17,100.0,0.442,0.443,0.442,alto,True,"baixo desempenho, alta participação",True,
2100907,Araioses,MA,Nordeste,42.52,63.99,21.47,88.85,0.442,0.44,0.442,alto,True,"baixo desempenho, alta participação",True,
4315602,Rio Grande,RS,Sul,43.2,62.61,19.41,77.41,0.89,0.442,0.442,alto,True,"baixo desempenho, baixa participação",True,score sem o choque das enchentes de 2024
4208401,Itapiranga,SC,Sul,78.16,74.19,-3.97,86.11,0.442,0.43,0.442,alto,True,"desempenho médio, alta participação",False,
1600808,Vitória do Jari,AP,Norte,35.39,43.69,8.3,94.44,0.441,0.437,0.441,alto,True,"baixo desempenho, alta participação",True,
3510906,Cássia dos Coqueiros,SP,Sudeste,75.0,71.28,-3.72,88.89,0.441,0.448,0.441,alto,True,"desempenho médio, alta participação",False,
5006606,Ponta Porã,MS,Centro-Oeste,71.07,65.01,-6.06,96.5,0.441,0.431,0.441,alto,True,"desempenho médio, alta participação",False,
2506103,Fagundes,PB,Nordeste,41.67,66.97,25.3,88.24,0.441,0.442,0.441,alto,True,"baixo desempenho, alta participação",True,
3137536,Lagoa Grande,MG,Sudeste,76.48,80.0,3.52,92.38,0.441,0.44,0.441,alto,True,"desempenho médio, alta participação",False,
4127403,Terra Roxa,PR,Sul,76.19,72.16,-4.03,93.43,0.441,0.435,0.441,alto,True,"desempenho médio, alta participação",False,
2708006,Santana do Ipanema,AL,Nordeste,44.16,48.68,4.52,97.71,0.441,0.434,0.441,alto,True,"baixo desempenho, alta participação",False,
3551504,Serrana,SP,Sudeste,43.97,56.96,12.99,88.67,0.441,0.435,0.441,alto,True,"baixo desempenho, alta participação",True,
4217154,São Miguel da Boa Vista,SC,Sul,84.21,80.0,-4.21,86.36,0.441,0.445,0.441,alto,True,"desempenho médio, alta participação",False,
5007976,Taquarussu,MS,Centro-Oeste,85.45,79.18,-6.27,100.0,0.44,0.444,0.44,alto,True,"alto desempenho, alta participação",False,
2614105,Sertânia,PE,Nordeste,56.65,65.93,9.28,96.49,0.44,0.438,0.44,alto,True,"baixo desempenho, alta participação",True,
4120150,Porto Barreiro,PR,Sul,86.29,80.0,-6.29,90.32,0.44,0.445,0.44,alto,True,"alto desempenho, alta participação",False,
3549508,São José da Bela Vista,SP,Sudeste,50.38,58.14,7.76,91.01,0.44,0.444,0.44,alto,True,"baixo desempenho, alta participação",True,
3553955,Tarumã,SP,Sudeste,91.72,80.0,-11.72,93.2,0.44,0.431,0.44,alto,True,"alto desempenho, alta participação",False,
3167608,Simonésia,MG,Sudeste,68.54,70.23,1.69,82.1,0.44,0.437,0.44,alto,True,"baixo desempenho, baixa participação",False,
3520103,Igarapava,SP,Sudeste,55.6,57.77,2.17,88.56,0.44,0.435,0.44,alto,True,"desempenho médio, alta participação",False,
4301651,Barão,RS,Sul,53.5,80.0,26.5,84.21,0.886,0.44,0.44,alto,True,"baixo desempenho, baixa participação",True,score sem o choque das enchentes de 2024
4311304,Lagoa Vermelha,RS,Sul,54.6,67.18,12.58,86.09,0.891,0.44,0.44,alto,True,"baixo desempenho, alta participação",True,score sem o choque das enchentes de 2024
2800605,Barra dos Coqueiros,SE,Nordeste,28.04,37.7,9.66,85.27,0.44,0.433,0.44,alto,True,"baixo desempenho, alta participação",True,
4302709,Butiá,RS,Sul,44.8,60.63,15.83,75.8,0.888,0.44,0.44,alto,True,"baixo desempenho, baixa participação",True,score sem o choque das enchentes de 2024
2702900,Girau do Ponciano,AL,Nordeste,39.96,49.42,9.46,94.27,0.44,0.434,0.44,alto,True,"baixo desempenho, alta participação",True,
2804201,Monte Alegre de Sergipe,SE,Nordeste,35.07,40.19,5.12,96.02,0.439,0.438,0.439,alto,True,"baixo desempenho, alta participação",False,
2900900,Almadina,BA,Nordeste,23.91,45.78,21.87,97.87,0.439,0.446,0.439,alto,True,"baixo desempenho, alta participação",True,
4111803,Jacarezinho,PR,Sul,47.68,63.25,15.57,78.21,0.439,0.434,0.439,alto,True,"baixo desempenho, baixa participação",True,
2210706,Simões,PI,Nordeste,86.03,72.14,-13.89,94.2,0.439,0.428,0.439,alto,True,"alto desempenho, alta participação",False,
3538907,Pirajuí,SP,Sudeste,46.03,62.15,16.12,90.06,0.438,0.437,0.438,alto,True,"baixo desempenho, alta participação",True,
4103404,Cafeara,PR,Sul,63.42,80.0,16.58,91.67,0.438,0.448,0.438,alto,True,"baixo desempenho, alta participação",True,
2402808,Coronel Ezequiel,RN,Nordeste,32.68,53.15,20.47,88.89,0.438,0.442,0.438,alto,True,"baixo desempenho, alta participação",True,
3519055,Holambra,SP,Sudeste,62.59,65.4,2.81,92.26,0.438,0.433,0.438,alto,True,"desempenho médio, alta participação",False,
5004700,Ivinhema,MS,Centro-Oeste,68.78,67.71,-1.07,94.74,0.438,0.432,0.438,alto,True,"desempenho médio, alta participação",False,
2602803,Buíque,PE,Nordeste,55.5,61.51,6.01,96.58,0.438,0.437,0.438,alto,True,"baixo desempenho, alta participação",False,
1702901,Axixá do Tocantins,TO,Norte,40.2,45.08,4.88,86.61,0.438,0.435,0.438,alto,True,"baixo desempenho, alta participação",False,
4309209,Gravataí,RS,Sul,41.0,68.91,27.91,77.25,0.889,0.438,0.438,alto,True,"baixo desempenho, baixa participação",True,score sem o choque das enchentes de 2024
2103554,Conceição do Lago-Açu,MA,Nordeste,54.26,55.49,1.23,90.86,0.438,0.44,0.438,alto,True,"desempenho médio, alta participação",False,
3511102,Catanduva,SP,Sudeste,70.27,62.74,-7.53,91.03,0.437,0.434,0.437,alto,True,"alto desempenho, alta participação",False,
3108602,Brasília de Minas,MG,Sudeste,76.32,76.55,0.23,90.48,0.437,0.431,0.437,alto,True,"desempenho médio, alta participação",False,
2901908,Aporá,BA,Nordeste,16.52,33.23,16.71,96.64,0.437,0.437,0.437,alto,True,"baixo desempenho, alta participação",True,
2108504,Pindaré-Mirim,MA,Nordeste,51.09,53.35,2.26,90.27,0.437,0.436,0.437,alto,True,"baixo desempenho, alta participação",False,
3520707,Indiaporã,SP,Sudeste,78.96,71.51,-7.45,92.68,0.437,0.442,0.437,alto,True,"alto desempenho, alta participação",False,
5107875,Sapezal,MT,Centro-Oeste,84.38,72.97,-11.41,79.28,0.436,0.422,0.436,alto,True,"alto desempenho, alta participação",False,
2207603,Parnaguá,PI,Nordeste,47.35,71.58,24.23,94.35,0.436,0.436,0.436,alto,True,"baixo desempenho, alta participação",True,
2110401,São Benedito do Rio Preto,MA,Nordeste,38.29,57.56,19.27,80.62,0.436,0.441,0.436,alto,True,"baixo desempenho, baixa participação",True,
4122008,Rio Azul,PR,Sul,89.22,80.0,-9.22,96.91,0.436,0.429,0.436,alto,True,"alto desempenho, alta participação",False,
4308508,Frederico Westphalen,RS,Sul,53.8,68.64,14.84,88.46,0.889,0.436,0.436,alto,True,"baixo desempenho, alta participação",True,score sem o choque das enchentes de 2024
4215505,Santa Cecília,SC,Sul,57.41,70.72,13.31,89.15,0.435,0.428,0.435,alto,True,"baixo desempenho, alta participação",True,
5005400,Maracaju,MS,Centro-Oeste,46.55,53.12,6.57,83.83,0.435,0.427,0.435,alto,True,"baixo desempenho, baixa participação",False,
3513603,Cunha,SP,Sudeste,58.09,59.73,1.64,93.1,0.435,0.434,0.435,alto,True,"desempenho médio, alta participação",False,
2611533,Quixaba,PE,Nordeste,87.04,80.0,-7.04,95.35,0.435,0.438,0.435,alto,True,"alto desempenho, alta participação",False,
3500303,Aguaí,SP,Sudeste,58.41,57.7,-0.71,87.64,0.435,0.428,0.435,alto,True,"desempenho médio, alta participação",False,
2405801,João Câmara,RN,Nordeste,35.88,38.1,2.22,80.06,0.435,0.424,0.435,alto,True,"baixo desempenho, baixa participação",False,
3557105,Votuporanga,SP,Sudeste,61.66,59.57,-2.09,94.05,0.434,0.425,0.434,alto,True,"desempenho médio, alta participação",False,
2603900,Carnaíba,PE,Nordeste,92.5,80.0,-12.5,98.82,0.434,0.429,0.434,alto,True,"alto desempenho, alta participação",False,
2208650,Queimada Nova,PI,Nordeste,67.42,66.65,-0.77,100.0,0.434,0.43,0.434,alto,True,"desempenho médio, alta participação",False,
3525854,Jumirim,SP,Sudeste,50.81,77.47,26.66,89.13,0.434,0.444,0.434,alto,True,"baixo desempenho, alta participação",True,
4125357,São Jorge do Patrocínio,PR,Sul,90.23,76.05,-14.18,89.87,0.434,0.436,0.434,alto,True,"alto desempenho, alta participação",False,
4317756,Santo Antônio do Planalto,RS,Sul,77.2,77.99,0.79,95.65,0.883,0.434,0.434,alto,True,"desempenho médio, alta participação",False,score sem o choque das enchentes de 2024
4108320,Francisco Alves,PR,Sul,80.22,72.27,-7.95,84.75,0.434,0.436,0.434,alto,True,"alto desempenho, alta participação",False,
4311601,Liberato Salzano,RS,Sul,73.9,75.34,1.44,95.0,0.885,0.434,0.434,alto,True,"desempenho médio, alta participação",False,score sem o choque das enchentes de 2024
2413409,Serra Negra do Norte,RN,Nordeste,31.59,41.16,9.57,85.71,0.434,0.434,0.434,alto,True,"baixo desempenho, alta participação",True,
3121704,Diogo de Vasconcelos,MG,Sudeste,76.25,78.88,2.63,94.59,0.434,0.442,0.434,alto,True,"desempenho médio, alta participação",False,
3539707,Platina,SP,Sudeste,84.61,74.09,-10.52,90.7,0.434,0.438,0.434,alto,True,"alto desempenho, alta participação",False,
3535200,Palmeira d'Oeste,SP,Sudeste,83.91,71.53,-12.38,95.0,0.434,0.432,0.434,alto,True,"alto desempenho, alta participação",False,
2505402,Desterro,PB,Nordeste,45.8,63.76,17.96,95.65,0.433,0.435,0.433,alto,True,"baixo desempenho, alta participação",True,
3121803,Dionísio,MG,Sudeste,72.13,80.0,7.87,100.0,0.433,0.435,0.433,alto,True,"desempenho médio, alta participação",True,
2411700,São Bento do Trairí,RN,Nordeste,33.62,47.54,13.92,87.5,0.432,0.437,0.432,alto,True,"baixo desempenho, alta participação",True,
2611804,Ribeirão,PE,Nordeste,65.68,67.54,1.86,99.1,0.432,0.426,0.432,alto,True,"desempenho médio, alta participação",False,
1100700,Campo Novo de Rondônia,RO,Norte,71.94,66.05,-5.89,92.09,0.432,0.429,0.432,alto,True,"desempenho médio, alta participação",False,
3518305,Guararema,SP,Sudeste,76.97,69.64,-7.33,91.89,0.432,0.423,0.432,alto,True,"alto desempenho, alta participação",False,
4311908,Marcelino Ramos,RS,Sul,77.7,75.3,-2.4,91.18,0.884,0.432,0.432,alto,True,"desempenho médio, alta participação",False,score sem o choque das enchentes de 2024
4121604,Renascença,PR,Sul,82.55,73.69,-8.86,86.32,0.432,0.432,0.432,alto,True,"alto desempenho, alta participação",False,
4216701,São José do Cedro,SC,Sul,82.26,77.46,-4.8,89.83,0.431,0.421,0.431,alto,True,"desempenho médio, alta participação",False,
4115457,Marquinho,PR,Sul,82.18,75.82,-6.36,94.81,0.431,0.436,0.431,alto,True,"alto desempenho, alta participação",False,
1507474,São João de Pirabas,PA,Norte,40.76,44.66,3.9,92.5,0.431,0.432,0.431,alto,True,"baixo desempenho, alta participação",False,
4207650,Iporã do Oeste,SC,Sul,92.28,80.0,-12.28,93.33,0.431,0.422,0.431,alto,True,"alto desempenho, alta participação",False,
2613008,São Bento do Una,PE,Nordeste,64.03,63.76,-0.27,96.49,0.431,0.427,0.431,alto,True,"desempenho médio, alta participação",False,
2803203,Itaporanga d'Ajuda,SE,Nordeste,39.49,39.77,0.28,88.41,0.431,0.423,0.431,alto,True,"baixo desempenho, alta participação",False,
3144904,Nova Módica,MG,Sudeste,89.37,80.0,-9.37,82.61,0.43,0.437,0.43,alto,True,"alto desempenho, alta participação",False,
3108552,Brasilândia de Minas,MG,Sudeste,76.71,77.71,1.0,91.56,0.43,0.426,0.43,alto,True,"desempenho médio, alta participação",False,
3162302,São João da Mata,MG,Sudeste,72.0,78.68,6.68,100.0,0.43,0.44,0.43,alto,True,"desempenho médio, alta participação",False,
2402402,Carnaúba dos Dantas,RN,Nordeste,29.88,70.15,40.27,82.86,0.43,0.431,0.43,alto,True,"baixo desempenho, alta participação",True,
2803104,Itabi,SE,Nordeste,33.65,34.9,1.25,83.33,0.43,0.438,0.43,alto,True,"baixo desempenho, baixa participação",False,
2406304,Lagoa de Pedras,RN,Nordeste,28.89,58.2,29.31,77.78,0.43,0.432,0.43,alto,True,"baixo desempenho, baixa participação",True,
3545704,Santa Albertina,SP,Sudeste,58.21,70.21,12.0,97.01,0.43,0.434,0.43,alto,True,"baixo desempenho, alta participação",True,
2500734,Amparo,PB,Nordeste,41.89,80.0,38.11,93.55,0.43,0.442,0.43,alto,True,"baixo desempenho, alta participação",True,
4205159,Doutor Pedrinho,SC,Sul,79.1,79.25,0.15,95.0,0.43,0.428,0.43,alto,True,"desempenho médio, alta participação",False,
4117271,Nova Tebas,PR,Sul,84.88,80.0,-4.88,95.35,0.43,0.431,0.43,alto,True,"alto desempenho, alta participação",False,
4200903,Angelina,SC,Sul,90.0,80.0,-10.0,90.91,0.43,0.426,0.43,alto,True,"alto desempenho, alta participação",False,
3147006,Paracatu,MG,Sudeste,63.56,70.27,6.71,89.62,0.429,0.419,0.429,alto,True,"desempenho médio, alta participação",False,
1700707,Alvorada,TO,Norte,72.02,58.3,-13.72,86.61,0.429,0.42,0.429,alto,True,"alto desempenho, alta participação",False,
5108055,Terra Nova do Norte,MT,Centro-Oeste,61.14,65.65,4.51,92.18,0.429,0.428,0.429,alto,True,"desempenho médio, alta participação",False,
4210555,Marema,SC,Sul,75.96,76.69,0.73,86.96,0.429,0.434,0.429,alto,True,"desempenho médio, alta participação",False,
5008305,Três Lagoas,MS,Centro-Oeste,82.99,73.04,-9.95,99.63,0.429,0.422,0.429,alto,True,"alto desempenho, alta participação",False,
4218301,Três Barras,SC,Sul,47.98,59.64,11.66,70.97,0.428,0.421,0.428,alto,True,"baixo desempenho, baixa participação",True,
2613305,São Joaquim do Monte,PE,Nordeste,72.13,72.13,0.0,99.57,0.428,0.427,0.428,alto,True,"desempenho médio, alta participação",False,
3112208,Capela Nova,MG,Sudeste,77.37,80.0,2.63,91.18,0.428,0.434,0.428,alto,True,"desempenho médio, alta participação",False,
2508208,Lagoa de Dentro,PB,Nordeste,42.8,71.54,28.74,85.0,0.428,0.431,0.428,alto,True,"baixo desempenho, alta participação",True,
2508000,Juru,PB,Nordeste,47.76,70.5,22.74,96.47,0.428,0.429,0.428,alto,True,"baixo desempenho, alta participação",True,
4210605,Massaranduba,SC,Sul,77.07,73.79,-3.28,88.83,0.428,0.417,0.428,alto,True,"desempenho médio, alta participação",False,
3157203,Santa Bárbara,MG,Sudeste,66.55,73.07,6.52,90.94,0.428,0.42,0.428,alto,True,"desempenho médio, alta participação",False,
4318705,São Leopoldo,RS,Sul,37.2,64.51,27.31,71.7,0.884,0.428,0.428,alto,True,"baixo desempenho, baixa participação",True,score sem o choque das enchentes de 2024
4123402,Santa Fé,PR,Sul,64.71,65.62,0.91,86.99,0.427,0.428,0.427,alto,True,"desempenho médio, alta participação",False,
4219853,Zortéa,SC,Sul,57.58,69.85,12.27,83.33,0.427,0.432,0.427,alto,True,"baixo desempenho, baixa participação",True,
2607752,Itapissuma,PE,Nordeste,82.95,78.37,-4.58,97.51,0.427,0.418,0.427,alto,True,"desempenho médio, alta participação",False,
3162005,São Gonçalo do Sapucaí,MG,Sudeste,76.14,77.38,1.24,93.25,0.427,0.42,0.427,alto,True,"desempenho médio, alta participação",False,
4312658,Não-Me-Toque,RS,Sul,58.2,70.55,12.35,86.43,0.886,0.427,0.427,alto,True,"baixo desempenho, alta participação",True,score sem o choque das enchentes de 2024
2601805,Betânia,PE,Nordeste,76.97,73.43,-3.54,98.92,0.427,0.428,0.427,alto,True,"desempenho médio, alta participação",False,
4305116,Centenário,RS,Sul,75.0,75.89,0.89,100.0,0.88,0.427,0.427,alto,True,"desempenho médio, alta participação",False,score sem o choque das enchentes de 2024
4113908,Mallet,PR,Sul,87.79,80.0,-7.79,98.26,0.427,0.42,0.427,alto,True,"alto desempenho, alta participação",False,
4217709,Sombrio,SC,Sul,49.72,69.76,20.04,76.59,0.427,0.418,0.427,alto,True,"baixo desempenho, baixa participação",True,
4102752,Bela Vista da Caroba,PR,Sul,88.13,77.78,-10.35,91.11,0.426,0.432,0.426,alto,True,"alto desempenho, alta participação",False,
2502151,Boa Vista,PB,Nordeste,49.49,72.18,22.69,91.25,0.426,0.426,0.426,alto,True,"baixo desempenho, alta participação",True,
2502300,Bom Sucesso,PB,Nordeste,45.24,70.07,24.83,86.36,0.426,0.432,0.426,alto,True,"baixo desempenho, alta participação",True,
5003207,Corumbá,MS,Centro-Oeste,38.3,53.78,15.48,82.02,0.426,0.43,0.426,alto,True,"baixo desempenho, baixa participação",True,
3548005,Santo Antônio de Posse,SP,Sudeste,62.07,62.69,0.62,90.25,0.426,0.42,0.426,alto,True,"desempenho médio, alta participação",False,
3154101,Recreio,MG,Sudeste,64.51,74.59,10.08,88.89,0.426,0.428,0.426,alto,True,"baixo desempenho, alta participação",True,
3120870,Curral de Dentro,MG,Sudeste,80.36,79.47,-0.89,95.33,0.426,0.428,0.426,alto,True,"desempenho médio, alta participação",False,
1702158,Araguanã,TO,Norte,37.81,50.95,13.14,91.3,0.425,0.426,0.425,alto,True,"baixo desempenho, alta participação",True,
5107768,Santa Rita do Trivelato,MT,Centro-Oeste,62.63,69.66,7.03,85.86,0.425,0.426,0.425,alto,True,"baixo desempenho, baixa participação",False,
4214300,Rancho Queimado,SC,Sul,80.38,74.97,-5.41,87.1,0.425,0.426,0.425,alto,True,"desempenho médio, alta participação",False,
4217006,São Ludgero,SC,Sul,68.64,70.37,1.73,87.5,0.425,0.416,0.425,alto,True,"desempenho médio, alta participação",False,
3529807,Mineiros do Tietê,SP,Sudeste,68.18,56.82,-11.36,76.98,0.425,0.426,0.425,alto,True,"baixo desempenho, baixa participação",False,
4124905,São João do Caiuá,PR,Sul,93.06,80.0,-13.06,93.55,0.425,0.426,0.425,alto,True,"alto desempenho, alta participação",False,
3536802,Pedra Bela,SP,Sudeste,47.19,53.43,6.24,83.67,0.425,0.433,0.425,alto,True,"baixo desempenho, baixa participação",False,
3156601,Rubim,MG,Sudeste,63.6,80.0,16.4,91.04,0.425,0.428,0.425,alto,True,"baixo desempenho, alta participação",True,
3117702,Conceição do Rio Verde,MG,Sudeste,78.17,80.0,1.83,96.27,0.425,0.421,0.425,alto,True,"desempenho médio, alta participação",False,
3142403,Moema,MG,Sudeste,81.94,80.0,-1.94,90.91,0.425,0.426,0.425,alto,True,"desempenho médio, alta participação",False,
3113503,Carbonita,MG,Sudeste,70.78,69.51,-1.27,78.18,0.425,0.426,0.425,alto,True,"baixo desempenho, baixa participação",False,
3540101,Pongaí,SP,Sudeste,91.45,80.0,-11.45,84.62,0.424,0.428,0.424,alto,True,"alto desempenho, alta participação",False,
1300680,Boa Vista do Ramos,AM,Norte,31.41,41.46,10.05,86.98,0.424,0.425,0.424,alto,True,"baixo desempenho, alta participação",True,
4123600,Santa Inês,PR,Sul,100.0,80.0,-20.0,88.24,0.424,0.434,0.424,alto,True,"alto desempenho, alta participação",False,
3509007,Caieiras,SP,Sudeste,52.21,55.49,3.28,93.8,0.424,0.425,0.424,alto,True,"baixo desempenho, alta participação",False,
2504850,Coxixola,PB,Nordeste,93.33,76.51,-16.82,100.0,0.424,0.429,0.424,alto,True,"alto desempenho, alta participação",False,
3520202,Igaratá,SP,Sudeste,50.61,67.46,16.85,90.28,0.424,0.427,0.424,alto,True,"baixo desempenho, alta participação",True,
2919009,Lajedinho,BA,Nordeste,21.21,59.77,38.56,94.29,0.424,0.433,0.424,alto,True,"baixo desempenho, alta participação",True,
4120655,Quarto Centenário,PR,Sul,61.75,79.91,18.16,88.1,0.424,0.429,0.424,alto,True,"baixo desempenho, alta participação",True,
1710508,Itacajá,TO,Norte,41.1,66.81,25.71,93.62,0.424,0.421,0.424,alto,True,"baixo desempenho, alta participação",True,
3527108,Lins,SP,Sudeste,92.23,76.0,-16.23,91.94,0.424,0.409,0.424,alto,True,"alto desempenho, alta participação",False,
3302858,Mesquita,RJ,Sudeste,35.09,51.02,15.93,83.93,0.424,0.43,0.424,alto,True,"baixo desempenho, baixa participação",True,
1501600,Bonito,PA,Norte,32.2,50.41,18.21,80.37,0.423,0.426,0.423,alto,True,"baixo desempenho, baixa participação",True,
2601508,Belém de Maria,PE,Nordeste,79.67,73.96,-5.71,100.0,0.423,0.424,0.423,alto,True,"alto desempenho, alta participação",False,
2702553,Estrela de Alagoas,AL,Nordeste,36.15,48.49,12.34,91.95,0.423,0.425,0.423,alto,True,"baixo desempenho, alta participação",True,
3128501,Guarará,MG,Sudeste,72.73,80.0,7.27,100.0,0.423,0.431,0.423,alto,True,"desempenho médio, alta participação",True,
3165537,Sarzedo,MG,Sudeste,82.39,80.0,-2.39,90.48,0.423,0.412,0.423,alto,True,"desempenho médio, alta participação",False,
1717909,Ponte Alta do Tocantins,TO,Norte,30.99,58.11,27.12,83.19,0.423,0.423,0.423,alto,True,"baixo desempenho, alta participação",True,
3523107,Itaquaquecetuba,SP,Sudeste,57.19,54.84,-2.35,92.73,0.423,0.415,0.423,alto,True,"desempenho médio, alta participação",False,
3543105,Ribeirão Corrente,SP,Sudeste,74.51,74.4,-0.11,95.16,0.422,0.424,0.422,alto,True,"desempenho médio, alta participação",False,
3100906,Águas Formosas,MG,Sudeste,69.23,71.23,2.0,92.86,0.422,0.419,0.422,alto,True,"desempenho médio, alta participação",False,
3149705,Perdigão,MG,Sudeste,80.71,80.0,-0.71,90.36,0.422,0.42,0.422,alto,True,"desempenho médio, alta participação",False,
2612554,Santa Filomena,PE,Nordeste,53.14,65.78,12.64,91.84,0.422,0.426,0.422,alto,True,"baixo desempenho, alta participação",True,
2616209,Vertentes,PE,Nordeste,56.85,63.2,6.35,95.45,0.422,0.423,0.422,alto,True,"baixo desempenho, alta participação",False,
2412401,São José do Seridó,RN,Nordeste,56.41,49.86,-6.55,90.0,0.422,0.422,0.422,alto,True,"desempenho médio, alta participação",False,
2201770,Boa Hora,PI,Nordeste,47.16,65.66,18.5,95.74,0.422,0.425,0.422,alto,True,"baixo desempenho, alta participação",True,
4124004,Santana do Itararé,PR,Sul,54.43,78.78,24.35,84.62,0.422,0.429,0.422,alto,True,"baixo desempenho, baixa participação",True,
1718840,Sandolândia,TO,Norte,53.5,56.78,3.28,91.84,0.422,0.422,0.422,alto,True,"baixo desempenho, alta participação",False,
2509156,Marizópolis,PB,Nordeste,98.16,80.0,-18.16,96.49,0.422,0.416,0.422,alto,True,"alto desempenho, alta participação",False,
3164308,São Roque de Minas,MG,Sudeste,77.02,73.91,-3.11,78.43,0.422,0.423,0.422,alto,True,"baixo desempenho, baixa participação",False,
2801108,Canhoba,SE,Nordeste,64.29,56.6,-7.69,100.0,0.422,0.424,0.422,alto,True,"alto desempenho, alta participação",False,
2102705,Cantanhede,MA,Nordeste,70.83,61.85,-8.98,94.12,0.421,0.421,0.421,alto,True,"alto desempenho, alta participação",False,
4127007,Teixeira Soares,PR,Sul,88.2,78.1,-10.1,95.1,0.421,0.416,0.421,alto,True,"alto desempenho, alta participação",False,
4111258,Itaperuçu,PR,Sul,52.37,64.13,11.76,89.88,0.421,0.418,0.421,alto,True,"baixo desempenho, alta participação",True,
2100600,Amarante do Maranhão,MA,Nordeste,41.33,56.73,15.4,88.29,0.421,0.42,0.421,alto,True,"baixo desempenho, alta participação",True,
5104526,Ipiranga do Norte,MT,Centro-Oeste,59.46,67.71,8.25,88.69,0.421,0.417,0.421,alto,True,"baixo desempenho, alta participação",True,
2604403,Chã de Alegria,PE,Nordeste,63.28,68.48,5.2,100.0,0.421,0.422,0.421,alto,True,"desempenho médio, alta participação",False,
2111706,São Vicente Ferrer,MA,Nordeste,76.82,67.18,-9.64,97.3,0.421,0.419,0.421,alto,True,"alto desempenho, alta participação",False,
2804607,Nossa Senhora das Dores,SE,Nordeste,28.39,47.02,18.63,96.08,0.421,0.418,0.421,alto,True,"baixo desempenho, alta participação",True,
4124202,Santo Antônio do Caiuá,PR,Sul,88.04,80.0,-8.04,97.14,0.421,0.428,0.421,alto,True,"alto desempenho, alta participação",False,
4200804,Anchieta,SC,Sul,91.81,78.25,-13.56,82.46,0.421,0.416,0.421,alto,True,"alto desempenho, alta participação",False,
4310439,Ipê,RS,Sul,60.7,80.0,19.3,90.7,0.879,0.42,0.42,alto,True,"baixo desempenho, alta participação",True,score sem o choque das enchentes de 2024
1504406,Marapanim,PA,Norte,45.42,43.72,-1.7,86.7,0.42,0.419,0.42,alto,True,"baixo desempenho, baixa participação",False,
3507456,Borebi,SP,Sudeste,53.42,67.24,13.82,94.55,0.42,0.432,0.42,alto,True,"baixo desempenho, alta participação",True,
4316907,Santa Maria,RS,Sul,39.7,70.02,30.32,77.89,0.882,0.42,0.42,alto,True,"baixo desempenho, baixa participação",True,score sem o choque das enchentes de 2024
4305108,Caxias do Sul,RS,Sul,43.2,72.56,29.36,82.63,0.884,0.42,0.42,alto,True,"baixo desempenho, baixa participação",True,score sem o choque das enchentes de 2024
3506359,Bertioga,SP,Sudeste,69.58,62.95,-6.63,91.71,0.42,0.412,0.42,alto,True,"desempenho médio, alta participação",False,
1720655,Silvanópolis,TO,Norte,37.39,48.64,11.25,85.23,0.42,0.419,0.42,alto,True,"baixo desempenho, alta participação",True,
2602902,Cabo de Santo Agostinho,PE,Nordeste,50.72,63.25,12.53,91.65,0.42,0.417,0.42,alto,True,"baixo desempenho, alta participação",True,
5002407,Caarapó,MS,Centro-Oeste,66.23,61.77,-4.46,85.21,0.42,0.413,0.42,alto,True,"desempenho médio, alta participação",False,
2502508,Boqueirão,PB,Nordeste,37.65,51.16,13.51,83.33,0.42,0.417,0.42,alto,True,"baixo desempenho, baixa participação",True,
3502754,Araçariguama,SP,Sudeste,54.04,59.86,5.82,90.04,0.419,0.412,0.419,alto,True,"baixo desempenho, alta participação",False,
3162906,São João Nepomuceno,MG,Sudeste,69.83,72.16,2.33,88.36,0.418,0.414,0.418,alto,True,"desempenho médio, alta participação",False,
3513207,Cristais Paulista,SP,Sudeste,49.46,59.75,10.29,91.84,0.418,0.422,0.418,alto,True,"baixo desempenho, alta participação",True,
2510907,Paulista,PB,Nordeste,40.28,67.74,27.46,85.71,0.418,0.418,0.418,alto,True,"baixo desempenho, alta participação",True,
3536406,Paulicéia,SP,Sudeste,75.86,71.29,-4.57,95.73,0.418,0.419,0.418,alto,True,"desempenho médio, alta participação",False,
4208005,Itá,SC,Sul,77.62,72.5,-5.12,80.58,0.418,0.414,0.418,alto,True,"desempenho médio, alta participação",False,
3302452,Macuco,RJ,Sudeste,77.99,68.9,-9.09,92.11,0.418,0.424,0.418,alto,True,"alto desempenho, alta participação",False,
1502608,Colares,PA,Norte,37.22,62.76,25.54,94.17,0.418,0.422,0.418,alto,True,"baixo desempenho, alta participação",True,
4308607,Garibaldi,RS,Sul,54.4,76.1,21.7,87.13,0.883,0.418,0.418,alto,True,"baixo desempenho, alta participação",True,score sem o choque das enchentes de 2024
3553500,Tapiraí,SP,Sudeste,57.45,62.29,4.84,98.1,0.417,0.421,0.417,alto,True,"baixo desempenho, alta participação",False,
1507508,São João do Araguaia,PA,Norte,35.42,47.76,12.34,89.55,0.417,0.42,0.417,alto,True,"baixo desempenho, alta participação",True,
5107701,Rosário Oeste,MT,Centro-Oeste,56.37,62.26,5.89,88.39,0.417,0.413,0.417,alto,True,"baixo desempenho, alta participação",False,
3504008,Assis,SP,Sudeste,54.85,55.12,0.27,90.62,0.417,0.418,0.417,alto,True,"desempenho médio, alta participação",False,
3500501,Águas de Lindóia,SP,Sudeste,43.65,67.42,23.77,87.69,0.417,0.417,0.417,alto,True,"baixo desempenho, alta participação",True,
1100056,Cerejeiras,RO,Norte,66.81,65.53,-1.28,96.44,0.417,0.412,0.417,alto,True,"desempenho médio, alta participação",False,
2601904,Bezerros,PE,Nordeste,56.84,60.78,3.94,95.48,0.417,0.415,0.417,alto,True,"baixo desempenho, alta participação",False,
2209500,Santo Inácio do Piauí,PI,Nordeste,85.37,75.43,-9.94,100.0,0.417,0.418,0.417,alto,True,"alto desempenho, alta participação",False,
3531902,Morro Agudo,SP,Sudeste,45.3,63.3,18.0,87.46,0.417,0.413,0.417,alto,True,"baixo desempenho, alta participação",True,
1600402,Mazagão,AP,Norte,44.22,44.27,0.05,88.07,0.417,0.41,0.417,alto,True,"baixo desempenho, alta participação",False,
4126405,Sertaneja,PR,Sul,90.98,80.0,-10.98,87.84,0.417,0.416,0.417,alto,True,"alto desempenho, alta participação",False,
4307450,Esperança do Sul,RS,Sul,80.1,80.0,-0.1,97.22,0.876,0.417,0.417,alto,True,"desempenho médio, alta participação",False,score sem o choque das enchentes de 2024
2800209,Aquidabã,SE,Nordeste,20.53,37.01,16.48,88.78,0.416,0.417,0.416,alto,True,"baixo desempenho, alta participação",True,
3137601,Lagoa Santa,MG,Sudeste,72.24,67.63,-4.61,79.28,0.416,0.41,0.416,alto,True,"baixo desempenho, baixa participação",False,
4106555,Corumbataí do Sul,PR,Sul,87.98,80.0,-7.98,96.67,0.416,0.422,0.416,alto,True,"alto desempenho, alta participação",False,
3552007,Silveiras,SP,Sudeste,47.27,56.9,9.63,93.33,0.416,0.424,0.416,alto,True,"baixo desempenho, alta participação",True,
5107958,Tangará da Serra,MT,Centro-Oeste,58.95,58.88,-0.07,87.52,0.416,0.413,0.416,alto,True,"desempenho médio, alta participação",False,
2100105,Afonso Cunha,MA,Nordeste,93.1,74.56,-18.54,100.0,0.416,0.418,0.416,alto,True,"alto desempenho, alta participação",False,
4315404,Redentora,RS,Sul,60.0,80.0,20.0,96.0,0.878,0.416,0.416,alto,True,"baixo desempenho, alta participação",True,score sem o choque das enchentes de 2024
4203154,Calmon,SC,Sul,57.9,68.46,10.56,80.65,0.415,0.42,0.415,alto,True,"baixo desempenho, baixa participação",True,
5100508,Alto Paraguai,MT,Centro-Oeste,52.43,71.51,19.08,86.9,0.415,0.416,0.415,alto,True,"baixo desempenho, alta participação",True,
2700904,Belo Monte,AL,Nordeste,98.82,80.0,-18.82,98.9,0.415,0.41,0.415,alto,True,"alto desempenho, alta participação",False,
4205506,Fraiburgo,SC,Sul,77.72,70.84,-6.88,85.38,0.415,0.4,0.415,alto,True,"desempenho médio, alta participação",False,
2113009,Vitorino Freire,MA,Nordeste,73.1,60.49,-12.61,88.36,0.415,0.411,0.415,alto,True,"alto desempenho, alta participação",False,
2516409,Tacima,PB,Nordeste,77.72,63.79,-13.93,90.0,0.415,0.411,0.415,alto,True,"alto desempenho, alta participação",False,
4321907,Três Passos,RS,Sul,57.0,80.0,23.0,92.18,0.88,0.415,0.415,alto,True,"baixo desempenho, alta participação",True,score sem o choque das enchentes de 2024
3141405,Medina,MG,Sudeste,65.7,73.31,7.61,95.29,0.414,0.413,0.414,alto,True,"desempenho médio, alta participação",True,
3104700,Ataléia,MG,Sudeste,66.4,71.21,4.81,88.0,0.414,0.414,0.414,alto,True,"desempenho médio, alta participação",False,
2807105,Simão Dias,SE,Nordeste,30.35,47.41,17.06,96.3,0.414,0.407,0.414,alto,True,"baixo desempenho, alta participação",True,
2604502,Chã Grande,PE,Nordeste,58.51,63.39,4.88,95.7,0.414,0.414,0.414,alto,True,"baixo desempenho, alta participação",False,
2516102,Soledade,PB,Nordeste,47.26,47.67,0.41,78.72,0.414,0.411,0.414,alto,True,"baixo desempenho, baixa participação",False,
4123105,Santa Amélia,PR,Sul,91.5,80.0,-11.5,92.11,0.414,0.418,0.414,alto,True,"alto desempenho, alta participação",False,
1300607,Benjamin Constant,AM,Norte,34.3,42.28,7.98,95.82,0.413,0.408,0.413,alto,True,"baixo desempenho, alta participação",True,
2600401,Água Preta,PE,Nordeste,55.57,67.26,11.69,94.57,0.413,0.411,0.413,alto,True,"baixo desempenho, alta participação",True,
3123858,Entre Folhas,MG,Sudeste,77.45,79.04,1.59,93.94,0.413,0.418,0.413,alto,True,"desempenho médio, alta participação",False,
2111789,Serrano do Maranhão,MA,Nordeste,53.62,71.79,18.17,93.67,0.413,0.418,0.413,alto,True,"baixo desempenho, alta participação",True,
1303908,São Paulo de Olivença,AM,Norte,32.06,47.36,15.3,93.95,0.413,0.408,0.413,alto,True,"baixo desempenho, alta participação",True,
2103208,Chapadinha,MA,Nordeste,41.58,57.77,16.19,95.94,0.413,0.411,0.413,alto,True,"baixo desempenho, alta participação",True,
3300506,Bom Jardim,RJ,Sudeste,66.67,60.07,-6.6,87.98,0.412,0.411,0.412,alto,True,"desempenho médio, alta participação",False,
4309704,Humaitá,RS,Sul,60.8,80.0,19.2,96.08,0.875,0.412,0.412,alto,True,"baixo desempenho, alta participação",True,score sem o choque das enchentes de 2024
4122651,Rosário do Ivaí,PR,Sul,77.0,72.73,-4.27,95.89,0.412,0.417,0.412,alto,True,"desempenho médio, alta participação",False,
4306734,Doutor Maurício Cardoso,RS,Sul,63.3,77.8,14.5,95.35,0.875,0.412,0.412,alto,True,"baixo desempenho, alta participação",True,score sem o choque das enchentes de 2024
1504901,Muaná,PA,Norte,33.63,49.76,16.13,91.78,0.412,0.41,0.412,alto,True,"baixo desempenho, alta participação",True,
4104451,Cantagalo,PR,Sul,71.81,70.26,-1.55,95.34,0.412,0.41,0.412,alto,True,"desempenho médio, alta participação",False,
2100501,Alto Parnaíba,MA,Nordeste,51.99,57.53,5.54,93.41,0.412,0.414,0.412,alto,True,"baixo desempenho, alta participação",False,
3553005,Taguaí,SP,Sudeste,71.38,65.57,-5.81,91.78,0.412,0.409,0.412,alto,True,"desempenho médio, alta participação",False,
2407609,Messias Targino,RN,Nordeste,26.32,32.5,6.18,77.55,0.412,0.418,0.412,alto,True,"baixo desempenho, baixa participação",False,
5104203,Guiratinga,MT,Centro-Oeste,84.49,80.0,-4.49,95.9,0.411,0.402,0.411,alto,True,"desempenho médio, alta participação",False,
4321667,Três Cachoeiras,RS,Sul,53.5,80.0,26.5,91.38,0.876,0.411,0.411,alto,True,"baixo desempenho, alta participação",True,score sem o choque das enchentes de 2024
4127882,Tunas do Paraná,PR,Sul,75.01,68.79,-6.22,89.21,0.411,0.413,0.411,alto,True,"desempenho médio, alta participação",False,
3121407,Desterro de Entre Rios,MG,Sudeste,79.93,80.0,0.07,89.23,0.411,0.411,0.411,alto,True,"desempenho médio, alta participação",False,
3554805,Tremembé,SP,Sudeste,54.73,54.74,0.01,88.64,0.411,0.404,0.411,alto,True,"desempenho médio, alta participação",False,
3119807,Córrego Danta,MG,Sudeste,75.27,80.0,4.73,93.55,0.411,0.417,0.411,alto,True,"desempenho médio, alta participação",False,
3145851,Oratórios,MG,Sudeste,82.24,75.73,-6.51,76.92,0.411,0.416,0.411,alto,True,"baixo desempenho, baixa participação",False,
1600501,Oiapoque,AP,Norte,21.03,41.39,20.36,75.0,0.41,0.407,0.41,alto,True,"baixo desempenho, baixa participação",True,
3139201,Malacacheta,MG,Sudeste,77.47,78.03,0.56,96.88,0.41,0.406,0.41,alto,True,"desempenho médio, alta participação",False,
2804458,Nossa Senhora Aparecida,SE,Nordeste,59.01,51.24,-7.77,95.92,0.41,0.409,0.41,alto,True,"desempenho médio, alta participação",False,
2700607,Barra de São Miguel,AL,Nordeste,39.04,46.28,7.24,91.04,0.409,0.413,0.409,alto,True,"baixo desempenho, alta participação",True,
2912608,Ibiquera,BA,Nordeste,15.62,35.65,20.03,94.12,0.409,0.42,0.409,alto,True,"baixo desempenho, alta participação",True,
5002159,Bodoquena,MS,Centro-Oeste,46.43,56.02,9.59,82.53,0.409,0.415,0.409,alto,True,"baixo desempenho, baixa participação",True,
5000906,Antônio João,MS,Centro-Oeste,56.2,62.54,6.34,93.55,0.409,0.41,0.409,alto,True,"baixo desempenho, alta participação",False,
4110656,Iracema do Oeste,PR,Sul,85.71,80.0,-5.71,96.43,0.409,0.415,0.409,alto,True,"alto desempenho, alta participação",False,
2509503,Montadas,PB,Nordeste,82.33,70.39,-11.94,97.18,0.409,0.407,0.409,alto,True,"alto desempenho, alta participação",False,
2701902,Chã Preta,AL,Nordeste,51.71,55.46,3.75,94.92,0.409,0.411,0.409,alto,True,"baixo desempenho, alta participação",False,
4310579,Itapuca,RS,Sul,76.5,80.0,3.5,100.0,0.872,0.409,0.409,alto,True,"desempenho médio, alta participação",False,score sem o choque das enchentes de 2024
2500577,Algodão de Jandaíra,PB,Nordeste,50.16,55.8,5.64,89.66,0.409,0.418,0.409,alto,True,"baixo desempenho, alta participação",False,
4213153,Planalto Alegre,SC,Sul,90.38,79.69,-10.69,82.05,0.408,0.408,0.408,alto,True,"alto desempenho, alta participação",False,
4218806,Turvo,SC,Sul,69.98,66.0,-3.98,78.1,0.408,0.4,0.408,alto,True,"baixo desempenho, baixa participação",False,
2701605,Canapi,AL,Nordeste,62.21,56.64,-5.57,97.55,0.408,0.405,0.408,alto,True,"desempenho médio, alta participação",False,
5102603,Campinápolis,MT,Centro-Oeste,44.13,51.76,7.63,81.88,0.408,0.407,0.408,alto,True,"baixo desempenho, baixa participação",True,
2503407,Cacimba de Areia,PB,Nordeste,52.5,69.08,16.58,100.0,0.408,0.414,0.408,alto,True,"baixo desempenho, alta participação",True,
1507003,Santo Antônio do Tauá,PA,Norte,31.66,41.06,9.4,85.75,0.408,0.407,0.408,alto,True,"baixo desempenho, alta participação",True,
4202701,Botuverá,SC,Sul,65.2,72.68,7.48,88.37,0.407,0.405,0.407,alto,True,"desempenho médio, alta participação",True,
3164001,São Pedro dos Ferros,MG,Sudeste,68.34,80.0,11.66,96.25,0.407,0.41,0.407,alto,True,"baixo desempenho, alta participação",True,
4306601,Dom Pedrito,RS,Sul,43.7,64.81,21.11,72.53,0.877,0.407,0.407,alto,True,"baixo desempenho, baixa participação",True,score sem o choque das enchentes de 2024
2205508,José de Freitas,PI,Nordeste,42.98,59.65,16.67,97.41,0.407,0.399,0.407,alto,True,"baixo desempenho, alta participação",True,
1500958,Aurora do Pará,PA,Norte,55.54,48.03,-7.51,88.89,0.407,0.403,0.407,alto,True,"desempenho médio, alta participação",False,
3137700,Lajinha,MG,Sudeste,69.27,74.49,5.22,91.67,0.406,0.402,0.406,alto,True,"desempenho médio, alta participação",False,
4125001,São João do Ivaí,PR,Sul,73.17,67.47,-5.7,88.7,0.406,0.406,0.406,alto,True,"desempenho médio, alta participação",False,
4323200,Victor Graeff,RS,Sul,56.3,80.0,23.7,88.89,0.87,0.406,0.406,alto,True,"baixo desempenho, alta participação",True,score sem o choque das enchentes de 2024
2800704,Brejo Grande,SE,Nordeste,34.6,42.44,7.84,97.89,0.406,0.409,0.406,alto,True,"baixo desempenho, alta participação",True,
3514700,Echaporã,SP,Sudeste,95.07,78.49,-16.58,94.32,0.406,0.405,0.406,alto,True,"alto desempenho, alta participação",False,
3158409,Santana de Cataguases,MG,Sudeste,73.26,80.0,6.74,95.83,0.405,0.412,0.405,alto,True,"desempenho médio, alta participação",False,
4207908,Irineópolis,SC,Sul,79.25,74.35,-4.9,88.97,0.405,0.397,0.405,alto,True,"desempenho médio, alta participação",False,
5108204,Torixoréu,MT,Centro-Oeste,88.61,80.0,-8.61,87.5,0.405,0.405,0.405,alto,True,"alto desempenho, alta participação",False,
5208707,Goiânia,GO,Centro-Oeste,69.49,70.84,1.35,86.46,0.405,0.395,0.405,alto,True,"desempenho médio, alta participação",False,
2702355,Craíbas,AL,Nordeste,67.43,56.78,-10.65,93.21,0.405,0.399,0.405,alto,True,"alto desempenho, alta participação",False,
2609154,Manari,PE,Nordeste,52.89,64.43,11.54,94.05,0.405,0.407,0.405,alto,True,"baixo desempenho, alta participação",True,
3128402,Guarani,MG,Sudeste,77.84,80.0,2.16,92.31,0.405,0.405,0.405,alto,True,"desempenho médio, alta participação",False,
4317905,Santo Cristo,RS,Sul,60.5,77.21,16.71,98.15,0.875,0.405,0.405,alto,True,"baixo desempenho, alta participação",True,score sem o choque das enchentes de 2024
2511400,Picuí,PB,Nordeste,42.85,61.49,18.64,91.83,0.405,0.401,0.405,alto,True,"baixo desempenho, alta participação",True,
1720200,São Miguel do Tocantins,TO,Norte,36.9,42.19,5.29,88.24,0.405,0.4,0.405,alto,True,"baixo desempenho, alta participação",False,
3556602,Vera Cruz,SP,Sudeste,50.96,68.3,17.34,94.0,0.405,0.407,0.405,alto,True,"baixo desempenho, alta participação",True,
4105201,Cerro Azul,PR,Sul,49.89,63.01,13.12,88.46,0.404,0.404,0.404,alto,True,"baixo desempenho, alta participação",True,
3162575,São João do Manteninha,MG,Sudeste,71.7,79.92,8.22,96.72,0.404,0.408,0.404,alto,True,"desempenho médio, alta participação",True,
2615201,Terra Nova,PE,Nordeste,71.07,67.85,-3.22,96.64,0.404,0.408,0.404,alto,True,"desempenho médio, alta participação",False,
3543204,Ribeirão do Sul,SP,Sudeste,58.93,75.92,16.99,95.83,0.404,0.409,0.404,alto,True,"baixo desempenho, alta participação",True,
4103156,Bom Jesus do Sul,PR,Sul,93.48,80.0,-13.48,87.5,0.404,0.408,0.404,alto,True,"alto desempenho, alta participação",False,
4318101,São Francisco de Assis,RS,Sul,45.6,65.31,19.71,72.73,0.874,0.404,0.404,alto,True,"baixo desempenho, baixa participação",True,score sem o choque das enchentes de 2024
2106375,Maranhãozinho,MA,Nordeste,97.62,77.48,-20.14,94.57,0.404,0.399,0.404,alto,True,"alto desempenho, alta participação",False,
3519907,Iepê,SP,Sudeste,53.84,60.98,7.14,96.47,0.404,0.406,0.404,alto,True,"baixo desempenho, alta participação",False,
1502509,Chaves,PA,Norte,74.09,56.14,-17.95,91.16,0.404,0.399,0.404,alto,True,"alto desempenho, alta participação",False,
3529203,Martinópolis,SP,Sudeste,63.56,61.84,-1.72,94.61,0.402,0.397,0.402,alto,True,"desempenho médio, alta participação",False,
3528106,Macaubal,SP,Sudeste,96.3,80.0,-16.3,94.74,0.402,0.399,0.402,alto,True,"alto desempenho, alta participação",False,
4108650,Goioxim,PR,Sul,90.42,80.0,-10.42,92.65,0.402,0.4,0.402,alto,True,"alto desempenho, alta participação",False,
2702504,Dois Riachos,AL,Nordeste,64.23,57.32,-6.91,98.81,0.402,0.402,0.402,alto,True,"desempenho médio, alta participação",False,
5105580,Marcelândia,MT,Centro-Oeste,65.36,68.03,2.67,93.99,0.401,0.398,0.401,alto,True,"desempenho médio, alta participação",False,
2207553,Paquetá,PI,Nordeste,49.8,80.0,30.2,97.14,0.401,0.408,0.401,alto,True,"baixo desempenho, alta participação",True,
3147709,Passa Tempo,MG,Sudeste,78.42,80.0,1.58,93.68,0.401,0.4,0.401,alto,True,"desempenho médio, alta participação",False,
4306056,Cristal,RS,Sul,78.4,70.67,-7.73,86.49,0.872,0.401,0.401,alto,True,"alto desempenho, alta participação",False,score sem o choque das enchentes de 2024
4306130,Cruzaltense,RS,Sul,64.3,78.43,14.13,100.0,0.867,0.401,0.401,alto,True,"baixo desempenho, alta participação",True,score sem o choque das enchentes de 2024
3128204,Guaraciaba,MG,Sudeste,75.0,75.89,0.89,80.0,0.401,0.401,0.401,alto,True,"baixo desempenho, baixa participação",False,
5107040,Primavera do Leste,MT,Centro-Oeste,58.79,59.19,0.4,87.44,0.401,0.391,0.401,alto,True,"desempenho médio, alta participação",False,
2608503,Lagoa de Itaenga,PE,Nordeste,79.42,73.36,-6.06,98.21,0.4,0.396,0.4,alto,True,"alto desempenho, alta participação",False,
1301159,Careiro da Várzea,AM,Norte,27.35,51.19,23.84,85.45,0.4,0.398,0.4,alto,True,"baixo desempenho, alta participação",True,
3120904,Curvelo,MG,Sudeste,71.71,70.03,-1.68,89.67,0.4,0.391,0.4,alto,True,"desempenho médio, alta participação",False,
5106240,Nova Ubiratã,MT,Centro-Oeste,58.41,75.3,16.89,91.42,0.4,0.393,0.4,alto,True,"baixo desempenho, alta participação",True,
3541208,Presidente Bernardes,SP,Sudeste,79.72,69.3,-10.42,88.89,0.399,0.396,0.399,alto,True,"alto desempenho, alta participação",False,
4205191,Ermo,SC,Sul,69.96,71.82,1.86,83.05,0.399,0.403,0.399,alto,True,"baixo desempenho, baixa participação",False,
4309100,Gramado,RS,Sul,55.3,79.35,24.05,89.76,0.875,0.399,0.399,alto,True,"baixo desempenho, alta participação",True,score sem o choque das enchentes de 2024
2610103,Palmeirina,PE,Nordeste,59.45,66.87,7.42,98.41,0.399,0.405,0.399,alto,True,"baixo desempenho, alta participação",True,
2505501,Vista Serrana,PB,Nordeste,58.31,55.64,-2.67,92.31,0.399,0.405,0.399,alto,True,"desempenho médio, alta participação",False,
5102637,Campo Novo do Parecis,MT,Centro-Oeste,69.9,67.98,-1.92,90.1,0.399,0.385,0.399,alto,True,"desempenho médio, alta participação",False,
1706506,Darcinópolis,TO,Norte,45.61,45.8,0.19,87.23,0.399,0.396,0.399,alto,True,"baixo desempenho, alta participação",False,
2705200,Messias,AL,Nordeste,41.87,45.47,3.6,94.67,0.399,0.398,0.399,alto,True,"baixo desempenho, alta participação",False,
2612471,Santa Cruz da Baixa Verde,PE,Nordeste,87.09,76.77,-10.32,98.41,0.398,0.397,0.398,alto,True,"alto desempenho, alta participação",False,
4218756,Tunápolis,SC,Sul,73.65,74.79,1.14,90.48,0.398,0.397,0.398,alto,True,"desempenho médio, alta participação",False,
3136553,José Raydan,MG,Sudeste,77.36,79.35,1.99,94.29,0.398,0.402,0.398,alto,True,"desempenho médio, alta participação",False,
4205001,Dionísio Cerqueira,SC,Sul,66.23,66.27,0.04,82.14,0.398,0.389,0.398,alto,True,"baixo desempenho, baixa participação",False,
4120002,Porecatu,PR,Sul,87.25,76.06,-11.19,95.6,0.397,0.393,0.397,alto,True,"alto desempenho, alta participação",False,
3545308,Salto de Pirapora,SP,Sudeste,45.12,55.67,10.55,92.49,0.397,0.39,0.397,alto,True,"baixo desempenho, alta participação",True,
4103008,Boa Esperança,PR,Sul,92.95,80.0,-12.95,93.1,0.397,0.398,0.397,alto,True,"alto desempenho, alta participação",False,
1717008,Pindorama do Tocantins,TO,Norte,33.88,57.98,24.1,91.8,0.397,0.4,0.397,alto,True,"baixo desempenho, alta participação",True,
4310504,Iraí,RS,Sul,59.4,71.27,11.87,90.74,0.868,0.396,0.396,alto,True,"baixo desempenho, alta participação",True,score sem o choque das enchentes de 2024
1302306,Jutaí,AM,Norte,30.91,50.12,19.21,85.12,0.396,0.397,0.396,alto,True,"baixo desempenho, alta participação",True,
4321600,Tramandaí,RS,Sul,36.7,62.76,26.06,75.89,0.869,0.396,0.396,alto,True,"baixo desempenho, baixa participação",True,score sem o choque das enchentes de 2024
2701308,Cajueiro,AL,Nordeste,33.4,41.98,8.58,95.1,0.396,0.398,0.396,alto,True,"baixo desempenho, alta participação",True,
2504405,Conceição,PB,Nordeste,96.17,78.47,-17.7,97.74,0.396,0.383,0.396,alto,True,"alto desempenho, alta participação",False,
3113602,Careaçu,MG,Sudeste,74.18,80.0,5.82,98.59,0.396,0.398,0.396,alto,True,"desempenho médio, alta participação",False,
4301404,Arvorezinha,RS,Sul,63.2,66.42,3.22,95.65,0.869,0.396,0.396,alto,True,"desempenho médio, alta participação",False,score sem o choque das enchentes de 2024
4214706,Rio dos Cedros,SC,Sul,68.59,66.99,-1.6,80.15,0.396,0.389,0.396,alto,True,"baixo desempenho, baixa participação",False,
2616407,Vitória de Santo Antão,PE,Nordeste,50.66,57.06,6.4,94.81,0.395,0.396,0.395,alto,True,"baixo desempenho, alta participação",False,
3555109,Tupi Paulista,SP,Sudeste,93.46,80.0,-13.46,94.57,0.395,0.388,0.395,alto,True,"alto desempenho, alta participação",False,
2209856,São João da Canabrava,PI,Nordeste,96.34,80.0,-16.34,93.1,0.395,0.393,0.395,alto,True,"alto desempenho, alta participação",False,
2413300,Serra de São Bento,RN,Nordeste,42.09,42.13,0.04,84.31,0.395,0.397,0.395,alto,True,"baixo desempenho, baixa participação",False,
4114906,Marilândia do Sul,PR,Sul,84.99,74.54,-10.45,90.0,0.395,0.393,0.395,alto,True,"alto desempenho, alta participação",False,
2101806,Benedito Leite,MA,Nordeste,47.28,63.84,16.56,92.31,0.395,0.405,0.395,alto,True,"baixo desempenho, alta participação",True,
3502200,Angatuba,SP,Sudeste,59.71,58.57,-1.14,88.21,0.395,0.39,0.395,alto,True,"desempenho médio, alta participação",False,
3100302,Abre Campo,MG,Sudeste,86.67,80.0,-6.67,78.95,0.395,0.391,0.395,alto,True,"alto desempenho, alta participação",False,
2410702,Riacho da Cruz,RN,Nordeste,37.5,40.4,2.9,80.0,0.395,0.4,0.395,alto,True,"baixo desempenho, baixa participação",False,
3205200,Vila Velha,ES,Sudeste,67.75,71.85,4.1,88.97,0.395,0.386,0.395,alto,True,"desempenho médio, alta participação",False,
4320008,Sapucaia do Sul,RS,Sul,48.0,65.93,17.93,91.61,0.869,0.394,0.394,alto,True,"baixo desempenho, alta participação",True,score sem o choque das enchentes de 2024
3158953,Santana do Paraíso,MG,Sudeste,69.95,72.98,3.03,93.18,0.394,0.387,0.394,alto,True,"desempenho médio, alta participação",False,
4211454,Nova Itaberaba,SC,Sul,71.17,71.4,0.23,86.54,0.394,0.394,0.394,alto,True,"desempenho médio, alta participação",False,
4303103,Cachoeirinha,RS,Sul,40.6,65.2,24.6,76.7,0.868,0.394,0.394,alto,True,"baixo desempenho, baixa participação",True,score sem o choque das enchentes de 2024
4313706,Palmeira das Missões,RS,Sul,49.5,58.89,9.39,77.53,0.871,0.394,0.394,alto,True,"baixo desempenho, baixa participação",True,score sem o choque das enchentes de 2024
2509206,Massaranduba,PB,Nordeste,40.69,55.77,15.08,85.59,0.394,0.393,0.394,alto,True,"baixo desempenho, alta participação",True,
2607109,Ingazeira,PE,Nordeste,89.89,78.99,-10.9,96.08,0.394,0.399,0.394,alto,True,"alto desempenho, alta participação",False,
2202133,Campo Grande do Piauí,PI,Nordeste,95.8,80.0,-15.8,97.3,0.394,0.389,0.394,alto,True,"alto desempenho, alta participação",False,
2202026,Buriti dos Montes,PI,Nordeste,98.33,80.0,-18.33,98.33,0.394,0.387,0.394,alto,True,"alto desempenho, alta participação",False,
2708501,São Luís do Quitunde,AL,Nordeste,53.64,52.35,-1.29,95.67,0.393,0.386,0.393,alto,True,"desempenho médio, alta participação",False,
2205458,Joca Marques,PI,Nordeste,43.83,51.39,7.56,93.75,0.393,0.399,0.393,alto,True,"baixo desempenho, alta participação",True,
4107538,Entre Rios do Oeste,PR,Sul,96.25,80.0,-16.25,84.75,0.393,0.393,0.393,alto,True,"alto desempenho, alta participação",False,
2512754,Riachão do Bacamarte,PB,Nordeste,46.23,55.97,9.74,92.5,0.393,0.398,0.393,alto,True,"baixo desempenho, alta participação",True,
2207959,Nova Santa Rita,PI,Nordeste,49.11,58.41,9.3,98.44,0.392,0.398,0.392,alto,True,"baixo desempenho, alta participação",True,
4306403,Dois Irmãos,RS,Sul,56.9,78.9,22.0,94.43,0.871,0.392,0.392,alto,True,"baixo desempenho, alta participação",True,score sem o choque das enchentes de 2024
2409902,Pendências,RN,Nordeste,33.3,53.3,20.0,84.56,0.392,0.385,0.392,alto,True,"baixo desempenho, alta participação",True,
4217105,São Martinho,SC,Sul,70.0,71.8,1.8,86.96,0.392,0.394,0.392,alto,True,"desempenho médio, alta participação",False,
5108105,Tesouro,MT,Centro-Oeste,52.38,57.7,5.32,80.77,0.392,0.398,0.392,alto,True,"baixo desempenho, baixa participação",False,
2512002,Pocinhos,PB,Nordeste,54.09,54.24,0.15,91.21,0.391,0.386,0.391,alto,True,"desempenho médio, alta participação",False,
4112405,Japurá,PR,Sul,80.87,75.43,-5.44,95.74,0.391,0.389,0.391,alto,True,"alto desempenho, alta participação",False,
4300455,Alegria,RS,Sul,55.6,80.0,24.4,85.71,0.863,0.391,0.391,alto,True,"baixo desempenho, alta participação",True,score sem o choque das enchentes de 2024
2104404,Gonçalves Dias,MA,Nordeste,66.96,56.45,-10.51,86.24,0.391,0.391,0.391,alto,True,"alto desempenho, alta participação",False,
3533502,Novo Horizonte,SP,Sudeste,75.66,67.53,-8.13,94.95,0.391,0.38,0.391,alto,True,"alto desempenho, alta participação",False,
4307807,Estrela,RS,Sul,49.4,71.53,22.13,82.1,0.87,0.391,0.391,alto,True,"baixo desempenho, baixa participação",True,score sem o choque das enchentes de 2024
3501509,Alvinlândia,SP,Sudeste,91.84,76.03,-15.81,97.96,0.39,0.395,0.39,alto,True,"alto desempenho, alta participação",False,
1505601,Peixe-Boi,PA,Norte,84.31,62.33,-21.98,94.59,0.39,0.39,0.39,alto,True,"alto desempenho, alta participação",False,
2111904,Sucupira do Norte,MA,Nordeste,60.0,59.75,-0.25,100.0,0.39,0.393,0.39,alto,True,"desempenho médio, alta participação",False,
2803708,Macambira,SE,Nordeste,29.17,51.39,22.22,88.89,0.39,0.395,0.39,alto,True,"baixo desempenho, alta participação",True,
2513000,Salgadinho,PB,Nordeste,83.93,74.97,-8.96,95.0,0.39,0.39,0.39,alto,True,"alto desempenho, alta participação",False,
4313375,Nova Santa Rita,RS,Sul,64.9,64.69,-0.21,85.0,0.87,0.39,0.39,alto,True,"desempenho médio, alta participação",False,score sem o choque das enchentes de 2024
3166204,Senhora dos Remédios,MG,Sudeste,77.94,80.0,2.06,98.36,0.389,0.389,0.389,alto,True,"desempenho médio, alta participação",False,
2501302,Aroeiras,PB,Nordeste,44.46,71.77,27.31,92.69,0.389,0.385,0.389,alto,True,"baixo desempenho, alta participação",True,
4306809,Encantado,RS,Sul,53.2,80.0,26.8,85.31,0.868,0.389,0.389,alto,True,"baixo desempenho, alta participação",True,score sem o choque das enchentes de 2024
4301958,Barra Funda,RS,Sul,53.9,72.3,18.4,92.86,0.861,0.389,0.389,alto,True,"baixo desempenho, alta participação",True,score sem o choque das enchentes de 2024
2606903,Iguaracy,PE,Nordeste,83.67,74.87,-8.8,94.81,0.389,0.389,0.389,alto,True,"alto desempenho, alta participação",False,
5105176,Juruena,MT,Centro-Oeste,73.66,66.31,-7.35,88.55,0.389,0.383,0.389,alto,True,"alto desempenho, alta participação",False,
3141603,Mercês,MG,Sudeste,84.85,80.0,-4.85,90.24,0.388,0.387,0.388,alto,True,"desempenho médio, alta participação",False,
2607604,Ilha de Itamaracá,PE,Nordeste,50.6,61.93,11.33,90.31,0.388,0.389,0.388,alto,True,"baixo desempenho, alta participação",True,
4219200,Vidal Ramos,SC,Sul,83.76,75.34,-8.42,85.0,0.388,0.382,0.388,alto,True,"alto desempenho, alta participação",False,
2502904,Brejo dos Santos,PB,Nordeste,64.03,56.63,-7.4,87.18,0.387,0.389,0.387,alto,True,"desempenho médio, alta participação",False,
2504157,Casserengue,PB,Nordeste,58.51,58.37,-0.14,95.6,0.387,0.388,0.387,alto,True,"desempenho médio, alta participação",False,
3131307,Ipatinga,MG,Sudeste,70.92,69.58,-1.34,87.67,0.387,0.378,0.387,alto,True,"desempenho médio, alta participação",False,
3134608,Jaboticatubas,MG,Sudeste,75.36,72.7,-2.66,85.65,0.387,0.384,0.387,alto,True,"desempenho médio, alta participação",False,
3532009,Morungaba,SP,Sudeste,47.32,57.66,10.34,90.14,0.387,0.387,0.387,alto,True,"baixo desempenho, alta participação",True,
1200393,Porto Walter,AC,Norte,39.79,47.15,7.36,94.57,0.387,0.382,0.387,alto,True,"baixo desempenho, alta participação",True,UF sem historico no treino: avaliado so pelas demais variaveis
3556107,Valentim Gentil,SP,Sudeste,85.95,71.2,-14.75,91.78,0.387,0.382,0.387,alto,True,"alto desempenho, alta participação",False,
1505205,Oeiras do Pará,PA,Norte,31.03,34.05,3.02,79.36,0.387,0.386,0.387,alto,True,"baixo desempenho, baixa participação",False,
2210052,São José do Divino,PI,Nordeste,92.65,80.0,-12.65,100.0,0.387,0.383,0.387,alto,True,"alto desempenho, alta participação",False,
3160306,Santo Antônio do Jacinto,MG,Sudeste,65.72,68.45,2.73,86.32,0.386,0.388,0.386,alto,True,"desempenho médio, alta participação",False,
2702603,Feira Grande,AL,Nordeste,44.46,49.0,4.54,96.12,0.386,0.384,0.386,alto,True,"baixo desempenho, alta participação",False,
3144359,Naque,MG,Sudeste,64.96,79.67,14.71,93.42,0.386,0.391,0.386,alto,True,"baixo desempenho, alta participação",True,
4215109,Rodeio,SC,Sul,68.35,64.55,-3.8,76.98,0.386,0.38,0.386,alto,True,"baixo desempenho, baixa participação",False,
4323002,Viamão,RS,Sul,38.9,65.74,26.84,83.34,0.865,0.386,0.386,alto,True,"baixo desempenho, baixa participação",True,score sem o choque das enchentes de 2024
4213203,Pomerode,SC,Sul,70.85,68.6,-2.25,87.25,0.386,0.371,0.386,alto,True,"desempenho médio, alta participação",False,
1701101,Aparecida do Rio Negro,TO,Norte,35.78,44.85,9.07,84.34,0.385,0.385,0.385,alto,True,"baixo desempenho, baixa participação",True,
1703701,Brejinho de Nazaré,TO,Norte,49.45,51.24,1.79,95.45,0.385,0.382,0.385,alto,True,"baixo desempenho, alta participação",False,
3153400,Presidente Olegário,MG,Sudeste,78.27,78.15,-0.12,90.48,0.385,0.378,0.385,alto,True,"desempenho médio, alta participação",False,
3508405,Cabreúva,SP,Sudeste,64.6,59.16,-5.44,90.64,0.385,0.377,0.385,alto,True,"desempenho médio, alta participação",False,
4122909,Salto do Itararé,PR,Sul,73.64,69.49,-4.15,90.77,0.384,0.39,0.384,alto,True,"desempenho médio, alta participação",False,
4217956,Tigrinhos,SC,Sul,91.64,79.33,-12.31,86.05,0.384,0.388,0.384,alto,True,"alto desempenho, alta participação",False,
2603405,Calumbi,PE,Nordeste,86.03,76.11,-9.92,97.65,0.384,0.389,0.384,alto,True,"alto desempenho, alta participação",False,
2509396,Maturéia,PB,Nordeste,60.76,60.21,-0.55,97.67,0.384,0.385,0.384,alto,True,"desempenho médio, alta participação",False,
2804003,Maruim,SE,Nordeste,31.19,36.97,5.78,91.79,0.384,0.381,0.384,alto,True,"baixo desempenho, alta participação",False,
1718758,Rio Sono,TO,Norte,26.8,42.93,16.13,81.61,0.384,0.386,0.384,alto,True,"baixo desempenho, baixa participação",True,
2211308,Valença do Piauí,PI,Nordeste,42.13,61.1,18.97,93.4,0.384,0.381,0.384,alto,True,"baixo desempenho, alta participação",True,
4204400,Coronel Freitas,SC,Sul,86.74,76.02,-10.72,84.3,0.384,0.375,0.384,alto,True,"alto desempenho, alta participação",False,
2209153,Santa Cruz dos Milagres,PI,Nordeste,68.18,61.44,-6.74,95.65,0.383,0.387,0.383,alto,True,"desempenho médio, alta participação",False,
5001003,Aparecida do Taboado,MS,Centro-Oeste,57.5,60.77,3.27,93.33,0.383,0.378,0.383,alto,True,"desempenho médio, alta participação",False,
4313086,Nova Pádua,RS,Sul,57.9,80.0,22.1,95.0,0.858,0.383,0.383,alto,True,"baixo desempenho, alta participação",True,score sem o choque das enchentes de 2024
2516201,Sousa,PB,Nordeste,66.52,55.67,-10.85,88.89,0.383,0.373,0.383,alto,True,"alto desempenho, alta participação",False,
1502004,Cachoeira do Arari,PA,Norte,33.12,61.22,28.1,90.14,0.383,0.384,0.383,alto,True,"baixo desempenho, alta participação",True,
4128807,Xambrê,PR,Sul,55.19,75.72,20.53,89.16,0.383,0.39,0.383,alto,True,"baixo desempenho, alta participação",True,
2615102,Terezinha,PE,Nordeste,76.08,71.97,-4.11,98.04,0.383,0.387,0.383,alto,True,"desempenho médio, alta participação",False,
2600054,Abreu e Lima,PE,Nordeste,46.4,58.0,11.6,90.36,0.382,0.388,0.382,alto,True,"baixo desempenho, alta participação",True,
4300109,Agudo,RS,Sul,56.9,63.92,7.02,91.25,0.864,0.382,0.382,alto,True,"baixo desempenho, alta participação",False,score sem o choque das enchentes de 2024
3521804,Itaí,SP,Sudeste,46.71,57.98,11.27,92.16,0.382,0.379,0.382,alto,True,"baixo desempenho, alta participação",True,
5105903,Nobres,MT,Centro-Oeste,60.61,64.47,3.86,89.81,0.382,0.376,0.382,alto,True,"desempenho médio, alta participação",False,
3125408,Felício dos Santos,MG,Sudeste,79.38,80.0,0.62,96.05,0.382,0.386,0.382,alto,True,"desempenho médio, alta participação",False,
3168507,Teixeiras,MG,Sudeste,75.97,76.85,0.88,97.3,0.382,0.381,0.382,alto,True,"desempenho médio, alta participação",False,
2606507,Iati,PE,Nordeste,82.26,70.7,-11.56,92.51,0.382,0.379,0.382,alto,True,"alto desempenho, alta participação",False,
4304200,Candelária,RS,Sul,53.2,76.76,23.56,92.42,0.865,0.381,0.381,alto,True,"baixo desempenho, alta participação",True,score sem o choque das enchentes de 2024
1100106,Guajará-Mirim,RO,Norte,43.07,53.95,10.88,90.23,0.381,0.375,0.381,alto,True,"baixo desempenho, alta participação",True,
3115201,Conceição da Barra de Minas,MG,Sudeste,70.43,72.3,1.87,87.1,0.381,0.389,0.381,alto,True,"desempenho médio, alta participação",False,
5002308,Brasilândia,MS,Centro-Oeste,60.76,60.95,0.19,89.16,0.381,0.38,0.381,alto,True,"desempenho médio, alta participação",False,
3550704,São Sebastião,SP,Sudeste,44.38,52.07,7.69,91.63,0.381,0.372,0.381,alto,True,"baixo desempenho, alta participação",True,
2103257,Cidelândia,MA,Nordeste,86.24,70.76,-15.48,96.05,0.381,0.378,0.381,alto,True,"alto desempenho, alta participação",False,
4127957,Tupãssi,PR,Sul,79.06,73.61,-5.45,94.17,0.381,0.38,0.381,alto,True,"desempenho médio, alta participação",False,
2608305,Jupi,PE,Nordeste,68.61,66.95,-1.66,98.32,0.381,0.381,0.381,alto,True,"desempenho médio, alta participação",False,
4206702,Herval d'Oeste,SC,Sul,59.83,61.96,2.13,82.4,0.38,0.373,0.38,alto,True,"baixo desempenho, baixa participação",False,
4201257,Apiúna,SC,Sul,70.88,68.93,-1.95,86.11,0.38,0.374,0.38,alto,True,"desempenho médio, alta participação",False,
2504504,Condado,PB,Nordeste,46.13,64.0,17.87,92.86,0.38,0.383,0.38,alto,True,"baixo desempenho, alta participação",True,
3140902,Matipó,MG,Sudeste,65.0,80.0,15.0,95.06,0.38,0.377,0.38,alto,True,"baixo desempenho, alta participação",True,
2600906,Amaraji,PE,Nordeste,55.29,72.29,17.0,94.38,0.38,0.38,0.38,alto,True,"baixo desempenho, alta participação",True,
5108600,Vila Rica,MT,Centro-Oeste,55.24,58.32,3.08,87.58,0.38,0.374,0.38,alto,True,"baixo desempenho, alta participação",False,
3501152,Alumínio,SP,Sudeste,53.68,58.78,5.1,91.75,0.38,0.374,0.38,alto,True,"baixo desempenho, alta participação",False,
5105606,Matupá,MT,Centro-Oeste,52.57,70.21,17.64,87.02,0.38,0.375,0.38,moderado,False,"baixo desempenho, alta participação",True,
2510204,Nova Olinda,PB,Nordeste,38.04,56.96,18.92,87.18,0.38,0.386,0.38,moderado,False,"baixo desempenho, alta participação",True,
3519303,Ibaté,SP,Sudeste,68.78,61.69,-7.09,91.42,0.38,0.372,0.38,moderado,False,"desempenho médio, alta participação",False,
3537404,Pereira Barreto,SP,Sudeste,83.47,70.56,-12.91,92.34,0.379,0.371,0.379,moderado,False,"alto desempenho, alta participação",False,
3124302,Espinosa,MG,Sudeste,62.4,69.31,6.91,95.61,0.379,0.375,0.379,moderado,False,"baixo desempenho, alta participação",False,
3157252,Santa Bárbara do Leste,MG,Sudeste,70.45,72.21,1.76,87.16,0.379,0.382,0.379,moderado,False,"desempenho médio, alta participação",False,
2106326,Maracaçumé,MA,Nordeste,41.67,65.14,23.47,91.57,0.379,0.382,0.379,moderado,False,"baixo desempenho, alta participação",True,
2101400,Balsas,MA,Nordeste,39.54,52.53,12.99,90.67,0.379,0.373,0.379,moderado,False,"baixo desempenho, alta participação",True,
4305207,Cerro Largo,RS,Sul,54.0,76.56,22.56,91.0,0.862,0.379,0.379,moderado,False,"baixo desempenho, alta participação",True,score sem o choque das enchentes de 2024
4103370,Brasilândia do Sul,PR,Sul,77.7,76.04,-1.66,97.3,0.378,0.384,0.378,moderado,False,"desempenho médio, alta participação",False,
2412807,São Rafael,RN,Nordeste,25.47,35.36,9.89,80.39,0.378,0.38,0.378,moderado,False,"baixo desempenho, baixa participação",True,
4322533,Vale do Sol,RS,Sul,51.6,80.0,28.4,83.33,0.86,0.378,0.378,moderado,False,"baixo desempenho, baixa participação",True,score sem o choque das enchentes de 2024
2704807,Maribondo,AL,Nordeste,41.5,57.41,15.91,96.91,0.378,0.379,0.378,moderado,False,"baixo desempenho, alta participação",True,
2602605,Brejo da Madre de Deus,PE,Nordeste,48.73,61.79,13.06,96.33,0.378,0.379,0.378,moderado,False,"baixo desempenho, alta participação",True,
4306957,Entre Rios do Sul,RS,Sul,60.0,79.63,19.63,90.91,0.856,0.377,0.377,moderado,False,"baixo desempenho, alta participação",True,score sem o choque das enchentes de 2024
2201705,Bertolínia,PI,Nordeste,43.42,66.16,22.74,92.98,0.377,0.382,0.377,moderado,False,"baixo desempenho, alta participação",True,
3130606,Inconfidentes,MG,Sudeste,86.18,80.0,-6.18,89.09,0.377,0.378,0.377,moderado,False,"alto desempenho, alta participação",False,
2205565,Lagoa do Barro do Piauí,PI,Nordeste,59.52,63.62,4.1,97.59,0.377,0.376,0.377,moderado,False,"desempenho médio, alta participação",False,
1600550,Pracuúba,AP,Norte,30.66,49.94,19.28,88.89,0.377,0.382,0.377,moderado,False,"baixo desempenho, alta participação",True,
2406403,Lagoa de Velhos,RN,Nordeste,29.67,53.89,24.22,79.41,0.377,0.385,0.377,moderado,False,"baixo desempenho, baixa participação",True,
4100202,Adrianópolis,PR,Sul,60.95,66.55,5.6,93.33,0.377,0.381,0.377,moderado,False,"desempenho médio, alta participação",False,
2609501,Nazaré da Mata,PE,Nordeste,56.96,62.99,6.03,97.36,0.377,0.373,0.377,moderado,False,"baixo desempenho, alta participação",False,
4322905,Viadutos,RS,Sul,86.9,80.0,-6.9,96.0,0.859,0.377,0.377,moderado,False,"alto desempenho, alta participação",False,score sem o choque das enchentes de 2024
3148004,Patos de Minas,MG,Sudeste,76.9,72.56,-4.34,89.24,0.376,0.371,0.376,moderado,False,"desempenho médio, alta participação",False,
2701506,Campo Grande,AL,Nordeste,37.4,60.81,23.41,95.83,0.376,0.38,0.376,moderado,False,"baixo desempenho, alta participação",True,
3151404,Pitangui,MG,Sudeste,85.71,80.0,-5.71,93.42,0.376,0.367,0.376,moderado,False,"alto desempenho, alta participação",False,
2503605,Caiçara,PB,Nordeste,72.22,62.39,-9.83,90.0,0.376,0.375,0.376,moderado,False,"alto desempenho, alta participação",False,
4212700,Petrolândia,SC,Sul,66.84,69.32,2.48,88.37,0.375,0.373,0.375,moderado,False,"desempenho médio, alta participação",False,
5106224,Nova Mutum,MT,Centro-Oeste,74.86,69.28,-5.58,90.47,0.375,0.359,0.375,moderado,False,"desempenho médio, alta participação",False,
2501708,Barra de São Miguel,PB,Nordeste,78.61,66.84,-11.77,95.83,0.374,0.372,0.374,moderado,False,"alto desempenho, alta participação",False,
1715101,Novo Acordo,TO,Norte,36.09,52.09,16.0,94.0,0.374,0.377,0.374,moderado,False,"baixo desempenho, alta participação",True,
3518008,Guarani d'Oeste,SP,Sudeste,57.14,80.0,22.86,93.33,0.374,0.387,0.374,moderado,False,"baixo desempenho, alta participação",True,
3157005,Salinas,MG,Sudeste,77.08,75.15,-1.93,95.15,0.374,0.365,0.374,moderado,False,"desempenho médio, alta participação",False,
2404200,Goianinha,RN,Nordeste,35.33,38.09,2.76,82.89,0.374,0.366,0.374,moderado,False,"baixo desempenho, baixa participação",False,
4207502,Indaial,SC,Sul,67.83,63.3,-4.53,84.64,0.374,0.361,0.374,moderado,False,"desempenho médio, alta participação",False,
2806503,Santa Rosa de Lima,SE,Nordeste,26.74,40.4,13.66,95.45,0.373,0.383,0.373,moderado,False,"baixo desempenho, alta participação",True,
2800407,Arauá,SE,Nordeste,28.6,45.65,17.05,96.43,0.373,0.376,0.373,moderado,False,"baixo desempenho, alta participação",True,
5008404,Vicentina,MS,Centro-Oeste,53.73,70.06,16.33,97.5,0.373,0.377,0.373,moderado,False,"baixo desempenho, alta participação",True,
3150000,Pescador,MG,Sudeste,77.59,80.0,2.41,95.08,0.373,0.378,0.373,moderado,False,"desempenho médio, alta participação",False,
2609204,Maraial,PE,Nordeste,58.48,72.6,14.12,99.07,0.373,0.377,0.373,moderado,False,"baixo desempenho, alta participação",True,
2514701,São José do Sabugi,PB,Nordeste,48.54,60.81,12.27,96.88,0.373,0.376,0.373,moderado,False,"baixo desempenho, alta participação",True,
3139508,Manhumirim,MG,Sudeste,68.84,72.2,3.36,88.09,0.373,0.368,0.373,moderado,False,"desempenho médio, alta participação",False,
2500536,Alcantil,PB,Nordeste,45.86,54.58,8.72,97.75,0.372,0.377,0.372,moderado,False,"baixo desempenho, alta participação",True,
4122800,Salgado Filho,PR,Sul,93.11,80.0,-13.11,95.08,0.372,0.376,0.372,moderado,False,"alto desempenho, alta participação",False,
4304507,Canguçu,RS,Sul,51.7,79.79,28.09,95.6,0.86,0.372,0.372,moderado,False,"baixo desempenho, alta participação",True,score sem o choque das enchentes de 2024
4310009,Ibirubá,RS,Sul,55.7,66.47,10.77,92.77,0.86,0.372,0.372,moderado,False,"baixo desempenho, alta participação",True,score sem o choque das enchentes de 2024
2204550,Guaribas,PI,Nordeste,75.0,65.23,-9.77,96.67,0.372,0.373,0.372,moderado,False,"alto desempenho, alta participação",False,
5201108,Anápolis,GO,Centro-Oeste,73.22,74.61,1.39,89.0,0.371,0.361,0.371,moderado,False,"desempenho médio, alta participação",False,
4320107,Sarandi,RS,Sul,47.7,74.12,26.42,81.22,0.859,0.371,0.371,moderado,False,"baixo desempenho, baixa participação",True,score sem o choque das enchentes de 2024
2602506,Brejinho,PE,Nordeste,79.05,74.1,-4.95,100.0,0.371,0.375,0.371,moderado,False,"desempenho médio, alta participação",False,
3511003,Castilho,SP,Sudeste,45.42,58.29,12.87,93.72,0.371,0.369,0.371,moderado,False,"baixo desempenho, alta participação",True,
3537107,Pedreira,SP,Sudeste,94.25,80.0,-14.25,97.62,0.371,0.356,0.371,moderado,False,"alto desempenho, alta participação",False,
3517208,Guaiçara,SP,Sudeste,60.0,60.21,0.21,91.97,0.371,0.371,0.371,moderado,False,"desempenho médio, alta participação",False,
3545506,Sandovalina,SP,Sudeste,89.83,79.36,-10.47,94.34,0.371,0.37,0.371,moderado,False,"alto desempenho, alta participação",False,
2613701,São Lourenço da Mata,PE,Nordeste,53.32,55.62,2.3,93.05,0.371,0.374,0.371,moderado,False,"baixo desempenho, alta participação",False,
3112703,Capitão Enéas,MG,Sudeste,63.8,67.74,3.94,86.13,0.371,0.369,0.371,moderado,False,"desempenho médio, alta participação",False,
2616001,Venturosa,PE,Nordeste,59.29,61.99,2.7,96.46,0.37,0.37,0.37,moderado,False,"desempenho médio, alta participação",False,
3103207,Araçaí,MG,Sudeste,72.22,80.0,7.78,94.74,0.37,0.379,0.37,moderado,False,"desempenho médio, alta participação",True,
3157906,Santa Margarida,MG,Sudeste,60.93,74.46,13.53,88.08,0.37,0.368,0.37,moderado,False,"baixo desempenho, alta participação",True,
2600807,Altinho,PE,Nordeste,68.08,65.45,-2.63,93.28,0.37,0.369,0.37,moderado,False,"desempenho médio, alta participação",False,
2615607,Trindade,PE,Nordeste,69.13,66.29,-2.84,97.24,0.37,0.366,0.37,moderado,False,"desempenho médio, alta participação",False,
2614006,Serrita,PE,Nordeste,59.7,62.31,2.61,94.81,0.37,0.37,0.37,moderado,False,"desempenho médio, alta participação",False,
1701051,Angico,TO,Norte,59.12,52.78,-6.34,91.89,0.369,0.371,0.369,moderado,False,"desempenho médio, alta participação",False,
2702405,Delmiro Gouveia,AL,Nordeste,28.13,45.72,17.59,89.74,0.369,0.37,0.369,moderado,False,"baixo desempenho, alta participação",True,
5108402,Várzea Grande,MT,Centro-Oeste,61.76,58.35,-3.41,90.95,0.369,0.36,0.369,moderado,False,"desempenho médio, alta participação",False,
4320404,Serafina Corrêa,RS,Sul,50.7,80.0,29.3,82.95,0.857,0.369,0.369,moderado,False,"baixo desempenho, baixa participação",True,score sem o choque das enchentes de 2024
3535804,Paranapanema,SP,Sudeste,42.59,59.31,16.72,87.97,0.369,0.368,0.369,moderado,False,"baixo desempenho, alta participação",True,
2703908,Jundiá,AL,Nordeste,44.34,48.53,4.19,94.55,0.368,0.377,0.368,moderado,False,"baixo desempenho, alta participação",False,
2607653,Itambé,PE,Nordeste,43.31,58.78,15.47,84.01,0.368,0.368,0.368,moderado,False,"baixo desempenho, baixa participação",True,
3131406,Ipiaçu,MG,Sudeste,76.42,76.62,0.2,88.37,0.368,0.372,0.368,moderado,False,"desempenho médio, alta participação",False,
3162609,São João do Oriente,MG,Sudeste,67.66,80.0,12.34,96.2,0.368,0.371,0.368,moderado,False,"baixo desempenho, alta participação",True,
2406106,Jucurutu,RN,Nordeste,43.69,42.7,-0.99,85.12,0.368,0.36,0.368,moderado,False,"baixo desempenho, baixa participação",False,
4217402,Schroeder,SC,Sul,75.91,68.52,-7.39,83.27,0.368,0.358,0.368,moderado,False,"desempenho médio, alta participação",False,
3502507,Aparecida,SP,Sudeste,53.75,55.2,1.45,92.77,0.367,0.362,0.367,moderado,False,"desempenho médio, alta participação",False,
2611903,Rio Formoso,PE,Nordeste,90.91,80.0,-10.91,99.52,0.367,0.361,0.367,moderado,False,"alto desempenho, alta participação",False,
3118205,Conquista,MG,Sudeste,65.5,72.28,6.78,85.23,0.367,0.368,0.367,moderado,False,"baixo desempenho, baixa participação",False,
3136702,Juiz de Fora,MG,Sudeste,49.55,55.31,5.76,81.06,0.367,0.358,0.367,moderado,False,"baixo desempenho, baixa participação",False,
3505807,Bastos,SP,Sudeste,46.89,61.06,14.17,93.64,0.367,0.365,0.367,moderado,False,"baixo desempenho, alta participação",True,
3114006,Carmo da Mata,MG,Sudeste,68.1,79.32,11.22,98.63,0.366,0.365,0.366,moderado,False,"baixo desempenho, alta participação",True,
3126307,Fortaleza de Minas,MG,Sudeste,62.75,66.05,3.3,72.92,0.366,0.373,0.366,moderado,False,"baixo desempenho, baixa participação",False,
2603108,Cachoeirinha,PE,Nordeste,63.59,64.3,0.71,97.28,0.366,0.365,0.366,moderado,False,"desempenho médio, alta participação",False,
3162401,São João da Ponte,MG,Sudeste,63.51,70.22,6.71,95.68,0.366,0.363,0.366,moderado,False,"desempenho médio, alta participação",False,
2201101,Avelino Lopes,PI,Nordeste,44.97,53.38,8.41,97.6,0.365,0.365,0.365,moderado,False,"baixo desempenho, alta participação",True,
4101150,Ângulo,PR,Sul,86.15,80.0,-6.15,89.58,0.365,0.369,0.365,moderado,False,"alto desempenho, alta participação",False,
2709103,Taquarana,AL,Nordeste,38.96,55.59,16.63,94.09,0.365,0.364,0.365,moderado,False,"baixo desempenho, alta participação",True,
4120200,Porto Rico,PR,Sul,71.94,66.77,-5.17,82.61,0.365,0.374,0.365,moderado,False,"desempenho médio, alta participação",False,
3541653,Quadra,SP,Sudeste,65.39,60.22,-5.17,86.76,0.365,0.372,0.365,moderado,False,"desempenho médio, alta participação",False,
4311403,Lajeado,RS,Sul,47.5,76.28,28.78,88.13,0.858,0.365,0.365,moderado,False,"baixo desempenho, alta participação",True,score sem o choque das enchentes de 2024
4128302,Uniflor,PR,Sul,73.33,66.65,-6.68,83.33,0.365,0.374,0.365,moderado,False,"desempenho médio, alta participação",False,
3502309,Anhembi,SP,Sudeste,45.69,51.59,5.9,85.71,0.365,0.371,0.365,moderado,False,"baixo desempenho, baixa participação",False,
2616308,Vicência,PE,Nordeste,68.15,64.81,-3.34,99.11,0.364,0.36,0.364,moderado,False,"desempenho médio, alta participação",False,
4305702,Condor,RS,Sul,58.0,80.0,22.0,88.52,0.853,0.364,0.364,moderado,False,"baixo desempenho, alta participação",True,score sem o choque das enchentes de 2024
2501534,Baraúna,PB,Nordeste,89.76,66.08,-23.68,85.51,0.364,0.364,0.364,moderado,False,"alto desempenho, alta participação",False,
4304408,Canela,RS,Sul,42.2,79.06,36.86,78.53,0.856,0.364,0.364,moderado,False,"baixo desempenho, baixa participação",True,score sem o choque das enchentes de 2024
2407005,Luís Gomes,RN,Nordeste,26.6,41.52,14.92,86.27,0.364,0.364,0.364,moderado,False,"baixo desempenho, alta participação",True,
3108206,Bonfinópolis de Minas,MG,Sudeste,71.88,80.0,8.12,90.7,0.364,0.365,0.364,moderado,False,"desempenho médio, alta participação",True,
4205803,Garuva,SC,Sul,66.73,62.97,-3.76,72.33,0.364,0.353,0.364,moderado,False,"baixo desempenho, baixa participação",False,
4113601,Lobato,PR,Sul,54.92,67.74,12.82,86.67,0.364,0.37,0.364,moderado,False,"baixo desempenho, alta participação",True,
3517109,Glicério,SP,Sudeste,86.84,73.56,-13.28,95.0,0.364,0.366,0.364,moderado,False,"alto desempenho, alta participação",False,
5105150,Juína,MT,Centro-Oeste,56.58,56.65,0.07,84.62,0.364,0.355,0.364,moderado,False,"baixo desempenho, baixa participação",False,
2705804,Olho d'Água do Casado,AL,Nordeste,36.22,48.24,12.02,95.86,0.364,0.369,0.364,moderado,False,"baixo desempenho, alta participação",True,
4120101,Porto Amazonas,PR,Sul,76.84,72.98,-3.86,95.0,0.364,0.367,0.364,moderado,False,"desempenho médio, alta participação",False,
4301636,Balneário Pinhal,RS,Sul,43.6,65.43,21.83,78.74,0.852,0.363,0.363,moderado,False,"baixo desempenho, baixa participação",True,score sem o choque das enchentes de 2024
4308433,Forquetinha,RS,Sul,55.2,67.03,11.83,86.96,0.846,0.363,0.363,moderado,False,"baixo desempenho, alta participação",True,score sem o choque das enchentes de 2024
2517100,Várzea,PB,Nordeste,62.96,61.14,-1.82,93.1,0.363,0.369,0.363,moderado,False,"desempenho médio, alta participação",False,
4309803,Ibiaçá,RS,Sul,61.8,73.35,11.55,96.3,0.851,0.363,0.363,moderado,False,"baixo desempenho, alta participação",True,score sem o choque das enchentes de 2024
2205276,Jatobá do Piauí,PI,Nordeste,95.24,75.72,-19.52,97.62,0.363,0.36,0.363,moderado,False,"alto desempenho, alta participação",False,
2514909,São Mamede,PB,Nordeste,49.02,50.89,1.87,89.55,0.363,0.365,0.363,moderado,False,"baixo desempenho, alta participação",False,
5106273,Novo Horizonte do Norte,MT,Centro-Oeste,69.12,68.47,-0.65,89.09,0.363,0.367,0.363,moderado,False,"desempenho médio, alta participação",False,
3528700,Marabá Paulista,SP,Sudeste,48.33,74.09,25.76,93.55,0.363,0.369,0.363,moderado,False,"baixo desempenho, alta participação",True,
3555505,Ubirajara,SP,Sudeste,56.25,58.94,2.69,94.29,0.363,0.369,0.363,moderado,False,"desempenho médio, alta participação",False,
2612802,Santa Terezinha,PE,Nordeste,79.68,72.0,-7.68,97.06,0.362,0.363,0.362,moderado,False,"alto desempenho, alta participação",False,
3170578,Vargem Alegre,MG,Sudeste,83.44,80.0,-3.44,93.75,0.362,0.364,0.362,moderado,False,"desempenho médio, alta participação",False,
4316956,Santa Maria do Herval,RS,Sul,59.3,78.8,19.5,94.87,0.851,0.362,0.362,moderado,False,"baixo desempenho, alta participação",True,score sem o choque das enchentes de 2024
4322806,Veranópolis,RS,Sul,57.0,77.99,20.99,91.56,0.855,0.362,0.362,moderado,False,"baixo desempenho, alta participação",True,score sem o choque das enchentes de 2024
3202405,Guarapari,ES,Sudeste,75.99,74.35,-1.64,89.25,0.362,0.363,0.362,moderado,False,"desempenho médio, alta participação",False,
2511509,Pilar,PB,Nordeste,38.07,75.43,37.36,89.58,0.361,0.362,0.361,moderado,False,"baixo desempenho, alta participação",True,
5108956,Nova Monte Verde,MT,Centro-Oeste,92.37,78.0,-14.37,88.16,0.361,0.355,0.361,moderado,False,"alto desempenho, alta participação",False,
5207808,Firminópolis,GO,Centro-Oeste,70.8,77.78,6.98,94.38,0.36,0.36,0.36,moderado,False,"desempenho médio, alta participação",False,
5106828,Porto Esperidião,MT,Centro-Oeste,49.8,55.54,5.74,88.12,0.36,0.36,0.36,moderado,False,"baixo desempenho, alta participação",False,
2701803,Carneiros,AL,Nordeste,38.85,55.23,16.38,97.52,0.36,0.364,0.36,moderado,False,"baixo desempenho, alta participação",True,
2410900,Riachuelo,RN,Nordeste,27.78,53.43,25.65,80.49,0.36,0.359,0.36,moderado,False,"baixo desempenho, baixa participação",True,
3534302,Orlândia,SP,Sudeste,57.15,56.24,-0.91,90.15,0.36,0.351,0.36,moderado,False,"desempenho médio, alta participação",False,
3518107,Guarantã,SP,Sudeste,47.49,71.08,23.59,87.3,0.359,0.365,0.359,moderado,False,"baixo desempenho, alta participação",True,
3162658,São João do Pacuí,MG,Sudeste,86.4,75.95,-10.45,88.0,0.359,0.365,0.359,moderado,False,"alto desempenho, alta participação",False,
3545407,Salto Grande,SP,Sudeste,44.94,66.65,21.71,89.22,0.359,0.363,0.359,moderado,False,"baixo desempenho, alta participação",True,
3530508,Mococa,SP,Sudeste,61.52,57.28,-4.24,90.4,0.359,0.352,0.359,moderado,False,"desempenho médio, alta participação",False,
4112959,Juranda,PR,Sul,63.48,66.35,2.87,89.61,0.359,0.36,0.359,moderado,False,"desempenho médio, alta participação",False,
3528858,Marapoama,SP,Sudeste,100.0,80.0,-20.0,92.5,0.359,0.361,0.359,moderado,False,"alto desempenho, alta participação",False,
2109007,Porto Franco,MA,Nordeste,74.09,65.23,-8.86,94.56,0.359,0.353,0.359,moderado,False,"alto desempenho, alta participação",False,
2803401,Japoatã,SE,Nordeste,39.3,41.37,2.07,99.28,0.359,0.357,0.359,moderado,False,"baixo desempenho, alta participação",False,
2608404,Jurema,PE,Nordeste,60.64,62.13,1.49,98.1,0.359,0.361,0.359,moderado,False,"desempenho médio, alta participação",False,
3518206,Guararapes,SP,Sudeste,71.91,65.3,-6.61,95.26,0.358,0.35,0.358,moderado,False,"desempenho médio, alta participação",False,
2210375,São Luis do Piauí,PI,Nordeste,61.11,65.51,4.4,100.0,0.358,0.365,0.358,moderado,False,"desempenho médio, alta participação",False,
4316808,Santa Cruz do Sul,RS,Sul,43.8,69.7,25.9,83.69,0.85,0.358,0.358,moderado,False,"baixo desempenho, baixa participação",True,score sem o choque das enchentes de 2024
4302808,Caçapava do Sul,RS,Sul,43.8,63.01,19.21,80.0,0.852,0.358,0.358,moderado,False,"baixo desempenho, baixa participação",True,score sem o choque das enchentes de 2024
4314035,Pareci Novo,RS,Sul,54.0,75.15,21.15,90.57,0.845,0.358,0.358,moderado,False,"baixo desempenho, alta participação",True,score sem o choque das enchentes de 2024
1301506,Envira,AM,Norte,19.3,27.7,8.4,74.59,0.358,0.36,0.358,moderado,False,"baixo desempenho, baixa participação",True,
4312302,Miraguaí,RS,Sul,51.7,79.28,27.58,84.62,0.846,0.358,0.358,moderado,False,"baixo desempenho, alta participação",True,score sem o choque das enchentes de 2024
2602209,Bom Jardim,PE,Nordeste,69.15,67.12,-2.03,97.7,0.358,0.352,0.358,moderado,False,"desempenho médio, alta participação",False,
4200051,Abdon Batista,SC,Sul,77.08,74.51,-2.57,97.5,0.358,0.36,0.358,moderado,False,"desempenho médio, alta participação",False,
3541505,Presidente Venceslau,SP,Sudeste,76.57,66.54,-10.03,96.21,0.357,0.348,0.357,moderado,False,"alto desempenho, alta participação",False,
3143609,Morro da Garça,MG,Sudeste,67.59,80.0,12.41,96.55,0.357,0.367,0.357,moderado,False,"baixo desempenho, alta participação",True,
3103108,Antônio Prado de Minas,MG,Sudeste,86.67,78.99,-7.68,88.24,0.357,0.368,0.357,moderado,False,"alto desempenho, alta participação",False,
3540259,Pontalinda,SP,Sudeste,51.66,56.02,4.36,90.48,0.357,0.365,0.357,moderado,False,"baixo desempenho, alta participação",False,
4303905,Campo Bom,RS,Sul,45.4,78.12,32.72,87.46,0.852,0.357,0.357,moderado,False,"baixo desempenho, alta participação",True,score sem o choque das enchentes de 2024
3300951,Comendador Levy Gasparian,RJ,Sudeste,66.11,60.9,-5.21,90.91,0.357,0.361,0.357,moderado,False,"desempenho médio, alta participação",False,
3128303,Guaranésia,MG,Sudeste,65.21,75.58,10.37,95.89,0.357,0.353,0.357,moderado,False,"baixo desempenho, alta participação",True,
3516853,Gavião Peixoto,SP,Sudeste,73.65,71.04,-2.61,95.31,0.357,0.356,0.357,moderado,False,"desempenho médio, alta participação",False,
3170404,Unaí,MG,Sudeste,59.06,64.12,5.06,87.06,0.357,0.349,0.357,moderado,False,"baixo desempenho, baixa participação",False,
1300805,Borba,AM,Norte,22.82,43.38,20.56,82.69,0.356,0.354,0.356,moderado,False,"baixo desempenho, baixa participação",True,
5105507,Vila Bela da Santíssima Trindade,MT,Centro-Oeste,52.38,57.53,5.15,87.57,0.356,0.353,0.356,moderado,False,"baixo desempenho, alta participação",False,
2401859,Caiçara do Norte,RN,Nordeste,26.47,45.79,19.32,77.38,0.356,0.358,0.356,moderado,False,"baixo desempenho, baixa participação",True,
2206407,Monsenhor Gil,PI,Nordeste,42.48,66.72,24.24,94.57,0.356,0.356,0.356,moderado,False,"baixo desempenho, alta participação",True,
2305407,Icó,CE,Nordeste,75.41,80.0,4.59,98.39,0.355,0.356,0.355,moderado,False,"desempenho médio, alta participação",False,
3124203,Espera Feliz,MG,Sudeste,61.52,74.22,12.7,91.94,0.355,0.352,0.355,moderado,False,"baixo desempenho, alta participação",True,
3104007,Araxá,MG,Sudeste,75.35,72.32,-3.03,88.27,0.355,0.351,0.355,moderado,False,"desempenho médio, alta participação",False,
2411502,Santo Antônio,RN,Nordeste,23.56,70.8,47.24,85.39,0.355,0.35,0.355,moderado,False,"baixo desempenho, alta participação",True,
3506300,Bernardino de Campos,SP,Sudeste,47.5,72.02,24.52,90.2,0.355,0.356,0.355,moderado,False,"baixo desempenho, alta participação",True,
4103107,Bocaiúva do Sul,PR,Sul,57.37,59.18,1.81,87.74,0.354,0.355,0.354,moderado,False,"desempenho médio, alta participação",False,
5007703,Sete Quedas,MS,Centro-Oeste,53.09,62.66,9.57,100.0,0.354,0.355,0.354,moderado,False,"baixo desempenho, alta participação",True,
3104106,Arceburgo,MG,Sudeste,82.63,80.0,-2.63,93.33,0.354,0.351,0.354,moderado,False,"desempenho médio, alta participação",False,
2412104,São João do Sabugi,RN,Nordeste,71.7,59.4,-12.3,96.43,0.354,0.349,0.354,moderado,False,"alto desempenho, alta participação",False,
4313656,Palmares do Sul,RS,Sul,45.2,62.15,16.95,72.44,0.847,0.354,0.354,moderado,False,"baixo desempenho, baixa participação",True,score sem o choque das enchentes de 2024
4319604,São Sepé,RS,Sul,49.7,80.0,30.3,84.96,0.849,0.354,0.354,moderado,False,"baixo desempenho, alta participação",True,score sem o choque das enchentes de 2024
1100072,Corumbiara,RO,Norte,72.68,65.31,-7.37,88.36,0.354,0.353,0.354,moderado,False,"alto desempenho, alta participação",False,
2210201,São José do Piauí,PI,Nordeste,97.06,80.0,-17.06,100.0,0.353,0.348,0.353,moderado,False,"alto desempenho, alta participação",False,
5102678,Campo Verde,MT,Centro-Oeste,65.32,63.98,-1.34,90.14,0.353,0.34,0.353,moderado,False,"desempenho médio, alta participação",False,
2606200,Goiana,PE,Nordeste,45.89,61.91,16.02,86.56,0.353,0.347,0.353,moderado,False,"baixo desempenho, alta participação",True,
3160405,Santo Antônio do Monte,MG,Sudeste,81.35,80.0,-1.35,96.93,0.353,0.345,0.353,moderado,False,"desempenho médio, alta participação",False,
5105101,Juara,MT,Centro-Oeste,64.06,62.05,-2.01,87.6,0.353,0.344,0.353,moderado,False,"desempenho médio, alta participação",False,
1714302,Nazaré,TO,Norte,34.23,56.95,22.72,92.59,0.353,0.357,0.353,moderado,False,"baixo desempenho, alta participação",True,
4202156,Belmonte,SC,Sul,80.41,75.08,-5.33,94.59,0.353,0.355,0.353,moderado,False,"desempenho médio, alta participação",False,
2204303,Fronteiras,PI,Nordeste,96.63,80.0,-16.63,95.65,0.353,0.344,0.353,moderado,False,"alto desempenho, alta participação",False,
2106359,Marajá do Sena,MA,Nordeste,39.77,80.0,40.23,87.23,0.353,0.362,0.353,moderado,False,"baixo desempenho, alta participação",True,
2600203,Afrânio,PE,Nordeste,59.87,62.89,3.02,98.85,0.353,0.352,0.353,moderado,False,"desempenho médio, alta participação",False,
2508505,Livramento,PB,Nordeste,55.32,55.44,0.12,90.32,0.352,0.353,0.352,moderado,False,"desempenho médio, alta participação",False,
3526605,Lavrinhas,SP,Sudeste,46.14,61.59,15.45,94.32,0.352,0.358,0.352,moderado,False,"baixo desempenho, alta participação",True,
1302553,Manaquiri,AM,Norte,20.56,57.7,37.14,78.48,0.352,0.352,0.352,moderado,False,"baixo desempenho, baixa participação",True,
1718899,Santa Rita do Tocantins,TO,Norte,43.12,68.59,25.47,93.75,0.352,0.354,0.352,moderado,False,"baixo desempenho, alta participação",True,
3523602,Itirapina,SP,Sudeste,69.9,65.91,-3.99,94.67,0.352,0.345,0.352,moderado,False,"desempenho médio, alta participação",False,
2203800,Flores do Piauí,PI,Nordeste,43.3,57.58,14.28,96.43,0.352,0.358,0.352,moderado,False,"baixo desempenho, alta participação",True,
2605301,Exu,PE,Nordeste,55.21,64.27,9.06,95.99,0.352,0.35,0.352,moderado,False,"baixo desempenho, alta participação",True,
3140159,Mário Campos,MG,Sudeste,74.09,73.37,-0.72,88.17,0.351,0.349,0.351,moderado,False,"desempenho médio, alta participação",False,
3136108,Joanésia,MG,Sudeste,85.58,80.0,-5.58,93.1,0.351,0.355,0.351,moderado,False,"alto desempenho, alta participação",False,
2504702,Congo,PB,Nordeste,40.66,59.31,18.65,86.49,0.351,0.357,0.351,moderado,False,"baixo desempenho, alta participação",True,
3524808,Jales,SP,Sudeste,70.53,63.39,-7.14,94.59,0.351,0.341,0.351,moderado,False,"alto desempenho, alta participação",False,
4211405,Nova Erechim,SC,Sul,72.86,72.56,-0.3,94.59,0.351,0.349,0.351,moderado,False,"desempenho médio, alta participação",False,
3532405,Nazaré Paulista,SP,Sudeste,62.5,57.58,-4.92,88.96,0.351,0.348,0.351,moderado,False,"desempenho médio, alta participação",False,
2602001,Bodocó,PE,Nordeste,47.32,56.45,9.13,97.64,0.351,0.35,0.351,moderado,False,"baixo desempenho, alta participação",True,
3111606,Campos Gerais,MG,Sudeste,71.94,70.18,-1.76,82.93,0.351,0.345,0.351,moderado,False,"desempenho médio, alta participação",False,
2507309,Jacaraú,PB,Nordeste,51.18,48.68,-2.5,82.48,0.351,0.348,0.351,moderado,False,"baixo desempenho, baixa participação",False,
3528908,Mariápolis,SP,Sudeste,48.4,61.83,13.43,93.94,0.351,0.36,0.351,moderado,False,"baixo desempenho, alta participação",True,
2112506,Tutóia,MA,Nordeste,57.61,50.89,-6.72,91.26,0.35,0.349,0.35,moderado,False,"desempenho médio, alta participação",False,
4313508,Osório,RS,Sul,44.5,71.66,27.16,83.76,0.849,0.35,0.35,moderado,False,"baixo desempenho, baixa participação",True,score sem o choque das enchentes de 2024
2202737,Coivaras,PI,Nordeste,94.47,78.68,-15.79,96.05,0.35,0.348,0.35,moderado,False,"alto desempenho, alta participação",False,
3126752,Franciscópolis,MG,Sudeste,63.78,80.0,16.22,88.1,0.35,0.355,0.35,moderado,False,"baixo desempenho, alta participação",True,
3550209,São Miguel Arcanjo,SP,Sudeste,73.78,64.5,-9.28,95.17,0.349,0.342,0.349,moderado,False,"alto desempenho, alta participação",False,
2203859,Floresta do Piauí,PI,Nordeste,54.55,80.0,25.45,100.0,0.349,0.357,0.349,moderado,False,"baixo desempenho, alta participação",True,
4301107,Arroio dos Ratos,RS,Sul,43.2,53.02,9.82,81.25,0.844,0.349,0.349,moderado,False,"baixo desempenho, baixa participação",True,score sem o choque das enchentes de 2024
2700409,Atalaia,AL,Nordeste,44.27,46.74,2.47,97.74,0.349,0.341,0.349,moderado,False,"baixo desempenho, alta participação",False,
2511301,Piancó,PB,Nordeste,38.92,58.98,20.06,85.94,0.349,0.347,0.349,moderado,False,"baixo desempenho, alta participação",True,
2513109,Salgado de São Félix,PB,Nordeste,40.52,80.0,39.48,92.5,0.349,0.349,0.349,moderado,False,"baixo desempenho, alta participação",True,
5100250,Alta Floresta,MT,Centro-Oeste,71.46,62.17,-9.29,88.66,0.349,0.341,0.349,moderado,False,"alto desempenho, alta participação",False,
3135357,Japonvar,MG,Sudeste,60.75,76.48,15.73,94.87,0.349,0.353,0.349,moderado,False,"baixo desempenho, alta participação",True,
3148806,Pedra do Anta,MG,Sudeste,85.51,80.0,-5.51,91.89,0.348,0.355,0.348,moderado,False,"alto desempenho, alta participação",False,
1300508,Barreirinha,AM,Norte,24.4,44.54,20.14,89.19,0.348,0.347,0.348,moderado,False,"baixo desempenho, alta participação",True,
3502606,Aparecida d'Oeste,SP,Sudeste,86.16,71.2,-14.96,90.48,0.348,0.351,0.348,moderado,False,"alto desempenho, alta participação",False,
4201505,Armazém,SC,Sul,79.08,73.47,-5.61,89.41,0.348,0.342,0.348,moderado,False,"desempenho médio, alta participação",False,
3515301,Estrela do Norte,SP,Sudeste,89.26,75.14,-14.12,93.33,0.348,0.353,0.348,moderado,False,"alto desempenho, alta participação",False,
1712504,Marianópolis do Tocantins,TO,Norte,36.72,39.62,2.9,81.69,0.348,0.347,0.348,moderado,False,"baixo desempenho, baixa participação",False,
3171303,Viçosa,MG,Sudeste,72.11,68.27,-3.84,89.43,0.348,0.34,0.348,moderado,False,"desempenho médio, alta participação",False,
4303301,Caibaté,RS,Sul,63.1,80.0,16.9,96.0,0.842,0.348,0.348,moderado,False,"baixo desempenho, alta participação",True,score sem o choque das enchentes de 2024
4312153,Mato Leitão,RS,Sul,58.4,80.0,21.6,97.62,0.841,0.347,0.347,moderado,False,"baixo desempenho, alta participação",True,score sem o choque das enchentes de 2024
3554755,Trabiju,SP,Sudeste,47.37,80.0,32.63,95.0,0.347,0.362,0.347,moderado,False,"baixo desempenho, alta participação",True,
1500347,Água Azul do Norte,PA,Norte,51.4,42.87,-8.53,80.43,0.347,0.344,0.347,moderado,False,"baixo desempenho, baixa participação",False,
3556909,Vista Alegre do Alto,SP,Sudeste,52.86,80.0,27.14,97.75,0.347,0.348,0.347,moderado,False,"baixo desempenho, alta participação",True,
4319356,São Pedro da Serra,RS,Sul,58.8,80.0,21.2,96.43,0.84,0.347,0.347,moderado,False,"baixo desempenho, alta participação",True,score sem o choque das enchentes de 2024
2613206,São João,PE,Nordeste,54.47,67.04,12.57,97.79,0.347,0.346,0.347,moderado,False,"baixo desempenho, alta participação",True,
3165206,São Tomé das Letras,MG,Sudeste,88.25,80.0,-8.25,91.3,0.347,0.347,0.347,moderado,False,"alto desempenho, alta participação",False,
4208500,Ituporanga,SC,Sul,77.25,69.26,-7.99,83.82,0.347,0.334,0.347,moderado,False,"alto desempenho, alta participação",False,
4307054,Ernestina,RS,Sul,64.7,67.77,3.07,85.0,0.84,0.346,0.346,moderado,False,"baixo desempenho, baixa participação",False,score sem o choque das enchentes de 2024
1707108,Divinópolis do Tocantins,TO,Norte,60.78,51.98,-8.8,87.63,0.346,0.341,0.346,moderado,False,"desempenho médio, alta participação",False,
3122306,Divinópolis,MG,Sudeste,73.79,69.63,-4.16,89.98,0.346,0.339,0.346,moderado,False,"desempenho médio, alta participação",False,
3136900,Juruaia,MG,Sudeste,82.69,78.94,-3.75,91.73,0.346,0.343,0.346,moderado,False,"desempenho médio, alta participação",False,
4304622,Capão Bonito do Sul,RS,Sul,60.0,62.39,2.39,71.43,0.837,0.346,0.346,moderado,False,"baixo desempenho, baixa participação",False,score sem o choque das enchentes de 2024
3520400,Ilhabela,SP,Sudeste,43.27,55.69,12.42,86.13,0.346,0.337,0.346,moderado,False,"baixo desempenho, alta participação",True,
3508603,Cachoeira Paulista,SP,Sudeste,41.8,59.84,18.04,92.71,0.346,0.343,0.346,moderado,False,"baixo desempenho, alta participação",True,
4306007,Crissiumal,RS,Sul,57.4,75.26,17.86,92.8,0.844,0.346,0.346,moderado,False,"baixo desempenho, alta participação",True,score sem o choque das enchentes de 2024
2601409,Barreiros,PE,Nordeste,53.05,67.68,14.63,97.0,0.345,0.342,0.345,moderado,False,"baixo desempenho, alta participação",True,
2515005,São Miguel de Taipu,PB,Nordeste,100.0,23.72,-76.28,82.14,0.345,0.341,0.345,moderado,False,"alto desempenho, alta participação",False,
4218350,Treviso,SC,Sul,56.3,72.19,15.89,80.95,0.345,0.347,0.345,moderado,False,"baixo desempenho, baixa participação",True,
5000807,Anaurilândia,MS,Centro-Oeste,80.11,69.94,-10.17,98.13,0.345,0.344,0.345,moderado,False,"alto desempenho, alta participação",False,
1304237,Tonantins,AM,Norte,30.02,56.94,26.92,93.67,0.345,0.345,0.345,moderado,False,"baixo desempenho, alta participação",True,
2206803,Nossa Senhora dos Remédios,PI,Nordeste,45.57,69.27,23.7,100.0,0.345,0.346,0.345,moderado,False,"baixo desempenho, alta participação",True,
5221304,Três Ranchos,GO,Centro-Oeste,84.05,79.62,-4.43,79.41,0.345,0.354,0.345,moderado,False,"baixo desempenho, baixa participação",False,
4116604,Nova América da Colina,PR,Sul,78.8,68.18,-10.62,84.62,0.345,0.351,0.345,moderado,False,"alto desempenho, alta participação",False,
4103057,Boa Vista da Aparecida,PR,Sul,53.35,74.74,21.39,93.75,0.345,0.349,0.345,moderado,False,"baixo desempenho, alta participação",True,
4315107,Porto Xavier,RS,Sul,52.9,74.31,21.41,94.12,0.841,0.345,0.345,moderado,False,"baixo desempenho, alta participação",True,score sem o choque das enchentes de 2024
3203908,Nova Venécia,ES,Sudeste,83.24,80.0,-3.24,93.94,0.345,0.341,0.345,moderado,False,"desempenho médio, alta participação",False,
2413201,Senador Georgino Avelino,RN,Nordeste,27.46,39.38,11.92,82.26,0.344,0.348,0.344,moderado,False,"baixo desempenho, baixa participação",True,
5207402,Edéia,GO,Centro-Oeste,72.29,80.0,7.71,93.98,0.344,0.341,0.344,moderado,False,"desempenho médio, alta participação",True,
2202455,Capitão Gervásio Oliveira,PI,Nordeste,77.36,70.01,-7.35,100.0,0.344,0.345,0.344,moderado,False,"alto desempenho, alta participação",False,
1200138,Bujari,AC,Norte,26.69,35.2,8.51,79.67,0.344,0.342,0.344,moderado,False,"baixo desempenho, baixa participação",True,UF sem historico no treino: avaliado so pelas demais variaveis
4211009,Mondaí,SC,Sul,56.85,72.2,15.35,85.45,0.344,0.337,0.344,moderado,False,"baixo desempenho, baixa participação",True,
3500550,Águas de Santa Bárbara,SP,Sudeste,48.99,59.8,10.81,94.55,0.344,0.349,0.344,moderado,False,"baixo desempenho, alta participação",True,
3138401,Leopoldina,MG,Sudeste,65.18,65.62,0.44,88.82,0.343,0.339,0.343,moderado,False,"desempenho médio, alta participação",False,
4313003,Nova Bréscia,RS,Sul,94.4,78.1,-16.3,90.0,0.84,0.343,0.343,moderado,False,"alto desempenho, alta participação",False,score sem o choque das enchentes de 2024
2601706,Belo Jardim,PE,Nordeste,43.93,59.56,15.63,90.38,0.343,0.34,0.343,moderado,False,"baixo desempenho, alta participação",True,
2100709,Anajatuba,MA,Nordeste,41.33,75.01,33.68,91.56,0.343,0.344,0.343,moderado,False,"baixo desempenho, alta participação",True,
5005681,Mundo Novo,MS,Centro-Oeste,46.46,80.0,33.54,93.83,0.342,0.341,0.342,moderado,False,"baixo desempenho, alta participação",True,
4215653,Santa Rosa do Sul,SC,Sul,74.56,63.49,-11.07,72.93,0.342,0.339,0.342,moderado,False,"baixo desempenho, baixa participação",False,
2705101,Matriz de Camaragibe,AL,Nordeste,48.77,49.04,0.27,98.08,0.342,0.339,0.342,moderado,False,"baixo desempenho, alta participação",False,
3537008,Pedregulho,SP,Sudeste,51.67,67.06,15.39,96.05,0.342,0.337,0.342,moderado,False,"baixo desempenho, alta participação",True,
3521606,Irapuru,SP,Sudeste,96.0,80.0,-16.0,94.0,0.341,0.339,0.341,moderado,False,"alto desempenho, alta participação",False,
3537503,Pereiras,SP,Sudeste,66.7,60.73,-5.97,90.74,0.341,0.342,0.341,moderado,False,"desempenho médio, alta participação",False,
2105609,Joselândia,MA,Nordeste,75.31,62.87,-12.44,96.0,0.341,0.34,0.341,moderado,False,"alto desempenho, alta participação",False,
4305355,Charqueadas,RS,Sul,51.3,68.99,17.69,94.62,0.844,0.341,0.341,moderado,False,"baixo desempenho, alta participação",True,score sem o choque das enchentes de 2024
5105622,Mirassol d'Oeste,MT,Centro-Oeste,60.12,60.92,0.8,93.24,0.341,0.334,0.341,moderado,False,"desempenho médio, alta participação",False,
2105153,Igarapé do Meio,MA,Nordeste,77.64,65.78,-11.86,98.64,0.341,0.338,0.341,moderado,False,"alto desempenho, alta participação",False,
3125952,Fervedouro,MG,Sudeste,76.31,70.55,-5.76,82.58,0.341,0.341,0.341,moderado,False,"desempenho médio, alta participação",False,
2608800,Lajedo,PE,Nordeste,57.42,58.19,0.77,94.65,0.34,0.337,0.34,moderado,False,"desempenho médio, alta participação",False,
4312906,Nova Bassano,RS,Sul,51.8,78.52,26.72,88.52,0.84,0.34,0.34,moderado,False,"baixo desempenho, alta participação",True,score sem o choque das enchentes de 2024
4302352,Bom Princípio,RS,Sul,55.3,75.63,20.33,91.03,0.841,0.34,0.34,moderado,False,"baixo desempenho, alta participação",True,score sem o choque das enchentes de 2024
5007695,São Gabriel do Oeste,MS,Centro-Oeste,62.1,61.36,-0.74,95.31,0.34,0.334,0.34,moderado,False,"desempenho médio, alta participação",False,
4322343,Ubiretama,RS,Sul,55.6,80.0,24.4,90.0,0.833,0.34,0.34,moderado,False,"baixo desempenho, alta participação",True,score sem o choque das enchentes de 2024
2803609,Laranjeiras,SE,Nordeste,27.35,31.57,4.22,89.75,0.339,0.334,0.339,moderado,False,"baixo desempenho, alta participação",False,
3528304,Magda,SP,Sudeste,93.95,80.0,-13.95,94.29,0.339,0.342,0.339,moderado,False,"alto desempenho, alta participação",False,
2514404,São José de Espinharas,PB,Nordeste,44.79,64.04,19.25,95.92,0.339,0.344,0.339,moderado,False,"baixo desempenho, alta participação",True,
2704500,Maragogi,AL,Nordeste,45.6,46.77,1.17,94.01,0.339,0.333,0.339,moderado,False,"baixo desempenho, alta participação",False,
2409605,Pedra Preta,RN,Nordeste,37.5,54.21,16.71,94.12,0.339,0.345,0.339,moderado,False,"baixo desempenho, alta participação",True,
3159357,Santa Rita de Minas,MG,Sudeste,58.94,67.37,8.43,93.33,0.338,0.343,0.338,moderado,False,"baixo desempenho, alta participação",True,
4310405,Independência,RS,Sul,57.7,70.86,13.16,92.16,0.837,0.338,0.338,moderado,False,"baixo desempenho, alta participação",True,score sem o choque das enchentes de 2024
3111309,Campo do Meio,MG,Sudeste,76.54,71.49,-5.05,83.96,0.338,0.337,0.338,moderado,False,"desempenho médio, alta participação",False,
3143302,Montes Claros,MG,Sudeste,75.18,67.55,-7.63,87.73,0.338,0.328,0.338,moderado,False,"alto desempenho, alta participação",False,
2414209,Tibau do Sul,RN,Nordeste,24.98,33.04,8.06,82.76,0.338,0.334,0.338,moderado,False,"baixo desempenho, baixa participação",True,
2604809,Cortês,PE,Nordeste,70.4,67.7,-2.7,96.59,0.338,0.339,0.338,moderado,False,"desempenho médio, alta participação",False,
4317707,Santo Antônio das Missões,RS,Sul,53.0,75.47,22.47,88.24,0.838,0.338,0.338,moderado,False,"baixo desempenho, alta participação",True,score sem o choque das enchentes de 2024
3114501,Carmópolis de Minas,MG,Sudeste,81.68,77.84,-3.84,94.41,0.337,0.331,0.337,moderado,False,"desempenho médio, alta participação",False,
3532801,Nova Aliança,SP,Sudeste,73.75,64.94,-8.81,88.41,0.337,0.338,0.337,moderado,False,"alto desempenho, alta participação",False,
5100359,Alto Boa Vista,MT,Centro-Oeste,48.84,80.0,31.16,93.2,0.337,0.34,0.337,moderado,False,"baixo desempenho, alta participação",True,
2203230,Currais,PI,Nordeste,92.5,80.0,-12.5,97.5,0.337,0.33,0.337,moderado,False,"alto desempenho, alta participação",False,
4319901,Sapiranga,RS,Sul,41.1,74.99,33.89,83.08,0.84,0.337,0.337,moderado,False,"baixo desempenho, alta participação",True,score sem o choque das enchentes de 2024
4301800,Barracão,RS,Sul,56.4,75.38,18.98,93.48,0.835,0.337,0.337,moderado,False,"baixo desempenho, alta participação",True,score sem o choque das enchentes de 2024
2111805,Sítio Novo,MA,Nordeste,54.44,54.41,-0.03,95.42,0.337,0.337,0.337,moderado,False,"desempenho médio, alta participação",False,
4321329,Taquaruçu do Sul,RS,Sul,81.5,80.0,-1.5,100.0,0.836,0.337,0.337,moderado,False,"desempenho médio, alta participação",False,score sem o choque das enchentes de 2024
2408805,Parazinho,RN,Nordeste,28.27,57.7,29.43,80.0,0.336,0.336,0.336,moderado,False,"baixo desempenho, baixa participação",True,
3543709,Rincão,SP,Sudeste,74.83,65.79,-9.04,89.9,0.336,0.335,0.336,moderado,False,"alto desempenho, alta participação",False,
2206050,Massapê do Piauí,PI,Nordeste,60.66,56.95,-3.71,97.73,0.336,0.338,0.336,moderado,False,"desempenho médio, alta participação",False,
3553856,Taquarivaí,SP,Sudeste,47.19,67.87,20.68,88.3,0.336,0.341,0.336,moderado,False,"baixo desempenho, alta participação",True,
4205357,Flor do Sertão,SC,Sul,58.33,80.0,21.67,92.31,0.336,0.344,0.336,moderado,False,"baixo desempenho, alta participação",True,
4312609,Muçum,RS,Sul,53.6,60.38,6.78,84.85,0.834,0.336,0.336,moderado,False,"baixo desempenho, baixa participação",False,score sem o choque das enchentes de 2024
3202454,Ibatiba,ES,Sudeste,82.36,80.0,-2.36,92.93,0.336,0.333,0.336,moderado,False,"desempenho médio, alta participação",False,
1713700,Monte Santo do Tocantins,TO,Norte,44.77,44.22,-0.55,81.25,0.336,0.34,0.336,moderado,False,"baixo desempenho, baixa participação",False,
4118857,Perobal,PR,Sul,70.19,64.91,-5.28,90.0,0.335,0.338,0.335,moderado,False,"desempenho médio, alta participação",False,
3113206,Carandaí,MG,Sudeste,80.43,74.34,-6.09,89.53,0.335,0.328,0.335,moderado,False,"desempenho médio, alta participação",False,
4115903,Mirador,PR,Sul,56.0,73.37,17.37,89.29,0.335,0.345,0.335,moderado,False,"baixo desempenho, alta participação",True,
5007554,Santa Rita do Pardo,MS,Centro-Oeste,51.3,58.59,7.29,96.48,0.334,0.337,0.334,moderado,False,"baixo desempenho, alta participação",True,
3204906,São Mateus,ES,Sudeste,69.53,71.26,1.73,89.88,0.334,0.336,0.334,moderado,False,"desempenho médio, alta participação",False,
2211506,Vera Mendes,PI,Nordeste,48.57,80.0,31.43,100.0,0.334,0.342,0.334,moderado,False,"baixo desempenho, alta participação",True,
4321501,Torres,RS,Sul,44.0,68.39,24.39,80.88,0.839,0.334,0.334,moderado,False,"baixo desempenho, baixa participação",True,score sem o choque das enchentes de 2024
2601607,Belém do São Francisco,PE,Nordeste,62.62,60.84,-1.78,89.69,0.334,0.334,0.334,moderado,False,"desempenho médio, alta participação",False,
3205002,Serra,ES,Sudeste,57.12,65.88,8.76,85.72,0.334,0.326,0.334,moderado,False,"baixo desempenho, baixa participação",True,
3513306,Cruzália,SP,Sudeste,47.06,80.0,32.94,89.47,0.333,0.345,0.333,moderado,False,"baixo desempenho, alta participação",True,
3153301,Presidente Kubitschek,MG,Sudeste,79.86,77.02,-2.84,93.62,0.333,0.341,0.333,moderado,False,"desempenho médio, alta participação",False,
3161700,São Gonçalo do Abaeté,MG,Sudeste,82.95,80.0,-2.95,95.08,0.333,0.331,0.333,moderado,False,"desempenho médio, alta participação",False,
3204252,Ponto Belo,ES,Sudeste,80.01,80.0,-0.01,86.73,0.333,0.338,0.333,moderado,False,"desempenho médio, alta participação",False,
3301207,Carmo,RJ,Sudeste,67.98,55.29,-12.69,84.34,0.333,0.333,0.333,moderado,False,"alto desempenho, alta participação",False,
4323606,Vista Alegre do Prata,RS,Sul,85.7,80.0,-5.7,100.0,0.83,0.333,0.333,moderado,False,"alto desempenho, alta participação",False,score sem o choque das enchentes de 2024
3138674,Luisburgo,MG,Sudeste,87.7,80.0,-7.7,95.24,0.333,0.333,0.333,moderado,False,"alto desempenho, alta participação",False,
3203353,Marilândia,ES,Sudeste,78.31,78.94,0.63,84.35,0.333,0.333,0.333,moderado,False,"desempenho médio, alta participação",False,
4315552,Rio dos Índios,RS,Sul,85.7,80.0,-5.7,100.0,0.832,0.332,0.332,moderado,False,"alto desempenho, alta participação",False,score sem o choque das enchentes de 2024
3520806,Inúbia Paulista,SP,Sudeste,94.72,80.0,-14.72,97.5,0.332,0.333,0.332,moderado,False,"alto desempenho, alta participação",False,
3547403,Santa Rita d'Oeste,SP,Sudeste,52.94,66.75,13.81,89.47,0.332,0.343,0.332,moderado,False,"baixo desempenho, alta participação",True,
4208807,Jaguaruna,SC,Sul,56.28,54.42,-1.86,70.41,0.332,0.326,0.332,moderado,False,"baixo desempenho, baixa participação",False,
3124906,Eugenópolis,MG,Sudeste,68.59,64.17,-4.42,74.74,0.332,0.333,0.332,moderado,False,"baixo desempenho, baixa participação",False,
3553104,Taiaçu,SP,Sudeste,38.71,71.26,32.55,88.46,0.332,0.34,0.332,moderado,False,"baixo desempenho, alta participação",True,
3152006,Pompéu,MG,Sudeste,56.14,69.94,13.8,86.85,0.332,0.327,0.332,moderado,False,"baixo desempenho, alta participação",True,
2408607,Paraná,RN,Nordeste,27.59,36.07,8.48,89.74,0.332,0.337,0.332,moderado,False,"baixo desempenho, alta participação",True,
3501806,Américo de Campos,SP,Sudeste,78.38,66.48,-11.9,90.24,0.332,0.334,0.332,moderado,False,"alto desempenho, alta participação",False,
4317301,Santa Vitória do Palmar,RS,Sul,45.4,63.84,18.44,81.55,0.837,0.331,0.331,moderado,False,"baixo desempenho, baixa participação",True,score sem o choque das enchentes de 2024
3517000,Getulina,SP,Sudeste,68.1,59.46,-8.64,80.0,0.331,0.331,0.331,moderado,False,"baixo desempenho, baixa participação",False,
5107750,Salto do Céu,MT,Centro-Oeste,97.49,80.0,-17.49,90.48,0.331,0.332,0.331,moderado,False,"alto desempenho, alta participação",False,
1712009,Lajeado,TO,Norte,38.15,52.99,14.84,98.21,0.331,0.334,0.331,moderado,False,"baixo desempenho, alta participação",True,
3200607,Aracruz,ES,Sudeste,74.36,73.75,-0.61,88.22,0.331,0.332,0.331,moderado,False,"desempenho médio, alta participação",False,
3113909,Carmo da Cachoeira,MG,Sudeste,78.88,76.06,-2.82,92.31,0.331,0.328,0.331,moderado,False,"desempenho médio, alta participação",False,
3506409,Bilac,SP,Sudeste,74.74,66.49,-8.25,94.44,0.331,0.33,0.331,moderado,False,"alto desempenho, alta participação",False,
1711902,Lagoa da Confusão,TO,Norte,35.66,41.33,5.67,88.5,0.331,0.323,0.331,moderado,False,"baixo desempenho, alta participação",False,
3133907,Itaverava,MG,Sudeste,76.97,77.49,0.52,89.47,0.33,0.334,0.33,moderado,False,"desempenho médio, alta participação",False,
2610400,Parnamirim,PE,Nordeste,58.91,58.85,-0.06,95.11,0.33,0.331,0.33,moderado,False,"desempenho médio, alta participação",False,
5007307,Rio Negro,MS,Centro-Oeste,53.05,61.88,8.83,98.78,0.33,0.337,0.33,moderado,False,"baixo desempenho, alta participação",True,
3524501,Jaci,SP,Sudeste,68.06,63.73,-4.33,90.65,0.33,0.329,0.33,moderado,False,"desempenho médio, alta participação",False,
3502705,Apiaí,SP,Sudeste,88.38,72.08,-16.3,96.55,0.33,0.321,0.33,moderado,False,"alto desempenho, alta participação",False,
3115805,Centralina,MG,Sudeste,89.95,78.79,-11.16,89.04,0.33,0.326,0.33,moderado,False,"alto desempenho, alta participação",False,
3510807,Casa Branca,SP,Sudeste,61.98,56.27,-5.71,88.93,0.33,0.324,0.33,moderado,False,"desempenho médio, alta participação",False,
4311106,Jaguari,RS,Sul,53.4,69.74,16.34,91.49,0.833,0.33,0.33,moderado,False,"baixo desempenho, alta participação",True,score sem o choque das enchentes de 2024
2924108,Pedrão,BA,Nordeste,13.33,36.3,22.97,93.75,0.33,0.336,0.33,moderado,False,"baixo desempenho, alta participação",True,
3539400,Piratininga,SP,Sudeste,44.37,59.02,14.65,93.58,0.329,0.331,0.329,moderado,False,"baixo desempenho, alta participação",True,
5103106,Cocalinho,MT,Centro-Oeste,52.39,79.08,26.69,93.48,0.329,0.332,0.329,moderado,False,"baixo desempenho, alta participação",True,
3515905,Floreal,SP,Sudeste,96.19,80.0,-16.19,90.0,0.329,0.332,0.329,moderado,False,"alto desempenho, alta participação",False,
4204350,Cordilheira Alta,SC,Sul,65.36,68.14,2.78,93.07,0.329,0.327,0.329,moderado,False,"desempenho médio, alta participação",False,
3141009,Mato Verde,MG,Sudeste,61.37,72.48,11.11,95.0,0.329,0.33,0.329,moderado,False,"baixo desempenho, alta participação",True,
3160454,Santo Antônio do Retiro,MG,Sudeste,65.69,78.66,12.97,98.33,0.329,0.332,0.329,moderado,False,"baixo desempenho, alta participação",True,
3158201,Santa Maria do Suaçuí,MG,Sudeste,66.73,67.55,0.82,85.45,0.329,0.328,0.329,moderado,False,"desempenho médio, alta participação",False,
3167707,Sobrália,MG,Sudeste,75.93,70.83,-5.1,85.11,0.329,0.333,0.329,moderado,False,"desempenho médio, alta participação",False,
2702801,Flexeiras,AL,Nordeste,49.34,48.62,-0.72,93.45,0.328,0.328,0.328,moderado,False,"desempenho médio, alta participação",False,
4106852,Cruzmaltina,PR,Sul,94.52,80.0,-14.52,94.74,0.328,0.331,0.328,moderado,False,"alto desempenho, alta participação",False,
4115853,Mercedes,PR,Sul,93.06,80.0,-13.06,97.17,0.328,0.327,0.328,moderado,False,"alto desempenho, alta participação",False,
2201408,Barro Duro,PI,Nordeste,40.17,51.39,11.22,94.34,0.328,0.331,0.328,moderado,False,"baixo desempenho, alta participação",True,
2207306,Paes Landim,PI,Nordeste,45.31,60.98,15.67,100.0,0.327,0.333,0.327,moderado,False,"baixo desempenho, alta participação",True,
2606002,Garanhuns,PE,Nordeste,69.75,61.33,-8.42,94.46,0.327,0.326,0.327,moderado,False,"alto desempenho, alta participação",False,
3513900,Divinolândia,SP,Sudeste,61.36,61.36,0.0,94.32,0.327,0.326,0.327,moderado,False,"desempenho médio, alta participação",False,
1100452,Buritis,RO,Norte,72.32,59.65,-12.67,90.5,0.327,0.318,0.327,moderado,False,"alto desempenho, alta participação",False,
3536505,Paulínia,SP,Sudeste,61.39,58.73,-2.66,90.67,0.327,0.321,0.327,moderado,False,"desempenho médio, alta participação",False,
3539103,Pirapora do Bom Jesus,SP,Sudeste,40.79,55.2,14.41,90.28,0.327,0.326,0.327,moderado,False,"baixo desempenho, alta participação",True,
2707909,Santa Luzia do Norte,AL,Nordeste,38.52,46.34,7.82,95.77,0.326,0.33,0.326,moderado,False,"baixo desempenho, alta participação",True,
3140530,Martins Soares,MG,Sudeste,83.69,77.58,-6.11,91.18,0.326,0.325,0.326,moderado,False,"alto desempenho, alta participação",False,
3549706,São José do Rio Pardo,SP,Sudeste,63.96,58.19,-5.77,91.5,0.326,0.321,0.326,moderado,False,"desempenho médio, alta participação",False,
2506707,Imaculada,PB,Nordeste,39.64,71.23,31.59,93.9,0.326,0.326,0.326,moderado,False,"baixo desempenho, alta participação",True,
4322004,Triunfo,RS,Sul,68.5,71.02,2.52,94.59,0.838,0.325,0.325,moderado,False,"desempenho médio, alta participação",False,score sem o choque das enchentes de 2024
3154457,Riachinho,MG,Sudeste,72.81,72.85,0.04,90.82,0.325,0.327,0.325,moderado,False,"desempenho médio, alta participação",False,
2408953,Rio do Fogo,RN,Nordeste,31.56,29.91,-1.65,70.97,0.325,0.324,0.325,moderado,False,"baixo desempenho, baixa participação",False,
3543006,Ribeirão Branco,SP,Sudeste,64.79,61.89,-2.9,96.64,0.325,0.321,0.325,moderado,False,"desempenho médio, alta participação",False,
4314423,Picada Café,RS,Sul,57.1,80.0,22.9,96.3,0.828,0.325,0.325,moderado,False,"baixo desempenho, alta participação",True,score sem o choque das enchentes de 2024
2511202,Pedras de Fogo,PB,Nordeste,48.58,50.63,2.05,93.53,0.324,0.317,0.324,moderado,False,"baixo desempenho, alta participação",False,
3155900,Rio Preto,MG,Sudeste,62.04,73.91,11.87,94.44,0.324,0.33,0.324,moderado,False,"baixo desempenho, alta participação",True,
2706802,Piaçabuçu,AL,Nordeste,42.39,46.24,3.85,93.78,0.324,0.322,0.324,moderado,False,"baixo desempenho, alta participação",False,
5200100,Abadiânia,GO,Centro-Oeste,79.39,79.26,-0.13,88.78,0.324,0.321,0.324,moderado,False,"desempenho médio, alta participação",False,
3201605,Conceição da Barra,ES,Sudeste,68.12,75.62,7.5,93.92,0.324,0.322,0.324,moderado,False,"desempenho médio, alta participação",True,
2516904,Uiraúna,PB,Nordeste,44.45,80.0,35.55,98.21,0.324,0.321,0.324,moderado,False,"baixo desempenho, alta participação",True,
4311205,Júlio de Castilhos,RS,Sul,42.2,49.24,7.04,72.39,0.831,0.324,0.324,moderado,False,"baixo desempenho, baixa participação",False,score sem o choque das enchentes de 2024
3205101,Viana,ES,Sudeste,68.8,73.22,4.42,91.22,0.324,0.318,0.324,moderado,False,"desempenho médio, alta participação",False,
4314175,Pedras Altas,RS,Sul,55.9,69.62,13.72,86.96,0.824,0.323,0.323,moderado,False,"baixo desempenho, alta participação",True,score sem o choque das enchentes de 2024
4312450,Morro Redondo,RS,Sul,47.4,75.12,27.72,79.63,0.825,0.323,0.323,moderado,False,"baixo desempenho, baixa participação",True,score sem o choque das enchentes de 2024
2700706,Batalha,AL,Nordeste,45.96,47.38,1.42,96.05,0.323,0.321,0.323,moderado,False,"baixo desempenho, alta participação",False,
5005103,Jateí,MS,Centro-Oeste,56.25,70.92,14.67,100.0,0.323,0.328,0.323,moderado,False,"baixo desempenho, alta participação",True,
3201902,Domingos Martins,ES,Sudeste,81.13,80.0,-1.13,90.6,0.323,0.317,0.323,moderado,False,"desempenho médio, alta participação",False,
2200707,Anísio de Abreu,PI,Nordeste,57.02,57.38,0.36,99.21,0.323,0.321,0.323,moderado,False,"desempenho médio, alta participação",False,
3519253,Iaras,SP,Sudeste,42.77,54.53,11.76,88.52,0.323,0.327,0.323,moderado,False,"baixo desempenho, alta participação",True,
4303004,Cachoeira do Sul,RS,Sul,40.2,64.82,24.62,79.45,0.832,0.322,0.322,moderado,False,"baixo desempenho, baixa participação",True,score sem o choque das enchentes de 2024
3170206,Uberlândia,MG,Sudeste,62.63,60.41,-2.22,82.24,0.322,0.309,0.322,moderado,False,"baixo desempenho, baixa participação",False,
2609402,Moreno,PE,Nordeste,43.93,62.08,18.15,95.77,0.322,0.322,0.322,moderado,False,"baixo desempenho, alta participação",True,
5106372,Pedra Preta,MT,Centro-Oeste,65.1,64.33,-0.77,92.76,0.322,0.315,0.322,moderado,False,"desempenho médio, alta participação",False,
4110003,Iguaraçu,PR,Sul,58.96,60.4,1.44,82.72,0.322,0.328,0.322,moderado,False,"baixo desempenho, baixa participação",False,
4314704,Planalto,RS,Sul,54.1,74.79,20.69,97.01,0.827,0.322,0.322,moderado,False,"baixo desempenho, alta participação",True,score sem o choque das enchentes de 2024
3513108,Cravinhos,SP,Sudeste,59.0,54.06,-4.94,85.68,0.322,0.315,0.322,moderado,False,"desempenho médio, alta participação",False,
3143807,Munhoz,MG,Sudeste,82.36,78.54,-3.82,95.79,0.322,0.323,0.322,moderado,False,"desempenho médio, alta participação",False,
4315149,Presidente Lucena,RS,Sul,56.3,80.0,23.7,92.0,0.823,0.321,0.321,moderado,False,"baixo desempenho, alta participação",True,score sem o choque das enchentes de 2024
3118601,Contagem,MG,Sudeste,69.05,62.31,-6.74,81.31,0.321,0.308,0.321,moderado,False,"baixo desempenho, baixa participação",False,
5208400,Goianápolis,GO,Centro-Oeste,68.02,76.1,8.08,88.5,0.321,0.321,0.321,moderado,False,"desempenho médio, alta participação",True,
3535309,Palmital,SP,Sudeste,60.32,57.31,-3.01,92.93,0.321,0.317,0.321,moderado,False,"desempenho médio, alta participação",False,
3535002,Palestina,SP,Sudeste,72.03,65.16,-6.87,97.74,0.321,0.318,0.321,moderado,False,"alto desempenho, alta participação",False,
3139706,Maravilhas,MG,Sudeste,76.79,73.17,-3.62,88.61,0.321,0.321,0.321,moderado,False,"desempenho médio, alta participação",False,
3171105,Veríssimo,MG,Sudeste,77.09,77.6,0.51,89.47,0.32,0.324,0.32,moderado,False,"desempenho médio, alta participação",False,
2804904,Pacatuba,SE,Nordeste,28.56,32.27,3.71,89.83,0.32,0.32,0.32,moderado,False,"baixo desempenho, alta participação",False,
4117297,Novo Itacolomi,PR,Sul,97.3,80.0,-17.3,94.59,0.32,0.324,0.32,moderado,False,"alto desempenho, alta participação",False,
3116506,Claro dos Poções,MG,Sudeste,68.63,73.16,4.53,95.52,0.32,0.323,0.32,moderado,False,"desempenho médio, alta participação",False,
3133105,Itanhandu,MG,Sudeste,84.24,80.0,-4.24,94.38,0.32,0.314,0.32,moderado,False,"desempenho médio, alta participação",False,
3132305,Itaipé,MG,Sudeste,55.18,64.83,9.65,88.76,0.319,0.322,0.319,moderado,False,"baixo desempenho, alta participação",True,
5107008,Poxoréu,MT,Centro-Oeste,46.03,57.77,11.74,86.36,0.319,0.316,0.319,moderado,False,"baixo desempenho, alta participação",True,
1716208,Paranã,TO,Norte,68.45,54.33,-14.12,93.75,0.319,0.311,0.319,moderado,False,"alto desempenho, alta participação",False,
2703700,Jaramataia,AL,Nordeste,40.27,49.67,9.4,96.88,0.319,0.325,0.319,moderado,False,"baixo desempenho, alta participação",True,
4300034,Aceguá,RS,Sul,52.5,73.1,20.6,86.79,0.823,0.319,0.319,moderado,False,"baixo desempenho, alta participação",True,score sem o choque das enchentes de 2024
1719004,Santa Tereza do Tocantins,TO,Norte,24.65,58.46,33.81,79.03,0.318,0.326,0.318,moderado,False,"baixo desempenho, baixa participação",True,
2507804,Junco do Seridó,PB,Nordeste,76.21,63.99,-12.22,97.14,0.318,0.316,0.318,moderado,False,"alto desempenho, alta participação",False,
2101970,Boa Vista do Gurupi,MA,Nordeste,80.0,66.49,-13.51,100.0,0.318,0.32,0.318,moderado,False,"alto desempenho, alta participação",False,
2705507,Murici,AL,Nordeste,84.41,61.92,-22.49,97.91,0.318,0.309,0.318,moderado,False,"alto desempenho, alta participação",False,
2900306,Acajutiba,BA,Nordeste,59.14,35.26,-23.88,91.18,0.318,0.313,0.318,moderado,False,"alto desempenho, alta participação",False,
2106904,Monção,MA,Nordeste,36.19,61.13,24.94,90.74,0.318,0.319,0.318,moderado,False,"baixo desempenho, alta participação",True,
3134202,Ituiutaba,MG,Sudeste,66.72,68.48,1.76,94.61,0.318,0.316,0.318,moderado,False,"desempenho médio, alta participação",False,
3203320,Marataízes,ES,Sudeste,69.4,75.34,5.94,86.59,0.318,0.31,0.318,moderado,False,"desempenho médio, alta participação",False,
4118303,Paranapoema,PR,Sul,61.71,65.96,4.25,97.5,0.317,0.325,0.317,moderado,False,"desempenho médio, alta participação",False,
2704401,Major Isidoro,AL,Nordeste,37.84,52.71,14.87,99.48,0.317,0.316,0.317,moderado,False,"baixo desempenho, alta participação",True,
3125507,São Gonçalo do Rio Preto,MG,Sudeste,83.33,80.0,-3.33,96.67,0.317,0.323,0.317,moderado,False,"desempenho médio, alta participação",False,
2202117,Campo Alegre do Fidalgo,PI,Nordeste,59.33,51.56,-7.77,89.47,0.317,0.321,0.317,moderado,False,"desempenho médio, alta participação",False,
4207205,Imaruí,SC,Sul,44.91,51.51,6.6,80.0,0.317,0.316,0.317,moderado,False,"baixo desempenho, baixa participação",False,
4202875,Brunópolis,SC,Sul,68.75,70.92,2.17,94.12,0.317,0.32,0.317,moderado,False,"desempenho médio, alta participação",False,
4201901,Aurora,SC,Sul,77.09,68.21,-8.88,70.97,0.317,0.313,0.317,moderado,False,"baixo desempenho, baixa participação",False,
4126652,Sulina,PR,Sul,74.93,69.39,-5.54,94.87,0.317,0.323,0.317,moderado,False,"desempenho médio, alta participação",False,
2606408,Gravatá,PE,Nordeste,43.1,54.32,11.22,96.13,0.317,0.314,0.317,moderado,False,"baixo desempenho, alta participação",True,
2513802,Santa Teresinha,PB,Nordeste,42.77,52.98,10.21,87.5,0.316,0.321,0.316,moderado,False,"baixo desempenho, alta participação",True,
2606606,Ibimirim,PE,Nordeste,61.76,60.3,-1.46,98.45,0.316,0.314,0.316,moderado,False,"desempenho médio, alta participação",False,
3513405,Cruzeiro,SP,Sudeste,55.99,52.17,-3.82,93.0,0.316,0.309,0.316,moderado,False,"desempenho médio, alta participação",False,
3201506,Colatina,ES,Sudeste,77.5,75.66,-1.84,91.46,0.316,0.315,0.316,moderado,False,"desempenho médio, alta participação",False,
2100808,Anapurus,MA,Nordeste,34.63,80.0,45.37,76.76,0.316,0.32,0.316,moderado,False,"baixo desempenho, baixa participação",True,
2205532,Jurema,PI,Nordeste,98.36,80.0,-18.36,100.0,0.316,0.313,0.316,moderado,False,"alto desempenho, alta participação",False,
1701309,Aragominas,TO,Norte,52.57,40.05,-12.52,73.33,0.316,0.315,0.316,moderado,False,"baixo desempenho, baixa participação",False,
4321006,Tapera,RS,Sul,68.4,67.4,-1.0,91.07,0.826,0.316,0.316,moderado,False,"desempenho médio, alta participação",False,score sem o choque das enchentes de 2024
4212106,Palmitos,SC,Sul,64.41,65.31,0.9,88.43,0.315,0.307,0.315,moderado,False,"desempenho médio, alta participação",False,
5218391,Professor Jamil,GO,Centro-Oeste,77.25,80.0,2.75,89.8,0.315,0.323,0.315,moderado,False,"desempenho médio, alta participação",False,
2102374,Cachoeira Grande,MA,Nordeste,56.05,53.5,-2.55,92.93,0.315,0.321,0.315,moderado,False,"desempenho médio, alta participação",False,
3161601,São Geraldo da Piedade,MG,Sudeste,70.0,72.62,2.62,100.0,0.315,0.322,0.315,moderado,False,"desempenho médio, alta participação",False,
5004106,Guia Lopes da Laguna,MS,Centro-Oeste,64.58,57.63,-6.95,82.45,0.315,0.316,0.315,moderado,False,"desempenho médio, alta participação",False,
1711803,Juarina,TO,Norte,49.1,49.13,0.03,97.3,0.315,0.319,0.315,moderado,False,"baixo desempenho, alta participação",False,
3546405,Santa Cruz do Rio Pardo,SP,Sudeste,72.25,61.64,-10.61,93.14,0.315,0.304,0.315,moderado,False,"alto desempenho, alta participação",False,
4311791,Maratá,RS,Sul,59.8,71.68,11.88,96.15,0.818,0.314,0.314,moderado,False,"baixo desempenho, alta participação",True,score sem o choque das enchentes de 2024
4314506,Pinheiro Machado,RS,Sul,50.2,71.2,21.0,90.62,0.823,0.314,0.314,moderado,False,"baixo desempenho, alta participação",True,score sem o choque das enchentes de 2024
3521150,Ipiguá,SP,Sudeste,43.3,58.39,15.09,90.67,0.314,0.322,0.314,moderado,False,"baixo desempenho, alta participação",True,
4309605,Horizontina,RS,Sul,57.2,73.96,16.76,92.57,0.827,0.314,0.314,moderado,False,"baixo desempenho, alta participação",True,score sem o choque das enchentes de 2024
2709202,Traipu,AL,Nordeste,47.49,46.14,-1.35,94.67,0.314,0.311,0.314,moderado,False,"baixo desempenho, alta participação",False,
2612109,Salgadinho,PE,Nordeste,92.16,80.0,-12.16,100.0,0.314,0.312,0.314,moderado,False,"alto desempenho, alta participação",False,
4112504,Jardim Alegre,PR,Sul,77.74,67.3,-10.44,87.85,0.314,0.312,0.314,moderado,False,"alto desempenho, alta participação",False,
4305173,Cerro Grande do Sul,RS,Sul,41.7,64.83,23.13,82.81,0.82,0.314,0.314,moderado,False,"baixo desempenho, baixa participação",True,score sem o choque das enchentes de 2024
3538105,Pindorama,SP,Sudeste,63.37,57.37,-6.0,90.4,0.314,0.311,0.314,moderado,False,"desempenho médio, alta participação",False,
1714203,Natividade,TO,Norte,43.89,43.26,-0.63,86.67,0.313,0.309,0.313,moderado,False,"baixo desempenho, baixa participação",False,
3204609,Santa Teresa,ES,Sudeste,82.16,80.0,-2.16,91.81,0.313,0.311,0.313,moderado,False,"desempenho médio, alta participação",False,
3557204,Chavantes,SP,Sudeste,51.58,51.19,-0.39,85.5,0.313,0.314,0.313,moderado,False,"baixo desempenho, baixa participação",False,
3145307,Novo Cruzeiro,MG,Sudeste,81.88,76.92,-4.96,95.24,0.313,0.306,0.313,moderado,False,"desempenho médio, alta participação",False,
4318309,São Gabriel,RS,Sul,35.6,67.25,31.65,79.51,0.823,0.313,0.313,moderado,False,"baixo desempenho, baixa participação",True,score sem o choque das enchentes de 2024
3155702,Rio Piracicaba,MG,Sudeste,76.96,77.9,0.94,94.74,0.313,0.306,0.313,moderado,False,"desempenho médio, alta participação",False,
3555356,Ubarana,SP,Sudeste,74.44,66.93,-7.51,95.83,0.312,0.313,0.312,moderado,False,"alto desempenho, alta participação",False,
2510808,Patos,PB,Nordeste,67.47,55.29,-12.18,92.35,0.312,0.307,0.312,moderado,False,"alto desempenho, alta participação",False,
2211100,União,PI,Nordeste,35.21,42.05,6.84,93.3,0.312,0.306,0.312,moderado,False,"baixo desempenho, alta participação",False,
2806800,São Domingos,SE,Nordeste,29.79,44.44,14.65,100.0,0.312,0.313,0.312,moderado,False,"baixo desempenho, alta participação",True,
3102050,Alto Caparaó,MG,Sudeste,87.17,80.0,-7.17,93.94,0.312,0.313,0.312,moderado,False,"alto desempenho, alta participação",False,
4219606,Xavantina,SC,Sul,80.95,74.19,-6.76,85.71,0.312,0.31,0.312,moderado,False,"alto desempenho, alta participação",False,
3152600,Pouso Alto,MG,Sudeste,79.55,78.89,-0.66,92.42,0.312,0.312,0.312,moderado,False,"desempenho médio, alta participação",False,
4114708,Maria Helena,PR,Sul,49.96,69.61,19.65,88.89,0.311,0.318,0.311,moderado,False,"baixo desempenho, alta participação",True,
2402105,Campo Redondo,RN,Nordeste,39.72,39.52,-0.2,83.87,0.311,0.308,0.311,moderado,False,"baixo desempenho, baixa participação",False,
3129806,Ibirité,MG,Sudeste,63.66,60.87,-2.79,84.17,0.311,0.308,0.311,moderado,False,"desempenho médio, alta participação",False,
4215695,Santiago do Sul,SC,Sul,81.82,75.61,-6.21,91.67,0.311,0.317,0.311,moderado,False,"alto desempenho, alta participação",False,
2412906,São Tomé,RN,Nordeste,37.72,35.66,-2.06,81.36,0.311,0.309,0.311,moderado,False,"baixo desempenho, baixa participação",False,
3167202,Sete Lagoas,MG,Sudeste,60.35,62.22,1.87,87.26,0.311,0.305,0.311,moderado,False,"desempenho médio, alta participação",False,
4301057,Arroio do Sal,RS,Sul,46.5,71.44,24.94,84.57,0.819,0.311,0.311,moderado,False,"baixo desempenho, alta participação",True,score sem o choque das enchentes de 2024
5202502,Aruanã,GO,Centro-Oeste,90.33,79.87,-10.46,76.42,0.311,0.309,0.311,moderado,False,"alto desempenho, alta participação",False,
3110509,Camanducaia,MG,Sudeste,58.56,62.93,4.37,81.18,0.31,0.307,0.31,moderado,False,"baixo desempenho, baixa participação",False,
3515400,Fartura,SP,Sudeste,82.78,68.3,-14.48,92.94,0.31,0.305,0.31,moderado,False,"alto desempenho, alta participação",False,
2609105,Machados,PE,Nordeste,96.75,80.0,-16.75,97.62,0.31,0.305,0.31,moderado,False,"alto desempenho, alta participação",False,
2703601,Japaratinga,AL,Nordeste,27.69,38.6,10.91,82.35,0.31,0.315,0.31,moderado,False,"baixo desempenho, baixa participação",True,
2603926,Carnaubeira da Penha,PE,Nordeste,100.0,80.0,-20.0,100.0,0.31,0.307,0.31,moderado,False,"alto desempenho, alta participação",False,
4314100,Passo Fundo,RS,Sul,38.5,65.53,27.03,82.72,0.822,0.31,0.31,moderado,False,"baixo desempenho, baixa participação",True,score sem o choque das enchentes de 2024
4305801,Constantina,RS,Sul,45.7,80.0,34.3,80.39,0.818,0.31,0.31,moderado,False,"baixo desempenho, baixa participação",True,score sem o choque das enchentes de 2024
3101508,Além Paraíba,MG,Sudeste,55.1,72.42,17.32,87.8,0.31,0.305,0.31,moderado,False,"baixo desempenho, alta participação",True,
4113254,Laranjal,PR,Sul,46.64,52.96,6.32,85.32,0.31,0.317,0.31,moderado,False,"baixo desempenho, baixa participação",False,
5103304,Comodoro,MT,Centro-Oeste,47.59,65.02,17.43,89.84,0.309,0.305,0.309,moderado,False,"baixo desempenho, alta participação",True,
3104908,Baependi,MG,Sudeste,77.43,73.33,-4.1,93.75,0.309,0.304,0.309,moderado,False,"desempenho médio, alta participação",False,
3537206,Pedro de Toledo,SP,Sudeste,45.97,48.94,2.97,89.08,0.309,0.312,0.309,moderado,False,"baixo desempenho, alta participação",False,
3170057,Ubaporanga,MG,Sudeste,70.42,72.11,1.69,95.96,0.309,0.308,0.309,moderado,False,"desempenho médio, alta participação",False,
4107124,Diamante do Sul,PR,Sul,83.28,72.73,-10.55,94.74,0.309,0.314,0.309,moderado,False,"alto desempenho, alta participação",False,
2208858,Riacho Frio,PI,Nordeste,92.42,80.0,-12.42,100.0,0.309,0.306,0.309,moderado,False,"alto desempenho, alta participação",False,
4300877,Araricá,RS,Sul,43.5,76.98,33.48,76.15,0.815,0.309,0.309,moderado,False,"baixo desempenho, baixa participação",True,score sem o choque das enchentes de 2024
4105102,Centenário do Sul,PR,Sul,74.15,62.67,-11.48,81.74,0.308,0.307,0.308,moderado,False,"alto desempenho, alta participação",False,
3548054,Santo Antônio do Aracanguá,SP,Sudeste,62.22,59.88,-2.34,92.55,0.308,0.309,0.308,moderado,False,"desempenho médio, alta participação",False,
2204808,Ipiranga do Piauí,PI,Nordeste,95.83,80.0,-15.83,98.63,0.308,0.301,0.308,moderado,False,"alto desempenho, alta participação",False,
3163805,São Miguel do Anta,MG,Sudeste,78.02,76.42,-1.6,98.55,0.308,0.309,0.308,moderado,False,"desempenho médio, alta participação",False,
3100807,Aguanil,MG,Sudeste,88.68,80.0,-8.68,86.79,0.308,0.31,0.308,moderado,False,"alto desempenho, alta participação",False,
3532207,Narandiba,SP,Sudeste,60.6,61.93,1.33,93.41,0.308,0.31,0.308,moderado,False,"desempenho médio, alta participação",False,
3132800,Itambé do Mato Dentro,MG,Sudeste,83.33,78.43,-4.9,85.71,0.308,0.316,0.308,moderado,False,"desempenho médio, alta participação",False,
2414753,Venha-Ver,RN,Nordeste,53.85,53.53,-0.32,100.0,0.307,0.307,0.307,moderado,False,"desempenho médio, alta participação",False,
3553302,Tambaú,SP,Sudeste,59.74,58.21,-1.53,94.03,0.307,0.304,0.307,moderado,False,"desempenho médio, alta participação",False,
1303957,São Sebastião do Uatumã,AM,Norte,29.46,60.98,31.52,92.05,0.307,0.308,0.307,moderado,False,"baixo desempenho, alta participação",True,
4304705,Carazinho,RS,Sul,42.0,69.06,27.06,86.36,0.821,0.307,0.307,moderado,False,"baixo desempenho, alta participação",True,score sem o choque das enchentes de 2024
4311239,Lagoa Bonita do Sul,RS,Sul,54.2,73.69,19.49,91.67,0.811,0.306,0.306,moderado,False,"baixo desempenho, alta participação",True,score sem o choque das enchentes de 2024
1101484,São Felipe D'Oeste,RO,Norte,78.36,62.05,-16.31,82.81,0.306,0.309,0.306,moderado,False,"alto desempenho, alta participação",False,
4316758,Santa Clara do Sul,RS,Sul,54.2,80.0,25.8,93.85,0.816,0.306,0.306,moderado,False,"baixo desempenho, alta participação",True,score sem o choque das enchentes de 2024
4322251,Tupandi,RS,Sul,55.1,80.0,24.9,90.14,0.815,0.306,0.306,moderado,False,"baixo desempenho, alta participação",True,score sem o choque das enchentes de 2024
2806602,Santo Amaro das Brotas,SE,Nordeste,26.79,48.51,21.72,100.0,0.306,0.307,0.306,moderado,False,"baixo desempenho, alta participação",True,
5106422,Peixoto de Azevedo,MT,Centro-Oeste,41.77,49.67,7.9,89.64,0.306,0.301,0.306,moderado,False,"baixo desempenho, alta participação",True,
3143906,Muriaé,MG,Sudeste,73.13,65.5,-7.63,83.07,0.306,0.305,0.306,moderado,False,"desempenho médio, alta participação",False,
2608701,Lagoa dos Gatos,PE,Nordeste,86.35,73.76,-12.59,99.04,0.306,0.303,0.306,moderado,False,"alto desempenho, alta participação",False,
3501103,Alto Alegre,SP,Sudeste,71.82,66.26,-5.56,95.12,0.306,0.31,0.306,moderado,False,"desempenho médio, alta participação",False,
4121000,Querência do Norte,PR,Sul,50.32,56.48,6.16,88.89,0.306,0.307,0.306,moderado,False,"baixo desempenho, alta participação",False,
4107553,Farol,PR,Sul,96.3,77.17,-19.13,90.74,0.306,0.308,0.306,moderado,False,"alto desempenho, alta participação",False,
4304630,Capão da Canoa,RS,Sul,34.4,42.44,8.04,75.7,0.817,0.305,0.305,moderado,False,"baixo desempenho, baixa participação",True,score sem o choque das enchentes de 2024
3203007,Iúna,ES,Sudeste,67.97,74.43,6.46,93.5,0.305,0.303,0.305,moderado,False,"desempenho médio, alta participação",False,
2510501,Olivedos,PB,Nordeste,41.57,62.67,21.1,92.0,0.305,0.312,0.305,moderado,False,"baixo desempenho, alta participação",True,
4217600,Siderópolis,SC,Sul,53.57,67.61,14.04,86.51,0.305,0.299,0.305,moderado,False,"baixo desempenho, alta participação",True,
4219176,Vargem Bonita,SC,Sul,67.69,69.31,1.62,89.55,0.305,0.303,0.305,moderado,False,"desempenho médio, alta participação",False,
1702406,Arraias,TO,Norte,61.2,48.29,-12.91,89.47,0.305,0.298,0.305,moderado,False,"alto desempenho, alta participação",False,
4205431,Formosa do Sul,SC,Sul,76.76,70.07,-6.69,83.33,0.304,0.307,0.304,moderado,False,"desempenho médio, alta participação",False,
1100601,Cacaulândia,RO,Norte,78.84,62.92,-15.92,88.31,0.304,0.305,0.304,moderado,False,"alto desempenho, alta participação",False,
2211605,Vila Nova do Piauí,PI,Nordeste,100.0,80.0,-20.0,100.0,0.304,0.304,0.304,moderado,False,"alto desempenho, alta participação",False,
4206603,Guarujá do Sul,SC,Sul,59.9,80.0,20.1,97.89,0.304,0.303,0.304,moderado,False,"baixo desempenho, alta participação",True,
5106109,Nossa Senhora do Livramento,MT,Centro-Oeste,82.05,72.16,-9.89,95.37,0.304,0.298,0.304,moderado,False,"alto desempenho, alta participação",False,
3124401,Espírito Santo do Dourado,MG,Sudeste,66.53,70.8,4.27,90.57,0.304,0.308,0.304,moderado,False,"desempenho médio, alta participação",False,
2503803,Caldas Brandão,PB,Nordeste,32.4,63.11,30.71,84.91,0.304,0.309,0.304,moderado,False,"baixo desempenho, alta participação",True,
4316451,Salto do Jacuí,RS,Sul,50.9,80.0,29.1,86.49,0.817,0.303,0.303,moderado,False,"baixo desempenho, alta participação",True,score sem o choque das enchentes de 2024
4307005,Erechim,RS,Sul,45.9,67.3,21.4,93.7,0.816,0.303,0.303,moderado,False,"baixo desempenho, alta participação",True,score sem o choque das enchentes de 2024
5103502,Diamantino,MT,Centro-Oeste,65.08,61.22,-3.86,85.43,0.303,0.294,0.303,moderado,False,"desempenho médio, alta participação",False,
4311502,Lavras do Sul,RS,Sul,45.7,65.1,19.4,78.43,0.813,0.303,0.303,moderado,False,"baixo desempenho, baixa participação",True,score sem o choque das enchentes de 2024
2610806,Pedra,PE,Nordeste,54.87,57.72,2.85,95.6,0.303,0.303,0.303,moderado,False,"baixo desempenho, alta participação",False,
3204500,Santa Leopoldina,ES,Sudeste,74.54,80.0,5.46,96.12,0.303,0.303,0.303,moderado,False,"desempenho médio, alta participação",False,
3533106,Nova Guataporanga,SP,Sudeste,83.33,70.92,-12.41,94.74,0.302,0.31,0.302,moderado,False,"alto desempenho, alta participação",False,
3508009,Buri,SP,Sudeste,63.24,59.01,-4.23,94.56,0.302,0.299,0.302,moderado,False,"desempenho médio, alta participação",False,
2405702,Jardim do Seridó,RN,Nordeste,56.51,41.98,-14.53,77.94,0.302,0.296,0.302,moderado,False,"alto desempenho, alta participação",False,
4307401,Esmeralda,RS,Sul,48.4,80.0,31.6,84.09,0.81,0.302,0.302,moderado,False,"baixo desempenho, alta participação",True,score sem o choque das enchentes de 2024
1705607,Conceição do Tocantins,TO,Norte,35.8,42.73,6.93,95.83,0.302,0.304,0.302,moderado,False,"baixo desempenho, alta participação",False,
2112605,Urbano Santos,MA,Nordeste,38.63,77.72,39.09,93.58,0.302,0.302,0.302,moderado,False,"baixo desempenho, alta participação",True,
3148707,Pedra Azul,MG,Sudeste,60.74,64.51,3.77,91.1,0.302,0.299,0.302,moderado,False,"desempenho médio, alta participação",False,
4317509,Santo Ângelo,RS,Sul,41.5,69.39,27.89,89.05,0.817,0.301,0.301,moderado,False,"baixo desempenho, alta participação",True,score sem o choque das enchentes de 2024
3114204,Carmo do Cajuru,MG,Sudeste,72.37,71.27,-1.1,91.11,0.301,0.297,0.301,moderado,False,"desempenho médio, alta participação",False,
4308102,Feliz,RS,Sul,51.1,75.0,23.9,92.21,0.815,0.301,0.301,moderado,False,"baixo desempenho, alta participação",True,score sem o choque das enchentes de 2024
1703057,Bandeirantes do Tocantins,TO,Norte,36.96,49.34,12.38,97.83,0.301,0.302,0.301,moderado,False,"baixo desempenho, alta participação",True,
1703008,Babaçulândia,TO,Norte,19.17,36.07,16.9,81.93,0.301,0.301,0.301,moderado,False,"baixo desempenho, baixa participação",True,
2614204,Sirinhaém,PE,Nordeste,74.49,66.7,-7.79,98.6,0.301,0.293,0.301,moderado,False,"alto desempenho, alta participação",False,
3532306,Natividade da Serra,SP,Sudeste,57.89,52.9,-4.99,87.67,0.301,0.306,0.301,moderado,False,"desempenho médio, alta participação",False,
3163409,São José do Goiabal,MG,Sudeste,86.0,80.0,-6.0,100.0,0.301,0.303,0.301,moderado,False,"alto desempenho, alta participação",False,
4219101,Vargeão,SC,Sul,52.72,80.0,27.28,81.63,0.301,0.303,0.301,moderado,False,"baixo desempenho, baixa participação",True,
4107546,Espigão Alto do Iguaçu,PR,Sul,81.78,74.44,-7.34,96.3,0.3,0.303,0.3,moderado,False,"alto desempenho, alta participação",False,
1714880,Nova Olinda,TO,Norte,40.7,40.82,0.12,89.13,0.3,0.295,0.3,moderado,False,"baixo desempenho, alta participação",False,
3122801,Dom Viçoso,MG,Sudeste,84.85,80.0,-4.85,90.91,0.3,0.306,0.3,moderado,False,"desempenho médio, alta participação",False,
3527603,Luís Antônio,SP,Sudeste,43.03,53.79,10.76,93.89,0.3,0.298,0.3,moderado,False,"baixo desempenho, alta participação",True,
2408706,Paraú,RN,Nordeste,14.29,22.17,7.88,70.0,0.3,0.308,0.3,moderado,False,"baixo desempenho, baixa participação",True,
3142809,Monte Alegre de Minas,MG,Sudeste,56.72,76.36,19.64,91.98,0.3,0.297,0.3,moderado,False,"baixo desempenho, alta participação",True,
3148202,Patrocínio do Muriaé,MG,Sudeste,80.53,74.9,-5.63,90.0,0.3,0.302,0.3,moderado,False,"desempenho médio, alta participação",False,
5200308,Alexânia,GO,Centro-Oeste,75.79,77.39,1.6,91.06,0.3,0.294,0.3,moderado,False,"desempenho médio, alta participação",False,
5106232,Nova Olímpia,MT,Centro-Oeste,57.29,60.28,2.99,94.86,0.3,0.295,0.3,moderado,False,"desempenho médio, alta participação",False,
2304400,Fortaleza,CE,Nordeste,74.81,75.85,1.04,97.95,0.3,0.292,0.3,moderado,False,"desempenho médio, alta participação",False,
2512606,Quixaba,PB,Nordeste,45.45,72.62,27.17,95.65,0.299,0.309,0.299,moderado,False,"baixo desempenho, alta participação",True,
3522158,Itaoca,SP,Sudeste,51.85,67.08,15.23,100.0,0.299,0.308,0.299,moderado,False,"baixo desempenho, alta participação",True,
2607802,Itaquitinga,PE,Nordeste,57.35,58.59,1.24,93.98,0.299,0.3,0.299,moderado,False,"desempenho médio, alta participação",False,
5005202,Ladário,MS,Centro-Oeste,33.36,40.56,7.2,83.84,0.299,0.301,0.299,moderado,False,"baixo desempenho, baixa participação",False,
4313201,Nova Petrópolis,RS,Sul,52.3,80.0,27.7,92.31,0.815,0.299,0.299,moderado,False,"baixo desempenho, alta participação",True,score sem o choque das enchentes de 2024
5215306,Orizona,GO,Centro-Oeste,77.75,80.0,2.25,91.62,0.299,0.294,0.299,moderado,False,"desempenho médio, alta participação",False,
4301909,Barra do Ribeiro,RS,Sul,43.6,72.2,28.6,82.81,0.812,0.299,0.299,moderado,False,"baixo desempenho, baixa participação",True,score sem o choque das enchentes de 2024
2206704,Nazaré do Piauí,PI,Nordeste,39.0,57.65,18.65,96.0,0.299,0.302,0.299,moderado,False,"baixo desempenho, alta participação",True,
1712405,Lizarda,TO,Norte,19.44,54.57,35.13,75.0,0.299,0.305,0.299,moderado,False,"baixo desempenho, baixa participação",True,
2700508,Barra de Santo Antônio,AL,Nordeste,32.98,45.27,12.29,94.0,0.299,0.299,0.299,moderado,False,"baixo desempenho, alta participação",True,
2109759,Santa Filomena do Maranhão,MA,Nordeste,40.91,49.98,9.07,100.0,0.299,0.306,0.299,moderado,False,"baixo desempenho, alta participação",True,
4310108,Igrejinha,RS,Sul,49.6,80.0,30.4,93.3,0.817,0.298,0.298,moderado,False,"baixo desempenho, alta participação",True,score sem o choque das enchentes de 2024
2207934,Pedro Laurentino,PI,Nordeste,47.35,50.99,3.64,95.83,0.298,0.307,0.298,moderado,False,"baixo desempenho, alta participação",False,
4308904,Getúlio Vargas,RS,Sul,52.3,75.51,23.21,94.12,0.814,0.298,0.298,moderado,False,"baixo desempenho, alta participação",True,score sem o choque das enchentes de 2024
4108106,Flórida,PR,Sul,78.57,68.36,-10.21,85.71,0.298,0.305,0.298,moderado,False,"alto desempenho, alta participação",False,
1700301,Aguiarnópolis,TO,Norte,40.89,40.59,-0.3,88.51,0.298,0.296,0.298,moderado,False,"baixo desempenho, alta participação",False,
4109906,Icaraíma,PR,Sul,51.76,75.32,23.56,91.3,0.297,0.301,0.297,moderado,False,"baixo desempenho, alta participação",True,
3118403,Conselheiro Pena,MG,Sudeste,57.14,71.07,13.93,94.65,0.297,0.295,0.297,moderado,False,"baixo desempenho, alta participação",True,
3534500,Oscar Bressane,SP,Sudeste,88.17,71.95,-16.22,96.15,0.297,0.302,0.297,moderado,False,"alto desempenho, alta participação",False,
3544608,Sabino,SP,Sudeste,46.98,62.76,15.78,93.48,0.297,0.303,0.297,moderado,False,"baixo desempenho, alta participação",True,
3146404,Paineiras,MG,Sudeste,82.34,79.25,-3.09,92.16,0.297,0.3,0.297,moderado,False,"desempenho médio, alta participação",False,
2614402,Solidão,PE,Nordeste,93.99,76.26,-17.73,94.59,0.297,0.299,0.297,moderado,False,"alto desempenho, alta participação",False,
3203205,Linhares,ES,Sudeste,67.59,69.25,1.66,89.53,0.297,0.295,0.297,moderado,False,"desempenho médio, alta participação",False,
5103700,Feliz Natal,MT,Centro-Oeste,51.15,69.93,18.78,90.53,0.297,0.292,0.297,moderado,False,"baixo desempenho, alta participação",True,
2512747,Riachão,PB,Nordeste,70.37,61.42,-8.95,92.59,0.296,0.299,0.296,moderado,False,"alto desempenho, alta participação",False,
3536257,Parisi,SP,Sudeste,90.72,77.71,-13.01,96.97,0.296,0.302,0.296,moderado,False,"alto desempenho, alta participação",False,
4102703,Barra do Jacaré,PR,Sul,72.41,68.46,-3.95,86.84,0.296,0.302,0.296,moderado,False,"desempenho médio, alta participação",False,
4202206,Benedito Novo,SC,Sul,71.71,67.43,-4.28,88.64,0.296,0.289,0.296,moderado,False,"desempenho médio, alta participação",False,
2601052,Araçoiaba,PE,Nordeste,53.49,56.79,3.3,93.64,0.296,0.298,0.296,moderado,False,"baixo desempenho, alta participação",False,
5103056,Cláudia,MT,Centro-Oeste,66.28,65.43,-0.85,93.42,0.296,0.291,0.296,moderado,False,"desempenho médio, alta participação",False,
5008008,Terenos,MS,Centro-Oeste,47.09,66.78,19.69,98.04,0.296,0.295,0.296,moderado,False,"baixo desempenho, alta participação",True,
4323705,Vista Gaúcha,RS,Sul,100.0,76.0,-24.0,83.33,0.808,0.296,0.296,moderado,False,"alto desempenho, alta participação",False,score sem o choque das enchentes de 2024
3536703,Pederneiras,SP,Sudeste,46.77,49.95,3.18,91.95,0.295,0.288,0.295,moderado,False,"baixo desempenho, alta participação",False,
2802205,Feira Nova,SE,Nordeste,26.0,44.44,18.44,97.75,0.295,0.3,0.295,moderado,False,"baixo desempenho, alta participação",True,
3168408,Tarumirim,MG,Sudeste,77.47,73.13,-4.34,95.65,0.295,0.293,0.295,moderado,False,"desempenho médio, alta participação",False,
3169901,Ubá,MG,Sudeste,79.09,69.49,-9.6,88.48,0.295,0.292,0.295,moderado,False,"alto desempenho, alta participação",False,
4206801,Ibicaré,SC,Sul,54.41,76.98,22.57,83.33,0.295,0.298,0.295,moderado,False,"baixo desempenho, baixa participação",True,
4213401,Ponte Serrada,SC,Sul,66.76,61.87,-4.89,85.88,0.294,0.289,0.294,moderado,False,"desempenho médio, alta participação",False,
3554508,Tietê,SP,Sudeste,62.5,58.64,-3.86,94.06,0.294,0.286,0.294,moderado,False,"desempenho médio, alta participação",False,
4202081,Bandeirante,SC,Sul,56.89,73.21,16.32,91.84,0.294,0.298,0.294,moderado,False,"baixo desempenho, alta participação",True,
4216255,São João do Oeste,SC,Sul,92.42,80.0,-12.42,92.86,0.294,0.287,0.294,moderado,False,"alto desempenho, alta participação",False,
3551108,Sarapuí,SP,Sudeste,53.32,53.71,0.39,92.24,0.294,0.296,0.294,moderado,False,"desempenho médio, alta participação",False,
2401909,Caiçara do Rio do Vento,RN,Nordeste,32.54,51.19,18.65,94.74,0.294,0.297,0.294,moderado,False,"baixo desempenho, alta participação",True,
3109808,Cachoeira Dourada,MG,Sudeste,94.74,80.0,-14.74,82.61,0.294,0.298,0.294,moderado,False,"alto desempenho, alta participação",False,
2507606,Juarez Távora,PB,Nordeste,35.79,43.82,8.03,94.34,0.294,0.297,0.294,moderado,False,"baixo desempenho, alta participação",True,
2203701,Esperantina,PI,Nordeste,73.13,64.5,-8.63,98.34,0.294,0.282,0.294,moderado,False,"alto desempenho, alta participação",False,
4302378,Bom Progresso,RS,Sul,71.4,64.01,-7.39,87.5,0.801,0.293,0.293,moderado,False,"desempenho médio, alta participação",False,score sem o choque das enchentes de 2024
2805604,Porto da Folha,SE,Nordeste,16.87,39.04,22.17,91.3,0.293,0.292,0.293,moderado,False,"baixo desempenho, alta participação",True,
4113759,Lunardelli,PR,Sul,70.4,64.81,-5.59,94.74,0.293,0.298,0.293,moderado,False,"desempenho médio, alta participação",False,
3531605,Monte Castelo,SP,Sudeste,94.29,70.78,-23.51,91.43,0.293,0.295,0.293,moderado,False,"alto desempenho, alta participação",False,
3138203,Lavras,MG,Sudeste,67.11,64.0,-3.11,86.08,0.293,0.292,0.293,moderado,False,"desempenho médio, alta participação",False,
2707206,Poço das Trincheiras,AL,Nordeste,48.87,47.56,-1.31,98.79,0.293,0.293,0.293,moderado,False,"desempenho médio, alta participação",False,
4210902,Modelo,SC,Sul,94.86,80.0,-14.86,89.13,0.293,0.289,0.293,moderado,False,"alto desempenho, alta participação",False,
1507102,São Caetano de Odivelas,PA,Norte,69.85,47.56,-22.29,80.92,0.293,0.29,0.293,moderado,False,"alto desempenho, alta participação",False,
4202537,Bom Jesus,SC,Sul,55.49,69.59,14.1,90.91,0.292,0.295,0.292,moderado,False,"baixo desempenho, alta participação",True,
3205176,Vila Valério,ES,Sudeste,76.41,80.0,3.59,93.23,0.292,0.292,0.292,moderado,False,"desempenho médio, alta participação",False,
4206207,Gravatal,SC,Sul,76.93,61.57,-15.36,70.27,0.292,0.286,0.292,moderado,False,"alto desempenho, alta participação",False,
2110856,São Francisco do Brejão,MA,Nordeste,42.73,68.26,25.53,99.28,0.292,0.296,0.292,moderado,False,"baixo desempenho, alta participação",True,
1101807,Vale do Paraíso,RO,Norte,44.06,63.63,19.57,88.64,0.292,0.297,0.292,moderado,False,"baixo desempenho, alta participação",True,
3512308,Conchas,SP,Sudeste,69.48,57.93,-11.55,84.71,0.292,0.289,0.292,moderado,False,"alto desempenho, alta participação",False,
4204509,Corupá,SC,Sul,79.7,67.27,-12.43,81.47,0.292,0.282,0.292,moderado,False,"alto desempenho, alta participação",False,
3501301,Álvares Machado,SP,Sudeste,72.19,62.43,-9.76,92.16,0.292,0.286,0.292,moderado,False,"alto desempenho, alta participação",False,
4316105,Ronda Alta,RS,Sul,53.7,76.71,23.01,92.06,0.807,0.292,0.292,moderado,False,"baixo desempenho, alta participação",True,score sem o choque das enchentes de 2024
3149309,Pedro Leopoldo,MG,Sudeste,69.22,65.85,-3.37,88.21,0.292,0.285,0.292,moderado,False,"desempenho médio, alta participação",False,
3507753,Brejo Alegre,SP,Sudeste,100.0,80.0,-20.0,96.0,0.291,0.294,0.291,moderado,False,"alto desempenho, alta participação",False,
2500775,Aparecida,PB,Nordeste,62.41,54.49,-7.92,93.88,0.291,0.29,0.291,moderado,False,"desempenho médio, alta participação",False,
3201100,Bom Jesus do Norte,ES,Sudeste,67.33,71.23,3.9,87.8,0.291,0.295,0.291,moderado,False,"desempenho médio, alta participação",False,
2513851,Santo André,PB,Nordeste,35.81,56.38,20.57,89.29,0.291,0.301,0.291,moderado,False,"baixo desempenho, alta participação",True,
4311429,Lajeado do Bugre,RS,Sul,60.0,63.85,3.85,90.91,0.8,0.291,0.291,moderado,False,"desempenho médio, alta participação",False,score sem o choque das enchentes de 2024
2201002,Arraial,PI,Nordeste,98.15,80.0,-18.15,100.0,0.291,0.287,0.291,moderado,False,"alto desempenho, alta participação",False,
5203906,Buriti Alegre,GO,Centro-Oeste,64.95,72.48,7.53,90.08,0.29,0.291,0.29,moderado,False,"desempenho médio, alta participação",True,
3137205,Lagoa da Prata,MG,Sudeste,79.9,74.86,-5.04,96.76,0.29,0.283,0.29,moderado,False,"desempenho médio, alta participação",False,
2604908,Cumaru,PE,Nordeste,95.06,77.49,-17.57,100.0,0.29,0.289,0.29,moderado,False,"alto desempenho, alta participação",False,
5219357,Santa Isabel,GO,Centro-Oeste,77.97,79.64,1.67,87.8,0.29,0.295,0.29,moderado,False,"desempenho médio, alta participação",False,
3201209,Cachoeiro de Itapemirim,ES,Sudeste,71.69,70.01,-1.68,89.86,0.289,0.286,0.289,moderado,False,"desempenho médio, alta participação",False,
4311734,Mampituba,RS,Sul,55.2,70.62,15.42,94.74,0.798,0.289,0.289,moderado,False,"baixo desempenho, alta participação",True,score sem o choque das enchentes de 2024
5208608,Goianésia,GO,Centro-Oeste,82.28,79.85,-2.43,95.18,0.289,0.281,0.289,moderado,False,"desempenho médio, alta participação",False,
4313409,Novo Hamburgo,RS,Sul,36.0,68.07,32.07,83.6,0.807,0.289,0.289,moderado,False,"baixo desempenho, alta participação",True,score sem o choque das enchentes de 2024
2701357,Campestre,AL,Nordeste,62.12,53.57,-8.55,98.98,0.289,0.291,0.289,moderado,False,"alto desempenho, alta participação",False,
3143500,Morada Nova de Minas,MG,Sudeste,64.5,80.0,15.5,92.68,0.288,0.288,0.288,moderado,False,"baixo desempenho, alta participação",True,
4313607,Paim Filho,RS,Sul,53.1,79.26,26.16,93.75,0.8,0.288,0.288,moderado,False,"baixo desempenho, alta participação",True,score sem o choque das enchentes de 2024
3162203,São João Batista do Glória,MG,Sudeste,84.26,80.0,-4.26,92.63,0.288,0.287,0.288,moderado,False,"desempenho médio, alta participação",False,
3105905,Barroso,MG,Sudeste,83.24,75.62,-7.62,92.22,0.288,0.282,0.288,moderado,False,"alto desempenho, alta participação",False,
3163201,São José do Alegre,MG,Sudeste,86.26,78.14,-8.12,92.59,0.288,0.292,0.288,moderado,False,"alto desempenho, alta participação",False,
4313904,Panambi,RS,Sul,51.2,76.7,25.5,91.76,0.81,0.288,0.288,moderado,False,"baixo desempenho, alta participação",True,score sem o choque das enchentes de 2024
4103479,Cafezal do Sul,PR,Sul,64.76,63.64,-1.12,87.5,0.288,0.293,0.288,moderado,False,"desempenho médio, alta participação",False,
3503703,Ariranha,SP,Sudeste,87.22,69.0,-18.22,91.04,0.288,0.283,0.288,moderado,False,"alto desempenho, alta participação",False,
2200459,Alvorada do Gurguéia,PI,Nordeste,41.74,72.04,30.3,92.31,0.288,0.291,0.288,moderado,False,"baixo desempenho, alta participação",True,
4115507,Marumbi,PR,Sul,75.85,64.95,-10.9,85.71,0.287,0.292,0.287,moderado,False,"alto desempenho, alta participação",False,
5107941,Tabaporã,MT,Centro-Oeste,62.36,60.75,-1.61,86.7,0.287,0.284,0.287,moderado,False,"desempenho médio, alta participação",False,
2706448,Paripueira,AL,Nordeste,35.8,62.1,26.3,99.57,0.287,0.288,0.287,moderado,False,"baixo desempenho, alta participação",True,
3111507,Campos Altos,MG,Sudeste,65.27,65.35,0.08,85.16,0.287,0.285,0.287,moderado,False,"desempenho médio, alta participação",False,
4319364,São Pedro das Missões,RS,Sul,90.0,80.0,-10.0,90.91,0.8,0.287,0.287,moderado,False,"alto desempenho, alta participação",False,score sem o choque das enchentes de 2024
2510402,Olho d'Água,PB,Nordeste,89.36,69.26,-20.1,95.74,0.286,0.283,0.286,moderado,False,"alto desempenho, alta participação",False,
3507209,Borá,SP,Sudeste,58.33,62.52,4.19,100.0,0.286,0.299,0.286,moderado,False,"desempenho médio, alta participação",False,
3130408,Ijaci,MG,Sudeste,82.9,75.01,-7.89,82.54,0.286,0.285,0.286,moderado,False,"alto desempenho, alta participação",False,
3165578,Senador Amaral,MG,Sudeste,76.97,73.26,-3.71,86.79,0.286,0.289,0.286,moderado,False,"desempenho médio, alta participação",False,
3304102,Porciúncula,RJ,Sudeste,52.38,49.15,-3.23,88.49,0.286,0.288,0.286,moderado,False,"desempenho médio, alta participação",False,
3549300,São João do Pau d'Alho,SP,Sudeste,100.0,80.0,-20.0,100.0,0.285,0.29,0.285,moderado,False,"alto desempenho, alta participação",False,
5211800,Jaraguá,GO,Centro-Oeste,83.96,80.0,-3.96,96.85,0.285,0.28,0.285,moderado,False,"desempenho médio, alta participação",False,
3161205,São Francisco de Paula,MG,Sudeste,90.73,79.06,-11.67,88.89,0.285,0.285,0.285,moderado,False,"alto desempenho, alta participação",False,
3141801,Minas Novas,MG,Sudeste,78.82,73.23,-5.59,95.97,0.285,0.279,0.285,moderado,False,"desempenho médio, alta participação",False,
2610202,Panelas,PE,Nordeste,94.53,77.76,-16.77,99.16,0.285,0.279,0.285,moderado,False,"alto desempenho, alta participação",False,
5106265,Novo Mundo,MT,Centro-Oeste,67.67,62.24,-5.43,84.8,0.285,0.282,0.285,moderado,False,"desempenho médio, alta participação",False,
3115706,Central de Minas,MG,Sudeste,72.79,73.98,1.19,94.83,0.285,0.287,0.285,moderado,False,"desempenho médio, alta participação",False,
2703403,Jacaré dos Homens,AL,Nordeste,54.66,51.3,-3.36,97.4,0.285,0.289,0.285,moderado,False,"desempenho médio, alta participação",False,
5106307,Paranatinga,MT,Centro-Oeste,60.98,56.56,-4.42,85.56,0.285,0.278,0.285,moderado,False,"desempenho médio, alta participação",False,
2602407,Brejão,PE,Nordeste,86.18,71.15,-15.03,91.76,0.284,0.284,0.284,moderado,False,"alto desempenho, alta participação",False,
4211603,Nova Veneza,SC,Sul,79.48,72.84,-6.64,93.64,0.284,0.274,0.284,moderado,False,"alto desempenho, alta participação",False,
3202306,Guaçuí,ES,Sudeste,76.71,75.85,-0.86,92.23,0.284,0.281,0.284,moderado,False,"desempenho médio, alta participação",False,
5002803,Caracol,MS,Centro-Oeste,55.67,59.4,3.73,98.94,0.284,0.288,0.284,moderado,False,"baixo desempenho, alta participação",False,
2615409,Toritama,PE,Nordeste,63.95,59.92,-4.03,95.8,0.284,0.278,0.284,moderado,False,"desempenho médio, alta participação",False,
2103174,Centro Novo do Maranhão,MA,Nordeste,36.86,52.68,15.82,94.18,0.284,0.287,0.284,moderado,False,"baixo desempenho, alta participação",True,
4302006,Barros Cassal,RS,Sul,46.9,60.49,13.59,84.78,0.8,0.284,0.284,moderado,False,"baixo desempenho, baixa participação",True,score sem o choque das enchentes de 2024
4321808,Três de Maio,RS,Sul,51.2,79.31,28.11,94.25,0.804,0.284,0.284,moderado,False,"baixo desempenho, alta participação",True,score sem o choque das enchentes de 2024
3301157,Cardoso Moreira,RJ,Sudeste,34.97,46.4,11.43,84.9,0.284,0.29,0.284,moderado,False,"baixo desempenho, baixa participação",True,
2104008,Esperantinópolis,MA,Nordeste,81.48,66.08,-15.4,100.0,0.284,0.281,0.284,moderado,False,"alto desempenho, alta participação",False,
2202778,Colônia do Piauí,PI,Nordeste,42.87,66.43,23.56,94.92,0.284,0.286,0.284,moderado,False,"baixo desempenho, alta participação",True,
3532900,Nova Europa,SP,Sudeste,68.76,60.19,-8.57,88.66,0.284,0.282,0.284,moderado,False,"alto desempenho, alta participação",False,
2614709,Tacaimbó,PE,Nordeste,43.99,56.94,12.95,95.05,0.283,0.288,0.283,moderado,False,"baixo desempenho, alta participação",True,
2804409,Neópolis,SE,Nordeste,25.49,36.76,11.27,100.0,0.283,0.281,0.283,moderado,False,"baixo desempenho, alta participação",True,
2515930,Sertãozinho,PB,Nordeste,75.35,61.14,-14.21,91.3,0.283,0.283,0.283,moderado,False,"alto desempenho, alta participação",False,
3512001,Colina,SP,Sudeste,57.89,55.43,-2.46,94.0,0.283,0.279,0.283,moderado,False,"desempenho médio, alta participação",False,
3159704,Santa Rosa da Serra,MG,Sudeste,79.88,75.13,-4.75,84.21,0.283,0.288,0.283,moderado,False,"desempenho médio, alta participação",False,
2500304,Alagoa Grande,PB,Nordeste,28.48,45.86,17.38,83.65,0.283,0.281,0.283,moderado,False,"baixo desempenho, baixa participação",True,
2105500,João Lisboa,MA,Nordeste,55.83,48.88,-6.95,87.5,0.283,0.283,0.283,moderado,False,"desempenho médio, alta participação",False,
2201572,Belém do Piauí,PI,Nordeste,100.0,80.0,-20.0,100.0,0.283,0.281,0.283,moderado,False,"alto desempenho, alta participação",False,
4119251,Pinhal de São Bento,PR,Sul,97.14,80.0,-17.14,97.14,0.283,0.286,0.283,moderado,False,"alto desempenho, alta participação",False,
3111408,Campo Florido,MG,Sudeste,52.14,77.17,25.03,80.83,0.282,0.284,0.282,moderado,False,"baixo desempenho, baixa participação",True,
2407906,Monte das Gameleiras,RN,Nordeste,32.92,47.55,14.63,91.18,0.282,0.289,0.282,moderado,False,"baixo desempenho, alta participação",True,
5003306,Coxim,MS,Centro-Oeste,39.19,52.43,13.24,92.11,0.282,0.28,0.282,moderado,False,"baixo desempenho, alta participação",True,
3137809,Lambari,MG,Sudeste,74.76,70.29,-4.47,88.46,0.282,0.279,0.282,moderado,False,"desempenho médio, alta participação",False,
2501906,Belém,PB,Nordeste,34.72,64.37,29.65,90.83,0.282,0.28,0.282,moderado,False,"baixo desempenho, alta participação",True,
4211256,Morro Grande,SC,Sul,81.82,74.09,-7.73,91.67,0.282,0.282,0.282,moderado,False,"alto desempenho, alta participação",False,
3117900,Congonhal,MG,Sudeste,83.44,75.46,-7.98,91.41,0.282,0.279,0.282,moderado,False,"alto desempenho, alta participação",False,
2409704,Pedro Avelino,RN,Nordeste,21.89,35.03,13.14,92.59,0.282,0.285,0.282,moderado,False,"baixo desempenho, alta participação",True,
3155504,Rio Paranaíba,MG,Sudeste,60.21,79.08,18.87,86.94,0.281,0.279,0.281,moderado,False,"baixo desempenho, alta participação",True,
5106257,Nova Xavantina,MT,Centro-Oeste,45.12,74.21,29.09,89.42,0.281,0.278,0.281,moderado,False,"baixo desempenho, alta participação",True,
3119500,Coronel Murta,MG,Sudeste,67.56,70.29,2.73,96.92,0.281,0.283,0.281,moderado,False,"desempenho médio, alta participação",False,
4103206,Bom Sucesso,PR,Sul,72.9,62.18,-10.72,86.41,0.281,0.283,0.281,moderado,False,"alto desempenho, alta participação",False,
5002902,Cassilândia,MS,Centro-Oeste,54.38,50.95,-3.43,89.49,0.281,0.279,0.281,moderado,False,"desempenho médio, alta participação",False,
5004908,Jaraguari,MS,Centro-Oeste,45.19,51.51,6.32,95.6,0.281,0.285,0.281,moderado,False,"baixo desempenho, alta participação",False,
3204401,Rio Novo do Sul,ES,Sudeste,77.38,78.61,1.23,93.71,0.281,0.282,0.281,moderado,False,"desempenho médio, alta participação",False,
3534203,Orindiúva,SP,Sudeste,48.15,55.25,7.1,93.9,0.28,0.282,0.28,moderado,False,"baixo desempenho, alta participação",False,
2706208,Palestina,AL,Nordeste,51.18,47.84,-3.34,94.12,0.28,0.286,0.28,moderado,False,"desempenho médio, alta participação",False,
3104205,Arcos,MG,Sudeste,88.86,79.17,-9.69,92.15,0.28,0.269,0.28,moderado,False,"alto desempenho, alta participação",False,
3142502,Monjolos,MG,Sudeste,95.0,80.0,-15.0,90.91,0.28,0.286,0.28,moderado,False,"alto desempenho, alta participação",False,
3544509,Rubinéia,SP,Sudeste,75.0,66.85,-8.15,91.43,0.28,0.285,0.28,moderado,False,"alto desempenho, alta participação",False,
3116704,Coimbra,MG,Sudeste,83.5,77.83,-5.67,96.25,0.279,0.279,0.279,moderado,False,"alto desempenho, alta participação",False,
2703106,Igaci,AL,Nordeste,24.34,44.57,20.23,89.63,0.279,0.28,0.279,moderado,False,"baixo desempenho, alta participação",True,
3544251,Rosana,SP,Sudeste,78.64,66.19,-12.45,93.13,0.279,0.272,0.279,moderado,False,"alto desempenho, alta participação",False,
5207907,Flores de Goiás,GO,Centro-Oeste,65.41,70.97,5.56,89.61,0.279,0.278,0.279,moderado,False,"desempenho médio, alta participação",False,
3108800,Braúnas,MG,Sudeste,63.3,74.63,11.33,83.78,0.279,0.282,0.279,moderado,False,"baixo desempenho, baixa participação",True,
2400901,Antônio Martins,RN,Nordeste,37.67,40.62,2.95,91.89,0.278,0.278,0.278,moderado,False,"baixo desempenho, alta participação",False,
4306908,Encruzilhada do Sul,RS,Sul,39.4,69.06,29.66,75.94,0.798,0.278,0.278,moderado,False,"baixo desempenho, baixa participação",True,score sem o choque das enchentes de 2024
2806305,Santa Luzia do Itanhy,SE,Nordeste,22.15,41.22,19.07,93.94,0.278,0.279,0.278,moderado,False,"baixo desempenho, alta participação",True,
1503408,Inhangapi,PA,Norte,45.41,37.4,-8.01,82.35,0.278,0.28,0.278,moderado,False,"baixo desempenho, baixa participação",False,
1300839,Caapiranga,AM,Norte,21.72,30.23,8.51,89.87,0.278,0.28,0.278,moderado,False,"baixo desempenho, alta participação",True,
2513356,Santa Inês,PB,Nordeste,39.01,61.59,22.58,89.66,0.278,0.285,0.278,moderado,False,"baixo desempenho, alta participação",True,
2201960,Brasileira,PI,Nordeste,42.58,47.4,4.82,95.92,0.277,0.279,0.277,moderado,False,"baixo desempenho, alta participação",False,
3159209,Santa Rita de Caldas,MG,Sudeste,92.49,80.0,-12.49,97.06,0.277,0.275,0.277,moderado,False,"alto desempenho, alta participação",False,
2505352,Damião,PB,Nordeste,50.86,50.96,0.1,92.45,0.277,0.28,0.277,moderado,False,"desempenho médio, alta participação",False,
4307609,Estância Velha,RS,Sul,44.4,71.3,26.9,95.25,0.798,0.277,0.277,moderado,False,"baixo desempenho, alta participação",True,score sem o choque das enchentes de 2024
2112001,Tasso Fragoso,MA,Nordeste,54.9,56.36,1.46,90.71,0.277,0.276,0.277,moderado,False,"desempenho médio, alta participação",False,
5106182,Nova Lacerda,MT,Centro-Oeste,67.64,63.28,-4.36,91.67,0.277,0.276,0.277,moderado,False,"desempenho médio, alta participação",False,
3113305,Carangola,MG,Sudeste,52.42,60.34,7.92,85.71,0.277,0.273,0.277,moderado,False,"baixo desempenho, baixa participação",True,
3127701,Governador Valadares,MG,Sudeste,68.07,61.18,-6.89,83.28,0.276,0.27,0.276,moderado,False,"desempenho médio, alta participação",False,
3509452,Campina do Monte Alegre,SP,Sudeste,43.46,56.83,13.37,94.2,0.276,0.282,0.276,moderado,False,"baixo desempenho, alta participação",True,
2206209,Miguel Alves,PI,Nordeste,60.79,51.94,-8.85,94.54,0.276,0.269,0.276,moderado,False,"alto desempenho, alta participação",False,
3547908,Santo Antônio da Alegria,SP,Sudeste,67.18,59.54,-7.64,91.43,0.276,0.278,0.276,moderado,False,"desempenho médio, alta participação",False,
3105400,Barão de Cocais,MG,Sudeste,62.71,65.68,2.97,87.93,0.276,0.269,0.276,moderado,False,"desempenho médio, alta participação",False,
3103306,Aracitaba,MG,Sudeste,86.96,80.0,-6.96,100.0,0.276,0.284,0.276,moderado,False,"alto desempenho, alta participação",False,
3551900,Severínia,SP,Sudeste,61.65,54.23,-7.42,89.44,0.276,0.274,0.276,moderado,False,"desempenho médio, alta participação",False,
2112274,Tufilândia,MA,Nordeste,36.17,48.68,12.51,96.05,0.276,0.286,0.276,moderado,False,"baixo desempenho, alta participação",True,
3163003,São José da Safira,MG,Sudeste,52.73,74.82,22.09,76.47,0.276,0.284,0.276,moderado,False,"baixo desempenho, baixa participação",True,
3142304,Moeda,MG,Sudeste,90.58,78.51,-12.07,91.38,0.276,0.278,0.276,moderado,False,"alto desempenho, alta participação",False,
2101707,Barreirinhas,MA,Nordeste,78.52,60.01,-18.51,96.7,0.276,0.271,0.276,moderado,False,"alto desempenho, alta participação",False,
4321204,Taquara,RS,Sul,44.6,69.1,24.5,95.42,0.797,0.276,0.276,moderado,False,"baixo desempenho, alta participação",True,score sem o choque das enchentes de 2024
2609808,Orocó,PE,Nordeste,50.86,56.93,6.07,100.0,0.276,0.277,0.276,moderado,False,"baixo desempenho, alta participação",False,
2506301,Guarabira,PB,Nordeste,59.62,49.72,-9.9,89.22,0.275,0.267,0.275,moderado,False,"alto desempenho, alta participação",False,
5005608,Miranda,MS,Centro-Oeste,38.78,41.86,3.08,84.98,0.275,0.275,0.275,moderado,False,"baixo desempenho, baixa participação",False,
4315131,Pouso Novo,RS,Sul,94.1,80.0,-14.1,94.44,0.789,0.275,0.275,moderado,False,"alto desempenho, alta participação",False,score sem o choque das enchentes de 2024
3170107,Uberaba,MG,Sudeste,57.68,56.83,-0.85,81.25,0.275,0.268,0.275,moderado,False,"baixo desempenho, baixa participação",False,
3552601,Tabapuã,SP,Sudeste,98.83,80.0,-18.83,95.51,0.275,0.269,0.275,moderado,False,"alto desempenho, alta participação",False,
2801207,Canindé de São Francisco,SE,Nordeste,26.66,38.24,11.58,96.45,0.275,0.268,0.275,moderado,False,"baixo desempenho, alta participação",True,
4211108,Monte Castelo,SC,Sul,43.19,50.04,6.85,73.17,0.275,0.275,0.275,moderado,False,"baixo desempenho, baixa participação",False,
4204103,Caxambu do Sul,SC,Sul,60.13,72.82,12.69,93.88,0.275,0.276,0.275,moderado,False,"baixo desempenho, alta participação",True,
4201109,Anitápolis,SC,Sul,56.94,61.39,4.45,86.67,0.275,0.278,0.275,moderado,False,"baixo desempenho, baixa participação",False,
2405603,Jardim de Piranhas,RN,Nordeste,63.05,45.13,-17.92,81.91,0.275,0.267,0.275,moderado,False,"alto desempenho, alta participação",False,
5208004,Formosa,GO,Centro-Oeste,64.02,68.67,4.65,91.58,0.275,0.274,0.275,moderado,False,"desempenho médio, alta participação",False,
2615508,Tracunhaém,PE,Nordeste,73.31,66.05,-7.26,94.62,0.275,0.274,0.275,moderado,False,"alto desempenho, alta participação",False,
3124104,Esmeraldas,MG,Sudeste,67.38,60.28,-7.1,81.82,0.275,0.27,0.275,moderado,False,"desempenho médio, alta participação",False,
4215554,Santa Helena,SC,Sul,66.67,78.82,12.15,100.0,0.274,0.276,0.274,moderado,False,"baixo desempenho, alta participação",True,
2408508,Ouro Branco,RN,Nordeste,73.61,53.15,-20.46,93.75,0.274,0.271,0.274,moderado,False,"alto desempenho, alta participação",False,
5100201,Água Boa,MT,Centro-Oeste,79.49,65.9,-13.59,86.42,0.274,0.264,0.274,moderado,False,"alto desempenho, alta participação",False,
2508901,Mamanguape,PB,Nordeste,68.65,57.11,-11.54,93.78,0.274,0.262,0.274,moderado,False,"alto desempenho, alta participação",False,
5005004,Jardim,MS,Centro-Oeste,53.84,49.07,-4.77,83.72,0.274,0.271,0.274,moderado,False,"baixo desempenho, baixa participação",False,
3133303,Itaobim,MG,Sudeste,49.62,59.56,9.94,87.08,0.273,0.274,0.273,moderado,False,"baixo desempenho, alta participação",True,
2209005,Rio Grande do Piauí,PI,Nordeste,41.79,58.8,17.01,100.0,0.273,0.277,0.273,moderado,False,"baixo desempenho, alta participação",True,
2107605,Palmeirândia,MA,Nordeste,70.09,54.18,-15.91,90.15,0.273,0.272,0.273,moderado,False,"alto desempenho, alta participação",False,
5107792,Santo Antônio do Leste,MT,Centro-Oeste,75.82,67.14,-8.68,89.55,0.273,0.271,0.273,moderado,False,"alto desempenho, alta participação",False,
3114402,Carmo do Rio Claro,MG,Sudeste,68.35,68.62,0.27,89.56,0.273,0.269,0.273,moderado,False,"desempenho médio, alta participação",False,
3107000,Biquinhas,MG,Sudeste,58.22,80.0,21.78,85.29,0.273,0.282,0.273,moderado,False,"baixo desempenho, baixa participação",True,
2512200,Prata,PB,Nordeste,63.28,58.02,-5.26,93.18,0.273,0.275,0.273,moderado,False,"desempenho médio, alta participação",False,
3202603,Iconha,ES,Sudeste,75.87,77.43,1.56,95.04,0.273,0.273,0.273,moderado,False,"desempenho médio, alta participação",False,
5007109,Ribas do Rio Pardo,MS,Centro-Oeste,42.87,48.34,5.47,89.72,0.273,0.27,0.273,moderado,False,"baixo desempenho, alta participação",False,
5106216,Nova Canaã do Norte,MT,Centro-Oeste,68.51,64.21,-4.3,93.48,0.273,0.267,0.273,moderado,False,"desempenho médio, alta participação",False,
2613107,São Caitano,PE,Nordeste,53.17,56.36,3.19,98.54,0.273,0.27,0.273,moderado,False,"baixo desempenho, alta participação",False,
3525201,Jarinu,SP,Sudeste,44.07,58.93,14.86,95.84,0.272,0.267,0.272,moderado,False,"baixo desempenho, alta participação",True,
3141207,Matutina,MG,Sudeste,91.94,80.0,-11.94,84.09,0.272,0.275,0.272,moderado,False,"alto desempenho, alta participação",False,
2101350,Bacurituba,MA,Nordeste,100.0,80.0,-20.0,100.0,0.272,0.273,0.272,moderado,False,"alto desempenho, alta participação",False,
5213103,Mineiros,GO,Centro-Oeste,84.01,80.0,-4.01,96.64,0.272,0.263,0.272,moderado,False,"desempenho médio, alta participação",False,
2911006,Floresta Azul,BA,Nordeste,41.03,30.23,-10.8,98.73,0.272,0.271,0.272,moderado,False,"alto desempenho, alta participação",False,
4209201,Lacerdópolis,SC,Sul,75.0,73.13,-1.87,94.74,0.271,0.273,0.271,moderado,False,"desempenho médio, alta participação",False,
4112900,Jundiaí do Sul,PR,Sul,55.42,64.4,8.98,97.92,0.271,0.278,0.271,moderado,False,"baixo desempenho, alta participação",True,
1715754,Palmeirópolis,TO,Norte,77.41,58.23,-19.18,94.19,0.271,0.264,0.271,moderado,False,"alto desempenho, alta participação",False,
2605152,Dormentes,PE,Nordeste,83.37,69.76,-13.61,98.26,0.271,0.268,0.271,moderado,False,"alto desempenho, alta participação",False,
2702702,Feliz Deserto,AL,Nordeste,45.9,50.82,4.92,100.0,0.271,0.275,0.271,moderado,False,"baixo desempenho, alta participação",False,
2205250,Jardim do Mulato,PI,Nordeste,77.0,65.39,-11.61,97.14,0.271,0.272,0.271,moderado,False,"alto desempenho, alta participação",False,
4300059,Água Santa,RS,Sul,55.1,69.55,14.45,93.55,0.787,0.27,0.27,moderado,False,"baixo desempenho, alta participação",True,score sem o choque das enchentes de 2024
3124609,Estrela Dalva,MG,Sudeste,66.67,80.0,13.33,100.0,0.27,0.279,0.27,moderado,False,"baixo desempenho, alta participação",True,
3122405,Divisa Nova,MG,Sudeste,67.64,69.33,1.69,92.68,0.27,0.274,0.27,moderado,False,"desempenho médio, alta participação",False,
5215009,Nova Veneza,GO,Centro-Oeste,76.22,80.0,3.78,98.33,0.27,0.27,0.27,moderado,False,"desempenho médio, alta participação",False,
2112407,Turiaçu,MA,Nordeste,64.42,53.01,-11.41,91.59,0.27,0.267,0.27,moderado,False,"alto desempenho, alta participação",False,
2708709,São Miguel dos Milagres,AL,Nordeste,50.67,48.46,-2.21,95.09,0.27,0.271,0.27,moderado,False,"desempenho médio, alta participação",False,
2907400,Catolândia,BA,Nordeste,25.71,24.3,-1.41,94.59,0.27,0.276,0.27,moderado,False,"baixo desempenho, alta participação",False,
3201308,Cariacica,ES,Sudeste,64.57,64.61,0.04,87.43,0.27,0.264,0.27,moderado,False,"desempenho médio, alta participação",False,
2403756,Fernando Pedroza,RN,Nordeste,58.82,47.13,-11.69,94.44,0.27,0.271,0.27,moderado,False,"alto desempenho, alta participação",False,
3520426,Ilha Comprida,SP,Sudeste,67.6,61.15,-6.45,91.76,0.269,0.266,0.269,moderado,False,"desempenho médio, alta participação",False,
4116000,Miraselva,PR,Sul,51.38,77.92,26.54,90.62,0.269,0.281,0.269,moderado,False,"baixo desempenho, alta participação",True,
3164605,São Sebastião do Oeste,MG,Sudeste,76.46,74.14,-2.32,89.04,0.269,0.268,0.269,moderado,False,"desempenho médio, alta participação",False,
3118700,Coqueiral,MG,Sudeste,82.47,74.0,-8.47,88.1,0.269,0.268,0.269,moderado,False,"alto desempenho, alta participação",False,
4209706,Lebon Régis,SC,Sul,56.41,53.3,-3.11,72.35,0.269,0.265,0.269,moderado,False,"baixo desempenho, baixa participação",False,
2405207,Janduís,RN,Nordeste,37.93,38.99,1.06,96.67,0.268,0.269,0.268,moderado,False,"baixo desempenho, alta participação",False,
3156700,Sabará,MG,Sudeste,71.68,64.61,-7.07,87.11,0.268,0.265,0.268,moderado,False,"desempenho médio, alta participação",False,
3205069,Venda Nova do Imigrante,ES,Sudeste,82.2,80.0,-2.2,93.29,0.268,0.264,0.268,moderado,False,"desempenho médio, alta participação",False,
2300903,Apuiarés,CE,Nordeste,74.45,80.0,5.55,100.0,0.268,0.272,0.268,moderado,False,"desempenho médio, alta participação",False,
2511608,Pilões,PB,Nordeste,61.18,53.95,-7.23,90.82,0.268,0.268,0.268,moderado,False,"desempenho médio, alta participação",False,
4215604,Santa Rosa de Lima,SC,Sul,86.49,80.0,-6.49,100.0,0.267,0.268,0.267,moderado,False,"alto desempenho, alta participação",False,
3117108,Conceição da Aparecida,MG,Sudeste,78.53,73.71,-4.82,91.51,0.267,0.265,0.267,moderado,False,"desempenho médio, alta participação",False,
3521200,Iporanga,SP,Sudeste,65.63,61.35,-4.28,100.0,0.267,0.272,0.267,moderado,False,"desempenho médio, alta participação",False,
5210000,Inhumas,GO,Centro-Oeste,87.57,80.0,-7.57,94.23,0.267,0.26,0.267,moderado,False,"alto desempenho, alta participação",False,
3151107,Pirapetinga,MG,Sudeste,66.15,68.27,2.12,92.23,0.266,0.265,0.266,moderado,False,"desempenho médio, alta participação",False,
3526308,Lagoinha,SP,Sudeste,65.02,58.9,-6.12,98.44,0.266,0.271,0.266,moderado,False,"desempenho médio, alta participação",False,
2802502,General Maynard,SE,Nordeste,21.91,35.57,13.66,94.12,0.266,0.275,0.266,moderado,False,"baixo desempenho, alta participação",True,
3109253,Bugre,MG,Sudeste,85.0,80.0,-5.0,100.0,0.266,0.27,0.266,moderado,False,"alto desempenho, alta participação",False,
3106705,Betim,MG,Sudeste,66.62,62.45,-4.17,87.6,0.266,0.256,0.266,moderado,False,"desempenho médio, alta participação",False,
4304853,Carlos Gomes,RS,Sul,50.0,62.87,12.87,100.0,0.776,0.266,0.266,moderado,False,"baixo desempenho, alta participação",True,score sem o choque das enchentes de 2024
4211876,Paial,SC,Sul,54.55,73.69,19.14,78.57,0.266,0.274,0.266,moderado,False,"baixo desempenho, baixa participação",True,
3155603,Rio Pardo de Minas,MG,Sudeste,85.31,75.39,-9.92,96.44,0.266,0.259,0.266,moderado,False,"alto desempenho, alta participação",False,
3530904,Mombuca,SP,Sudeste,74.25,63.72,-10.53,87.5,0.266,0.27,0.266,moderado,False,"alto desempenho, alta participação",False,
3555901,Uru,SP,Sudeste,100.0,80.0,-20.0,100.0,0.266,0.273,0.266,moderado,False,"alto desempenho, alta participação",False,
1710904,Itapiratins,TO,Norte,53.53,48.92,-4.61,93.75,0.266,0.265,0.266,moderado,False,"desempenho médio, alta participação",False,
3158607,Santana do Deserto,MG,Sudeste,80.09,65.39,-14.7,73.47,0.266,0.272,0.266,moderado,False,"alto desempenho, alta participação",False,
3152204,Porteirinha,MG,Sudeste,70.05,68.84,-1.21,97.67,0.266,0.26,0.266,moderado,False,"desempenho médio, alta participação",False,
5107198,Ribeirãozinho,MT,Centro-Oeste,52.72,59.06,6.34,90.0,0.265,0.272,0.265,moderado,False,"baixo desempenho, alta participação",False,
3135308,Japaraíba,MG,Sudeste,78.49,73.82,-4.67,92.68,0.265,0.269,0.265,moderado,False,"desempenho médio, alta participação",False,
3117306,Conceição das Alagoas,MG,Sudeste,58.64,63.42,4.78,87.85,0.265,0.26,0.265,moderado,False,"baixo desempenho, alta participação",False,
2406205,Lagoa d'Anta,RN,Nordeste,11.65,19.26,7.61,74.29,0.265,0.269,0.265,moderado,False,"baixo desempenho, baixa participação",True,
2706604,Paulo Jacinto,AL,Nordeste,38.46,50.47,12.01,100.0,0.265,0.268,0.265,moderado,False,"baixo desempenho, alta participação",True,
3121308,Descoberto,MG,Sudeste,73.05,68.28,-4.77,86.36,0.264,0.269,0.264,moderado,False,"desempenho médio, alta participação",False,
3513702,Descalvado,SP,Sudeste,80.62,66.08,-14.54,92.83,0.264,0.255,0.264,moderado,False,"alto desempenho, alta participação",False,
4313060,Nova Hartz,RS,Sul,45.3,74.53,29.23,90.12,0.786,0.264,0.264,moderado,False,"baixo desempenho, alta participação",True,score sem o choque das enchentes de 2024
4310538,Itaara,RS,Sul,38.5,65.8,27.3,74.65,0.779,0.264,0.264,moderado,False,"baixo desempenho, baixa participação",True,score sem o choque das enchentes de 2024
2100477,Alto Alegre do Pindaré,MA,Nordeste,56.29,49.66,-6.63,93.79,0.264,0.262,0.264,moderado,False,"desempenho médio, alta participação",False,
4306452,Dois Lajeados,RS,Sul,53.0,80.0,27.0,90.0,0.779,0.264,0.264,moderado,False,"baixo desempenho, alta participação",True,score sem o choque das enchentes de 2024
3133808,Itaúna,MG,Sudeste,88.76,73.0,-15.76,86.28,0.264,0.252,0.264,moderado,False,"alto desempenho, alta participação",False,
2210508,São Pedro do Piauí,PI,Nordeste,67.14,59.26,-7.88,98.97,0.264,0.259,0.264,moderado,False,"alto desempenho, alta participação",False,
4306379,Dilermando de Aguiar,RS,Sul,53.6,71.33,17.73,96.43,0.779,0.263,0.263,moderado,False,"baixo desempenho, alta participação",True,score sem o choque das enchentes de 2024
3139102,Madre de Deus de Minas,MG,Sudeste,71.05,72.76,1.71,90.77,0.263,0.265,0.263,moderado,False,"desempenho médio, alta participação",False,
3130200,Igaratinga,MG,Sudeste,79.48,72.39,-7.09,85.71,0.263,0.26,0.263,moderado,False,"alto desempenho, alta participação",False,
4312179,Mato Queimado,RS,Sul,58.3,80.0,21.7,92.31,0.776,0.263,0.263,moderado,False,"baixo desempenho, alta participação",True,score sem o choque das enchentes de 2024
3505302,Barra Bonita,SP,Sudeste,80.01,64.91,-15.1,92.11,0.262,0.253,0.262,moderado,False,"alto desempenho, alta participação",False,
2502003,Belém do Brejo do Cruz,PB,Nordeste,40.07,64.84,24.77,98.21,0.262,0.264,0.262,moderado,False,"baixo desempenho, alta participação",True,
3140407,Marmelópolis,MG,Sudeste,84.57,77.76,-6.81,96.3,0.262,0.268,0.262,moderado,False,"alto desempenho, alta participação",False,
5209903,Iaciara,GO,Centro-Oeste,65.45,69.15,3.7,90.37,0.262,0.262,0.262,moderado,False,"desempenho médio, alta participação",False,
5217203,Piranhas,GO,Centro-Oeste,68.65,78.66,10.01,94.44,0.262,0.261,0.262,moderado,False,"desempenho médio, alta participação",True,
3511706,Charqueada,SP,Sudeste,62.5,56.0,-6.5,92.42,0.261,0.258,0.261,moderado,False,"desempenho médio, alta participação",False,
3172004,Visconde do Rio Branco,MG,Sudeste,65.77,64.06,-1.71,91.51,0.261,0.254,0.261,moderado,False,"desempenho médio, alta participação",False,
5203401,Bom Jardim de Goiás,GO,Centro-Oeste,73.26,79.39,6.13,96.15,0.261,0.261,0.261,moderado,False,"desempenho médio, alta participação",False,
2802700,Ilha das Flores,SE,Nordeste,16.26,42.18,25.92,89.15,0.261,0.266,0.261,moderado,False,"baixo desempenho, alta participação",True,
1718865,Santa Fé do Araguaia,TO,Norte,31.33,32.01,0.68,75.27,0.261,0.26,0.261,moderado,False,"baixo desempenho, baixa participação",False,
3145877,Orizânia,MG,Sudeste,75.97,68.32,-7.65,86.52,0.261,0.262,0.261,moderado,False,"alto desempenho, alta participação",False,
5211206,Itapuranga,GO,Centro-Oeste,85.1,80.0,-5.1,91.58,0.261,0.255,0.261,moderado,False,"desempenho médio, alta participação",False,
5103205,Colíder,MT,Centro-Oeste,64.22,59.26,-4.96,90.97,0.26,0.253,0.26,moderado,False,"desempenho médio, alta participação",False,
4305306,Chapada,RS,Sul,47.5,76.72,29.22,89.39,0.781,0.26,0.26,moderado,False,"baixo desempenho, alta participação",True,score sem o choque das enchentes de 2024
3515657,Fernão,SP,Sudeste,44.0,80.0,36.0,92.59,0.26,0.272,0.26,moderado,False,"baixo desempenho, alta participação",True,
2614303,Moreilândia,PE,Nordeste,56.94,55.7,-1.24,90.43,0.26,0.264,0.26,moderado,False,"desempenho médio, alta participação",False,
3123601,Elói Mendes,MG,Sudeste,64.98,65.11,0.13,87.99,0.26,0.255,0.26,moderado,False,"desempenho médio, alta participação",False,
1710706,Itaguatins,TO,Norte,18.09,46.88,28.79,81.67,0.26,0.263,0.26,moderado,False,"baixo desempenho, baixa participação",True,
3141306,Medeiros,MG,Sudeste,78.57,80.0,1.43,100.0,0.26,0.261,0.26,moderado,False,"desempenho médio, alta participação",False,
4311809,Marau,RS,Sul,43.6,70.88,27.28,84.89,0.786,0.259,0.259,moderado,False,"baixo desempenho, alta participação",True,score sem o choque das enchentes de 2024
4310751,Ivorá,RS,Sul,60.0,63.85,3.85,93.75,0.772,0.259,0.259,moderado,False,"desempenho médio, alta participação",False,score sem o choque das enchentes de 2024
3116407,Claraval,MG,Sudeste,84.7,76.49,-8.21,90.67,0.259,0.261,0.259,moderado,False,"alto desempenho, alta participação",False,
2605905,Gameleira,PE,Nordeste,77.37,65.53,-11.84,96.43,0.259,0.255,0.259,moderado,False,"alto desempenho, alta participação",False,
2611507,Quipapá,PE,Nordeste,58.1,58.48,0.38,98.66,0.259,0.259,0.259,moderado,False,"desempenho médio, alta participação",False,
5108303,União do Sul,MT,Centro-Oeste,68.93,66.75,-2.18,90.91,0.259,0.26,0.259,moderado,False,"desempenho médio, alta participação",False,
4310900,Jacutinga,RS,Sul,61.9,80.0,18.1,100.0,0.777,0.259,0.259,moderado,False,"baixo desempenho, alta participação",True,score sem o choque das enchentes de 2024
4314027,Paraíso do Sul,RS,Sul,52.6,80.0,27.4,90.48,0.778,0.258,0.258,moderado,False,"baixo desempenho, alta participação",True,score sem o choque das enchentes de 2024
2603504,Camocim de São Félix,PE,Nordeste,68.51,63.64,-4.87,97.13,0.258,0.257,0.258,moderado,False,"desempenho médio, alta participação",False,
2706505,Passo de Camaragibe,AL,Nordeste,32.59,54.15,21.56,97.73,0.258,0.258,0.258,moderado,False,"baixo desempenho, alta participação",True,
4307815,Estrela Velha,RS,Sul,60.0,80.0,20.0,100.0,0.776,0.258,0.258,moderado,False,"baixo desempenho, alta participação",True,score sem o choque das enchentes de 2024
5101902,Brasnorte,MT,Centro-Oeste,69.06,61.09,-7.97,85.43,0.258,0.251,0.258,moderado,False,"desempenho médio, alta participação",False,
2202000,Buriti dos Lopes,PI,Nordeste,61.68,53.76,-7.92,98.35,0.257,0.252,0.257,moderado,False,"alto desempenho, alta participação",False,
3149903,Perdões,MG,Sudeste,79.12,73.96,-5.16,95.45,0.257,0.252,0.257,moderado,False,"desempenho médio, alta participação",False,
3147204,Paraguaçu,MG,Sudeste,69.21,68.12,-1.09,90.64,0.257,0.253,0.257,moderado,False,"desempenho médio, alta participação",False,
4313011,Nova Candelária,RS,Sul,60.0,80.0,20.0,100.0,0.774,0.257,0.257,moderado,False,"baixo desempenho, alta participação",True,score sem o choque das enchentes de 2024
4323770,Westfália,RS,Sul,61.5,80.0,18.5,96.3,0.775,0.257,0.257,moderado,False,"baixo desempenho, alta participação",True,score sem o choque das enchentes de 2024
2802304,Frei Paulo,SE,Nordeste,37.21,34.77,-2.44,93.0,0.256,0.254,0.256,moderado,False,"baixo desempenho, alta participação",False,
2703502,Jacuípe,AL,Nordeste,77.02,62.69,-14.33,97.65,0.256,0.254,0.256,moderado,False,"alto desempenho, alta participação",False,
2413706,Sítio Novo,RN,Nordeste,48.74,43.71,-5.03,92.86,0.256,0.256,0.256,moderado,False,"desempenho médio, alta participação",False,
2207850,Pavussu,PI,Nordeste,90.0,70.68,-19.32,100.0,0.256,0.256,0.256,moderado,False,"alto desempenho, alta participação",False,
5104559,Itaúba,MT,Centro-Oeste,67.42,65.17,-2.25,90.91,0.256,0.257,0.256,moderado,False,"desempenho médio, alta participação",False,
2603702,Canhotinho,PE,Nordeste,65.49,58.57,-6.92,94.56,0.256,0.255,0.256,moderado,False,"desempenho médio, alta participação",False,
5003108,Corguinho,MS,Centro-Oeste,58.66,56.75,-1.91,98.55,0.256,0.26,0.256,moderado,False,"desempenho médio, alta participação",False,
2101772,Bela Vista do Maranhão,MA,Nordeste,77.73,61.02,-16.71,96.46,0.256,0.256,0.256,moderado,False,"alto desempenho, alta participação",False,
3133501,Itapecerica,MG,Sudeste,84.46,74.72,-9.74,85.19,0.256,0.25,0.256,moderado,False,"alto desempenho, alta participação",False,
3136306,João Pinheiro,MG,Sudeste,69.87,66.56,-3.31,90.97,0.256,0.247,0.256,moderado,False,"desempenho médio, alta participação",False,
4302659,Brochier,RS,Sul,57.5,69.68,12.18,100.0,0.773,0.255,0.255,moderado,False,"baixo desempenho, alta participação",True,score sem o choque das enchentes de 2024
3152501,Pouso Alegre,MG,Sudeste,70.53,65.78,-4.75,89.46,0.255,0.25,0.255,moderado,False,"desempenho médio, alta participação",False,
3129103,Gurinhatã,MG,Sudeste,86.09,77.84,-8.25,93.48,0.255,0.255,0.255,moderado,False,"alto desempenho, alta participação",False,
4320651,Silveira Martins,RS,Sul,35.7,70.92,35.22,70.0,0.765,0.255,0.255,moderado,False,"baixo desempenho, baixa participação",True,score sem o choque das enchentes de 2024
2209104,Santa Cruz do Piauí,PI,Nordeste,98.15,80.0,-18.15,100.0,0.255,0.25,0.255,moderado,False,"alto desempenho, alta participação",False,
3109501,Cabo Verde,MG,Sudeste,86.58,74.47,-12.11,84.82,0.254,0.251,0.254,moderado,False,"alto desempenho, alta participação",False,
5206602,Cumari,GO,Centro-Oeste,72.73,77.33,4.6,91.67,0.254,0.261,0.254,moderado,False,"desempenho médio, alta participação",False,
3529708,Miguelópolis,SP,Sudeste,29.09,69.35,40.26,79.49,0.254,0.255,0.254,moderado,False,"baixo desempenho, baixa participação",True,
3123700,Engenheiro Caldas,MG,Sudeste,63.03,65.32,2.29,90.43,0.254,0.255,0.254,moderado,False,"desempenho médio, alta participação",False,
5007505,Rochedo,MS,Centro-Oeste,48.97,51.7,2.73,90.0,0.254,0.26,0.254,moderado,False,"baixo desempenho, alta participação",False,
2105476,Jenipapo dos Vieiras,MA,Nordeste,69.39,57.76,-11.63,98.85,0.254,0.253,0.254,moderado,False,"alto desempenho, alta participação",False,
3123908,Entre Rios de Minas,MG,Sudeste,91.72,80.0,-11.72,97.3,0.254,0.249,0.254,moderado,False,"alto desempenho, alta participação",False,
4103024,Boa Esperança do Iguaçu,PR,Sul,93.1,76.51,-16.59,96.55,0.254,0.257,0.254,moderado,False,"alto desempenho, alta participação",False,
3512605,Coronel Macedo,SP,Sudeste,38.69,57.19,18.5,91.67,0.254,0.261,0.254,moderado,False,"baixo desempenho, alta participação",True,
4322525,Vale Verde,RS,Sul,47.1,80.0,32.9,83.33,0.769,0.254,0.254,moderado,False,"baixo desempenho, baixa participação",True,score sem o choque das enchentes de 2024
3145000,Nova Ponte,MG,Sudeste,78.86,74.7,-4.16,90.48,0.254,0.248,0.254,moderado,False,"desempenho médio, alta participação",False,
3144201,Nacip Raydan,MG,Sudeste,62.86,65.62,2.76,89.29,0.254,0.262,0.254,moderado,False,"desempenho médio, alta participação",False,
3200805,Baixo Guandu,ES,Sudeste,74.59,72.35,-2.24,88.71,0.253,0.25,0.253,moderado,False,"desempenho médio, alta participação",False,
5217302,Pirenópolis,GO,Centro-Oeste,64.06,75.09,11.03,92.06,0.253,0.25,0.253,moderado,False,"baixo desempenho, alta participação",True,
4305124,Cerrito,RS,Sul,39.8,76.56,36.76,87.23,0.769,0.253,0.253,moderado,False,"baixo desempenho, alta participação",True,score sem o choque das enchentes de 2024
4110904,Itaguajé,PR,Sul,76.11,66.06,-10.05,91.53,0.253,0.256,0.253,moderado,False,"alto desempenho, alta participação",False,
3200706,Atílio Vivácqua,ES,Sudeste,77.52,76.22,-1.3,91.13,0.253,0.253,0.253,moderado,False,"desempenho médio, alta participação",False,
4208708,Jacinto Machado,SC,Sul,70.16,61.83,-8.33,80.95,0.252,0.247,0.252,moderado,False,"desempenho médio, alta participação",False,
4315354,Quinze de Novembro,RS,Sul,85.1,72.39,-12.71,93.1,0.773,0.252,0.252,moderado,False,"alto desempenho, alta participação",False,score sem o choque das enchentes de 2024
3170008,Ubaí,MG,Sudeste,58.55,73.3,14.75,94.94,0.252,0.253,0.252,moderado,False,"baixo desempenho, alta participação",True,
3204559,Santa Maria de Jetibá,ES,Sudeste,79.8,80.0,0.2,96.17,0.252,0.245,0.252,moderado,False,"desempenho médio, alta participação",False,
4209805,Leoberto Leal,SC,Sul,62.5,76.51,14.01,100.0,0.252,0.253,0.252,moderado,False,"baixo desempenho, alta participação",True,
2203750,Fartura do Piauí,PI,Nordeste,52.0,50.13,-1.87,100.0,0.252,0.255,0.252,moderado,False,"desempenho médio, alta participação",False,
4321709,Três Coroas,RS,Sul,42.2,63.49,21.29,86.91,0.776,0.252,0.252,moderado,False,"baixo desempenho, alta participação",True,score sem o choque das enchentes de 2024
3144508,Nazareno,MG,Sudeste,85.36,80.0,-5.36,97.78,0.251,0.248,0.251,moderado,False,"alto desempenho, alta participação",False,
2603207,Caetés,PE,Nordeste,57.25,56.84,-0.41,95.79,0.251,0.249,0.251,moderado,False,"desempenho médio, alta participação",False,
3506805,Bocaina,SP,Sudeste,49.59,47.06,-2.53,86.25,0.251,0.252,0.251,moderado,False,"baixo desempenho, baixa participação",False,
3118304,Conselheiro Lafaiete,MG,Sudeste,82.19,69.8,-12.39,89.86,0.251,0.247,0.251,moderado,False,"alto desempenho, alta participação",False,
3159803,Santa Vitória,MG,Sudeste,59.6,73.65,14.05,92.65,0.251,0.247,0.251,moderado,False,"baixo desempenho, alta participação",True,
2206357,Milton Brandão,PI,Nordeste,33.33,50.78,17.45,92.31,0.251,0.255,0.251,moderado,False,"baixo desempenho, alta participação",True,
2504355,Caturité,PB,Nordeste,76.68,61.82,-14.86,91.8,0.251,0.25,0.251,moderado,False,"alto desempenho, alta participação",False,
3506706,Boa Esperança do Sul,SP,Sudeste,55.34,54.2,-1.14,94.0,0.251,0.249,0.251,moderado,False,"desempenho médio, alta participação",False,
5212501,Luziânia,GO,Centro-Oeste,66.27,69.18,2.91,95.66,0.25,0.246,0.25,moderado,False,"desempenho médio, alta participação",False,
5210208,Iporá,GO,Centro-Oeste,83.04,78.84,-4.2,93.57,0.25,0.244,0.25,moderado,False,"desempenho médio, alta participação",False,
2106607,Matões,MA,Nordeste,34.52,74.7,40.18,89.67,0.25,0.251,0.25,moderado,False,"baixo desempenho, alta participação",True,
3205036,Vargem Alta,ES,Sudeste,72.05,73.75,1.7,93.33,0.25,0.249,0.25,moderado,False,"desempenho médio, alta participação",False,
3200169,Água Doce do Norte,ES,Sudeste,81.68,78.13,-3.55,93.83,0.25,0.251,0.25,moderado,False,"desempenho médio, alta participação",False,
2100055,Açailândia,MA,Nordeste,62.76,52.35,-10.41,93.72,0.25,0.249,0.25,baixo,False,"alto desempenho, alta participação",False,
2204659,Ilha Grande,PI,Nordeste,34.84,52.58,17.74,94.87,0.25,0.251,0.25,baixo,False,"baixo desempenho, alta participação",True,
2206902,Novo Oriente do Piauí,PI,Nordeste,89.56,72.46,-17.1,96.55,0.249,0.246,0.249,baixo,False,"alto desempenho, alta participação",False,
5003488,Dois Irmãos do Buriti,MS,Centro-Oeste,39.87,51.28,11.41,94.88,0.249,0.252,0.249,baixo,False,"baixo desempenho, alta participação",True,
4312104,Mata,RS,Sul,45.5,70.18,24.68,84.62,0.766,0.249,0.249,baixo,False,"baixo desempenho, alta participação",True,score sem o choque das enchentes de 2024
3529104,Marinópolis,SP,Sudeste,100.0,80.0,-20.0,100.0,0.249,0.253,0.249,baixo,False,"alto desempenho, alta participação",False,
2705606,Novo Lino,AL,Nordeste,39.85,42.53,2.68,99.28,0.249,0.25,0.249,baixo,False,"baixo desempenho, alta participação",False,
3511409,Cerqueira César,SP,Sudeste,39.99,55.58,15.59,94.02,0.249,0.248,0.249,baixo,False,"baixo desempenho, alta participação",True,
2106706,Mirador,MA,Nordeste,55.82,48.86,-6.96,90.76,0.249,0.249,0.249,baixo,False,"desempenho médio, alta participação",False,
3140100,Marilac,MG,Sudeste,56.14,68.55,12.41,89.83,0.248,0.256,0.248,baixo,False,"baixo desempenho, alta participação",True,
4307302,Erval Seco,RS,Sul,50.4,71.41,21.01,96.97,0.768,0.248,0.248,baixo,False,"baixo desempenho, alta participação",True,score sem o choque das enchentes de 2024
3203403,Mimoso do Sul,ES,Sudeste,65.32,71.83,6.51,94.26,0.248,0.247,0.248,baixo,False,"desempenho médio, alta participação",False,
3111002,Campestre,MG,Sudeste,81.73,73.12,-8.61,91.04,0.248,0.244,0.248,baixo,False,"alto desempenho, alta participação",False,
4204459,Coronel Martins,SC,Sul,90.43,75.61,-14.82,96.88,0.248,0.249,0.248,baixo,False,"alto desempenho, alta participação",False,
2707107,Piranhas,AL,Nordeste,25.08,40.17,15.09,92.82,0.248,0.248,0.248,baixo,False,"baixo desempenho, alta participação",True,
5101605,Barão de Melgaço,MT,Centro-Oeste,41.67,66.53,24.86,88.89,0.248,0.251,0.248,baixo,False,"baixo desempenho, alta participação",True,
2603603,Camutanga,PE,Nordeste,66.81,63.9,-2.91,94.44,0.248,0.249,0.248,baixo,False,"desempenho médio, alta participação",False,
2110906,São Francisco do Maranhão,MA,Nordeste,83.35,60.66,-22.69,92.41,0.247,0.247,0.247,baixo,False,"alto desempenho, alta participação",False,
3131703,Itabira,MG,Sudeste,68.15,64.62,-3.53,86.63,0.247,0.243,0.247,baixo,False,"desempenho médio, alta participação",False,
3101631,Alfredo Vasconcelos,MG,Sudeste,78.08,74.48,-3.6,94.85,0.247,0.248,0.247,baixo,False,"desempenho médio, alta participação",False,
2801603,Cedro de São João,SE,Nordeste,45.3,37.78,-7.52,88.89,0.247,0.25,0.247,baixo,False,"desempenho médio, alta participação",False,
3117801,Conceição dos Ouros,MG,Sudeste,77.03,67.79,-9.24,84.8,0.247,0.246,0.247,baixo,False,"alto desempenho, alta participação",False,
5001904,Bataguassu,MS,Centro-Oeste,52.31,50.9,-1.41,92.51,0.247,0.245,0.247,baixo,False,"desempenho médio, alta participação",False,
3154903,Rio Casca,MG,Sudeste,62.76,66.26,3.5,92.8,0.247,0.246,0.247,baixo,False,"desempenho médio, alta participação",False,
5215231,Novo Gama,GO,Centro-Oeste,57.35,61.34,3.99,86.82,0.247,0.249,0.247,baixo,False,"baixo desempenho, baixa participação",False,
3144300,Nanuque,MG,Sudeste,57.67,61.12,3.45,90.91,0.247,0.241,0.247,baixo,False,"desempenho médio, alta participação",False,
3121605,Diamantina,MG,Sudeste,70.61,66.2,-4.41,89.9,0.247,0.239,0.247,baixo,False,"desempenho médio, alta participação",False,
3202207,Fundão,ES,Sudeste,62.28,67.38,5.1,89.25,0.246,0.247,0.246,baixo,False,"desempenho médio, alta participação",False,
5007208,Rio Brilhante,MS,Centro-Oeste,52.67,52.79,0.12,95.32,0.246,0.24,0.246,baixo,False,"desempenho médio, alta participação",False,
3108255,Bonito de Minas,MG,Sudeste,49.15,69.35,20.2,86.84,0.246,0.249,0.246,baixo,False,"baixo desempenho, alta participação",True,
2407302,Marcelino Vieira,RN,Nordeste,22.73,42.12,19.39,100.0,0.246,0.246,0.246,baixo,False,"baixo desempenho, alta participação",True,
3132701,Itambacuri,MG,Sudeste,56.95,60.87,3.92,93.81,0.246,0.244,0.246,baixo,False,"baixo desempenho, alta participação",False,
5214507,Nerópolis,GO,Centro-Oeste,71.18,71.85,0.67,89.76,0.246,0.241,0.246,baixo,False,"desempenho médio, alta participação",False,
5201405,Aparecida de Goiânia,GO,Centro-Oeste,69.22,66.95,-2.27,89.28,0.245,0.236,0.245,baixo,False,"desempenho médio, alta participação",False,
5204805,Campo Alegre de Goiás,GO,Centro-Oeste,77.6,79.93,2.33,93.52,0.245,0.244,0.245,baixo,False,"desempenho médio, alta participação",False,
3118908,Cordisburgo,MG,Sudeste,79.85,72.65,-7.2,97.78,0.245,0.245,0.245,baixo,False,"alto desempenho, alta participação",False,
1703883,Carmolândia,TO,Norte,27.47,40.51,13.04,83.72,0.245,0.25,0.245,baixo,False,"baixo desempenho, baixa participação",True,
5220686,Simolândia,GO,Centro-Oeste,77.79,80.0,2.21,98.46,0.245,0.246,0.245,baixo,False,"desempenho médio, alta participação",False,
4314050,Parobé,RS,Sul,37.8,65.06,27.26,91.25,0.768,0.245,0.245,baixo,False,"baixo desempenho, alta participação",True,score sem o choque das enchentes de 2024
5101258,Araputanga,MT,Centro-Oeste,60.47,58.73,-1.74,95.24,0.245,0.24,0.245,baixo,False,"desempenho médio, alta participação",False,
2802403,Gararu,SE,Nordeste,36.4,34.97,-1.43,94.0,0.245,0.244,0.245,baixo,False,"baixo desempenho, alta participação",False,
2402907,Coronel João Pessoa,RN,Nordeste,47.83,39.35,-8.48,86.96,0.244,0.245,0.244,baixo,False,"desempenho médio, alta participação",False,
4210050,Macieira,SC,Sul,56.25,80.0,23.75,84.21,0.244,0.25,0.244,baixo,False,"baixo desempenho, baixa participação",True,
3140209,Maripá de Minas,MG,Sudeste,59.26,70.12,10.86,93.33,0.244,0.251,0.244,baixo,False,"baixo desempenho, alta participação",True,
3205010,Sooretama,ES,Sudeste,70.81,71.27,0.46,91.7,0.244,0.241,0.244,baixo,False,"desempenho médio, alta participação",False,
4304671,Capivari do Sul,RS,Sul,43.9,53.58,9.68,81.82,0.761,0.244,0.244,baixo,False,"baixo desempenho, baixa participação",True,score sem o choque das enchentes de 2024
2411403,Santana do Matos,RN,Nordeste,51.92,37.27,-14.65,84.0,0.243,0.239,0.243,baixo,False,"alto desempenho, alta participação",False,
3121001,Datas,MG,Sudeste,90.32,80.0,-10.32,97.3,0.243,0.245,0.243,baixo,False,"alto desempenho, alta participação",False,
2111052,São João do Paraíso,MA,Nordeste,43.97,47.64,3.67,93.97,0.243,0.247,0.243,baixo,False,"baixo desempenho, alta participação",False,
3546108,Santa Clara d'Oeste,SP,Sudeste,100.0,80.0,-20.0,92.86,0.243,0.246,0.243,baixo,False,"alto desempenho, alta participação",False,
2307106,Jardim,CE,Nordeste,70.8,78.5,7.7,99.43,0.243,0.244,0.243,baixo,False,"desempenho médio, alta participação",True,
5108006,Tapurah,MT,Centro-Oeste,68.81,63.78,-5.03,89.96,0.243,0.236,0.243,baixo,False,"desempenho médio, alta participação",False,
2415008,Vila Flor,RN,Nordeste,39.06,34.93,-4.13,80.65,0.243,0.247,0.243,baixo,False,"baixo desempenho, baixa participação",False,
4207700,Ipumirim,SC,Sul,62.84,62.47,-0.37,89.32,0.243,0.239,0.243,baixo,False,"desempenho médio, alta participação",False,
2106300,Magalhães de Almeida,MA,Nordeste,82.04,60.86,-21.18,98.63,0.242,0.241,0.242,baixo,False,"alto desempenho, alta participação",False,
3549607,São José do Barreiro,SP,Sudeste,52.78,51.08,-1.7,94.44,0.242,0.25,0.242,baixo,False,"desempenho médio, alta participação",False,
4322509,Vacaria,RS,Sul,38.1,70.45,32.35,85.69,0.768,0.242,0.242,baixo,False,"baixo desempenho, alta participação",True,score sem o choque das enchentes de 2024
3203700,Muniz Freire,ES,Sudeste,82.24,80.0,-2.24,97.66,0.242,0.24,0.242,baixo,False,"desempenho médio, alta participação",False,
2613800,São Vicente Férrer,PE,Nordeste,42.6,58.82,16.22,96.45,0.242,0.244,0.242,baixo,False,"baixo desempenho, alta participação",True,
4318507,São José do Norte,RS,Sul,38.2,62.43,24.23,83.26,0.766,0.242,0.242,baixo,False,"baixo desempenho, baixa participação",True,score sem o choque das enchentes de 2024
3200904,Barra de São Francisco,ES,Sudeste,87.39,78.89,-8.5,92.89,0.242,0.235,0.242,baixo,False,"alto desempenho, alta participação",False,
2604601,Condado,PE,Nordeste,43.24,56.69,13.45,97.13,0.242,0.243,0.242,baixo,False,"baixo desempenho, alta participação",True,
4315800,Roca Sales,RS,Sul,45.0,76.93,31.93,84.69,0.764,0.242,0.242,baixo,False,"baixo desempenho, alta participação",True,score sem o choque das enchentes de 2024
4309407,Guaporé,RS,Sul,49.2,55.09,5.89,91.0,0.768,0.242,0.242,baixo,False,"baixo desempenho, alta participação",False,score sem o choque das enchentes de 2024
3107703,Bom Jesus do Amparo,MG,Sudeste,98.04,80.0,-18.04,92.59,0.242,0.241,0.242,baixo,False,"alto desempenho, alta participação",False,
3541307,Presidente Epitácio,SP,Sudeste,69.12,58.66,-10.46,94.74,0.241,0.234,0.241,baixo,False,"alto desempenho, alta participação",False,
2502409,Bonito de Santa Fé,PB,Nordeste,60.93,53.3,-7.63,94.32,0.241,0.238,0.241,baixo,False,"desempenho médio, alta participação",False,
5212303,Leopoldo de Bulhões,GO,Centro-Oeste,75.41,78.35,2.94,91.75,0.241,0.241,0.241,baixo,False,"desempenho médio, alta participação",False,
2608107,João Alfredo,PE,Nordeste,75.79,64.5,-11.29,98.83,0.241,0.237,0.241,baixo,False,"alto desempenho, alta participação",False,
2403905,Francisco Dantas,RN,Nordeste,78.95,56.29,-22.66,90.48,0.241,0.24,0.241,baixo,False,"alto desempenho, alta participação",False,
2604304,Cedro,PE,Nordeste,63.12,57.65,-5.47,90.7,0.241,0.243,0.241,baixo,False,"desempenho médio, alta participação",False,
2801504,Carmópolis,SE,Nordeste,16.16,40.27,24.11,89.16,0.241,0.24,0.241,baixo,False,"baixo desempenho, alta participação",True,
2207108,Olho D'Água do Piauí,PI,Nordeste,85.71,68.16,-17.55,100.0,0.24,0.243,0.24,baixo,False,"alto desempenho, alta participação",False,
2806404,Santana do São Francisco,SE,Nordeste,22.21,43.85,21.64,94.79,0.24,0.243,0.24,baixo,False,"baixo desempenho, alta participação",True,
3141504,Mendes Pimentel,MG,Sudeste,60.0,79.75,19.75,100.0,0.24,0.244,0.24,baixo,False,"baixo desempenho, alta participação",True,
3204708,São Gabriel da Palha,ES,Sudeste,80.69,74.78,-5.91,91.6,0.24,0.235,0.24,baixo,False,"alto desempenho, alta participação",False,
3158102,Santa Maria do Salto,MG,Sudeste,60.65,57.91,-2.74,83.67,0.24,0.246,0.24,baixo,False,"baixo desempenho, baixa participação",False,
3140308,Marliéria,MG,Sudeste,70.98,67.67,-3.31,93.94,0.24,0.245,0.24,baixo,False,"desempenho médio, alta participação",False,
3204658,São Domingos do Norte,ES,Sudeste,84.74,80.0,-4.74,90.57,0.24,0.24,0.24,baixo,False,"desempenho médio, alta participação",False,
2202109,Campinas do Piauí,PI,Nordeste,100.0,80.0,-20.0,100.0,0.239,0.235,0.239,baixo,False,"alto desempenho, alta participação",False,
2611002,Petrolândia,PE,Nordeste,66.17,61.05,-5.12,95.15,0.239,0.234,0.239,baixo,False,"desempenho médio, alta participação",False,
4300802,Antônio Prado,RS,Sul,46.6,70.43,23.83,93.65,0.763,0.239,0.239,baixo,False,"baixo desempenho, alta participação",True,score sem o choque das enchentes de 2024
2112308,Tuntum,MA,Nordeste,66.43,51.86,-14.57,93.12,0.239,0.235,0.239,baixo,False,"alto desempenho, alta participação",False,
4217550,Serra Alta,SC,Sul,97.43,80.0,-17.43,93.02,0.239,0.237,0.239,baixo,False,"alto desempenho, alta participação",False,
4207403,Imbuia,SC,Sul,79.52,69.66,-9.86,91.3,0.239,0.235,0.239,baixo,False,"alto desempenho, alta participação",False,
3204807,São José do Calçado,ES,Sudeste,62.35,76.18,13.83,89.38,0.239,0.242,0.239,baixo,False,"baixo desempenho, alta participação",True,
3118106,Congonhas do Norte,MG,Sudeste,60.49,80.0,19.51,97.22,0.239,0.244,0.239,baixo,False,"baixo desempenho, alta participação",True,
5210562,Itaguari,GO,Centro-Oeste,77.71,80.0,2.29,92.68,0.239,0.242,0.239,baixo,False,"desempenho médio, alta participação",False,
3157708,Santa Juliana,MG,Sudeste,58.13,68.42,10.29,92.92,0.239,0.236,0.239,baixo,False,"baixo desempenho, alta participação",True,
2612000,Sairé,PE,Nordeste,81.01,71.61,-9.4,100.0,0.239,0.238,0.239,baixo,False,"alto desempenho, alta participação",False,
4314803,Portão,RS,Sul,39.7,63.86,24.16,84.85,0.765,0.238,0.238,baixo,False,"baixo desempenho, alta participação",True,score sem o choque das enchentes de 2024
2111532,São Pedro da Água Branca,MA,Nordeste,55.64,47.22,-8.42,89.2,0.238,0.241,0.238,baixo,False,"desempenho médio, alta participação",False,
4307104,Herval,RS,Sul,64.4,61.7,-2.7,95.65,0.759,0.238,0.238,baixo,False,"desempenho médio, alta participação",False,score sem o choque das enchentes de 2024
3505401,Barra do Turvo,SP,Sudeste,34.89,80.0,45.11,93.22,0.238,0.244,0.238,baixo,False,"baixo desempenho, alta participação",True,
4315503,Restinga Sêca,RS,Sul,33.0,56.63,23.63,74.19,0.759,0.238,0.238,baixo,False,"baixo desempenho, baixa participação",True,score sem o choque das enchentes de 2024
3115102,Cássia,MG,Sudeste,76.99,73.57,-3.42,92.49,0.238,0.233,0.238,baixo,False,"desempenho médio, alta participação",False,
4212056,Palmeira,SC,Sul,57.22,71.23,14.01,93.33,0.238,0.24,0.238,baixo,False,"baixo desempenho, alta participação",True,
2616506,Xexéu,PE,Nordeste,81.33,68.26,-13.07,98.77,0.237,0.236,0.237,baixo,False,"alto desempenho, alta participação",False,
3105004,Baldim,MG,Sudeste,89.89,76.0,-13.89,89.29,0.237,0.236,0.237,baixo,False,"alto desempenho, alta participação",False,
4311718,Maçambará,RS,Sul,42.4,71.11,28.71,78.18,0.755,0.237,0.237,baixo,False,"baixo desempenho, baixa participação",True,score sem o choque das enchentes de 2024
4205308,Faxinal dos Guedes,SC,Sul,66.52,61.6,-4.92,84.31,0.237,0.231,0.237,baixo,False,"desempenho médio, alta participação",False,
3126109,Formiga,MG,Sudeste,86.89,71.09,-15.8,87.32,0.237,0.229,0.237,baixo,False,"alto desempenho, alta participação",False,
4305975,Coxilha,RS,Sul,52.3,68.76,16.46,88.89,0.754,0.237,0.237,baixo,False,"baixo desempenho, alta participação",True,score sem o choque das enchentes de 2024
3168804,Tiradentes,MG,Sudeste,68.34,68.0,-0.34,87.5,0.236,0.237,0.236,baixo,False,"desempenho médio, alta participação",False,
3133709,Itatiaiuçu,MG,Sudeste,80.42,74.73,-5.69,84.27,0.236,0.23,0.236,baixo,False,"desempenho médio, alta participação",False,
3202009,Dores do Rio Preto,ES,Sudeste,81.34,80.0,-1.34,95.37,0.236,0.239,0.236,baixo,False,"desempenho médio, alta participação",False,
4213005,Pinheiro Preto,SC,Sul,79.31,66.02,-13.29,85.25,0.236,0.235,0.236,baixo,False,"alto desempenho, alta participação",False,
2613503,São José do Belmonte,PE,Nordeste,60.42,57.48,-2.94,96.23,0.236,0.234,0.236,baixo,False,"desempenho médio, alta participação",False,
2505204,Cuitegi,PB,Nordeste,24.78,44.16,19.38,83.82,0.236,0.241,0.236,baixo,False,"baixo desempenho, alta participação",True,
2208403,Piripiri,PI,Nordeste,54.59,47.39,-7.2,97.72,0.236,0.229,0.236,baixo,False,"desempenho médio, alta participação",False,
3500204,Adolfo,SP,Sudeste,85.8,68.85,-16.95,95.65,0.236,0.238,0.236,baixo,False,"alto desempenho, alta participação",False,
2503100,Cabaceiras,PB,Nordeste,89.73,67.06,-22.67,82.98,0.235,0.232,0.235,baixo,False,"alto desempenho, alta participação",False,
5208301,Divinópolis de Goiás,GO,Centro-Oeste,80.42,79.94,-0.48,97.33,0.235,0.238,0.235,baixo,False,"desempenho médio, alta participação",False,
2204501,Guadalupe,PI,Nordeste,68.54,59.02,-9.52,97.71,0.235,0.229,0.235,baixo,False,"alto desempenho, alta participação",False,
1718881,Santa Maria do Tocantins,TO,Norte,39.73,40.0,0.27,83.67,0.235,0.236,0.235,baixo,False,"baixo desempenho, baixa participação",False,
2202901,Corrente,PI,Nordeste,37.78,58.23,20.45,97.07,0.234,0.229,0.234,baixo,False,"baixo desempenho, alta participação",True,
1707702,Filadélfia,TO,Norte,12.63,26.3,13.67,84.62,0.234,0.236,0.234,baixo,False,"baixo desempenho, alta participação",True,
5221858,Valparaíso de Goiás,GO,Centro-Oeste,64.23,64.3,0.07,88.44,0.234,0.232,0.234,baixo,False,"desempenho médio, alta participação",False,
3134707,Jacinto,MG,Sudeste,55.44,56.55,1.11,84.5,0.234,0.236,0.234,baixo,False,"baixo desempenho, baixa participação",False,
4309258,Guabiju,RS,Sul,66.7,69.21,2.51,100.0,0.748,0.233,0.233,baixo,False,"desempenho médio, alta participação",False,score sem o choque das enchentes de 2024
3128808,Guidoval,MG,Sudeste,58.58,67.71,9.13,94.19,0.233,0.236,0.233,baixo,False,"baixo desempenho, alta participação",True,
5006358,Paranhos,MS,Centro-Oeste,66.43,56.21,-10.22,92.0,0.233,0.232,0.233,baixo,False,"alto desempenho, alta participação",False,
2506509,Gurjão,PB,Nordeste,100.0,75.36,-24.64,90.62,0.233,0.231,0.233,baixo,False,"alto desempenho, alta participação",False,
5106505,Poconé,MT,Centro-Oeste,38.36,45.98,7.62,91.6,0.233,0.229,0.233,baixo,False,"baixo desempenho, alta participação",True,
2706000,Olivença,AL,Nordeste,80.79,59.77,-21.02,99.44,0.233,0.23,0.233,baixo,False,"alto desempenho, alta participação",False,
2201309,Barreiras do Piauí,PI,Nordeste,50.77,51.45,0.68,96.43,0.232,0.235,0.232,baixo,False,"baixo desempenho, alta participação",False,
3542008,Quintana,SP,Sudeste,64.71,60.94,-3.77,97.14,0.232,0.233,0.232,baixo,False,"desempenho médio, alta participação",False,
2202083,Cajueiro da Praia,PI,Nordeste,62.75,58.0,-4.75,99.3,0.232,0.231,0.232,baixo,False,"desempenho médio, alta participação",False,
4312054,Marques de Souza,RS,Sul,47.8,77.11,29.31,89.29,0.748,0.232,0.232,baixo,False,"baixo desempenho, alta participação",True,score sem o choque das enchentes de 2024
4306932,Entre-Ijuís,RS,Sul,51.0,56.56,5.56,86.21,0.753,0.232,0.232,baixo,False,"baixo desempenho, baixa participação",False,score sem o choque das enchentes de 2024
4314308,Pejuçara,RS,Sul,62.5,67.47,4.97,100.0,0.752,0.232,0.232,baixo,False,"desempenho médio, alta participação",False,score sem o choque das enchentes de 2024
2102200,Buriti,MA,Nordeste,28.95,56.26,27.31,89.96,0.232,0.233,0.232,baixo,False,"baixo desempenho, alta participação",True,
1718451,Pugmil,TO,Norte,40.91,36.3,-4.61,88.0,0.231,0.235,0.231,baixo,False,"baixo desempenho, alta participação",False,
3129400,Ibertioga,MG,Sudeste,87.87,80.0,-7.87,90.91,0.231,0.232,0.231,baixo,False,"alto desempenho, alta participação",False,
3167806,Soledade de Minas,MG,Sudeste,88.35,75.23,-13.12,91.3,0.231,0.232,0.231,baixo,False,"alto desempenho, alta participação",False,
3161502,São Geraldo,MG,Sudeste,92.77,80.0,-12.77,97.18,0.231,0.226,0.231,baixo,False,"alto desempenho, alta participação",False,
1101609,Theobroma,RO,Norte,78.73,60.25,-18.48,91.2,0.23,0.228,0.23,baixo,False,"alto desempenho, alta participação",False,
5206206,Cristalina,GO,Centro-Oeste,69.1,71.75,2.65,93.7,0.23,0.224,0.23,baixo,False,"desempenho médio, alta participação",False,
3162708,São João do Paraíso,MG,Sudeste,87.33,73.45,-13.88,91.42,0.23,0.225,0.23,baixo,False,"alto desempenho, alta participação",False,
3112000,Candeias,MG,Sudeste,90.37,80.0,-10.37,96.88,0.23,0.225,0.23,baixo,False,"alto desempenho, alta participação",False,
4210803,Meleiro,SC,Sul,48.04,63.04,15.0,83.0,0.23,0.229,0.23,baixo,False,"baixo desempenho, baixa participação",True,
3156205,Rochedo de Minas,MG,Sudeste,58.33,64.21,5.88,82.76,0.23,0.237,0.23,baixo,False,"baixo desempenho, baixa participação",False,
5107776,Santa Terezinha,MT,Centro-Oeste,40.74,52.52,11.78,88.89,0.23,0.231,0.23,baixo,False,"baixo desempenho, alta participação",True,
4312401,Montenegro,RS,Sul,39.8,70.43,30.63,91.21,0.756,0.229,0.229,baixo,False,"baixo desempenho, alta participação",True,score sem o choque das enchentes de 2024
2504108,Carrapateira,PB,Nordeste,91.67,72.43,-19.24,100.0,0.229,0.23,0.229,baixo,False,"alto desempenho, alta participação",False,
3120607,Crucilândia,MG,Sudeste,90.23,80.0,-10.23,96.3,0.229,0.23,0.229,baixo,False,"alto desempenho, alta participação",False,
2919900,Macururé,BA,Nordeste,12.5,14.66,2.16,100.0,0.229,0.233,0.229,baixo,False,"baixo desempenho, alta participação",False,
2208502,Porto,PI,Nordeste,36.04,52.75,16.71,96.27,0.228,0.228,0.228,baixo,False,"baixo desempenho, alta participação",True,
2510006,Nazarezinho,PB,Nordeste,63.86,50.0,-13.86,91.3,0.228,0.228,0.228,baixo,False,"alto desempenho, alta participação",False,
3113701,Carlos Chagas,MG,Sudeste,55.83,64.14,8.31,92.67,0.228,0.225,0.228,baixo,False,"baixo desempenho, alta participação",True,
5207535,Faina,GO,Centro-Oeste,70.81,75.57,4.76,91.07,0.228,0.23,0.228,baixo,False,"desempenho médio, alta participação",False,
4322202,Tupanciretã,RS,Sul,44.4,74.42,30.02,88.24,0.753,0.228,0.228,baixo,False,"baixo desempenho, alta participação",True,score sem o choque das enchentes de 2024
3170800,Várzea da Palma,MG,Sudeste,70.34,67.63,-2.71,93.21,0.227,0.22,0.227,baixo,False,"desempenho médio, alta participação",False,
1302801,Maraã,AM,Norte,48.41,36.53,-11.88,81.97,0.227,0.225,0.227,baixo,False,"baixo desempenho, baixa participação",False,
4316402,Rosário do Sul,RS,Sul,34.1,49.0,14.9,76.87,0.751,0.226,0.226,baixo,False,"baixo desempenho, baixa participação",True,score sem o choque das enchentes de 2024
5211503,Itumbiara,GO,Centro-Oeste,74.44,72.98,-1.46,92.11,0.226,0.224,0.226,baixo,False,"desempenho médio, alta participação",False,
2107456,Olinda Nova do Maranhão,MA,Nordeste,37.64,80.0,42.36,93.48,0.225,0.229,0.225,baixo,False,"baixo desempenho, alta participação",True,
5210406,Itaberaí,GO,Centro-Oeste,81.22,79.26,-1.96,95.61,0.225,0.217,0.225,baixo,False,"desempenho médio, alta participação",False,
2614808,Tacaratu,PE,Nordeste,73.8,63.86,-9.94,98.05,0.225,0.223,0.225,baixo,False,"alto desempenho, alta participação",False,
1716653,Pequizeiro,TO,Norte,61.79,49.03,-12.76,93.22,0.225,0.223,0.225,baixo,False,"alto desempenho, alta participação",False,
3544103,Rio Grande da Serra,SP,Sudeste,57.14,46.18,-10.96,93.33,0.225,0.223,0.225,baixo,False,"alto desempenho, alta participação",False,
2616100,Verdejante,PE,Nordeste,68.84,62.08,-6.76,96.83,0.225,0.228,0.225,baixo,False,"desempenho médio, alta participação",False,
3152808,Prata,MG,Sudeste,50.5,63.42,12.92,86.98,0.225,0.222,0.225,baixo,False,"baixo desempenho, alta participação",True,
2111573,São Pedro dos Crentes,MA,Nordeste,59.47,52.86,-6.61,88.89,0.225,0.231,0.225,baixo,False,"desempenho médio, alta participação",False,
3155801,Rio Pomba,MG,Sudeste,78.55,70.01,-8.54,88.12,0.225,0.22,0.225,baixo,False,"alto desempenho, alta participação",False,
5219407,Santa Rita do Araguaia,GO,Centro-Oeste,83.33,79.11,-4.22,97.5,0.224,0.224,0.224,baixo,False,"desempenho médio, alta participação",False,
4309654,Hulha Negra,RS,Sul,42.8,73.26,30.46,81.03,0.742,0.224,0.224,baixo,False,"baixo desempenho, baixa participação",True,score sem o choque das enchentes de 2024
4322376,Unistalda,RS,Sul,38.1,65.72,27.62,78.57,0.735,0.224,0.224,baixo,False,"baixo desempenho, baixa participação",True,score sem o choque das enchentes de 2024
5209200,Guapó,GO,Centro-Oeste,70.28,69.27,-1.01,82.56,0.224,0.223,0.224,baixo,False,"baixo desempenho, baixa participação",False,
3166006,Senhora de Oliveira,MG,Sudeste,86.42,79.49,-6.93,98.08,0.224,0.224,0.224,baixo,False,"alto desempenho, alta participação",False,
3205309,Vitória,ES,Sudeste,73.2,70.39,-2.81,92.02,0.224,0.217,0.224,baixo,False,"desempenho médio, alta participação",False,
2611309,Pombos,PE,Nordeste,40.45,57.66,17.21,91.72,0.224,0.224,0.224,baixo,False,"baixo desempenho, alta participação",True,
5218052,Porteirão,GO,Centro-Oeste,75.38,80.0,4.62,96.05,0.224,0.226,0.224,baixo,False,"desempenho médio, alta participação",False,
3166709,Serra dos Aimorés,MG,Sudeste,65.83,61.01,-4.82,84.0,0.224,0.226,0.224,baixo,False,"desempenho médio, alta participação",False,
1702307,Arapoema,TO,Norte,68.32,50.64,-17.68,90.28,0.223,0.218,0.223,baixo,False,"alto desempenho, alta participação",False,
2210003,São João do Piauí,PI,Nordeste,65.25,55.82,-9.43,97.67,0.223,0.217,0.223,baixo,False,"alto desempenho, alta participação",False,
3204005,Pancas,ES,Sudeste,85.86,80.0,-5.86,92.31,0.223,0.221,0.223,baixo,False,"alto desempenho, alta participação",False,
2608206,Joaquim Nabuco,PE,Nordeste,47.34,59.49,12.15,97.87,0.223,0.224,0.223,baixo,False,"baixo desempenho, alta participação",True,
3132404,Itajubá,MG,Sudeste,79.1,66.34,-12.76,87.19,0.223,0.214,0.223,baixo,False,"alto desempenho, alta participação",False,
4305405,Chiapetta,RS,Sul,84.6,78.99,-5.61,100.0,0.745,0.223,0.223,baixo,False,"alto desempenho, alta participação",False,score sem o choque das enchentes de 2024
2307700,Maranguape,CE,Nordeste,81.66,79.83,-1.83,97.51,0.223,0.224,0.223,baixo,False,"desempenho médio, alta participação",False,
3148103,Patrocínio,MG,Sudeste,76.21,67.71,-8.5,93.9,0.222,0.214,0.222,baixo,False,"alto desempenho, alta participação",False,
4209151,José Boiteux,SC,Sul,52.77,50.48,-2.29,70.24,0.222,0.224,0.222,baixo,False,"baixo desempenho, baixa participação",False,
5102702,Canarana,MT,Centro-Oeste,42.06,46.81,4.75,83.93,0.222,0.218,0.222,baixo,False,"baixo desempenho, baixa participação",False,
4211751,Otacílio Costa,SC,Sul,70.95,63.21,-7.74,88.18,0.222,0.213,0.222,baixo,False,"alto desempenho, alta participação",False,
1703909,Caseara,TO,Norte,31.53,32.42,0.89,81.08,0.222,0.221,0.222,baixo,False,"baixo desempenho, baixa participação",False,
3108107,Bonfim,MG,Sudeste,85.95,72.64,-13.31,89.86,0.222,0.222,0.222,baixo,False,"alto desempenho, alta participação",False,
3506904,Bofete,SP,Sudeste,69.75,56.84,-12.91,90.55,0.222,0.221,0.222,baixo,False,"alto desempenho, alta participação",False,
2204907,Isaías Coelho,PI,Nordeste,34.44,42.95,8.51,100.0,0.222,0.224,0.222,baixo,False,"baixo desempenho, alta participação",True,
3532827,Nova Campina,SP,Sudeste,61.55,56.36,-5.19,96.46,0.222,0.222,0.222,baixo,False,"desempenho médio, alta participação",False,
5219738,Santo Antônio de Goiás,GO,Centro-Oeste,82.91,80.0,-2.91,88.6,0.222,0.222,0.222,baixo,False,"desempenho médio, alta participação",False,
3150802,Piranga,MG,Sudeste,75.27,66.59,-8.68,90.18,0.221,0.219,0.221,baixo,False,"alto desempenho, alta participação",False,
3128006,Guanhães,MG,Sudeste,68.68,64.93,-3.75,90.44,0.221,0.215,0.221,baixo,False,"desempenho médio, alta participação",False,
2210904,Socorro do Piauí,PI,Nordeste,30.86,72.09,41.23,96.3,0.221,0.227,0.221,baixo,False,"baixo desempenho, alta participação",True,
3529906,Miracatu,SP,Sudeste,65.52,55.25,-10.27,90.91,0.22,0.217,0.22,baixo,False,"alto desempenho, alta participação",False,
3148905,Pedra do Indaiá,MG,Sudeste,100.0,80.0,-20.0,86.11,0.22,0.221,0.22,baixo,False,"alto desempenho, alta participação",False,
3147105,Pará de Minas,MG,Sudeste,69.52,62.16,-7.36,88.01,0.22,0.213,0.22,baixo,False,"desempenho médio, alta participação",False,
1707306,Dueré,TO,Norte,68.54,48.81,-19.73,83.33,0.22,0.217,0.22,baixo,False,"alto desempenho, alta participação",False,
3164704,São Sebastião do Paraíso,MG,Sudeste,81.09,70.13,-10.96,93.3,0.22,0.213,0.22,baixo,False,"alto desempenho, alta participação",False,
4314076,Passo do Sobrado,RS,Sul,50.2,80.0,29.8,96.0,0.738,0.22,0.22,baixo,False,"baixo desempenho, alta participação",True,score sem o choque das enchentes de 2024
5218300,Posse,GO,Centro-Oeste,80.95,77.31,-3.64,98.27,0.22,0.213,0.22,baixo,False,"desempenho médio, alta participação",False,
3119401,Coronel Fabriciano,MG,Sudeste,64.1,57.97,-6.13,83.92,0.22,0.22,0.22,baixo,False,"desempenho médio, alta participação",False,
3112109,Caparaó,MG,Sudeste,67.92,66.6,-1.32,89.19,0.22,0.223,0.22,baixo,False,"desempenho médio, alta participação",False,
2602308,Bonito,PE,Nordeste,79.75,64.31,-15.44,96.66,0.219,0.214,0.219,baixo,False,"alto desempenho, alta participação",False,
2514503,São José de Piranhas,PB,Nordeste,55.77,48.14,-7.63,96.4,0.219,0.215,0.219,baixo,False,"desempenho médio, alta participação",False,
4320909,Tapejara,RS,Sul,46.2,72.93,26.73,94.75,0.744,0.219,0.219,baixo,False,"baixo desempenho, alta participação",True,score sem o choque das enchentes de 2024
3137106,Lagamar,MG,Sudeste,56.25,80.0,23.75,90.24,0.219,0.221,0.219,baixo,False,"baixo desempenho, alta participação",True,
3161650,São Geraldo do Baixio,MG,Sudeste,76.32,73.91,-2.41,95.0,0.219,0.223,0.219,baixo,False,"desempenho médio, alta participação",False,
2307304,Juazeiro do Norte,CE,Nordeste,59.48,66.87,7.39,98.54,0.219,0.219,0.219,baixo,False,"baixo desempenho, alta participação",True,
2607406,Itacuruba,PE,Nordeste,48.57,69.67,21.1,100.0,0.219,0.226,0.219,baixo,False,"baixo desempenho, alta participação",True,
2110302,Santo Antônio dos Lopes,MA,Nordeste,72.56,61.62,-10.94,95.04,0.219,0.213,0.219,baixo,False,"alto desempenho, alta participação",False,
2200251,Alagoinha do Piauí,PI,Nordeste,74.63,55.89,-18.74,98.33,0.219,0.217,0.219,baixo,False,"alto desempenho, alta participação",False,
2610004,Palmares,PE,Nordeste,64.85,54.86,-9.99,94.17,0.218,0.215,0.218,baixo,False,"alto desempenho, alta participação",False,
3546256,Santa Cruz da Esperança,SP,Sudeste,42.56,56.94,14.38,95.45,0.218,0.227,0.218,baixo,False,"baixo desempenho, alta participação",True,
2207900,Pedro II,PI,Nordeste,41.98,40.49,-1.49,93.15,0.217,0.212,0.217,baixo,False,"baixo desempenho, alta participação",False,
4201273,Arabutã,SC,Sul,96.31,79.57,-16.74,96.49,0.217,0.213,0.217,baixo,False,"alto desempenho, alta participação",False,
4315909,Rodeio Bonito,RS,Sul,48.8,80.0,31.2,94.29,0.735,0.217,0.217,baixo,False,"baixo desempenho, alta participação",True,score sem o choque das enchentes de 2024
2209658,São Francisco de Assis do Piauí,PI,Nordeste,36.86,47.77,10.91,98.28,0.217,0.221,0.217,baixo,False,"baixo desempenho, alta participação",True,
3103405,Araçuaí,MG,Sudeste,50.75,55.77,5.02,93.24,0.217,0.214,0.217,baixo,False,"baixo desempenho, alta participação",False,
3145109,Nova Resende,MG,Sudeste,86.57,72.66,-13.91,87.88,0.217,0.212,0.217,baixo,False,"alto desempenho, alta participação",False,
2603801,Capoeiras,PE,Nordeste,69.34,60.43,-8.91,99.53,0.217,0.216,0.217,baixo,False,"alto desempenho, alta participação",False,
3203346,Marechal Floriano,ES,Sudeste,86.57,78.73,-7.84,93.36,0.216,0.214,0.216,baixo,False,"alto desempenho, alta participação",False,
1703305,Bom Jesus do Tocantins,TO,Norte,28.56,41.43,12.87,95.16,0.216,0.217,0.216,baixo,False,"baixo desempenho, alta participação",True,
3123304,Dores do Turvo,MG,Sudeste,95.99,77.68,-18.31,87.72,0.216,0.218,0.216,baixo,False,"alto desempenho, alta participação",False,
4319703,São Valentim,RS,Sul,48.5,80.0,31.5,88.46,0.73,0.216,0.216,baixo,False,"baixo desempenho, alta participação",True,score sem o choque das enchentes de 2024
5200258,Águas Lindas de Goiás,GO,Centro-Oeste,53.9,59.02,5.12,90.42,0.216,0.215,0.216,baixo,False,"baixo desempenho, alta participação",False,
2500601,Alhandra,PB,Nordeste,30.75,64.73,33.98,87.1,0.216,0.21,0.216,baixo,False,"baixo desempenho, alta participação",True,
5222203,Vila Boa,GO,Centro-Oeste,78.69,80.0,1.31,100.0,0.216,0.217,0.216,baixo,False,"desempenho médio, alta participação",False,
5206909,Davinópolis,GO,Centro-Oeste,83.12,80.0,-3.12,82.14,0.215,0.219,0.215,baixo,False,"desempenho médio, alta participação",False,
3151305,Piraúba,MG,Sudeste,87.11,76.33,-10.78,93.28,0.215,0.213,0.215,baixo,False,"alto desempenho, alta participação",False,
2405504,Jardim de Angicos,RN,Nordeste,31.58,31.95,0.37,84.44,0.215,0.22,0.215,baixo,False,"baixo desempenho, baixa participação",False,
3112059,Cantagalo,MG,Sudeste,65.99,66.62,0.63,94.74,0.215,0.22,0.215,baixo,False,"desempenho médio, alta participação",False,
2608750,Lagoa Grande,PE,Nordeste,67.55,62.99,-4.56,98.01,0.215,0.212,0.215,baixo,False,"desempenho médio, alta participação",False,
2111672,São Roberto,MA,Nordeste,35.69,58.56,22.87,93.33,0.215,0.223,0.215,baixo,False,"baixo desempenho, alta participação",True,
2206670,Morro do Chapéu do Piauí,PI,Nordeste,40.04,43.81,3.77,97.47,0.215,0.218,0.215,baixo,False,"baixo desempenho, alta participação",False,
4309902,Ibiraiaras,RS,Sul,49.1,78.91,29.81,91.38,0.734,0.215,0.215,baixo,False,"baixo desempenho, alta participação",True,score sem o choque das enchentes de 2024
4203501,Campo Erê,SC,Sul,48.28,67.09,18.81,86.52,0.215,0.213,0.215,baixo,False,"baixo desempenho, alta participação",True,
4318903,São Luiz Gonzaga,RS,Sul,42.3,80.0,37.7,89.89,0.74,0.215,0.215,baixo,False,"baixo desempenho, alta participação",True,score sem o choque das enchentes de 2024
3203056,Jaguaré,ES,Sudeste,80.31,74.6,-5.71,90.19,0.215,0.211,0.215,baixo,False,"desempenho médio, alta participação",False,
5217609,Planaltina,GO,Centro-Oeste,75.11,70.15,-4.96,91.46,0.215,0.209,0.215,baixo,False,"desempenho médio, alta participação",False,
2705408,Monteirópolis,AL,Nordeste,31.11,49.07,17.96,100.0,0.214,0.219,0.214,baixo,False,"baixo desempenho, alta participação",True,
3166600,Serra da Saudade,MG,Sudeste,90.0,80.0,-10.0,90.91,0.214,0.223,0.214,baixo,False,"alto desempenho, alta participação",False,
4319158,São Miguel das Missões,RS,Sul,47.5,77.4,29.9,96.83,0.734,0.214,0.214,baixo,False,"baixo desempenho, alta participação",True,score sem o choque das enchentes de 2024
3171204,Vespasiano,MG,Sudeste,70.35,62.54,-7.81,90.04,0.214,0.212,0.214,baixo,False,"alto desempenho, alta participação",False,
4302303,Bom Jesus,RS,Sul,40.2,74.87,34.67,84.62,0.733,0.214,0.214,baixo,False,"baixo desempenho, alta participação",True,score sem o choque das enchentes de 2024
3160108,Santo Antônio do Grama,MG,Sudeste,94.3,80.0,-14.3,94.55,0.214,0.216,0.214,baixo,False,"alto desempenho, alta participação",False,
2703809,Joaquim Gomes,AL,Nordeste,27.93,47.64,19.71,94.97,0.214,0.213,0.214,baixo,False,"baixo desempenho, alta participação",True,
3104601,Astolfo Dutra,MG,Sudeste,88.29,76.43,-11.86,94.62,0.214,0.21,0.214,baixo,False,"alto desempenho, alta participação",False,
2510600,Ouro Velho,PB,Nordeste,100.0,80.0,-20.0,100.0,0.214,0.212,0.214,baixo,False,"alto desempenho, alta participação",False,
2312601,São Luís do Curu,CE,Nordeste,65.1,80.0,14.9,96.52,0.214,0.218,0.214,baixo,False,"baixo desempenho, alta participação",True,
4319125,São Martinho da Serra,RS,Sul,46.2,77.52,31.32,86.67,0.728,0.213,0.213,baixo,False,"baixo desempenho, alta participação",True,score sem o choque das enchentes de 2024
2205607,Landri Sales,PI,Nordeste,100.0,80.0,-20.0,100.0,0.213,0.208,0.213,baixo,False,"alto desempenho, alta participação",False,
2401602,Bento Fernandes,RN,Nordeste,29.29,29.96,0.67,82.09,0.213,0.214,0.213,baixo,False,"baixo desempenho, baixa participação",False,
3518859,Guatapará,SP,Sudeste,33.82,69.51,35.69,86.76,0.213,0.217,0.213,baixo,False,"baixo desempenho, alta participação",True,
2211704,Wall Ferraz,PI,Nordeste,54.29,50.86,-3.43,100.0,0.212,0.216,0.212,baixo,False,"desempenho médio, alta participação",False,
3549250,São João de Iracema,SP,Sudeste,44.44,55.57,11.13,100.0,0.212,0.222,0.212,baixo,False,"baixo desempenho, alta participação",True,
3553609,Tapiratiba,SP,Sudeste,79.51,62.16,-17.35,94.07,0.212,0.209,0.212,baixo,False,"alto desempenho, alta participação",False,
4319802,São Vicente do Sul,RS,Sul,45.7,78.12,32.42,88.06,0.731,0.212,0.212,baixo,False,"baixo desempenho, alta participação",True,score sem o choque das enchentes de 2024
2702207,Coqueiro Seco,AL,Nordeste,54.67,48.48,-6.19,100.0,0.212,0.214,0.212,baixo,False,"desempenho médio, alta participação",False,
5210901,Itapaci,GO,Centro-Oeste,85.28,79.18,-6.1,97.92,0.211,0.207,0.211,baixo,False,"alto desempenho, alta participação",False,
3136579,Josenópolis,MG,Sudeste,90.91,80.0,-10.91,100.0,0.211,0.213,0.211,baixo,False,"alto desempenho, alta participação",False,
1503754,Jacareacanga,PA,Norte,24.95,33.52,8.57,81.3,0.211,0.214,0.211,baixo,False,"baixo desempenho, baixa participação",True,
2514107,São João do Tigre,PB,Nordeste,48.38,50.19,1.81,97.06,0.211,0.214,0.211,baixo,False,"baixo desempenho, alta participação",False,
4312500,Mostardas,RS,Sul,40.8,60.72,19.92,88.12,0.73,0.211,0.211,baixo,False,"baixo desempenho, alta participação",True,score sem o choque das enchentes de 2024
5201207,Anhanguera,GO,Centro-Oeste,81.25,80.0,-1.25,94.12,0.211,0.221,0.211,baixo,False,"desempenho médio, alta participação",False,
3138906,Machacalis,MG,Sudeste,65.94,67.83,1.89,95.38,0.211,0.212,0.211,baixo,False,"desempenho médio, alta participação",False,
3168606,Teófilo Otoni,MG,Sudeste,67.28,60.29,-6.99,88.53,0.21,0.208,0.21,baixo,False,"desempenho médio, alta participação",False,
4303558,Camargo,RS,Sul,55.6,80.0,24.4,100.0,0.726,0.21,0.21,baixo,False,"baixo desempenho, alta participação",True,score sem o choque das enchentes de 2024
5106299,Paranaíta,MT,Centro-Oeste,79.7,66.96,-12.74,92.94,0.21,0.205,0.21,baixo,False,"alto desempenho, alta participação",False,
3151800,Poços de Caldas,MG,Sudeste,79.39,65.24,-14.15,85.21,0.21,0.205,0.21,baixo,False,"alto desempenho, alta participação",False,
2413904,Taipu,RN,Nordeste,17.68,50.04,32.36,88.73,0.209,0.208,0.209,baixo,False,"baixo desempenho, alta participação",True,
5106000,Nortelândia,MT,Centro-Oeste,65.5,58.03,-7.47,91.78,0.209,0.209,0.209,baixo,False,"desempenho médio, alta participação",False,
3504701,Balbinos,SP,Sudeste,100.0,80.0,-20.0,100.0,0.209,0.208,0.209,baixo,False,"alto desempenho, alta participação",False,
5200852,Americano do Brasil,GO,Centro-Oeste,78.87,76.03,-2.84,91.23,0.209,0.211,0.209,baixo,False,"desempenho médio, alta participação",False,
4128559,Vera Cruz do Oeste,PR,Sul,76.11,61.39,-14.72,88.8,0.209,0.209,0.209,baixo,False,"alto desempenho, alta participação",False,
3101102,Aimorés,MG,Sudeste,57.63,58.93,1.3,82.96,0.209,0.206,0.209,baixo,False,"baixo desempenho, baixa participação",False,
3109006,Brumadinho,MG,Sudeste,87.73,73.32,-14.41,87.17,0.209,0.199,0.209,baixo,False,"alto desempenho, alta participação",False,
3138625,Limeira do Oeste,MG,Sudeste,59.7,69.94,10.24,93.7,0.209,0.209,0.209,baixo,False,"baixo desempenho, alta participação",True,
5107883,Serra Nova Dourada,MT,Centro-Oeste,94.74,70.03,-24.71,82.61,0.209,0.212,0.209,baixo,False,"alto desempenho, alta participação",False,
3533809,Óleo,SP,Sudeste,70.0,64.6,-5.4,100.0,0.208,0.213,0.208,baixo,False,"desempenho médio, alta participação",False,
3146305,Padre Paraíso,MG,Sudeste,48.96,59.05,10.09,93.86,0.208,0.209,0.208,baixo,False,"baixo desempenho, alta participação",True,
3169802,Turvolândia,MG,Sudeste,67.31,67.61,0.3,95.89,0.208,0.211,0.208,baixo,False,"desempenho médio, alta participação",False,
3150901,Piranguçu,MG,Sudeste,78.97,70.65,-8.32,90.48,0.208,0.21,0.208,baixo,False,"alto desempenho, alta participação",False,
2503001,Caaporã,PB,Nordeste,29.81,50.99,21.18,90.94,0.208,0.206,0.208,baixo,False,"baixo desempenho, alta participação",True,
2204402,Gilbués,PI,Nordeste,39.2,45.87,6.67,96.45,0.208,0.206,0.208,baixo,False,"baixo desempenho, alta participação",False,
3171709,Virgínia,MG,Sudeste,74.66,65.13,-9.53,80.0,0.208,0.208,0.208,baixo,False,"alto desempenho, alta participação",False,
2515971,Sobrado,PB,Nordeste,40.74,66.5,25.76,100.0,0.208,0.208,0.208,baixo,False,"baixo desempenho, alta participação",True,
2201903,Bom Jesus,PI,Nordeste,98.95,80.0,-18.95,99.3,0.207,0.195,0.207,baixo,False,"alto desempenho, alta participação",False,
3154002,Raul Soares,MG,Sudeste,84.96,71.17,-13.79,92.68,0.207,0.203,0.207,baixo,False,"alto desempenho, alta participação",False,
3111200,Campo Belo,MG,Sudeste,85.57,72.79,-12.78,95.33,0.207,0.201,0.207,baixo,False,"alto desempenho, alta participação",False,
3113107,Caranaíba,MG,Sudeste,83.33,73.13,-10.2,92.31,0.207,0.212,0.207,baixo,False,"alto desempenho, alta participação",False,
1711100,Itaporã do Tocantins,TO,Norte,24.0,69.25,45.25,83.33,0.207,0.212,0.207,baixo,False,"baixo desempenho, alta participação",True,
3117876,Confins,MG,Sudeste,69.15,61.49,-7.66,70.48,0.207,0.207,0.207,baixo,False,"baixo desempenho, baixa participação",False,
4304663,Capão do Leão,RS,Sul,28.2,58.86,30.66,75.28,0.725,0.206,0.206,baixo,False,"baixo desempenho, baixa participação",True,score sem o choque das enchentes de 2024
4314472,Pinhal Grande,RS,Sul,47.5,68.91,21.41,87.5,0.722,0.206,0.206,baixo,False,"baixo desempenho, alta participação",True,score sem o choque das enchentes de 2024
3169059,Tocos do Moji,MG,Sudeste,93.75,78.87,-14.88,100.0,0.206,0.208,0.206,baixo,False,"alto desempenho, alta participação",False,
4214102,Presidente Nereu,SC,Sul,58.33,60.92,2.59,90.0,0.206,0.21,0.206,baixo,False,"desempenho médio, alta participação",False,
3166402,Seritinga,MG,Sudeste,75.0,69.15,-5.85,90.91,0.206,0.213,0.206,baixo,False,"desempenho médio, alta participação",False,
4323804,Xangri-lá,RS,Sul,37.9,64.4,26.5,84.02,0.725,0.205,0.205,baixo,False,"baixo desempenho, alta participação",True,score sem o choque das enchentes de 2024
4212650,Pescaria Brava,SC,Sul,45.95,52.93,6.98,90.91,0.205,0.204,0.205,baixo,False,"baixo desempenho, alta participação",False,
2805208,Pinhão,SE,Nordeste,40.26,31.5,-8.76,91.3,0.205,0.208,0.205,baixo,False,"desempenho médio, alta participação",False,
2300408,Aiuaba,CE,Nordeste,75.83,76.61,0.78,97.47,0.205,0.207,0.205,baixo,False,"desempenho médio, alta participação",False,
2102150,Brejo de Areia,MA,Nordeste,49.3,47.46,-1.84,93.94,0.205,0.209,0.205,baixo,False,"desempenho médio, alta participação",False,
3130903,Inhapim,MG,Sudeste,84.81,72.17,-12.64,94.38,0.205,0.2,0.205,baixo,False,"alto desempenho, alta participação",False,
3205150,Vila Pavão,ES,Sudeste,61.4,76.22,14.82,91.18,0.205,0.208,0.205,baixo,False,"baixo desempenho, alta participação",True,
4203709,Canelinha,SC,Sul,41.37,66.02,24.65,86.25,0.204,0.202,0.204,baixo,False,"baixo desempenho, alta participação",True,
4314787,Ponte Preta,RS,Sul,57.9,66.5,8.6,100.0,0.714,0.204,0.204,baixo,False,"baixo desempenho, alta participação",True,score sem o choque das enchentes de 2024
4303707,Campina das Missões,RS,Sul,50.3,80.0,29.7,97.78,0.719,0.204,0.204,baixo,False,"baixo desempenho, alta participação",True,score sem o choque das enchentes de 2024
2305357,Icapuí,CE,Nordeste,76.34,80.0,3.66,98.32,0.204,0.205,0.204,baixo,False,"desempenho médio, alta participação",False,
4314134,Paulo Bento,RS,Sul,50.0,68.16,18.16,95.24,0.714,0.204,0.204,baixo,False,"baixo desempenho, alta participação",True,score sem o choque das enchentes de 2024
3522000,Itaju,SP,Sudeste,44.34,62.39,18.05,95.0,0.204,0.209,0.204,baixo,False,"baixo desempenho, alta participação",True,
3111705,Canaã,MG,Sudeste,87.5,77.18,-10.32,100.0,0.204,0.205,0.204,baixo,False,"alto desempenho, alta participação",False,
3105301,Bandeira do Sul,MG,Sudeste,94.51,75.43,-19.08,90.0,0.204,0.204,0.204,baixo,False,"alto desempenho, alta participação",False,
2509107,Mari,PB,Nordeste,70.06,51.15,-18.91,86.3,0.203,0.198,0.203,baixo,False,"alto desempenho, alta participação",False,
5216908,Pilar de Goiás,GO,Centro-Oeste,80.87,80.0,-0.87,92.86,0.203,0.208,0.203,baixo,False,"desempenho médio, alta participação",False,
1722107,Xambioá,TO,Norte,42.82,37.57,-5.25,88.15,0.203,0.198,0.203,baixo,False,"desempenho médio, alta participação",False,
4306502,Dom Feliciano,RS,Sul,35.0,66.26,31.26,86.32,0.72,0.203,0.203,baixo,False,"baixo desempenho, alta participação",True,score sem o choque das enchentes de 2024
3147907,Passos,MG,Sudeste,86.17,70.11,-16.06,91.45,0.203,0.2,0.203,baixo,False,"alto desempenho, alta participação",False,
2600609,Alagoinha,PE,Nordeste,53.87,54.75,0.88,98.84,0.203,0.204,0.203,baixo,False,"desempenho médio, alta participação",False,
2303501,Cascavel,CE,Nordeste,82.6,80.0,-2.6,97.95,0.203,0.201,0.203,baixo,False,"desempenho médio, alta participação",False,
3508900,Caiabu,SP,Sudeste,65.71,55.89,-9.82,85.71,0.203,0.207,0.203,baixo,False,"alto desempenho, alta participação",False,
5101001,Araguaiana,MT,Centro-Oeste,91.53,80.0,-11.53,90.24,0.203,0.202,0.203,baixo,False,"alto desempenho, alta participação",False,
2608453,Lagoa do Carro,PE,Nordeste,59.78,58.65,-1.13,98.58,0.203,0.201,0.203,baixo,False,"desempenho médio, alta participação",False,
3132008,Itacambira,MG,Sudeste,100.0,78.99,-21.01,94.74,0.203,0.203,0.203,baixo,False,"alto desempenho, alta participação",False,
3522901,Itapuí,SP,Sudeste,53.04,48.86,-4.18,89.63,0.202,0.201,0.202,baixo,False,"desempenho médio, alta participação",False,
2201929,Bonfim do Piauí,PI,Nordeste,35.96,60.21,24.25,100.0,0.202,0.206,0.202,baixo,False,"baixo desempenho, alta participação",True,
2313351,Tejuçuoca,CE,Nordeste,80.16,80.0,-0.16,99.12,0.202,0.203,0.202,baixo,False,"desempenho médio, alta participação",False,
3203130,João Neiva,ES,Sudeste,77.28,74.37,-2.91,91.24,0.202,0.2,0.202,baixo,False,"desempenho médio, alta participação",False,
2407252,Major Sales,RN,Nordeste,60.04,45.97,-14.07,90.0,0.202,0.202,0.202,baixo,False,"alto desempenho, alta participação",False,
2607703,Itapetim,PE,Nordeste,89.12,70.0,-19.12,99.17,0.202,0.2,0.202,baixo,False,"alto desempenho, alta participação",False,
3134806,Jacuí,MG,Sudeste,85.13,73.7,-11.43,90.32,0.202,0.201,0.202,baixo,False,"alto desempenho, alta participação",False,
3204351,Rio Bananal,ES,Sudeste,83.06,76.25,-6.81,90.6,0.202,0.199,0.202,baixo,False,"alto desempenho, alta participação",False,
2602704,Buenos Aires,PE,Nordeste,85.53,68.48,-17.05,99.2,0.202,0.2,0.202,baixo,False,"alto desempenho, alta participação",False,
3534104,Oriente,SP,Sudeste,39.53,66.18,26.65,100.0,0.201,0.206,0.201,baixo,False,"baixo desempenho, alta participação",True,
5213806,Morrinhos,GO,Centro-Oeste,65.87,68.01,2.14,88.82,0.201,0.195,0.201,baixo,False,"desempenho médio, alta participação",False,
2302008,Barro,CE,Nordeste,63.94,71.69,7.75,99.39,0.201,0.204,0.201,baixo,False,"desempenho médio, alta participação",True,
2303709,Caucaia,CE,Nordeste,69.01,71.16,2.15,97.45,0.201,0.198,0.201,baixo,False,"desempenho médio, alta participação",False,
5203203,Barro Alto,GO,Centro-Oeste,77.88,80.0,2.12,96.71,0.201,0.197,0.201,baixo,False,"desempenho médio, alta participação",False,
2309706,Pacatuba,CE,Nordeste,78.36,77.22,-1.14,98.66,0.201,0.198,0.201,baixo,False,"desempenho médio, alta participação",False,
2301851,Banabuiú,CE,Nordeste,76.25,80.0,3.75,98.76,0.201,0.202,0.201,baixo,False,"desempenho médio, alta participação",False,
3200409,Anchieta,ES,Sudeste,88.41,80.0,-8.41,92.11,0.201,0.194,0.201,baixo,False,"alto desempenho, alta participação",False,
3554607,Timburi,SP,Sudeste,58.99,52.03,-6.96,93.55,0.201,0.208,0.201,baixo,False,"desempenho médio, alta participação",False,
4322707,Vera Cruz,RS,Sul,41.9,70.78,28.88,94.8,0.72,0.2,0.2,baixo,False,"baixo desempenho, alta participação",True,score sem o choque das enchentes de 2024
3167301,Silveirânia,MG,Sudeste,86.36,80.0,-6.36,100.0,0.2,0.205,0.2,baixo,False,"alto desempenho, alta participação",False,
4122602,Rondon,PR,Sul,41.63,72.08,30.45,88.18,0.2,0.202,0.2,baixo,False,"baixo desempenho, alta participação",True,
1600105,Amapá,AP,Norte,19.03,45.79,26.76,86.55,0.2,0.201,0.2,baixo,False,"baixo desempenho, alta participação",True,
5104500,Indiavaí,MT,Centro-Oeste,67.61,56.08,-11.53,85.71,0.2,0.204,0.2,baixo,False,"alto desempenho, alta participação",False,
3144003,Mutum,MG,Sudeste,76.73,67.47,-9.26,90.91,0.2,0.195,0.2,baixo,False,"alto desempenho, alta participação",False,
4322855,Vespasiano Corrêa,RS,Sul,46.7,80.0,33.3,93.75,0.707,0.2,0.2,baixo,False,"baixo desempenho, alta participação",True,score sem o choque das enchentes de 2024
2707404,Porto de Pedras,AL,Nordeste,27.47,44.89,17.42,93.01,0.2,0.203,0.2,baixo,False,"baixo desempenho, alta participação",True,
3140001,Mariana,MG,Sudeste,65.6,62.34,-3.26,88.41,0.2,0.193,0.2,baixo,False,"desempenho médio, alta participação",False,
4106001,Congonhinhas,PR,Sul,41.19,72.33,31.14,86.55,0.2,0.202,0.2,baixo,False,"baixo desempenho, alta participação",True,
2413805,Taboleiro Grande,RN,Nordeste,73.08,56.6,-16.48,89.29,0.2,0.199,0.2,baixo,False,"alto desempenho, alta participação",False,
3502002,Analândia,SP,Sudeste,68.65,56.02,-12.63,92.75,0.199,0.202,0.199,baixo,False,"alto desempenho, alta participação",False,
3555307,Turmalina,SP,Sudeste,70.59,56.6,-13.99,94.44,0.199,0.207,0.199,baixo,False,"alto desempenho, alta participação",False,
1721257,Tupirama,TO,Norte,66.67,49.91,-16.76,88.89,0.199,0.2,0.199,baixo,False,"alto desempenho, alta participação",False,
3101607,Alfenas,MG,Sudeste,76.61,65.87,-10.74,90.6,0.199,0.192,0.199,baixo,False,"alto desempenho, alta participação",False,
3110400,Camacho,MG,Sudeste,86.64,80.0,-6.64,96.77,0.199,0.202,0.199,baixo,False,"alto desempenho, alta participação",False,
2109205,Presidente Juscelino,MA,Nordeste,57.94,50.31,-7.63,97.62,0.199,0.201,0.199,baixo,False,"desempenho médio, alta participação",False,
4316600,Sananduva,RS,Sul,43.2,76.11,32.91,90.0,0.718,0.199,0.199,baixo,False,"baixo desempenho, alta participação",True,score sem o choque das enchentes de 2024
3161106,São Francisco,MG,Sudeste,58.24,57.15,-1.09,93.06,0.199,0.197,0.199,baixo,False,"desempenho médio, alta participação",False,
1200435,Santa Rosa do Purus,AC,Norte,15.62,23.62,8.0,76.32,0.199,0.201,0.199,baixo,False,"baixo desempenho, baixa participação",True,UF sem historico no treino: avaliado so pelas demais variaveis
3103801,Arapuá,MG,Sudeste,92.02,80.0,-12.02,96.3,0.198,0.2,0.198,baixo,False,"alto desempenho, alta participação",False,
4307500,Espumoso,RS,Sul,39.1,80.0,40.9,81.25,0.716,0.198,0.198,baixo,False,"baixo desempenho, baixa participação",True,score sem o choque das enchentes de 2024
4310413,Inhacorá,RS,Sul,35.3,68.26,32.96,77.27,0.702,0.198,0.198,baixo,False,"baixo desempenho, baixa participação",True,score sem o choque das enchentes de 2024
5107065,Querência,MT,Centro-Oeste,74.18,65.07,-9.11,94.29,0.198,0.189,0.198,baixo,False,"alto desempenho, alta participação",False,
3165560,Sem-Peixe,MG,Sudeste,84.62,77.52,-7.1,100.0,0.197,0.202,0.197,baixo,False,"alto desempenho, alta participação",False,
3113404,Caratinga,MG,Sudeste,67.42,59.95,-7.47,88.88,0.197,0.191,0.197,baixo,False,"desempenho médio, alta participação",False,
2614857,Tamandaré,PE,Nordeste,57.18,56.21,-0.97,95.96,0.197,0.196,0.197,baixo,False,"desempenho médio, alta participação",False,
3106309,Belo Oriente,MG,Sudeste,65.94,64.57,-1.37,90.25,0.197,0.191,0.197,baixo,False,"desempenho médio, alta participação",False,
2412302,São José do Campestre,RN,Nordeste,49.42,33.52,-15.9,73.81,0.197,0.193,0.197,baixo,False,"baixo desempenho, baixa participação",False,
4203402,Campo Belo do Sul,SC,Sul,53.29,53.96,0.67,83.33,0.196,0.195,0.196,baixo,False,"baixo desempenho, baixa participação",False,
4126702,Tamboara,PR,Sul,46.83,58.11,11.28,94.0,0.196,0.201,0.196,baixo,False,"baixo desempenho, alta participação",True,
3532157,Nantes,SP,Sudeste,36.18,66.01,29.83,90.91,0.196,0.203,0.196,baixo,False,"baixo desempenho, alta participação",True,
3146107,Ouro Preto,MG,Sudeste,71.36,63.49,-7.87,86.18,0.196,0.188,0.196,baixo,False,"alto desempenho, alta participação",False,
3145703,Oliveira Fortes,MG,Sudeste,83.33,74.09,-9.24,94.74,0.196,0.201,0.196,baixo,False,"alto desempenho, alta participação",False,
3105103,Bambuí,MG,Sudeste,80.48,70.44,-10.04,88.95,0.195,0.19,0.195,baixo,False,"alto desempenho, alta participação",False,
4204194,Chapadão do Lageado,SC,Sul,65.91,61.44,-4.47,94.0,0.195,0.197,0.195,baixo,False,"desempenho médio, alta participação",False,
2209872,São João da Fronteira,PI,Nordeste,43.37,42.15,-1.22,86.54,0.195,0.198,0.195,baixo,False,"baixo desempenho, baixa participação",False,
2205409,Joaquim Pires,PI,Nordeste,81.27,63.53,-17.74,98.94,0.195,0.19,0.195,baixo,False,"alto desempenho, alta participação",False,
3110202,Cajuri,MG,Sudeste,69.57,69.29,-0.28,100.0,0.195,0.199,0.195,baixo,False,"desempenho médio, alta participação",False,
3551405,Serra Azul,SP,Sudeste,44.65,39.42,-5.23,81.25,0.195,0.196,0.195,baixo,False,"baixo desempenho, baixa participação",False,
3157807,Santa Luzia,MG,Sudeste,72.16,60.8,-11.36,86.6,0.195,0.19,0.195,baixo,False,"alto desempenho, alta participação",False,
1600709,Tartarugalzinho,AP,Norte,94.21,46.5,-47.71,91.5,0.195,0.185,0.195,baixo,False,"alto desempenho, alta participação",False,
3104502,Arinos,MG,Sudeste,46.89,56.48,9.59,86.78,0.195,0.194,0.195,baixo,False,"baixo desempenho, alta participação",True,
3125804,Fernandes Tourinho,MG,Sudeste,52.38,68.78,16.4,84.0,0.195,0.202,0.195,baixo,False,"baixo desempenho, baixa participação",True,
2507408,Jericó,PB,Nordeste,23.83,62.12,38.29,85.71,0.194,0.198,0.194,baixo,False,"baixo desempenho, alta participação",True,
4315305,Quaraí,RS,Sul,36.3,63.01,26.71,88.89,0.71,0.194,0.194,baixo,False,"baixo desempenho, alta participação",True,score sem o choque das enchentes de 2024
2611408,Primavera,PE,Nordeste,50.41,78.26,27.85,97.65,0.194,0.194,0.194,baixo,False,"baixo desempenho, alta participação",True,
2500908,Arara,PB,Nordeste,52.9,49.12,-3.78,98.15,0.194,0.192,0.194,baixo,False,"desempenho médio, alta participação",False,
3529658,Mesópolis,SP,Sudeste,56.25,48.68,-7.57,94.12,0.194,0.203,0.194,baixo,False,"desempenho médio, alta participação",False,
2513604,Santana dos Garrotes,PB,Nordeste,52.77,47.01,-5.76,97.44,0.194,0.195,0.194,baixo,False,"desempenho médio, alta participação",False,
3202900,Itarana,ES,Sudeste,82.15,78.61,-3.54,95.29,0.194,0.194,0.194,baixo,False,"desempenho médio, alta participação",False,
3130002,Ibituruna,MG,Sudeste,83.33,66.89,-16.44,75.0,0.193,0.198,0.193,baixo,False,"alto desempenho, alta participação",False,
4309308,Guaíba,RS,Sul,31.5,59.58,28.08,81.73,0.715,0.193,0.193,baixo,False,"baixo desempenho, baixa participação",True,score sem o choque das enchentes de 2024
5000708,Anastácio,MS,Centro-Oeste,40.97,42.53,1.56,90.97,0.193,0.193,0.193,baixo,False,"baixo desempenho, alta participação",False,
4312377,Monte Alegre dos Campos,RS,Sul,36.2,68.66,32.46,78.57,0.698,0.193,0.193,baixo,False,"baixo desempenho, baixa participação",True,score sem o choque das enchentes de 2024
4310306,Ilópolis,RS,Sul,48.3,80.0,31.7,93.55,0.702,0.193,0.193,baixo,False,"baixo desempenho, alta participação",True,score sem o choque das enchentes de 2024
1101757,Vale do Anari,RO,Norte,55.65,50.36,-5.29,93.5,0.193,0.193,0.193,baixo,False,"desempenho médio, alta participação",False,
1713601,Monte do Carmo,TO,Norte,19.71,73.1,53.39,81.01,0.192,0.192,0.192,baixo,False,"baixo desempenho, alta participação",True,
3534005,Onda Verde,SP,Sudeste,74.45,57.76,-16.69,89.58,0.192,0.194,0.192,baixo,False,"alto desempenho, alta participação",False,
5002951,Chapadão do Sul,MS,Centro-Oeste,63.42,55.08,-8.34,93.29,0.192,0.187,0.192,baixo,False,"alto desempenho, alta participação",False,
2112233,Trizidela do Vale,MA,Nordeste,90.87,65.84,-25.03,95.93,0.192,0.187,0.192,baixo,False,"alto desempenho, alta participação",False,
3124500,Estiva,MG,Sudeste,91.03,74.78,-16.25,87.18,0.192,0.188,0.192,baixo,False,"alto desempenho, alta participação",False,
4207577,Iomerê,SC,Sul,97.09,76.14,-20.95,76.74,0.192,0.189,0.192,baixo,False,"alto desempenho, alta participação",False,
4212270,Passos Maia,SC,Sul,60.0,59.27,-0.73,90.91,0.192,0.192,0.192,baixo,False,"desempenho médio, alta participação",False,
2307502,Lavras da Mangabeira,CE,Nordeste,74.29,76.77,2.48,99.19,0.192,0.191,0.192,baixo,False,"desempenho médio, alta participação",False,
5215652,Palestina de Goiás,GO,Centro-Oeste,74.42,79.68,5.26,100.0,0.192,0.195,0.192,baixo,False,"desempenho médio, alta participação",False,
3143708,Morro do Pilar,MG,Sudeste,61.85,65.33,3.48,97.14,0.191,0.198,0.191,baixo,False,"desempenho médio, alta participação",False,
3171154,Vermelho Novo,MG,Sudeste,81.82,75.52,-6.3,100.0,0.191,0.193,0.191,baixo,False,"alto desempenho, alta participação",False,
3138658,Lontra,MG,Sudeste,78.07,69.16,-8.91,93.75,0.191,0.191,0.191,baixo,False,"alto desempenho, alta participação",False,
4302501,Bossoroca,RS,Sul,38.4,59.77,21.37,86.67,0.701,0.191,0.191,baixo,False,"baixo desempenho, alta participação",True,score sem o choque das enchentes de 2024
2308708,Morada Nova,CE,Nordeste,76.09,74.45,-1.64,98.08,0.191,0.19,0.191,baixo,False,"desempenho médio, alta participação",False,
2514453,São José dos Ramos,PB,Nordeste,27.36,65.74,38.38,91.8,0.191,0.194,0.191,baixo,False,"baixo desempenho, alta participação",True,
3150604,Piracema,MG,Sudeste,76.35,71.11,-5.24,94.03,0.191,0.19,0.191,baixo,False,"desempenho médio, alta participação",False,
3135704,Jequitibá,MG,Sudeste,65.96,61.44,-4.52,85.94,0.19,0.194,0.19,baixo,False,"desempenho médio, alta participação",False,
1709807,Ipueiras,TO,Norte,21.43,42.44,21.01,93.33,0.19,0.196,0.19,baixo,False,"baixo desempenho, alta participação",True,
5207105,Diorama,GO,Centro-Oeste,77.27,80.0,2.73,100.0,0.19,0.195,0.19,baixo,False,"desempenho médio, alta participação",False,
3169000,Tocantins,MG,Sudeste,71.46,65.42,-6.04,90.48,0.19,0.187,0.19,baixo,False,"desempenho médio, alta participação",False,
3536604,Paulo de Faria,SP,Sudeste,80.89,60.02,-20.87,89.55,0.19,0.189,0.19,baixo,False,"alto desempenho, alta participação",False,
4207759,Iraceminha,SC,Sul,70.07,66.85,-3.22,97.06,0.19,0.189,0.19,baixo,False,"desempenho médio, alta participação",False,
3156908,Sacramento,MG,Sudeste,79.62,69.15,-10.47,87.13,0.19,0.184,0.19,baixo,False,"alto desempenho, alta participação",False,
5209705,Hidrolândia,GO,Centro-Oeste,65.56,72.44,6.88,99.75,0.19,0.186,0.19,baixo,False,"desempenho médio, alta participação",False,
3153004,Pratinha,MG,Sudeste,52.8,80.0,27.2,89.09,0.19,0.195,0.19,baixo,False,"baixo desempenho, alta participação",True,
5213004,Maurilândia,GO,Centro-Oeste,83.79,78.91,-4.88,97.52,0.189,0.187,0.189,baixo,False,"alto desempenho, alta participação",False,
5222302,Vila Propício,GO,Centro-Oeste,79.46,76.13,-3.33,89.04,0.189,0.19,0.189,baixo,False,"desempenho médio, alta participação",False,
3543238,Ribeirão dos Índios,SP,Sudeste,91.67,73.53,-18.14,100.0,0.189,0.193,0.189,baixo,False,"alto desempenho, alta participação",False,
4315313,Quatro Irmãos,RS,Sul,40.0,61.78,21.78,78.95,0.692,0.189,0.189,baixo,False,"baixo desempenho, baixa participação",True,score sem o choque das enchentes de 2024
2500700,São João do Rio do Peixe,PB,Nordeste,72.85,54.19,-18.66,92.62,0.189,0.184,0.189,baixo,False,"alto desempenho, alta participação",False,
5204409,Caiapônia,GO,Centro-Oeste,84.82,77.6,-7.22,90.85,0.189,0.184,0.189,baixo,False,"alto desempenho, alta participação",False,
2205524,Júlio Borges,PI,Nordeste,100.0,55.06,-44.94,93.33,0.189,0.186,0.189,baixo,False,"alto desempenho, alta participação",False,
2505006,Cubati,PB,Nordeste,97.47,74.36,-23.11,96.63,0.189,0.184,0.189,baixo,False,"alto desempenho, alta participação",False,
5211909,Jataí,GO,Centro-Oeste,69.92,69.15,-0.77,91.62,0.189,0.187,0.189,baixo,False,"desempenho médio, alta participação",False,
3169356,Três Marias,MG,Sudeste,83.86,72.02,-11.84,90.07,0.189,0.181,0.189,baixo,False,"alto desempenho, alta participação",False,
4319505,São Sebastião do Caí,RS,Sul,37.1,64.97,27.87,87.07,0.705,0.189,0.189,baixo,False,"baixo desempenho, alta participação",True,score sem o choque das enchentes de 2024
3136207,João Monlevade,MG,Sudeste,79.74,67.1,-12.64,91.85,0.189,0.181,0.189,baixo,False,"alto desempenho, alta participação",False,
2301307,Araripe,CE,Nordeste,77.22,76.85,-0.37,99.65,0.189,0.19,0.189,baixo,False,"desempenho médio, alta participação",False,
2101905,Bequimão,MA,Nordeste,59.75,47.27,-12.48,92.77,0.188,0.189,0.188,baixo,False,"alto desempenho, alta participação",False,
2411601,São Bento do Norte,RN,Nordeste,32.17,65.01,32.84,91.8,0.188,0.188,0.188,baixo,False,"baixo desempenho, alta participação",True,
5203500,Bom Jesus de Goiás,GO,Centro-Oeste,81.51,77.02,-4.49,96.1,0.188,0.182,0.188,baixo,False,"desempenho médio, alta participação",False,
3143104,Monte Carmelo,MG,Sudeste,84.51,68.91,-15.6,86.96,0.188,0.179,0.188,baixo,False,"alto desempenho, alta participação",False,
3544707,Sagres,SP,Sudeste,91.33,73.32,-18.01,96.0,0.188,0.191,0.188,baixo,False,"alto desempenho, alta participação",False,
3204104,Pinheiros,ES,Sudeste,82.38,78.09,-4.29,94.98,0.187,0.184,0.187,baixo,False,"desempenho médio, alta participação",False,
3150406,Piedade dos Gerais,MG,Sudeste,83.86,74.44,-9.42,96.3,0.187,0.188,0.187,baixo,False,"alto desempenho, alta participação",False,
2605509,Ferreiros,PE,Nordeste,41.36,65.28,23.92,95.35,0.187,0.19,0.187,baixo,False,"baixo desempenho, alta participação",True,
1703891,Carrasco Bonito,TO,Norte,23.86,48.13,24.27,94.44,0.187,0.19,0.187,baixo,False,"baixo desempenho, alta participação",True,
5207253,Doverlândia,GO,Centro-Oeste,83.34,78.73,-4.61,94.74,0.187,0.186,0.187,baixo,False,"desempenho médio, alta participação",False,
1717206,Piraquê,TO,Norte,54.55,41.39,-13.16,88.0,0.187,0.187,0.187,baixo,False,"alto desempenho, alta participação",False,
3134400,Iturama,MG,Sudeste,69.61,63.73,-5.88,89.03,0.186,0.18,0.186,baixo,False,"desempenho médio, alta participação",False,
3107901,Bom Repouso,MG,Sudeste,68.27,64.21,-4.06,91.19,0.186,0.186,0.186,baixo,False,"desempenho médio, alta participação",False,
3162955,São José da Lapa,MG,Sudeste,75.09,68.1,-6.99,95.07,0.186,0.182,0.186,baixo,False,"alto desempenho, alta participação",False,
4109658,Honório Serpa,PR,Sul,73.2,63.82,-9.38,92.11,0.186,0.187,0.186,baixo,False,"alto desempenho, alta participação",False,
3155009,Rio Doce,MG,Sudeste,90.43,80.0,-10.43,91.3,0.186,0.189,0.186,baixo,False,"alto desempenho, alta participação",False,
5203302,Bela Vista de Goiás,GO,Centro-Oeste,62.27,67.31,5.04,93.56,0.185,0.181,0.185,baixo,False,"desempenho médio, alta participação",False,
5214606,Niquelândia,GO,Centro-Oeste,80.22,75.04,-5.18,96.46,0.185,0.178,0.185,baixo,False,"desempenho médio, alta participação",False,
2300754,Amontada,CE,Nordeste,82.28,80.0,-2.28,96.82,0.185,0.182,0.185,baixo,False,"desempenho médio, alta participação",False,
3105608,Barbacena,MG,Sudeste,81.97,66.02,-15.95,90.09,0.185,0.182,0.185,baixo,False,"alto desempenho, alta participação",False,
2202752,Colônia do Gurguéia,PI,Nordeste,89.29,62.78,-26.51,96.97,0.185,0.183,0.185,baixo,False,"alto desempenho, alta participação",False,
3126901,Frei Inocêncio,MG,Sudeste,64.71,61.89,-2.82,86.92,0.185,0.186,0.185,baixo,False,"desempenho médio, alta participação",False,
4309753,Ibarama,RS,Sul,41.4,73.81,32.41,87.88,0.689,0.185,0.185,baixo,False,"baixo desempenho, alta participação",True,score sem o choque das enchentes de 2024
2108405,Peri Mirim,MA,Nordeste,61.02,49.11,-11.91,93.33,0.185,0.186,0.185,baixo,False,"alto desempenho, alta participação",False,
2806909,São Francisco,SE,Nordeste,81.25,48.68,-32.57,94.12,0.185,0.185,0.185,baixo,False,"alto desempenho, alta participação",False,
2202091,Caldeirão Grande do Piauí,PI,Nordeste,100.0,80.0,-20.0,100.0,0.184,0.179,0.184,baixo,False,"alto desempenho, alta participação",False,
2302206,Beberibe,CE,Nordeste,81.6,78.66,-2.94,97.83,0.184,0.183,0.184,baixo,False,"desempenho médio, alta participação",False,
5107263,Santo Afonso,MT,Centro-Oeste,76.83,61.2,-15.63,82.5,0.184,0.186,0.184,baixo,False,"alto desempenho, alta participação",False,
5212600,Mairipotaba,GO,Centro-Oeste,71.43,80.0,8.57,100.0,0.184,0.19,0.184,baixo,False,"desempenho médio, alta participação",True,
3104304,Areado,MG,Sudeste,88.09,73.63,-14.46,92.22,0.184,0.18,0.184,baixo,False,"alto desempenho, alta participação",False,
3538303,Piquerobi,SP,Sudeste,45.2,64.01,18.81,97.3,0.184,0.19,0.184,baixo,False,"baixo desempenho, alta participação",True,
3157278,Santa Bárbara do Monte Verde,MG,Sudeste,67.82,61.13,-6.69,83.33,0.184,0.19,0.184,baixo,False,"desempenho médio, alta participação",False,
3108305,Borda da Mata,MG,Sudeste,81.21,70.17,-11.04,94.44,0.184,0.179,0.184,baixo,False,"alto desempenho, alta participação",False,
3510104,Cândido Rodrigues,SP,Sudeste,92.31,72.84,-19.47,100.0,0.184,0.185,0.184,baixo,False,"alto desempenho, alta participação",False,
2503555,Cacimbas,PB,Nordeste,47.9,46.89,-1.01,98.13,0.183,0.184,0.183,baixo,False,"baixo desempenho, alta participação",False,
2205359,João Costa,PI,Nordeste,97.14,60.49,-36.65,88.57,0.183,0.183,0.183,baixo,False,"alto desempenho, alta participação",False,
3144409,Natércia,MG,Sudeste,86.3,73.25,-13.05,89.58,0.183,0.185,0.183,baixo,False,"alto desempenho, alta participação",False,
2405405,Japi,RN,Nordeste,31.34,30.47,-0.87,92.11,0.183,0.185,0.183,baixo,False,"baixo desempenho, alta participação",False,
3135100,Janaúba,MG,Sudeste,61.68,59.53,-2.15,93.61,0.183,0.178,0.183,baixo,False,"desempenho médio, alta participação",False,
3168705,Timóteo,MG,Sudeste,70.28,63.78,-6.5,92.29,0.183,0.175,0.183,baixo,False,"desempenho médio, alta participação",False,
3136801,Juramento,MG,Sudeste,55.56,68.64,13.08,100.0,0.183,0.188,0.183,baixo,False,"baixo desempenho, alta participação",True,
2513943,São Domingos do Cariri,PB,Nordeste,100.0,80.0,-20.0,100.0,0.182,0.181,0.182,baixo,False,"alto desempenho, alta participação",False,
2604700,Correntes,PE,Nordeste,71.97,61.01,-10.96,97.74,0.182,0.181,0.182,baixo,False,"alto desempenho, alta participação",False,
4313441,Novo Tiradentes,RS,Sul,47.4,74.09,26.69,100.0,0.683,0.182,0.182,baixo,False,"baixo desempenho, alta participação",True,score sem o choque das enchentes de 2024
2506400,Gurinhém,PB,Nordeste,27.02,48.93,21.91,91.58,0.182,0.182,0.182,baixo,False,"baixo desempenho, alta participação",True,
2104206,Fortuna,MA,Nordeste,72.06,52.96,-19.1,97.18,0.182,0.18,0.182,baixo,False,"alto desempenho, alta participação",False,
2210656,Sigefredo Pacheco,PI,Nordeste,75.67,56.4,-19.27,96.43,0.181,0.179,0.181,baixo,False,"alto desempenho, alta participação",False,
3165909,Senador Modestino Gonçalves,MG,Sudeste,90.34,76.79,-13.55,96.97,0.181,0.183,0.181,baixo,False,"alto desempenho, alta participação",False,
4305603,Colorado,RS,Sul,90.0,68.91,-21.09,100.0,0.691,0.181,0.181,baixo,False,"alto desempenho, alta participação",False,score sem o choque das enchentes de 2024
3156452,Rosário da Limeira,MG,Sudeste,78.18,63.79,-14.39,76.67,0.181,0.185,0.181,baixo,False,"alto desempenho, alta participação",False,
2300309,Acopiara,CE,Nordeste,64.59,68.24,3.65,98.92,0.181,0.183,0.181,baixo,False,"desempenho médio, alta participação",False,
2206506,Monsenhor Hipólito,PI,Nordeste,97.7,80.0,-17.7,100.0,0.181,0.175,0.181,baixo,False,"alto desempenho, alta participação",False,
3201407,Castelo,ES,Sudeste,82.7,74.61,-8.09,92.38,0.181,0.176,0.181,baixo,False,"alto desempenho, alta participação",False,
4321493,Toropi,RS,Sul,38.7,80.0,41.3,94.12,0.68,0.18,0.18,baixo,False,"baixo desempenho, alta participação",True,score sem o choque das enchentes de 2024
3154507,Riacho dos Machados,MG,Sudeste,70.0,71.49,1.49,100.0,0.18,0.178,0.18,baixo,False,"desempenho médio, alta participação",False,
3161007,São Domingos do Prata,MG,Sudeste,84.25,72.5,-11.75,92.37,0.18,0.176,0.18,baixo,False,"alto desempenho, alta participação",False,
5003256,Costa Rica,MS,Centro-Oeste,54.88,51.8,-3.08,97.2,0.18,0.177,0.18,baixo,False,"desempenho médio, alta participação",False,
3203163,Laranja da Terra,ES,Sudeste,87.5,80.0,-7.5,100.0,0.18,0.18,0.18,baixo,False,"alto desempenho, alta participação",False,
3530003,Mira Estrela,SP,Sudeste,93.03,67.08,-25.95,96.67,0.18,0.182,0.18,baixo,False,"alto desempenho, alta participação",False,
5103858,Gaúcha do Norte,MT,Centro-Oeste,59.6,56.31,-3.29,87.72,0.18,0.177,0.18,baixo,False,"desempenho médio, alta participação",False,
2507200,Itatuba,PB,Nordeste,36.64,38.84,2.2,95.18,0.179,0.179,0.179,baixo,False,"baixo desempenho, alta participação",False,
4311007,Jaguarão,RS,Sul,33.6,58.54,24.94,81.75,0.69,0.179,0.179,baixo,False,"baixo desempenho, baixa participação",True,score sem o choque das enchentes de 2024
4216503,São Joaquim,SC,Sul,43.26,48.42,5.16,88.84,0.179,0.173,0.179,baixo,False,"baixo desempenho, alta participação",False,
4213302,Ponte Alta,SC,Sul,60.53,53.38,-7.15,80.49,0.178,0.179,0.178,baixo,False,"baixo desempenho, baixa participação",False,
5218805,Rio Verde,GO,Centro-Oeste,89.88,80.0,-9.88,97.18,0.178,0.171,0.178,baixo,False,"alto desempenho, alta participação",False,
4304952,Caseiros,RS,Sul,40.0,80.0,40.0,80.0,0.679,0.178,0.178,baixo,False,"baixo desempenho, baixa participação",True,score sem o choque das enchentes de 2024
2609907,Ouricuri,PE,Nordeste,30.78,49.75,18.97,89.16,0.178,0.179,0.178,baixo,False,"baixo desempenho, alta participação",True,
5103007,Chapada dos Guimarães,MT,Centro-Oeste,69.0,58.18,-10.82,92.48,0.178,0.173,0.178,baixo,False,"alto desempenho, alta participação",False,
5213087,Minaçu,GO,Centro-Oeste,81.44,76.96,-4.48,94.83,0.178,0.172,0.178,baixo,False,"desempenho médio, alta participação",False,
3145059,Nova Porteirinha,MG,Sudeste,51.93,53.81,1.88,80.6,0.178,0.181,0.178,baixo,False,"baixo desempenho, baixa participação",False,
5208152,Gameleira de Goiás,GO,Centro-Oeste,79.76,80.0,0.24,98.33,0.178,0.179,0.178,baixo,False,"desempenho médio, alta participação",False,
5101704,Barra do Bugres,MT,Centro-Oeste,72.78,60.4,-12.38,94.04,0.177,0.17,0.177,baixo,False,"alto desempenho, alta participação",False,
3160702,Santos Dumont,MG,Sudeste,69.94,63.81,-6.13,94.32,0.177,0.171,0.177,baixo,False,"desempenho médio, alta participação",False,
5221403,Trindade,GO,Centro-Oeste,77.21,70.7,-6.51,93.34,0.177,0.175,0.177,baixo,False,"alto desempenho, alta participação",False,
2603306,Calçado,PE,Nordeste,40.68,64.74,24.06,100.0,0.177,0.181,0.177,baixo,False,"baixo desempenho, alta participação",True,
5104609,Itiquira,MT,Centro-Oeste,58.16,54.54,-3.62,88.46,0.177,0.173,0.177,baixo,False,"desempenho médio, alta participação",False,
2208809,Regeneração,PI,Nordeste,31.32,53.32,22.0,96.99,0.177,0.175,0.177,baixo,False,"baixo desempenho, alta participação",True,
2202802,Conceição do Canindé,PI,Nordeste,70.98,57.89,-13.09,98.41,0.177,0.177,0.177,baixo,False,"alto desempenho, alta participação",False,
4319000,São Marcos,RS,Sul,38.3,80.0,41.7,87.61,0.687,0.176,0.176,baixo,False,"baixo desempenho, alta participação",True,score sem o choque das enchentes de 2024
3131158,Ipaba,MG,Sudeste,77.71,68.46,-9.25,96.94,0.176,0.173,0.176,baixo,False,"alto desempenho, alta participação",False,
1718907,Santa Rosa do Tocantins,TO,Norte,36.92,36.44,-0.48,89.29,0.176,0.175,0.176,baixo,False,"baixo desempenho, alta participação",False,
3166808,Serra do Salitre,MG,Sudeste,72.87,66.42,-6.45,83.51,0.176,0.173,0.176,baixo,False,"desempenho médio, alta participação",False,
2612307,Saloá,PE,Nordeste,78.66,65.23,-13.43,100.0,0.176,0.174,0.176,baixo,False,"alto desempenho, alta participação",False,
3110608,Cambuí,MG,Sudeste,81.94,69.92,-12.02,90.65,0.176,0.169,0.176,baixo,False,"alto desempenho, alta participação",False,
3536307,Patrocínio Paulista,SP,Sudeste,67.0,56.04,-10.96,94.06,0.176,0.172,0.176,baixo,False,"alto desempenho, alta participação",False,
5105200,Juscimeira,MT,Centro-Oeste,67.06,58.84,-8.22,91.39,0.176,0.173,0.176,baixo,False,"alto desempenho, alta participação",False,
2308104,Mauriti,CE,Nordeste,84.55,80.0,-4.55,98.52,0.176,0.173,0.176,baixo,False,"alto desempenho, alta participação",False,
4304002,Campo Novo,RS,Sul,46.8,68.43,21.63,92.31,0.679,0.176,0.176,baixo,False,"baixo desempenho, alta participação",True,score sem o choque das enchentes de 2024
3121258,Delta,MG,Sudeste,47.77,60.45,12.68,88.0,0.175,0.176,0.175,baixo,False,"baixo desempenho, alta participação",True,
5100409,Alto Garças,MT,Centro-Oeste,52.91,53.21,0.3,93.48,0.175,0.173,0.175,baixo,False,"desempenho médio, alta participação",False,
5003900,Figueirão,MS,Centro-Oeste,86.46,65.55,-20.91,91.67,0.175,0.178,0.175,baixo,False,"alto desempenho, alta participação",False,
2201176,Barra D'Alcântara,PI,Nordeste,93.18,67.24,-25.94,100.0,0.175,0.175,0.175,baixo,False,"alto desempenho, alta participação",False,
3102704,Cachoeira de Pajeú,MG,Sudeste,77.96,66.71,-11.25,95.16,0.175,0.175,0.175,baixo,False,"alto desempenho, alta participação",False,
3110707,Cambuquira,MG,Sudeste,85.08,72.66,-12.42,92.0,0.175,0.172,0.175,baixo,False,"alto desempenho, alta participação",False,
2509057,Marcação,PB,Nordeste,24.23,72.42,48.19,84.96,0.175,0.177,0.175,baixo,False,"baixo desempenho, alta participação",True,
3160900,São Brás do Suaçuí,MG,Sudeste,81.31,72.04,-9.27,93.48,0.175,0.178,0.175,baixo,False,"alto desempenho, alta participação",False,
3106655,Berizal,MG,Sudeste,83.33,72.0,-11.33,93.33,0.175,0.177,0.175,baixo,False,"alto desempenho, alta participação",False,
3201704,Conceição do Castelo,ES,Sudeste,84.19,78.21,-5.98,99.35,0.175,0.174,0.175,baixo,False,"alto desempenho, alta participação",False,
3162500,São João del Rei,MG,Sudeste,74.0,63.59,-10.41,92.31,0.175,0.168,0.175,baixo,False,"alto desempenho, alta participação",False,
5204854,Campo Limpo de Goiás,GO,Centro-Oeste,84.62,80.0,-4.62,100.0,0.175,0.174,0.175,baixo,False,"alto desempenho, alta participação",False,
4202578,Bom Jesus do Oeste,SC,Sul,95.99,75.36,-20.63,88.89,0.174,0.174,0.174,baixo,False,"alto desempenho, alta participação",False,
3144706,Nova Era,MG,Sudeste,72.22,66.71,-5.51,90.31,0.174,0.171,0.174,baixo,False,"desempenho médio, alta participação",False,
2613404,São José da Coroa Grande,PE,Nordeste,39.24,53.96,14.72,94.21,0.174,0.175,0.174,baixo,False,"baixo desempenho, alta participação",True,
2505709,Dona Inês,PB,Nordeste,96.29,59.0,-37.29,84.04,0.174,0.169,0.174,baixo,False,"alto desempenho, alta participação",False,
4304309,Cândido Godói,RS,Sul,48.4,76.87,28.47,94.59,0.678,0.173,0.173,baixo,False,"baixo desempenho, alta participação",True,score sem o choque das enchentes de 2024
3141702,Mesquita,MG,Sudeste,63.47,61.93,-1.54,87.5,0.173,0.177,0.173,baixo,False,"desempenho médio, alta participação",False,
3135050,Jaíba,MG,Sudeste,63.5,54.72,-8.78,80.57,0.173,0.169,0.173,baixo,False,"baixo desempenho, baixa participação",False,
3109303,Buritis,MG,Sudeste,62.9,61.24,-1.66,87.95,0.173,0.17,0.173,baixo,False,"desempenho médio, alta participação",False,
2606309,Granito,PE,Nordeste,68.11,61.47,-6.64,99.09,0.173,0.176,0.173,baixo,False,"desempenho médio, alta participação",False,
3131802,Itabirinha,MG,Sudeste,83.44,69.66,-13.78,94.44,0.173,0.172,0.173,baixo,False,"alto desempenho, alta participação",False,
4320677,Sinimbu,RS,Sul,36.3,72.89,36.59,90.0,0.676,0.173,0.173,baixo,False,"baixo desempenho, alta participação",True,score sem o choque das enchentes de 2024
3128600,Guarda-Mor,MG,Sudeste,51.62,79.32,27.7,82.28,0.173,0.174,0.173,baixo,False,"baixo desempenho, baixa participação",True,
2502102,Boa Ventura,PB,Nordeste,47.71,43.58,-4.13,96.15,0.173,0.175,0.173,baixo,False,"desempenho médio, alta participação",False,
2200954,Aroeiras do Itaim,PI,Nordeste,80.95,62.04,-18.91,100.0,0.173,0.175,0.173,baixo,False,"alto desempenho, alta participação",False,
5204508,Caldas Novas,GO,Centro-Oeste,62.94,65.72,2.78,97.83,0.173,0.168,0.173,baixo,False,"desempenho médio, alta participação",False,
3151503,Piumhi,MG,Sudeste,73.46,64.69,-8.77,87.29,0.173,0.167,0.173,baixo,False,"alto desempenho, alta participação",False,
3141108,Matozinhos,MG,Sudeste,57.88,58.03,0.15,88.96,0.173,0.168,0.173,baixo,False,"desempenho médio, alta participação",False,
5221452,Trombas,GO,Centro-Oeste,94.47,80.0,-14.47,92.5,0.172,0.175,0.172,baixo,False,"alto desempenho, alta participação",False,
3160207,Santo Antônio do Itambé,MG,Sudeste,47.84,57.67,9.83,85.29,0.172,0.179,0.172,baixo,False,"baixo desempenho, baixa participação",True,
2607000,Inajá,PE,Nordeste,79.7,62.73,-16.97,97.44,0.172,0.17,0.172,baixo,False,"alto desempenho, alta participação",False,
2701209,Cacimbinhas,AL,Nordeste,54.19,45.25,-8.94,97.52,0.172,0.172,0.172,baixo,False,"alto desempenho, alta participação",False,
3128709,Guaxupé,MG,Sudeste,66.93,62.12,-4.81,93.03,0.172,0.168,0.172,baixo,False,"desempenho médio, alta participação",False,
3106002,Bela Vista de Minas,MG,Sudeste,73.62,69.02,-4.6,94.62,0.172,0.17,0.172,baixo,False,"desempenho médio, alta participação",False,
4202099,Barra Bonita,SC,Sul,66.67,59.77,-6.9,90.0,0.172,0.176,0.172,baixo,False,"desempenho médio, alta participação",False,
2208205,Pio IX,PI,Nordeste,58.16,49.06,-9.1,98.5,0.172,0.168,0.172,baixo,False,"alto desempenho, alta participação",False,
3168002,Taiobeiras,MG,Sudeste,86.34,72.65,-13.69,96.24,0.171,0.165,0.171,baixo,False,"alto desempenho, alta participação",False,
2310605,Penaforte,CE,Nordeste,63.67,78.38,14.71,96.72,0.171,0.176,0.171,baixo,False,"baixo desempenho, alta participação",True,
4323358,Vila Lângaro,RS,Sul,52.9,73.94,21.04,100.0,0.669,0.171,0.171,baixo,False,"baixo desempenho, alta participação",True,score sem o choque das enchentes de 2024
3114303,Carmo do Paranaíba,MG,Sudeste,86.19,73.41,-12.78,93.86,0.171,0.165,0.171,baixo,False,"alto desempenho, alta participação",False,
3147501,Passabém,MG,Sudeste,90.91,80.0,-10.91,91.67,0.171,0.176,0.171,baixo,False,"alto desempenho, alta participação",False,
5204102,Cachoeira Alta,GO,Centro-Oeste,78.35,75.28,-3.07,96.99,0.171,0.169,0.171,baixo,False,"desempenho médio, alta participação",False,
5208806,Goianira,GO,Centro-Oeste,81.01,72.54,-8.47,89.42,0.171,0.165,0.171,baixo,False,"alto desempenho, alta participação",False,
3201001,Boa Esperança,ES,Sudeste,84.92,77.67,-7.25,97.22,0.171,0.169,0.171,baixo,False,"alto desempenho, alta participação",False,
3163706,São Lourenço,MG,Sudeste,85.37,69.23,-16.14,91.07,0.171,0.163,0.171,baixo,False,"alto desempenho, alta participação",False,
3150703,Pirajuba,MG,Sudeste,76.8,68.75,-8.05,87.61,0.171,0.17,0.171,baixo,False,"alto desempenho, alta participação",False,
3145208,Nova Serrana,MG,Sudeste,72.47,63.13,-9.34,93.82,0.171,0.169,0.171,baixo,False,"alto desempenho, alta participação",False,
5215900,Palminópolis,GO,Centro-Oeste,82.81,80.0,-2.81,94.74,0.17,0.172,0.17,baixo,False,"desempenho médio, alta participação",False,
5002001,Batayporã,MS,Centro-Oeste,67.77,56.78,-10.99,95.36,0.17,0.168,0.17,baixo,False,"alto desempenho, alta participação",False,
4309001,Giruá,RS,Sul,46.3,77.4,31.1,97.67,0.678,0.17,0.17,baixo,False,"baixo desempenho, alta participação",True,score sem o choque das enchentes de 2024
2414456,Triunfo Potiguar,RN,Nordeste,10.95,18.14,7.19,80.43,0.169,0.175,0.169,baixo,False,"baixo desempenho, baixa participação",False,
5214408,Nazário,GO,Centro-Oeste,83.94,79.29,-4.65,97.92,0.169,0.168,0.169,baixo,False,"desempenho médio, alta participação",False,
3523008,Itapura,SP,Sudeste,79.05,59.5,-19.55,92.16,0.169,0.171,0.169,baixo,False,"alto desempenho, alta participação",False,
5221007,Taquaral de Goiás,GO,Centro-Oeste,75.0,72.86,-2.14,88.0,0.169,0.173,0.169,baixo,False,"desempenho médio, alta participação",False,
5213509,Monte Alegre de Goiás,GO,Centro-Oeste,81.87,75.75,-6.12,90.14,0.169,0.169,0.169,baixo,False,"alto desempenho, alta participação",False,
3151909,Pocrane,MG,Sudeste,95.65,80.0,-15.65,95.65,0.169,0.167,0.169,baixo,False,"alto desempenho, alta participação",False,
5000609,Amambai,MS,Centro-Oeste,69.72,54.14,-15.58,91.24,0.169,0.163,0.169,baixo,False,"alto desempenho, alta participação",False,
3544400,Rubiácea,SP,Sudeste,82.14,62.1,-20.04,93.33,0.168,0.171,0.168,baixo,False,"alto desempenho, alta participação",False,
4207684,Ipuaçu,SC,Sul,77.74,66.16,-11.58,95.16,0.168,0.164,0.168,baixo,False,"alto desempenho, alta participação",False,
3204955,São Roque do Canaã,ES,Sudeste,89.65,76.21,-13.44,88.03,0.168,0.167,0.168,baixo,False,"alto desempenho, alta participação",False,
3127107,Frutal,MG,Sudeste,73.59,62.44,-11.15,88.09,0.168,0.163,0.168,baixo,False,"alto desempenho, alta participação",False,
3521101,Ipeúna,SP,Sudeste,62.62,55.59,-7.03,97.06,0.168,0.167,0.168,baixo,False,"desempenho médio, alta participação",False,
3148400,Paulistas,MG,Sudeste,90.14,73.38,-16.76,89.58,0.167,0.169,0.167,baixo,False,"alto desempenho, alta participação",False,
3151008,Piranguinho,MG,Sudeste,85.01,72.7,-12.31,96.19,0.167,0.166,0.167,baixo,False,"alto desempenho, alta participação",False,
2408409,Olho d'Água do Borges,RN,Nordeste,30.77,39.64,8.87,100.0,0.167,0.169,0.167,baixo,False,"baixo desempenho, alta participação",True,
5102686,Campos de Júlio,MT,Centro-Oeste,65.76,58.51,-7.25,85.19,0.167,0.163,0.167,baixo,False,"desempenho médio, alta participação",False,
3139805,Mar de Espanha,MG,Sudeste,49.4,63.05,13.65,89.47,0.167,0.167,0.167,baixo,False,"baixo desempenho, alta participação",True,
2106102,Loreto,MA,Nordeste,66.12,51.76,-14.36,92.81,0.167,0.166,0.167,baixo,False,"alto desempenho, alta participação",False,
3134103,Itueta,MG,Sudeste,79.92,63.53,-16.39,77.78,0.167,0.168,0.167,baixo,False,"alto desempenho, alta participação",False,
5221809,Urutaí,GO,Centro-Oeste,66.86,78.66,11.8,91.89,0.166,0.17,0.166,baixo,False,"baixo desempenho, alta participação",True,
3127503,Gonzaga,MG,Sudeste,82.31,70.75,-11.56,90.91,0.166,0.167,0.166,baixo,False,"alto desempenho, alta participação",False,
3134905,Jacutinga,MG,Sudeste,79.14,66.39,-12.75,87.14,0.166,0.161,0.166,baixo,False,"alto desempenho, alta participação",False,
2612604,Santa Maria da Boa Vista,PE,Nordeste,64.37,56.71,-7.66,95.65,0.166,0.162,0.166,baixo,False,"desempenho médio, alta participação",False,
4210704,Matos Costa,SC,Sul,37.3,45.04,7.74,75.0,0.166,0.171,0.166,baixo,False,"baixo desempenho, baixa participação",True,
3133758,Itaú de Minas,MG,Sudeste,89.46,76.05,-13.41,97.64,0.165,0.16,0.165,baixo,False,"alto desempenho, alta participação",False,
3125101,Extrema,MG,Sudeste,69.33,64.96,-4.37,86.21,0.165,0.157,0.165,baixo,False,"desempenho médio, alta participação",False,
3135803,Jequitinhonha,MG,Sudeste,55.65,55.55,-0.1,91.06,0.165,0.164,0.165,baixo,False,"desempenho médio, alta participação",False,
2414704,Várzea,RN,Nordeste,45.68,32.65,-13.03,77.78,0.165,0.165,0.165,baixo,False,"baixo desempenho, baixa participação",False,
3146602,Paiva,MG,Sudeste,92.86,80.0,-12.86,93.33,0.165,0.17,0.165,baixo,False,"alto desempenho, alta participação",False,
3134004,Itinga,MG,Sudeste,64.84,61.32,-3.52,95.45,0.165,0.164,0.165,baixo,False,"desempenho médio, alta participação",False,
4306205,Cruzeiro do Sul,RS,Sul,35.2,71.94,36.74,81.94,0.665,0.165,0.165,baixo,False,"baixo desempenho, baixa participação",True,score sem o choque das enchentes de 2024
3123205,Dores do Indaiá,MG,Sudeste,85.44,70.33,-15.11,94.35,0.165,0.162,0.165,baixo,False,"alto desempenho, alta participação",False,
3202553,Ibitirama,ES,Sudeste,79.56,75.77,-3.79,97.39,0.165,0.166,0.165,baixo,False,"desempenho médio, alta participação",False,
3511201,Catiguá,SP,Sudeste,84.7,62.68,-22.02,95.65,0.164,0.164,0.164,baixo,False,"alto desempenho, alta participação",False,
2207207,Padre Marcos,PI,Nordeste,100.0,80.0,-20.0,100.0,0.164,0.16,0.164,baixo,False,"alto desempenho, alta participação",False,
3158805,Santana do Jacaré,MG,Sudeste,86.67,77.38,-9.29,93.75,0.164,0.165,0.164,baixo,False,"alto desempenho, alta participação",False,
5105309,Luciara,MT,Centro-Oeste,46.43,50.89,4.46,93.33,0.164,0.171,0.164,baixo,False,"baixo desempenho, alta participação",False,
4106100,Conselheiro Mairinck,PR,Sul,69.16,60.81,-8.35,89.09,0.164,0.167,0.164,baixo,False,"alto desempenho, alta participação",False,
5205109,Catalão,GO,Centro-Oeste,76.88,69.73,-7.15,90.0,0.164,0.161,0.164,baixo,False,"alto desempenho, alta participação",False,
5204706,Campinorte,GO,Centro-Oeste,81.71,75.68,-6.03,94.74,0.164,0.162,0.164,baixo,False,"alto desempenho, alta participação",False,
4206652,Guatambú,SC,Sul,38.7,55.89,17.19,81.34,0.163,0.165,0.163,baixo,False,"baixo desempenho, baixa participação",True,
1718303,Praia Norte,TO,Norte,38.49,33.54,-4.95,90.7,0.163,0.162,0.163,baixo,False,"baixo desempenho, alta participação",False,
2313401,Tianguá,CE,Nordeste,86.1,80.0,-6.1,97.5,0.163,0.16,0.163,baixo,False,"alto desempenho, alta participação",False,
2200509,Amarante,PI,Nordeste,32.94,37.82,4.88,99.0,0.163,0.161,0.163,baixo,False,"baixo desempenho, alta participação",False,
5212253,Lagoa Santa,GO,Centro-Oeste,76.19,80.0,3.81,100.0,0.163,0.169,0.163,baixo,False,"desempenho médio, alta participação",False,
5205513,Cocalzinho de Goiás,GO,Centro-Oeste,88.6,79.67,-8.93,98.26,0.163,0.159,0.163,baixo,False,"alto desempenho, alta participação",False,
3133402,Itapagipe,MG,Sudeste,77.3,69.06,-8.24,92.0,0.163,0.159,0.163,baixo,False,"alto desempenho, alta participação",False,
2600708,Aliança,PE,Nordeste,39.22,63.27,24.05,93.68,0.163,0.162,0.163,baixo,False,"baixo desempenho, alta participação",True,
5200159,Adelândia,GO,Centro-Oeste,81.99,80.0,-1.99,97.06,0.163,0.167,0.163,baixo,False,"desempenho médio, alta participação",False,
4216354,São João do Itaperiú,SC,Sul,64.01,63.23,-0.78,96.97,0.163,0.162,0.163,baixo,False,"desempenho médio, alta participação",False,
5200803,Alvorada do Norte,GO,Centro-Oeste,64.99,69.53,4.54,98.92,0.162,0.164,0.162,baixo,False,"desempenho médio, alta participação",False,
3147956,Patis,MG,Sudeste,97.25,77.83,-19.42,97.5,0.162,0.163,0.162,baixo,False,"alto desempenho, alta participação",False,
2313807,Uruburetama,CE,Nordeste,82.16,80.0,-2.16,99.12,0.162,0.162,0.162,baixo,False,"desempenho médio, alta participação",False,
3114600,Carrancas,MG,Sudeste,89.76,73.37,-16.39,92.45,0.162,0.163,0.162,baixo,False,"alto desempenho, alta participação",False,
2306405,Itapipoca,CE,Nordeste,88.96,80.0,-8.96,94.96,0.162,0.162,0.162,baixo,False,"alto desempenho, alta participação",False,
3204054,Pedro Canário,ES,Sudeste,80.91,72.65,-8.26,92.31,0.162,0.16,0.162,baixo,False,"alto desempenho, alta participação",False,
3140555,Mata Verde,MG,Sudeste,70.1,63.08,-7.02,90.12,0.161,0.162,0.161,baixo,False,"desempenho médio, alta participação",False,
5217401,Pires do Rio,GO,Centro-Oeste,80.88,71.37,-9.51,84.82,0.161,0.156,0.161,baixo,False,"alto desempenho, alta participação",False,
4305850,Coqueiros do Sul,RS,Sul,41.7,80.0,38.3,80.0,0.65,0.161,0.161,baixo,False,"baixo desempenho, baixa participação",True,score sem o choque das enchentes de 2024
3116308,Cipotânea,MG,Sudeste,92.31,75.22,-17.09,92.31,0.161,0.16,0.161,baixo,False,"alto desempenho, alta participação",False,
2309607,Pacajus,CE,Nordeste,87.91,80.0,-7.91,96.53,0.16,0.158,0.16,baixo,False,"alto desempenho, alta participação",False,
3127800,Grão Mogol,MG,Sudeste,86.04,74.18,-11.86,93.53,0.16,0.155,0.16,baixo,False,"alto desempenho, alta participação",False,
3203601,Mucurici,ES,Sudeste,84.09,80.0,-4.09,95.83,0.16,0.163,0.16,baixo,False,"desempenho médio, alta participação",False,
3120151,Crisólita,MG,Sudeste,48.66,61.81,13.15,90.0,0.16,0.164,0.16,baixo,False,"baixo desempenho, alta participação",True,
5220264,São Miguel do Passa Quatro,GO,Centro-Oeste,67.1,80.0,12.9,97.73,0.16,0.162,0.16,baixo,False,"baixo desempenho, alta participação",True,
3107505,Bom Jardim de Minas,MG,Sudeste,60.13,58.19,-1.94,90.22,0.16,0.162,0.16,baixo,False,"desempenho médio, alta participação",False,
5220405,São Simão,GO,Centro-Oeste,82.29,75.0,-7.29,90.79,0.159,0.155,0.159,baixo,False,"alto desempenho, alta participação",False,
5103353,Confresa,MT,Centro-Oeste,54.24,49.32,-4.92,92.39,0.159,0.154,0.159,baixo,False,"desempenho médio, alta participação",False,
3102605,Andradas,MG,Sudeste,75.04,64.03,-11.01,89.14,0.159,0.153,0.159,baixo,False,"alto desempenho, alta participação",False,
5201702,Aragarças,GO,Centro-Oeste,72.16,68.86,-3.3,92.53,0.158,0.157,0.158,baixo,False,"desempenho médio, alta participação",False,
3108008,Bom Sucesso,MG,Sudeste,83.73,71.32,-12.41,90.51,0.158,0.154,0.158,baixo,False,"alto desempenho, alta participação",False,
4320321,Senador Salgado Filho,RS,Sul,50.0,80.0,30.0,96.0,0.649,0.158,0.158,baixo,False,"baixo desempenho, alta participação",True,score sem o choque das enchentes de 2024
3127602,Gouveia,MG,Sudeste,91.11,75.99,-15.12,96.4,0.158,0.155,0.158,baixo,False,"alto desempenho, alta participação",False,
4320305,Selbach,RS,Sul,50.0,55.76,5.76,92.31,0.653,0.158,0.158,baixo,False,"baixo desempenho, alta participação",False,score sem o choque das enchentes de 2024
5211305,Itarumã,GO,Centro-Oeste,83.26,77.69,-5.57,97.3,0.158,0.157,0.158,baixo,False,"alto desempenho, alta participação",False,
3120409,Cristiano Otoni,MG,Sudeste,89.96,74.55,-15.41,95.16,0.158,0.158,0.158,baixo,False,"alto desempenho, alta participação",False,
2308302,Milagres,CE,Nordeste,79.33,76.7,-2.63,96.97,0.158,0.158,0.158,baixo,False,"desempenho médio, alta participação",False,
2210409,São Miguel do Tapuio,PI,Nordeste,45.19,44.67,-0.52,100.0,0.158,0.155,0.158,baixo,False,"baixo desempenho, alta participação",False,
2802007,Divina Pastora,SE,Nordeste,19.53,52.17,32.64,94.44,0.158,0.16,0.158,baixo,False,"baixo desempenho, alta participação",True,
5204250,Cachoeira Dourada,GO,Centro-Oeste,79.19,74.82,-4.37,94.17,0.157,0.158,0.157,baixo,False,"desempenho médio, alta participação",False,
3115300,Cataguases,MG,Sudeste,60.22,49.63,-10.59,79.08,0.157,0.154,0.157,baixo,False,"baixo desempenho, baixa participação",False,
4312708,Nonoai,RS,Sul,52.4,54.22,1.82,94.67,0.656,0.157,0.157,baixo,False,"baixo desempenho, alta participação",False,score sem o choque das enchentes de 2024
3200508,Apiacá,ES,Sudeste,62.88,65.44,2.56,92.11,0.157,0.161,0.157,baixo,False,"desempenho médio, alta participação",False,
3503158,Arapeí,SP,Sudeste,37.41,58.42,21.01,92.31,0.157,0.165,0.157,baixo,False,"baixo desempenho, alta participação",True,
5210307,Israelândia,GO,Centro-Oeste,92.59,80.0,-12.59,100.0,0.157,0.16,0.157,baixo,False,"alto desempenho, alta participação",False,
5205802,Corumbá de Goiás,GO,Centro-Oeste,80.7,74.54,-6.16,97.0,0.157,0.156,0.157,baixo,False,"alto desempenho, alta participação",False,
5006002,Nova Alvorada do Sul,MS,Centro-Oeste,56.52,50.57,-5.95,96.21,0.157,0.154,0.157,baixo,False,"desempenho médio, alta participação",False,
5006408,Pedro Gomes,MS,Centro-Oeste,55.86,47.79,-8.07,85.94,0.157,0.158,0.157,baixo,False,"desempenho médio, alta participação",False,
2512721,Pedro Régis,PB,Nordeste,23.99,57.98,33.99,90.7,0.156,0.16,0.156,baixo,False,"baixo desempenho, alta participação",True,
1715002,Nova Rosalândia,TO,Norte,55.38,46.59,-8.79,96.67,0.156,0.154,0.156,baixo,False,"desempenho médio, alta participação",False,
2410603,Rafael Godeiro,RN,Nordeste,67.22,44.73,-22.49,86.36,0.156,0.156,0.156,baixo,False,"alto desempenho, alta participação",False,
4320503,Sertão,RS,Sul,47.2,66.38,19.18,96.55,0.649,0.156,0.156,baixo,False,"baixo desempenho, alta participação",True,score sem o choque das enchentes de 2024
2400802,Angicos,RN,Nordeste,51.81,34.89,-16.92,78.12,0.156,0.152,0.156,baixo,False,"alto desempenho, alta participação",False,
2301000,Aquiraz,CE,Nordeste,83.99,80.0,-3.99,97.59,0.155,0.152,0.155,baixo,False,"desempenho médio, alta participação",False,
2303204,Caririaçu,CE,Nordeste,82.61,80.0,-2.61,98.26,0.155,0.155,0.155,baixo,False,"desempenho médio, alta participação",False,
4300646,Ametista do Sul,RS,Sul,70.8,59.07,-11.73,88.89,0.65,0.155,0.155,baixo,False,"alto desempenho, alta participação",False,score sem o choque das enchentes de 2024
5220009,São João d'Aliança,GO,Centro-Oeste,89.53,80.0,-9.53,97.27,0.155,0.151,0.155,baixo,False,"alto desempenho, alta participação",False,
2307650,Maracanaú,CE,Nordeste,84.92,80.0,-4.92,98.37,0.155,0.152,0.155,baixo,False,"alto desempenho, alta participação",False,
2608008,Jataúba,PE,Nordeste,37.15,61.07,23.92,93.57,0.155,0.157,0.155,baixo,False,"baixo desempenho, alta participação",True,
3145901,Ouro Branco,MG,Sudeste,81.33,70.05,-11.28,93.03,0.155,0.147,0.155,baixo,False,"alto desempenho, alta participação",False,
3106408,Belo Vale,MG,Sudeste,97.32,80.0,-17.32,97.5,0.155,0.152,0.155,baixo,False,"alto desempenho, alta participação",False,
3157401,Santa Cruz do Escalvado,MG,Sudeste,78.33,62.87,-15.46,86.36,0.155,0.157,0.155,baixo,False,"alto desempenho, alta participação",False,
2211209,Uruçuí,PI,Nordeste,31.55,42.89,11.34,95.89,0.154,0.15,0.154,baixo,False,"baixo desempenho, alta participação",True,
3114550,Carneirinho,MG,Sudeste,64.51,61.28,-3.23,90.08,0.154,0.154,0.154,baixo,False,"desempenho médio, alta participação",False,
3130309,Iguatama,MG,Sudeste,94.08,80.0,-14.08,88.0,0.154,0.151,0.154,baixo,False,"alto desempenho, alta participação",False,
2309458,Ocara,CE,Nordeste,84.77,80.0,-4.77,99.38,0.154,0.153,0.154,baixo,False,"alto desempenho, alta participação",False,
5210604,Itaguaru,GO,Centro-Oeste,89.89,80.0,-9.89,98.04,0.153,0.154,0.153,baixo,False,"alto desempenho, alta participação",False,
2302701,Campos Sales,CE,Nordeste,82.79,80.0,-2.79,99.03,0.153,0.153,0.153,baixo,False,"desempenho médio, alta participação",False,
5213400,Moiporá,GO,Centro-Oeste,84.62,80.0,-4.62,100.0,0.153,0.159,0.153,baixo,False,"alto desempenho, alta participação",False,
5206305,Cristianópolis,GO,Centro-Oeste,82.2,80.0,-2.2,98.04,0.153,0.156,0.153,baixo,False,"desempenho médio, alta participação",False,
2607950,Jaqueira,PE,Nordeste,81.67,64.94,-16.73,98.61,0.153,0.153,0.153,baixo,False,"alto desempenho, alta participação",False,
3118007,Congonhas,MG,Sudeste,74.01,63.94,-10.07,87.74,0.153,0.147,0.153,baixo,False,"alto desempenho, alta participação",False,
5210802,Itajá,GO,Centro-Oeste,82.86,80.0,-2.86,100.0,0.153,0.154,0.153,baixo,False,"desempenho médio, alta participação",False,
3166956,Serranópolis de Minas,MG,Sudeste,95.99,80.0,-15.99,96.3,0.153,0.154,0.153,baixo,False,"alto desempenho, alta participação",False,
2505907,Emas,PB,Nordeste,38.1,70.1,32.0,100.0,0.153,0.156,0.153,baixo,False,"baixo desempenho, alta participação",True,
5107248,Santa Carmem,MT,Centro-Oeste,93.91,74.14,-19.77,95.0,0.153,0.149,0.153,baixo,False,"alto desempenho, alta participação",False,
5217104,Piracanjuba,GO,Centro-Oeste,71.69,71.77,0.08,95.41,0.153,0.149,0.153,baixo,False,"desempenho médio, alta participação",False,
4313102,Nova Palma,RS,Sul,35.9,80.0,44.1,82.35,0.641,0.153,0.153,baixo,False,"baixo desempenho, alta participação",True,score sem o choque das enchentes de 2024
3169406,Três Pontas,MG,Sudeste,81.66,67.27,-14.39,94.96,0.152,0.147,0.152,baixo,False,"alto desempenho, alta participação",False,
3124708,Estrela do Indaiá,MG,Sudeste,100.0,80.0,-20.0,94.74,0.152,0.152,0.152,baixo,False,"alto desempenho, alta participação",False,
3160009,Santo Antônio do Aventureiro,MG,Sudeste,45.65,80.0,34.35,88.57,0.152,0.157,0.152,baixo,False,"baixo desempenho, alta participação",True,
5221601,Uruaçu,GO,Centro-Oeste,76.87,72.67,-4.2,98.39,0.152,0.146,0.152,baixo,False,"desempenho médio, alta participação",False,
2201556,Bela Vista do Piauí,PI,Nordeste,89.26,67.2,-22.06,97.44,0.151,0.15,0.151,baixo,False,"alto desempenho, alta participação",False,
3151206,Pirapora,MG,Sudeste,69.81,59.44,-10.37,88.05,0.151,0.147,0.151,baixo,False,"alto desempenho, alta participação",False,
4107256,Douradina,PR,Sul,68.96,59.98,-8.98,96.49,0.151,0.149,0.151,baixo,False,"alto desempenho, alta participação",False,
2313104,Tabuleiro do Norte,CE,Nordeste,84.32,80.0,-4.32,97.31,0.151,0.149,0.151,baixo,False,"desempenho médio, alta participação",False,
3146008,Ouro Fino,MG,Sudeste,84.81,69.04,-15.77,90.16,0.151,0.145,0.151,baixo,False,"alto desempenho, alta participação",False,
4318200,São Francisco de Paula,RS,Sul,37.7,64.37,26.67,92.59,0.645,0.151,0.151,baixo,False,"baixo desempenho, alta participação",True,score sem o choque das enchentes de 2024
5219258,Santa Fé de Goiás,GO,Centro-Oeste,92.78,77.81,-14.97,90.54,0.151,0.151,0.151,baixo,False,"alto desempenho, alta participação",False,
3150570,Pintópolis,MG,Sudeste,64.82,58.37,-6.45,89.62,0.151,0.153,0.151,baixo,False,"desempenho médio, alta participação",False,
4209409,Laguna,SC,Sul,34.29,47.47,13.18,85.06,0.15,0.145,0.15,baixo,False,"baixo desempenho, alta participação",True,
2301703,Aurora,CE,Nordeste,73.84,75.05,1.21,99.53,0.15,0.151,0.15,baixo,False,"desempenho médio, alta participação",False,
3203106,Jerônimo Monteiro,ES,Sudeste,77.2,73.22,-3.98,96.25,0.15,0.151,0.15,baixo,False,"desempenho médio, alta participação",False,
5218904,Rubiataba,GO,Centro-Oeste,87.69,78.26,-9.43,92.38,0.15,0.146,0.15,baixo,False,"alto desempenho, alta participação",False,
4101655,Arapuã,PR,Sul,76.31,62.76,-13.55,89.09,0.15,0.153,0.15,baixo,False,"alto desempenho, alta participação",False,
2310852,Pindoretama,CE,Nordeste,88.62,80.0,-8.62,95.44,0.15,0.15,0.15,baixo,False,"alto desempenho, alta participação",False,
2805109,Pedrinhas,SE,Nordeste,11.52,29.87,18.35,95.38,0.15,0.152,0.15,baixo,False,"baixo desempenho, alta participação",True,
1712801,Maurilândia do Tocantins,TO,Norte,20.67,34.87,14.2,95.0,0.15,0.153,0.15,baixo,False,"baixo desempenho, alta participação",True,
2513208,Santa Cruz,PB,Nordeste,86.28,61.68,-24.6,95.24,0.15,0.147,0.15,baixo,False,"alto desempenho, alta participação",False,
4212304,Paulo Lopes,SC,Sul,40.02,68.53,28.51,88.72,0.15,0.149,0.15,baixo,False,"baixo desempenho, alta participação",True,
2501153,Areia de Baraúnas,PB,Nordeste,36.36,40.4,4.04,100.0,0.149,0.155,0.149,baixo,False,"baixo desempenho, alta participação",False,
2414308,Timbaúba dos Batistas,RN,Nordeste,40.0,36.41,-3.59,100.0,0.149,0.152,0.149,baixo,False,"baixo desempenho, alta participação",False,
3149804,Perdizes,MG,Sudeste,83.41,71.73,-11.68,88.08,0.149,0.144,0.149,baixo,False,"alto desempenho, alta participação",False,
3136405,Joaquim Felício,MG,Sudeste,71.38,61.4,-9.98,87.23,0.149,0.152,0.149,baixo,False,"alto desempenho, alta participação",False,
2206951,Novo Santo Antônio,PI,Nordeste,82.08,58.73,-23.35,98.25,0.149,0.15,0.149,baixo,False,"alto desempenho, alta participação",False,
1717503,Pium,TO,Norte,43.07,37.45,-5.62,87.67,0.149,0.146,0.149,baixo,False,"desempenho médio, alta participação",False,
3117009,Comercinho,MG,Sudeste,68.38,65.35,-3.03,95.92,0.149,0.15,0.149,baixo,False,"desempenho médio, alta participação",False,
2804300,Muribeca,SE,Nordeste,22.01,23.62,1.61,94.59,0.148,0.151,0.148,baixo,False,"baixo desempenho, alta participação",False,
3134301,Itumirim,MG,Sudeste,73.75,65.98,-7.77,93.75,0.148,0.15,0.148,baixo,False,"alto desempenho, alta participação",False,
5212907,Marzagão,GO,Centro-Oeste,83.33,80.0,-3.33,100.0,0.148,0.152,0.148,baixo,False,"desempenho médio, alta participação",False,
3120201,Cristais,MG,Sudeste,86.07,71.31,-14.76,97.6,0.148,0.145,0.148,baixo,False,"alto desempenho, alta participação",False,
4319737,São Valério do Sul,RS,Sul,46.2,74.09,27.89,100.0,0.628,0.148,0.148,baixo,False,"baixo desempenho, alta participação",True,score sem o choque das enchentes de 2024
2404002,Frutuoso Gomes,RN,Nordeste,47.06,35.57,-11.49,89.47,0.148,0.149,0.148,baixo,False,"alto desempenho, alta participação",False,
3509106,Caiuá,SP,Sudeste,81.48,62.97,-18.51,100.0,0.147,0.148,0.147,baixo,False,"alto desempenho, alta participação",False,
3200300,Alfredo Chaves,ES,Sudeste,87.55,76.17,-11.38,92.73,0.147,0.145,0.147,baixo,False,"alto desempenho, alta participação",False,
3142700,Montalvânia,MG,Sudeste,60.75,58.73,-2.02,93.33,0.147,0.147,0.147,baixo,False,"desempenho médio, alta participação",False,
3165107,São Tomás de Aquino,MG,Sudeste,82.09,71.89,-10.2,96.55,0.147,0.147,0.147,baixo,False,"alto desempenho, alta participação",False,
4314605,Piratini,RS,Sul,42.8,66.53,23.73,96.77,0.639,0.147,0.147,baixo,False,"baixo desempenho, alta participação",True,score sem o choque das enchentes de 2024
4322541,Vale Real,RS,Sul,35.0,77.4,42.4,83.33,0.629,0.147,0.147,baixo,False,"baixo desempenho, alta participação",True,score sem o choque das enchentes de 2024
1304260,Uarini,AM,Norte,11.25,28.14,16.89,83.72,0.147,0.148,0.147,baixo,False,"baixo desempenho, alta participação",True,
3165008,São Tiago,MG,Sudeste,94.92,80.0,-14.92,100.0,0.147,0.143,0.147,baixo,False,"alto desempenho, alta participação",False,
2609709,Orobó,PE,Nordeste,91.54,67.32,-24.22,97.92,0.147,0.143,0.147,baixo,False,"alto desempenho, alta participação",False,
3145372,Novorizonte,MG,Sudeste,92.71,71.83,-20.88,93.75,0.147,0.147,0.147,baixo,False,"alto desempenho, alta participação",False,
5205000,Carmo do Rio Verde,GO,Centro-Oeste,85.78,79.18,-6.6,97.87,0.146,0.143,0.146,baixo,False,"alto desempenho, alta participação",False,
2303600,Catarina,CE,Nordeste,81.25,79.46,-1.79,100.0,0.146,0.146,0.146,baixo,False,"desempenho médio, alta participação",False,
4314159,Paverama,RS,Sul,40.7,68.87,28.17,97.92,0.631,0.146,0.146,baixo,False,"baixo desempenho, alta participação",True,score sem o choque das enchentes de 2024
4306973,Erebango,RS,Sul,38.5,75.37,36.87,100.0,0.623,0.145,0.145,baixo,False,"baixo desempenho, alta participação",True,score sem o choque das enchentes de 2024
3140704,Mateus Leme,MG,Sudeste,75.26,64.35,-10.91,88.3,0.145,0.14,0.145,baixo,False,"alto desempenho, alta participação",False,
4210209,Major Gercino,SC,Sul,76.42,60.73,-15.69,81.48,0.145,0.145,0.145,baixo,False,"alto desempenho, alta participação",False,
3103504,Araguari,MG,Sudeste,64.76,58.34,-6.42,91.05,0.145,0.143,0.145,baixo,False,"desempenho médio, alta participação",False,
2502052,Bernardino Batista,PB,Nordeste,93.94,67.42,-26.52,97.22,0.145,0.144,0.145,baixo,False,"alto desempenho, alta participação",False,
3170701,Varginha,MG,Sudeste,71.53,60.24,-11.29,88.76,0.144,0.141,0.144,baixo,False,"alto desempenho, alta participação",False,
3166303,Sericita,MG,Sudeste,84.85,72.16,-12.69,98.48,0.144,0.144,0.144,baixo,False,"alto desempenho, alta participação",False,
3152709,Prados,MG,Sudeste,93.22,75.29,-17.93,95.08,0.144,0.142,0.144,baixo,False,"alto desempenho, alta participação",False,
2200905,Aroazes,PI,Nordeste,30.0,64.97,34.97,93.75,0.144,0.147,0.144,baixo,False,"baixo desempenho, alta participação",True,
5216007,Panamá,GO,Centro-Oeste,84.18,76.74,-7.44,91.43,0.144,0.147,0.144,baixo,False,"alto desempenho, alta participação",False,
2109056,Porto Rico do Maranhão,MA,Nordeste,34.42,75.71,41.29,96.0,0.144,0.149,0.144,baixo,False,"baixo desempenho, alta participação",True,
5211602,Ivolândia,GO,Centro-Oeste,73.91,80.0,6.09,100.0,0.144,0.147,0.144,baixo,False,"desempenho médio, alta participação",False,
3204302,Presidente Kennedy,ES,Sudeste,69.85,72.03,2.18,90.55,0.144,0.141,0.144,baixo,False,"desempenho médio, alta participação",False,
3170529,Urucuia,MG,Sudeste,67.15,64.46,-2.69,97.94,0.144,0.142,0.144,baixo,False,"desempenho médio, alta participação",False,
5206404,Crixás,GO,Centro-Oeste,78.62,70.96,-7.66,87.14,0.143,0.14,0.143,baixo,False,"alto desempenho, alta participação",False,
3109105,Bueno Brandão,MG,Sudeste,82.56,68.49,-14.07,92.08,0.143,0.142,0.143,baixo,False,"alto desempenho, alta participação",False,
5103254,Colniza,MT,Centro-Oeste,69.19,53.92,-15.27,90.27,0.143,0.138,0.143,baixo,False,"alto desempenho, alta participação",False,
2301505,Arneiroz,CE,Nordeste,76.0,75.58,-0.42,100.0,0.143,0.147,0.143,baixo,False,"desempenho médio, alta participação",False,
2310308,Parambu,CE,Nordeste,88.35,80.0,-8.35,98.84,0.143,0.142,0.143,baixo,False,"alto desempenho, alta participação",False,
2612406,Sanharó,PE,Nordeste,65.85,53.98,-11.87,95.0,0.143,0.142,0.143,baixo,False,"alto desempenho, alta participação",False,
3156106,Ritápolis,MG,Sudeste,81.94,69.35,-12.59,91.89,0.143,0.144,0.143,baixo,False,"alto desempenho, alta participação",False,
4307203,Erval Grande,RS,Sul,38.8,80.0,41.2,92.86,0.621,0.143,0.143,baixo,False,"baixo desempenho, alta participação",True,score sem o choque das enchentes de 2024
5106208,Nova Brasilândia,MT,Centro-Oeste,81.37,63.6,-17.77,93.88,0.143,0.143,0.143,baixo,False,"alto desempenho, alta participação",False,
5100102,Acorizal,MT,Centro-Oeste,40.41,51.19,10.78,95.38,0.143,0.145,0.143,baixo,False,"baixo desempenho, alta participação",True,
4318614,São José do Sul,RS,Sul,37.5,80.0,42.5,88.89,0.616,0.143,0.143,baixo,False,"baixo desempenho, alta participação",True,score sem o choque das enchentes de 2024
4111308,Itaúna do Sul,PR,Sul,40.32,78.15,37.83,85.11,0.142,0.149,0.142,baixo,False,"baixo desempenho, alta participação",True,
3133600,Itapeva,MG,Sudeste,67.89,61.14,-6.75,85.88,0.142,0.141,0.142,baixo,False,"desempenho médio, alta participação",False,
4311759,Manoel Viana,RS,Sul,50.0,43.57,-6.43,75.0,0.625,0.142,0.142,baixo,False,"baixo desempenho, baixa participação",False,score sem o choque das enchentes de 2024
5220603,Silvânia,GO,Centro-Oeste,91.2,80.0,-11.2,96.15,0.142,0.137,0.142,baixo,False,"alto desempenho, alta participação",False,
3202702,Itaguaçu,ES,Sudeste,87.99,75.79,-12.2,92.09,0.142,0.14,0.142,baixo,False,"alto desempenho, alta participação",False,
4323457,Vila Nova do Sul,RS,Sul,44.0,59.11,15.11,91.43,0.62,0.142,0.142,baixo,False,"baixo desempenho, alta participação",True,score sem o choque das enchentes de 2024
2300150,Acarape,CE,Nordeste,81.21,78.68,-2.53,96.55,0.141,0.142,0.141,baixo,False,"desempenho médio, alta participação",False,
5220108,São Luís de Montes Belos,GO,Centro-Oeste,76.27,70.81,-5.46,93.35,0.141,0.137,0.141,baixo,False,"desempenho médio, alta participação",False,
5214861,Nova Glória,GO,Centro-Oeste,87.68,80.0,-7.68,98.0,0.141,0.141,0.141,baixo,False,"alto desempenho, alta participação",False,
3119203,Coroaci,MG,Sudeste,73.42,63.99,-9.43,94.12,0.141,0.141,0.141,baixo,False,"alto desempenho, alta participação",False,
3203304,Mantenópolis,ES,Sudeste,95.06,80.0,-15.06,94.22,0.141,0.139,0.141,baixo,False,"alto desempenho, alta participação",False,
3153608,Prudente de Morais,MG,Sudeste,60.98,61.77,0.79,96.55,0.141,0.141,0.141,baixo,False,"desempenho médio, alta participação",False,
5107354,São José do Xingu,MT,Centro-Oeste,35.26,60.66,25.4,83.85,0.141,0.142,0.141,baixo,False,"baixo desempenho, alta participação",True,
3139607,Mantena,MG,Sudeste,71.17,59.73,-11.44,86.72,0.141,0.138,0.141,baixo,False,"alto desempenho, alta participação",False,
3200102,Afonso Cláudio,ES,Sudeste,95.4,80.0,-15.4,94.81,0.14,0.137,0.14,baixo,False,"alto desempenho, alta participação",False,
5222054,Vicentinópolis,GO,Centro-Oeste,84.21,78.75,-5.46,100.0,0.14,0.139,0.14,baixo,False,"alto desempenho, alta participação",False,
2306306,Itapajé,CE,Nordeste,89.55,80.0,-9.55,97.23,0.14,0.139,0.14,baixo,False,"alto desempenho, alta participação",False,
2203255,Curralinhos,PI,Nordeste,27.56,46.96,19.4,91.11,0.14,0.144,0.14,baixo,False,"baixo desempenho, alta participação",True,
4305959,Cotiporã,RS,Sul,44.2,75.82,31.62,94.44,0.617,0.14,0.14,baixo,False,"baixo desempenho, alta participação",True,score sem o choque das enchentes de 2024
3204203,Piúma,ES,Sudeste,70.65,68.14,-2.51,93.86,0.14,0.138,0.14,baixo,False,"desempenho médio, alta participação",False,
3103900,Araújos,MG,Sudeste,88.5,75.83,-12.67,93.0,0.14,0.137,0.14,baixo,False,"alto desempenho, alta participação",False,
1718659,Rio da Conceição,TO,Norte,19.61,32.99,13.38,92.11,0.14,0.144,0.14,baixo,False,"baixo desempenho, alta participação",True,
5205497,Cidade Ocidental,GO,Centro-Oeste,61.82,60.66,-1.16,95.54,0.14,0.137,0.14,baixo,False,"desempenho médio, alta participação",False,
4305900,Coronel Bicaco,RS,Sul,36.0,79.43,43.43,90.48,0.618,0.14,0.14,baixo,False,"baixo desempenho, alta participação",True,score sem o choque das enchentes de 2024
3110806,Campanário,MG,Sudeste,47.62,67.47,19.85,92.86,0.14,0.145,0.14,baixo,False,"baixo desempenho, alta participação",True,
5209804,Hidrolina,GO,Centro-Oeste,72.5,71.97,-0.53,100.0,0.139,0.143,0.139,baixo,False,"desempenho médio, alta participação",False,
5106703,Ponte Branca,MT,Centro-Oeste,96.88,77.73,-19.15,100.0,0.139,0.142,0.139,baixo,False,"alto desempenho, alta participação",False,
2204105,Francisco Ayres,PI,Nordeste,32.38,57.89,25.51,98.41,0.139,0.142,0.139,baixo,False,"baixo desempenho, alta participação",True,
5004304,Iguatemi,MS,Centro-Oeste,60.02,51.37,-8.65,96.4,0.139,0.137,0.139,baixo,False,"alto desempenho, alta participação",False,
2608255,Jucati,PE,Nordeste,68.81,55.61,-13.2,97.21,0.139,0.139,0.139,baixo,False,"alto desempenho, alta participação",False,
3169307,Três Corações,MG,Sudeste,70.26,60.25,-10.01,94.0,0.138,0.133,0.138,baixo,False,"alto desempenho, alta participação",False,
2516300,Sumé,PB,Nordeste,64.53,47.42,-17.11,96.35,0.138,0.134,0.138,baixo,False,"alto desempenho, alta participação",False,
3149952,Periquito,MG,Sudeste,44.47,56.51,12.04,87.21,0.137,0.14,0.137,baixo,False,"baixo desempenho, alta participação",True,
3171501,Mathias Lobato,MG,Sudeste,67.61,60.84,-6.77,87.76,0.137,0.142,0.137,baixo,False,"desempenho médio, alta participação",False,
3115474,Catuti,MG,Sudeste,75.75,67.33,-8.42,94.92,0.137,0.139,0.137,baixo,False,"alto desempenho, alta participação",False,
3101706,Almenara,MG,Sudeste,55.06,52.09,-2.97,87.37,0.137,0.134,0.137,baixo,False,"desempenho médio, alta participação",False,
2506202,Frei Martinho,PB,Nordeste,71.43,51.69,-19.74,93.33,0.137,0.139,0.137,baixo,False,"alto desempenho, alta participação",False,
3161403,São Francisco do Glória,MG,Sudeste,78.59,66.11,-12.48,92.0,0.137,0.139,0.137,baixo,False,"alto desempenho, alta participação",False,
3129509,Ibiá,MG,Sudeste,78.1,61.49,-16.61,79.69,0.137,0.133,0.137,baixo,False,"alto desempenho, alta participação",False,
3202652,Irupi,ES,Sudeste,81.49,71.41,-10.08,91.61,0.137,0.136,0.137,baixo,False,"alto desempenho, alta participação",False,
2200608,Angical do Piauí,PI,Nordeste,95.88,67.49,-28.39,100.0,0.136,0.133,0.136,baixo,False,"alto desempenho, alta participação",False,
2111003,São João Batista,MA,Nordeste,58.4,44.4,-14.0,90.82,0.136,0.137,0.136,baixo,False,"alto desempenho, alta participação",False,
4318481,São José do Hortêncio,RS,Sul,43.8,79.12,35.32,100.0,0.609,0.136,0.136,baixo,False,"baixo desempenho, alta participação",True,score sem o choque das enchentes de 2024
2505303,Curral Velho,PB,Nordeste,62.5,51.24,-11.26,100.0,0.136,0.139,0.136,baixo,False,"alto desempenho, alta participação",False,
3106101,Belmiro Braga,MG,Sudeste,57.69,61.99,4.3,96.67,0.136,0.14,0.136,baixo,False,"baixo desempenho, alta participação",False,
3163904,São Pedro da União,MG,Sudeste,97.05,77.87,-19.18,92.11,0.136,0.135,0.136,baixo,False,"alto desempenho, alta participação",False,
3161908,São Gonçalo do Rio Abaixo,MG,Sudeste,91.6,80.0,-11.6,97.04,0.136,0.129,0.136,baixo,False,"alto desempenho, alta participação",False,
4307559,Estação,RS,Sul,45.4,75.45,30.05,97.14,0.611,0.135,0.135,baixo,False,"baixo desempenho, alta participação",True,score sem o choque das enchentes de 2024
3131505,Ipuiúna,MG,Sudeste,63.82,61.72,-2.1,93.67,0.135,0.135,0.135,baixo,False,"desempenho médio, alta participação",False,
3202504,Ibiraçu,ES,Sudeste,81.16,71.61,-9.55,91.34,0.135,0.135,0.135,baixo,False,"alto desempenho, alta participação",False,
5107859,São Félix do Araguaia,MT,Centro-Oeste,33.38,48.72,15.34,87.74,0.135,0.134,0.135,baixo,False,"baixo desempenho, alta participação",True,
1712454,Luzinópolis,TO,Norte,48.91,40.4,-8.51,95.92,0.135,0.135,0.135,baixo,False,"desempenho médio, alta participação",False,
5211701,Jandaia,GO,Centro-Oeste,80.25,78.02,-2.23,96.83,0.135,0.134,0.135,baixo,False,"desempenho médio, alta participação",False,
3142254,Miravânia,MG,Sudeste,41.67,53.18,11.51,85.71,0.135,0.14,0.135,baixo,False,"baixo desempenho, alta participação",True,
3114709,Carvalhópolis,MG,Sudeste,100.0,77.86,-22.14,93.55,0.135,0.135,0.135,baixo,False,"alto desempenho, alta participação",False,
3142007,Mirabela,MG,Sudeste,48.06,65.82,17.76,97.75,0.135,0.135,0.135,baixo,False,"baixo desempenho, alta participação",True,
5222005,Vianópolis,GO,Centro-Oeste,89.5,80.0,-9.5,95.12,0.134,0.131,0.134,baixo,False,"alto desempenho, alta participação",False,
2504074,Caraúbas,PB,Nordeste,87.82,58.68,-29.14,95.45,0.134,0.134,0.134,baixo,False,"alto desempenho, alta participação",False,
5100805,Apiacás,MT,Centro-Oeste,74.17,58.87,-15.3,95.52,0.134,0.132,0.134,baixo,False,"alto desempenho, alta participação",False,
3139409,Manhuaçu,MG,Sudeste,71.73,58.68,-13.05,90.13,0.134,0.128,0.134,baixo,False,"alto desempenho, alta participação",False,
4116307,Munhoz de Melo,PR,Sul,80.0,61.98,-18.02,95.24,0.134,0.135,0.134,baixo,False,"alto desempenho, alta participação",False,
3522653,Itapirapuã Paulista,SP,Sudeste,29.85,56.8,26.95,91.94,0.134,0.139,0.134,baixo,False,"baixo desempenho, alta participação",True,
1711951,Lagoa do Tocantins,TO,Norte,15.09,36.33,21.24,98.11,0.133,0.136,0.133,baixo,False,"baixo desempenho, alta participação",True,
3103751,Araporã,MG,Sudeste,73.61,68.3,-5.31,91.41,0.133,0.132,0.133,baixo,False,"desempenho médio, alta participação",False,
4316477,Salvador das Missões,RS,Sul,44.4,80.0,35.6,90.0,0.601,0.133,0.133,baixo,False,"baixo desempenho, alta participação",True,score sem o choque das enchentes de 2024
3100203,Abaeté,MG,Sudeste,73.11,61.36,-11.75,89.39,0.133,0.13,0.133,baixo,False,"alto desempenho, alta participação",False,
1715507,Oliveira de Fátima,TO,Norte,31.58,59.77,28.19,95.0,0.133,0.138,0.133,baixo,False,"baixo desempenho, alta participação",True,
4305587,Colinas,RS,Sul,39.9,80.0,40.1,86.21,0.597,0.133,0.133,baixo,False,"baixo desempenho, alta participação",True,score sem o choque das enchentes de 2024
3130101,Igarapé,MG,Sudeste,73.84,61.05,-12.79,88.52,0.133,0.128,0.133,baixo,False,"alto desempenho, alta participação",False,
2307601,Limoeiro do Norte,CE,Nordeste,89.65,80.0,-9.65,92.25,0.133,0.131,0.133,baixo,False,"alto desempenho, alta participação",False,
3200136,Águia Branca,ES,Sudeste,94.55,80.0,-14.55,92.99,0.133,0.132,0.133,baixo,False,"alto desempenho, alta participação",False,
3149606,Pequi,MG,Sudeste,81.37,69.27,-12.1,95.0,0.132,0.134,0.132,baixo,False,"alto desempenho, alta participação",False,
3122207,Divinolândia de Minas,MG,Sudeste,87.1,71.49,-15.61,100.0,0.132,0.132,0.132,baixo,False,"alto desempenho, alta participação",False,
2211357,Várzea Branca,PI,Nordeste,31.25,41.29,10.04,100.0,0.132,0.135,0.132,baixo,False,"baixo desempenho, alta participação",True,
3145505,Olímpio Noronha,MG,Sudeste,94.29,68.0,-26.29,88.57,0.132,0.135,0.132,baixo,False,"alto desempenho, alta participação",False,
2306256,Itaitinga,CE,Nordeste,85.11,80.0,-5.11,98.09,0.132,0.129,0.132,baixo,False,"alto desempenho, alta participação",False,
2705309,Minador do Negrão,AL,Nordeste,27.99,44.81,16.82,98.46,0.131,0.135,0.131,baixo,False,"baixo desempenho, alta participação",True,
5205521,Colinas do Sul,GO,Centro-Oeste,58.9,68.3,9.4,94.92,0.131,0.136,0.131,baixo,False,"baixo desempenho, alta participação",True,
2110658,São Domingos do Azeitão,MA,Nordeste,36.83,37.88,1.05,93.55,0.131,0.134,0.131,baixo,False,"baixo desempenho, alta participação",False,
3162104,São Gotardo,MG,Sudeste,75.49,61.85,-13.64,87.77,0.131,0.127,0.131,baixo,False,"alto desempenho, alta participação",False,
2301406,Aratuba,CE,Nordeste,80.42,80.0,-0.42,98.88,0.131,0.133,0.131,baixo,False,"desempenho médio, alta participação",False,
3152105,Ponte Nova,MG,Sudeste,81.27,61.58,-19.69,87.22,0.131,0.127,0.131,baixo,False,"alto desempenho, alta participação",False,
3142601,Monsenhor Paulo,MG,Sudeste,78.89,68.28,-10.61,93.68,0.131,0.13,0.131,baixo,False,"alto desempenho, alta participação",False,
3112901,Caputira,MG,Sudeste,83.3,66.1,-17.2,93.98,0.131,0.13,0.131,baixo,False,"alto desempenho, alta participação",False,
5216452,Perolândia,GO,Centro-Oeste,77.78,78.32,0.54,100.0,0.131,0.132,0.131,baixo,False,"desempenho médio, alta participação",False,
2301208,Aracoiaba,CE,Nordeste,90.87,80.0,-10.87,95.48,0.131,0.13,0.131,baixo,False,"alto desempenho, alta participação",False,
3170602,Vargem Bonita,MG,Sudeste,69.23,65.72,-3.51,92.86,0.131,0.135,0.131,baixo,False,"desempenho médio, alta participação",False,
4313490,Novo Barreiro,RS,Sul,37.0,67.87,30.87,88.89,0.595,0.131,0.131,baixo,False,"baixo desempenho, alta participação",True,score sem o choque das enchentes de 2024
5220280,São Patrício,GO,Centro-Oeste,86.36,80.0,-6.36,100.0,0.131,0.134,0.131,baixo,False,"alto desempenho, alta participação",False,
5200050,Abadia de Goiás,GO,Centro-Oeste,64.46,66.39,1.93,90.62,0.13,0.131,0.13,baixo,False,"desempenho médio, alta participação",False,
1720309,São Sebastião do Tocantins,TO,Norte,58.96,41.81,-17.15,98.0,0.13,0.129,0.13,baixo,False,"alto desempenho, alta participação",False,
5103452,Denise,MT,Centro-Oeste,83.58,65.29,-18.29,94.25,0.13,0.127,0.13,baixo,False,"alto desempenho, alta participação",False,
3143401,Monte Sião,MG,Sudeste,74.18,62.45,-11.73,87.56,0.13,0.127,0.13,baixo,False,"alto desempenho, alta participação",False,
5220207,São Miguel do Araguaia,GO,Centro-Oeste,91.4,80.0,-11.4,95.16,0.13,0.126,0.13,baixo,False,"alto desempenho, alta participação",False,
2206308,Miguel Leão,PI,Nordeste,84.62,57.92,-26.7,100.0,0.13,0.134,0.13,baixo,False,"alto desempenho, alta participação",False,
4320552,Sertão Santana,RS,Sul,46.2,76.35,30.15,100.0,0.6,0.13,0.13,baixo,False,"baixo desempenho, alta participação",True,score sem o choque das enchentes de 2024
5205901,Corumbaíba,GO,Centro-Oeste,82.63,74.1,-8.53,85.59,0.13,0.128,0.13,baixo,False,"alto desempenho, alta participação",False,
2515807,Serra Redonda,PB,Nordeste,85.71,29.56,-56.15,100.0,0.129,0.128,0.129,baixo,False,"alto desempenho, alta participação",False,
3166907,Serrania,MG,Sudeste,80.88,69.02,-11.86,95.06,0.129,0.129,0.129,baixo,False,"alto desempenho, alta participação",False,
3115359,Catas Altas,MG,Sudeste,71.35,71.37,0.02,96.72,0.129,0.127,0.129,baixo,False,"desempenho médio, alta participação",False,
4311122,Jaquirana,RS,Sul,25.6,72.13,46.53,71.79,0.587,0.129,0.129,baixo,False,"baixo desempenho, baixa participação",True,score sem o choque das enchentes de 2024
3153707,Quartel Geral,MG,Sudeste,63.55,54.49,-9.06,76.0,0.129,0.133,0.129,baixo,False,"baixo desempenho, baixa participação",False,
2605707,Floresta,PE,Nordeste,51.67,47.6,-4.07,95.0,0.128,0.127,0.128,baixo,False,"desempenho médio, alta participação",False,
3126208,Formoso,MG,Sudeste,74.9,67.22,-7.68,98.77,0.128,0.127,0.128,baixo,False,"alto desempenho, alta participação",False,
5107206,Rio Branco,MT,Centro-Oeste,81.6,58.5,-23.1,87.1,0.128,0.128,0.128,baixo,False,"alto desempenho, alta participação",False,
2703759,Jequiá da Praia,AL,Nordeste,95.65,59.93,-35.72,97.46,0.128,0.124,0.128,baixo,False,"alto desempenho, alta participação",False,
3127404,Gonçalves,MG,Sudeste,77.02,67.92,-9.1,97.96,0.128,0.13,0.128,baixo,False,"alto desempenho, alta participação",False,
2111763,Senador La Rocque,MA,Nordeste,64.13,46.64,-17.49,89.86,0.128,0.128,0.128,baixo,False,"alto desempenho, alta participação",False,
4311254,Lagoão,RS,Sul,42.9,80.0,37.1,100.0,0.593,0.128,0.128,baixo,False,"baixo desempenho, alta participação",True,score sem o choque das enchentes de 2024
4310363,Imigrante,RS,Sul,50.0,78.75,28.75,92.31,0.593,0.128,0.128,baixo,False,"baixo desempenho, alta participação",True,score sem o choque das enchentes de 2024
3153202,Presidente Juscelino,MG,Sudeste,54.55,80.0,25.45,100.0,0.128,0.132,0.128,baixo,False,"baixo desempenho, alta participação",True,
3155306,Rio Manso,MG,Sudeste,98.05,73.96,-24.09,90.74,0.128,0.127,0.128,baixo,False,"alto desempenho, alta participação",False,
4318499,São José do Inhacorá,RS,Sul,49.7,80.0,30.3,96.0,0.589,0.127,0.127,baixo,False,"baixo desempenho, alta participação",True,score sem o choque das enchentes de 2024
3165404,Sapucaí-Mirim,MG,Sudeste,75.07,61.77,-13.3,86.25,0.127,0.128,0.127,baixo,False,"alto desempenho, alta participação",False,
4315073,Porto Vera Cruz,RS,Sul,88.2,68.59,-19.61,100.0,0.588,0.127,0.127,baixo,False,"alto desempenho, alta participação",False,score sem o choque das enchentes de 2024
5106778,Porto Alegre do Norte,MT,Centro-Oeste,53.25,45.7,-7.55,87.29,0.127,0.126,0.127,baixo,False,"desempenho médio, alta participação",False,
3202256,Governador Lindenberg,ES,Sudeste,77.12,69.23,-7.89,89.74,0.127,0.127,0.127,baixo,False,"alto desempenho, alta participação",False,
3131901,Itabirito,MG,Sudeste,80.44,66.49,-13.95,92.72,0.127,0.121,0.127,baixo,False,"alto desempenho, alta participação",False,
3146552,Pai Pedro,MG,Sudeste,76.4,68.17,-8.23,98.25,0.127,0.128,0.127,baixo,False,"alto desempenho, alta participação",False,
4307831,Eugênio de Castro,RS,Sul,50.0,55.76,5.76,100.0,0.589,0.127,0.127,baixo,False,"baixo desempenho, alta participação",False,score sem o choque das enchentes de 2024
3157336,Santa Cruz de Minas,MG,Sudeste,43.82,69.06,25.24,92.94,0.127,0.129,0.127,baixo,False,"baixo desempenho, alta participação",True,
5214903,Nova Roma,GO,Centro-Oeste,71.43,67.36,-4.07,91.3,0.127,0.131,0.127,baixo,False,"desempenho médio, alta participação",False,
2403400,Equador,RN,Nordeste,59.19,36.1,-23.09,81.03,0.126,0.125,0.126,baixo,False,"alto desempenho, alta participação",False,
3152131,Ponto Chique,MG,Sudeste,76.36,67.38,-8.98,96.23,0.126,0.129,0.126,baixo,False,"alto desempenho, alta participação",False,
2305803,Ipu,CE,Nordeste,86.66,80.0,-6.66,99.55,0.126,0.123,0.126,baixo,False,"alto desempenho, alta participação",False,
1713957,Muricilândia,TO,Norte,49.28,33.35,-15.93,80.0,0.126,0.126,0.126,baixo,False,"alto desempenho, alta participação",False,
3132503,Itamarandiba,MG,Sudeste,81.25,65.91,-15.34,94.25,0.126,0.121,0.126,baixo,False,"alto desempenho, alta participação",False,
5007935,Sonora,MS,Centro-Oeste,78.58,58.04,-20.54,99.1,0.126,0.122,0.126,baixo,False,"alto desempenho, alta participação",False,
2301901,Barbalha,CE,Nordeste,87.92,80.0,-7.92,99.44,0.125,0.123,0.125,baixo,False,"alto desempenho, alta participação",False,
5221908,Varjão,GO,Centro-Oeste,84.78,80.0,-4.78,100.0,0.125,0.126,0.125,baixo,False,"alto desempenho, alta participação",False,
1709005,Goiatins,TO,Norte,38.49,27.07,-11.42,77.44,0.125,0.122,0.125,baixo,False,"baixo desempenho, baixa participação",False,
3107406,Bom Despacho,MG,Sudeste,65.88,54.75,-11.13,85.29,0.125,0.122,0.125,baixo,False,"alto desempenho, alta participação",False,
3128105,Guapé,MG,Sudeste,80.4,65.54,-14.86,92.26,0.125,0.122,0.125,baixo,False,"alto desempenho, alta participação",False,
3130705,Indianópolis,MG,Sudeste,53.9,54.94,1.04,84.15,0.125,0.125,0.125,baixo,False,"baixo desempenho, baixa participação",False,
2506905,Itabaiana,PB,Nordeste,54.38,40.71,-13.67,93.59,0.125,0.121,0.125,baixo,False,"alto desempenho, alta participação",False,
5214051,Mundo Novo,GO,Centro-Oeste,94.04,80.0,-14.04,93.52,0.124,0.125,0.124,baixo,False,"alto desempenho, alta participação",False,
5203807,Britânia,GO,Centro-Oeste,92.82,80.0,-12.82,93.26,0.124,0.124,0.124,baixo,False,"alto desempenho, alta participação",False,
5201801,Aragoiânia,GO,Centro-Oeste,62.84,63.15,0.31,91.4,0.124,0.125,0.124,baixo,False,"desempenho médio, alta participação",False,
3200201,Alegre,ES,Sudeste,83.48,71.05,-12.43,94.53,0.124,0.121,0.124,baixo,False,"alto desempenho, alta participação",False,
5200605,Alto Paraíso de Goiás,GO,Centro-Oeste,60.2,80.0,19.8,98.46,0.124,0.124,0.124,baixo,False,"baixo desempenho, alta participação",True,
3159407,Santa Rita de Ibitipoca,MG,Sudeste,88.22,70.06,-18.16,86.21,0.124,0.126,0.124,baixo,False,"alto desempenho, alta participação",False,
4322152,Tunas,RS,Sul,41.1,71.94,30.84,91.67,0.582,0.124,0.124,baixo,False,"baixo desempenho, alta participação",True,score sem o choque das enchentes de 2024
3169109,Toledo,MG,Sudeste,89.2,68.56,-20.64,90.83,0.124,0.124,0.124,baixo,False,"alto desempenho, alta participação",False,
3109709,Cachoeira de Minas,MG,Sudeste,81.11,67.62,-13.49,91.39,0.124,0.121,0.124,baixo,False,"alto desempenho, alta participação",False,
3503000,Aramina,SP,Sudeste,72.03,55.06,-16.97,94.74,0.124,0.124,0.124,baixo,False,"alto desempenho, alta participação",False,
2202251,Canavieira,PI,Nordeste,86.82,60.25,-26.57,97.5,0.123,0.123,0.123,baixo,False,"alto desempenho, alta participação",False,
3127370,Goiabeira,MG,Sudeste,91.43,71.64,-19.79,100.0,0.123,0.125,0.123,baixo,False,"alto desempenho, alta participação",False,
3160801,São Bento Abade,MG,Sudeste,76.67,65.33,-11.34,100.0,0.123,0.125,0.123,baixo,False,"alto desempenho, alta participação",False,
3132909,Itamogi,MG,Sudeste,80.11,67.25,-12.86,92.04,0.123,0.122,0.123,baixo,False,"alto desempenho, alta participação",False,
4308409,Formigueiro,RS,Sul,40.0,80.0,40.0,93.75,0.584,0.123,0.123,baixo,False,"baixo desempenho, alta participação",True,score sem o choque das enchentes de 2024
5215603,Padre Bernardo,GO,Centro-Oeste,69.56,65.33,-4.23,93.56,0.123,0.119,0.123,baixo,False,"desempenho médio, alta participação",False,
3158003,Santa Maria de Itabira,MG,Sudeste,77.79,62.93,-14.86,85.83,0.123,0.122,0.123,baixo,False,"alto desempenho, alta participação",False,
2505238,Cuité de Mamanguape,PB,Nordeste,22.16,24.09,1.93,78.31,0.123,0.126,0.123,baixo,False,"baixo desempenho, baixa participação",False,
4116505,Nova Aliança do Ivaí,PR,Sul,43.75,51.24,7.49,94.12,0.123,0.13,0.123,baixo,False,"baixo desempenho, alta participação",True,
5218508,Quirinópolis,GO,Centro-Oeste,80.29,71.11,-9.18,96.45,0.123,0.119,0.123,baixo,False,"alto desempenho, alta participação",False,
3159605,Santa Rita do Sapucaí,MG,Sudeste,72.16,59.56,-12.6,86.88,0.122,0.117,0.122,baixo,False,"alto desempenho, alta participação",False,
2302909,Capistrano,CE,Nordeste,87.35,78.33,-9.02,96.13,0.122,0.122,0.122,baixo,False,"alto desempenho, alta participação",False,
2311900,Saboeiro,CE,Nordeste,81.55,76.77,-4.78,97.92,0.122,0.122,0.122,baixo,False,"desempenho médio, alta participação",False,
2305266,Ibaretama,CE,Nordeste,60.53,73.33,12.8,99.25,0.121,0.124,0.121,baixo,False,"baixo desempenho, alta participação",True,
5218102,Portelândia,GO,Centro-Oeste,76.08,74.26,-1.82,95.71,0.121,0.122,0.121,baixo,False,"desempenho médio, alta participação",False,
3170503,Urucânia,MG,Sudeste,81.15,63.54,-17.61,86.25,0.121,0.12,0.121,baixo,False,"alto desempenho, alta participação",False,
3130556,Imbé de Minas,MG,Sudeste,88.46,70.2,-18.26,94.23,0.121,0.121,0.121,baixo,False,"alto desempenho, alta participação",False,
3122009,Divino,MG,Sudeste,67.15,59.2,-7.95,90.24,0.121,0.119,0.121,baixo,False,"alto desempenho, alta participação",False,
5205208,Caturaí,GO,Centro-Oeste,87.17,72.06,-15.11,83.33,0.121,0.122,0.121,baixo,False,"alto desempenho, alta participação",False,
2209906,São João da Serra,PI,Nordeste,93.97,59.26,-34.71,98.04,0.121,0.119,0.121,baixo,False,"alto desempenho, alta participação",False,
5215702,Palmeiras de Goiás,GO,Centro-Oeste,81.01,71.78,-9.23,90.59,0.121,0.116,0.121,baixo,False,"alto desempenho, alta participação",False,
2707008,Pindoba,AL,Nordeste,48.15,43.99,-4.16,100.0,0.12,0.124,0.12,baixo,False,"desempenho médio, alta participação",False,
3137403,Lagoa Dourada,MG,Sudeste,87.23,69.09,-18.14,91.67,0.12,0.118,0.12,baixo,False,"alto desempenho, alta participação",False,
2305506,Iguatu,CE,Nordeste,63.35,64.21,0.86,98.28,0.12,0.123,0.12,baixo,False,"desempenho médio, alta participação",False,
3147303,Paraisópolis,MG,Sudeste,81.68,67.01,-14.67,93.0,0.12,0.117,0.12,baixo,False,"alto desempenho, alta participação",False,
3160959,São Domingos das Dores,MG,Sudeste,93.62,80.0,-13.62,100.0,0.12,0.119,0.12,baixo,False,"alto desempenho, alta participação",False,
3122702,Dom Silvério,MG,Sudeste,92.48,71.02,-21.46,88.64,0.12,0.12,0.12,baixo,False,"alto desempenho, alta participação",False,
1600055,Serra do Navio,AP,Norte,73.61,47.19,-26.42,92.45,0.119,0.117,0.119,baixo,False,"alto desempenho, alta participação",False,
3125705,Felixlândia,MG,Sudeste,75.1,61.16,-13.94,90.0,0.119,0.117,0.119,baixo,False,"alto desempenho, alta participação",False,
2311801,Russas,CE,Nordeste,94.59,80.0,-14.59,90.83,0.119,0.116,0.119,baixo,False,"alto desempenho, alta participação",False,
3114105,Carmo de Minas,MG,Sudeste,71.02,64.19,-6.83,97.54,0.119,0.117,0.119,baixo,False,"alto desempenho, alta participação",False,
2514651,São José do Brejo do Cruz,PB,Nordeste,30.0,52.66,22.66,95.24,0.119,0.124,0.119,baixo,False,"baixo desempenho, alta participação",True,
4315750,Riozinho,RS,Sul,42.1,77.2,35.1,100.0,0.571,0.118,0.118,baixo,False,"baixo desempenho, alta participação",True,score sem o choque das enchentes de 2024
3165305,São Vicente de Minas,MG,Sudeste,81.64,66.57,-15.07,89.87,0.118,0.118,0.118,baixo,False,"alto desempenho, alta participação",False,
3156007,Rio Vermelho,MG,Sudeste,59.95,55.47,-4.48,87.18,0.118,0.118,0.118,baixo,False,"desempenho médio, alta participação",False,
3127354,Glaucilândia,MG,Sudeste,71.43,64.6,-6.83,93.33,0.118,0.121,0.118,baixo,False,"desempenho médio, alta participação",False,
1703073,Barra do Ouro,TO,Norte,18.26,26.26,8.0,94.74,0.118,0.119,0.118,baixo,False,"baixo desempenho, alta participação",True,
2203107,Cristino Castro,PI,Nordeste,85.0,60.21,-24.79,100.0,0.118,0.115,0.118,baixo,False,"alto desempenho, alta participação",False,
2302107,Baturité,CE,Nordeste,86.78,78.49,-8.29,99.08,0.118,0.116,0.118,baixo,False,"alto desempenho, alta participação",False,
5204904,Campos Belos,GO,Centro-Oeste,75.75,69.95,-5.8,94.51,0.118,0.116,0.118,baixo,False,"desempenho médio, alta participação",False,
3172202,Wenceslau Braz,MG,Sudeste,70.34,58.85,-11.49,86.21,0.118,0.122,0.118,baixo,False,"alto desempenho, alta participação",False,
4316709,Santa Bárbara do Sul,RS,Sul,37.9,70.5,32.6,91.14,0.575,0.118,0.118,baixo,False,"baixo desempenho, alta participação",True,score sem o choque das enchentes de 2024
2605202,Escada,PE,Nordeste,30.48,62.84,32.36,95.31,0.118,0.117,0.118,baixo,False,"baixo desempenho, alta participação",True,
3171071,Veredinha,MG,Sudeste,77.02,67.91,-9.11,95.59,0.118,0.118,0.118,baixo,False,"alto desempenho, alta participação",False,
2102309,Buriti Bravo,MA,Nordeste,57.18,45.96,-11.22,96.08,0.118,0.117,0.118,baixo,False,"alto desempenho, alta participação",False,
5213772,Montividiu do Norte,GO,Centro-Oeste,65.74,66.08,0.34,89.74,0.118,0.12,0.118,baixo,False,"desempenho médio, alta participação",False,
5204557,Caldazinha,GO,Centro-Oeste,60.87,74.49,13.62,100.0,0.117,0.121,0.117,baixo,False,"baixo desempenho, alta participação",True,
2308401,Missão Velha,CE,Nordeste,82.37,76.34,-6.03,98.51,0.117,0.115,0.117,baixo,False,"alto desempenho, alta participação",False,
1713809,Palmeiras do Tocantins,TO,Norte,49.53,33.59,-15.94,89.13,0.117,0.115,0.117,baixo,False,"alto desempenho, alta participação",False,
4202602,Bom Retiro,SC,Sul,47.34,46.81,-0.53,82.72,0.117,0.115,0.117,baixo,False,"baixo desempenho, baixa participação",False,
5204656,Campinaçu,GO,Centro-Oeste,81.73,73.43,-8.3,91.67,0.117,0.119,0.117,baixo,False,"alto desempenho, alta participação",False,
5219704,Santa Terezinha de Goiás,GO,Centro-Oeste,96.08,80.0,-16.08,92.94,0.117,0.115,0.117,baixo,False,"alto desempenho, alta participação",False,
3144805,Nova Lima,MG,Sudeste,79.6,64.35,-15.25,91.25,0.116,0.109,0.116,baixo,False,"alto desempenho, alta participação",False,
4110052,Iguatu,PR,Sul,43.48,50.31,6.83,92.0,0.116,0.121,0.116,baixo,False,"baixo desempenho, alta participação",False,
2406601,Lagoa Salgada,RN,Nordeste,64.22,38.36,-25.86,87.23,0.116,0.114,0.116,baixo,False,"alto desempenho, alta participação",False,
5006259,Novo Horizonte do Sul,MS,Centro-Oeste,78.44,57.95,-20.49,96.34,0.116,0.117,0.116,baixo,False,"alto desempenho, alta participação",False,
2501351,Assunção,PB,Nordeste,93.96,58.65,-35.31,98.51,0.116,0.115,0.116,baixo,False,"alto desempenho, alta participação",False,
5004403,Inocência,MS,Centro-Oeste,51.7,47.77,-3.93,99.19,0.116,0.116,0.116,baixo,False,"desempenho médio, alta participação",False,
5200829,Amaralina,GO,Centro-Oeste,89.83,80.0,-9.83,97.5,0.116,0.117,0.116,baixo,False,"alto desempenho, alta participação",False,
2304954,Guaiúba,CE,Nordeste,79.83,74.97,-4.86,99.18,0.115,0.115,0.115,baixo,False,"desempenho médio, alta participação",False,
3100708,Água Comprida,MG,Sudeste,55.3,80.0,24.7,90.91,0.115,0.119,0.115,baixo,False,"baixo desempenho, alta participação",True,
5216403,Paraúna,GO,Centro-Oeste,67.88,67.71,-0.17,90.8,0.115,0.114,0.115,baixo,False,"desempenho médio, alta participação",False,
3515129,Emilianópolis,SP,Sudeste,88.58,58.34,-30.24,96.3,0.115,0.117,0.115,baixo,False,"alto desempenho, alta participação",False,
2310001,Palhano,CE,Nordeste,74.59,73.49,-1.1,100.0,0.115,0.118,0.115,baixo,False,"desempenho médio, alta participação",False,
3144672,Nova Belém,MG,Sudeste,48.0,59.77,11.77,96.15,0.115,0.119,0.115,baixo,False,"baixo desempenho, alta participação",True,
5105002,Jauru,MT,Centro-Oeste,74.68,57.48,-17.2,92.5,0.115,0.113,0.115,baixo,False,"alto desempenho, alta participação",False,
3140803,Matias Barbosa,MG,Sudeste,78.82,65.73,-13.09,91.2,0.115,0.112,0.115,baixo,False,"alto desempenho, alta participação",False,
2606705,Ibirajuba,PE,Nordeste,62.42,52.17,-10.25,95.08,0.115,0.117,0.115,baixo,False,"alto desempenho, alta participação",False,
3164472,São Sebastião do Anta,MG,Sudeste,81.32,65.3,-16.02,90.12,0.115,0.115,0.115,baixo,False,"alto desempenho, alta participação",False,
2307205,Jati,CE,Nordeste,77.45,76.08,-1.37,96.88,0.115,0.117,0.115,baixo,False,"desempenho médio, alta participação",False,
3110103,Caiana,MG,Sudeste,76.5,65.53,-10.97,96.77,0.115,0.116,0.115,baixo,False,"alto desempenho, alta participação",False,
5204201,Cachoeira de Goiás,GO,Centro-Oeste,64.29,69.81,5.52,93.33,0.115,0.121,0.115,baixo,False,"desempenho médio, alta participação",False,
3125606,Felisburgo,MG,Sudeste,70.2,61.28,-8.92,93.88,0.115,0.116,0.115,baixo,False,"alto desempenho, alta participação",False,
2302404,Boa Viagem,CE,Nordeste,90.36,80.0,-10.36,97.54,0.115,0.113,0.115,baixo,False,"alto desempenho, alta participação",False,
5206800,Damolândia,GO,Centro-Oeste,97.08,80.0,-17.08,86.84,0.114,0.116,0.114,baixo,False,"alto desempenho, alta participação",False,
3139003,Machado,MG,Sudeste,87.02,66.46,-20.56,95.33,0.114,0.109,0.114,baixo,False,"alto desempenho, alta participação",False,
5217708,Pontalina,GO,Centro-Oeste,86.03,75.41,-10.62,97.04,0.114,0.111,0.114,baixo,False,"alto desempenho, alta participação",False,
5220454,Senador Canedo,GO,Centro-Oeste,60.34,58.75,-1.59,91.99,0.114,0.113,0.114,baixo,False,"desempenho médio, alta participação",False,
4312138,Mato Castelhano,RS,Sul,38.7,77.53,38.83,90.32,0.555,0.114,0.114,baixo,False,"baixo desempenho, alta participação",True,score sem o choque das enchentes de 2024
3149200,Pedrinópolis,MG,Sudeste,79.95,66.3,-13.65,89.74,0.113,0.115,0.113,baixo,False,"alto desempenho, alta participação",False,
3129608,Ibiaí,MG,Sudeste,76.41,64.47,-11.94,96.77,0.113,0.113,0.113,baixo,False,"alto desempenho, alta participação",False,
2303402,Carnaubal,CE,Nordeste,83.8,80.0,-3.8,99.12,0.113,0.113,0.113,baixo,False,"desempenho médio, alta participação",False,
4321832,Três Forquilhas,RS,Sul,40.0,47.33,7.33,100.0,0.552,0.113,0.113,baixo,False,"baixo desempenho, alta participação",True,score sem o choque das enchentes de 2024
5209101,Goiatuba,GO,Centro-Oeste,77.63,71.92,-5.71,98.03,0.113,0.108,0.113,baixo,False,"alto desempenho, alta participação",False,
3101409,Albertina,MG,Sudeste,92.62,72.84,-19.78,89.13,0.113,0.114,0.113,baixo,False,"alto desempenho, alta participação",False,
3203809,Muqui,ES,Sudeste,75.56,68.8,-6.76,96.55,0.113,0.112,0.113,baixo,False,"alto desempenho, alta participação",False,
3165552,Setubinha,MG,Sudeste,60.0,58.89,-1.11,100.0,0.113,0.113,0.113,baixo,False,"desempenho médio, alta participação",False,
5218003,Porangatu,GO,Centro-Oeste,49.92,60.91,10.99,93.96,0.113,0.11,0.113,baixo,False,"baixo desempenho, alta participação",True,
2309508,Orós,CE,Nordeste,90.75,80.0,-10.75,97.39,0.112,0.112,0.112,baixo,False,"alto desempenho, alta participação",False,
3109907,Caetanópolis,MG,Sudeste,72.48,63.24,-9.24,94.29,0.112,0.111,0.112,baixo,False,"alto desempenho, alta participação",False,
2404705,Ipanguaçu,RN,Nordeste,43.03,28.51,-14.52,82.09,0.112,0.109,0.112,baixo,False,"alto desempenho, alta participação",False,
5202353,Arenópolis,GO,Centro-Oeste,83.64,80.0,-3.64,93.94,0.112,0.114,0.112,baixo,False,"desempenho médio, alta participação",False,
5219456,Santa Rita do Novo Destino,GO,Centro-Oeste,95.83,80.0,-15.83,95.83,0.112,0.113,0.112,baixo,False,"alto desempenho, alta participação",False,
3138609,Lima Duarte,MG,Sudeste,69.51,57.34,-12.17,87.76,0.112,0.11,0.112,baixo,False,"alto desempenho, alta participação",False,
5220058,São João da Paraúna,GO,Centro-Oeste,87.5,80.0,-7.5,96.0,0.111,0.115,0.111,baixo,False,"alto desempenho, alta participação",False,
3161809,São Gonçalo do Pará,MG,Sudeste,78.82,67.24,-11.58,95.0,0.111,0.109,0.111,baixo,False,"alto desempenho, alta participação",False,
3158300,Santana da Vargem,MG,Sudeste,87.45,69.72,-17.73,88.89,0.111,0.11,0.111,baixo,False,"alto desempenho, alta participação",False,
3139904,Maria da Fé,MG,Sudeste,78.16,67.16,-11.0,95.14,0.111,0.109,0.111,baixo,False,"alto desempenho, alta participação",False,
3170305,Umburatiba,MG,Sudeste,52.43,68.95,16.52,93.75,0.111,0.115,0.111,baixo,False,"baixo desempenho, alta participação",True,
3119708,Coronel Xavier Chaves,MG,Sudeste,92.31,74.8,-17.51,96.23,0.111,0.111,0.111,baixo,False,"alto desempenho, alta participação",False,
2307007,Jaguaruana,CE,Nordeste,88.24,80.0,-8.24,94.79,0.11,0.108,0.11,baixo,False,"alto desempenho, alta participação",False,
5201504,Aporé,GO,Centro-Oeste,65.8,67.8,2.0,93.85,0.11,0.112,0.11,baixo,False,"desempenho médio, alta participação",False,
5209937,Inaciolândia,GO,Centro-Oeste,87.01,77.33,-9.68,97.18,0.11,0.11,0.11,baixo,False,"alto desempenho, alta participação",False,
3168200,Tapiraí,MG,Sudeste,100.0,77.52,-22.48,84.62,0.11,0.112,0.11,baixo,False,"alto desempenho, alta participação",False,
3129202,Heliodora,MG,Sudeste,67.59,58.64,-8.95,87.01,0.11,0.111,0.11,baixo,False,"alto desempenho, alta participação",False,
5220157,São Luiz do Norte,GO,Centro-Oeste,85.76,76.76,-9.0,96.97,0.11,0.11,0.11,baixo,False,"alto desempenho, alta participação",False,
3104809,Augusto de Lima,MG,Sudeste,48.8,58.52,9.72,98.0,0.11,0.113,0.11,baixo,False,"baixo desempenho, alta participação",True,
3164803,São Sebastião do Rio Preto,MG,Sudeste,100.0,70.92,-29.08,81.82,0.11,0.114,0.11,baixo,False,"alto desempenho, alta participação",False,
3135001,Jaguaraçu,MG,Sudeste,84.51,68.06,-16.45,92.59,0.11,0.111,0.11,baixo,False,"alto desempenho, alta participação",False,
3522802,Itaporanga,SP,Sudeste,70.1,49.91,-20.19,91.04,0.11,0.108,0.11,baixo,False,"alto desempenho, alta participação",False,
3138104,Lassance,MG,Sudeste,48.0,80.0,32.0,100.0,0.109,0.111,0.109,baixo,False,"baixo desempenho, alta participação",True,
5200209,Água Limpa,GO,Centro-Oeste,78.26,72.84,-5.42,95.83,0.109,0.113,0.109,baixo,False,"desempenho médio, alta participação",False,
3168309,Taquaraçu de Minas,MG,Sudeste,94.4,70.52,-23.88,85.48,0.109,0.11,0.109,baixo,False,"alto desempenho, alta participação",False,
2300101,Abaiara,CE,Nordeste,91.49,80.0,-11.49,98.96,0.109,0.11,0.109,baixo,False,"alto desempenho, alta participação",False,
2200103,Agricolândia,PI,Nordeste,60.23,46.94,-13.29,98.44,0.109,0.11,0.109,baixo,False,"alto desempenho, alta participação",False,
5108501,Vera,MT,Centro-Oeste,52.77,48.66,-4.11,91.19,0.109,0.107,0.109,baixo,False,"desempenho médio, alta participação",False,
1703842,Campos Lindos,TO,Norte,38.52,31.43,-7.09,88.62,0.109,0.105,0.109,baixo,False,"desempenho médio, alta participação",False,
2308377,Miraíma,CE,Nordeste,85.6,80.0,-5.6,98.05,0.108,0.109,0.108,baixo,False,"alto desempenho, alta participação",False,
3144607,Nepomuceno,MG,Sudeste,77.99,62.27,-15.72,92.46,0.108,0.105,0.108,baixo,False,"alto desempenho, alta participação",False,
3125200,Fama,MG,Sudeste,86.96,74.46,-12.5,100.0,0.108,0.11,0.108,baixo,False,"alto desempenho, alta participação",False,
2104107,Fortaleza dos Nogueiras,MA,Nordeste,78.25,56.35,-21.9,95.1,0.108,0.107,0.108,baixo,False,"alto desempenho, alta participação",False,
5205471,Chapadão do Céu,GO,Centro-Oeste,87.51,80.0,-7.51,96.74,0.108,0.104,0.108,baixo,False,"alto desempenho, alta participação",False,
3172103,Volta Grande,MG,Sudeste,76.28,60.3,-15.98,84.44,0.108,0.109,0.108,baixo,False,"alto desempenho, alta participação",False,
3126703,Francisco Sá,MG,Sudeste,35.05,53.86,18.81,84.44,0.108,0.108,0.108,baixo,False,"baixo desempenho, alta participação",True,
5215207,Novo Brasil,GO,Centro-Oeste,54.84,80.0,25.16,100.0,0.108,0.112,0.108,baixo,False,"baixo desempenho, alta participação",True,
2100550,Amapá do Maranhão,MA,Nordeste,43.0,38.5,-4.5,99.03,0.108,0.111,0.108,baixo,False,"desempenho médio, alta participação",False,
5219753,Santo Antônio do Descoberto,GO,Centro-Oeste,53.64,54.64,1.0,94.55,0.107,0.105,0.107,baixo,False,"desempenho médio, alta participação",False,
3553658,Taquaral,SP,Sudeste,27.27,76.51,49.24,84.62,0.107,0.112,0.107,baixo,False,"baixo desempenho, alta participação",True,
1200328,Jordão,AC,Norte,19.59,28.13,8.54,93.88,0.107,0.106,0.107,baixo,False,"baixo desempenho, alta participação",True,UF sem historico no treino: avaliado so pelas demais variaveis
3113008,Caraí,MG,Sudeste,71.52,54.16,-17.36,86.79,0.107,0.105,0.107,baixo,False,"alto desempenho, alta participação",False,
3110301,Caldas,MG,Sudeste,72.95,60.72,-12.23,88.97,0.107,0.105,0.107,baixo,False,"alto desempenho, alta participação",False,
5006309,Paranaíba,MS,Centro-Oeste,55.2,45.33,-9.87,96.16,0.107,0.103,0.107,baixo,False,"alto desempenho, alta participação",False,
3105509,Barão do Monte Alto,MG,Sudeste,89.21,68.84,-20.37,92.5,0.106,0.107,0.106,baixo,False,"alto desempenho, alta participação",False,
3117207,Conceição das Pedras,MG,Sudeste,76.67,65.12,-11.55,93.75,0.106,0.108,0.106,baixo,False,"alto desempenho, alta participação",False,
4300661,André da Rocha,RS,Sul,33.3,72.3,39.0,78.95,0.53,0.106,0.106,baixo,False,"baixo desempenho, baixa participação",True,score sem o choque das enchentes de 2024
2513984,São Francisco,PB,Nordeste,97.5,64.23,-33.27,97.5,0.106,0.105,0.106,baixo,False,"alto desempenho, alta participação",False,
3127305,Galiléia,MG,Sudeste,62.07,57.88,-4.19,93.15,0.105,0.107,0.105,baixo,False,"desempenho médio, alta participação",False,
3150158,Piedade de Caratinga,MG,Sudeste,74.09,61.71,-12.38,92.76,0.105,0.105,0.105,baixo,False,"alto desempenho, alta participação",False,
3166105,Senhora do Porto,MG,Sudeste,56.52,57.39,0.87,100.0,0.105,0.109,0.105,baixo,False,"desempenho médio, alta participação",False,
5200555,Alto Horizonte,GO,Centro-Oeste,72.47,70.9,-1.57,92.0,0.105,0.104,0.105,baixo,False,"desempenho médio, alta participação",False,
4321352,Tavares,RS,Sul,37.0,70.27,33.27,100.0,0.535,0.105,0.105,baixo,False,"baixo desempenho, alta participação",True,score sem o choque das enchentes de 2024
4206751,Ibiam,SC,Sul,96.17,70.21,-25.96,96.43,0.104,0.104,0.104,baixo,False,"alto desempenho, alta participação",False,
4310702,Itatiba do Sul,RS,Sul,36.8,80.0,43.2,95.0,0.531,0.104,0.104,baixo,False,"baixo desempenho, alta participação",True,score sem o choque das enchentes de 2024
3168101,Tapira,MG,Sudeste,79.68,63.9,-15.78,85.33,0.104,0.104,0.104,baixo,False,"alto desempenho, alta participação",False,
3147402,Paraopeba,MG,Sudeste,71.27,58.98,-12.29,91.1,0.104,0.101,0.104,baixo,False,"alto desempenho, alta participação",False,
1703826,Cachoeirinha,TO,Norte,64.0,42.68,-21.32,96.15,0.104,0.104,0.104,baixo,False,"alto desempenho, alta participação",False,
5107743,Santa Cruz do Xingu,MT,Centro-Oeste,73.81,62.17,-11.64,100.0,0.104,0.104,0.104,baixo,False,"alto desempenho, alta participação",False,
3127206,Funilândia,MG,Sudeste,69.2,60.73,-8.47,87.5,0.104,0.106,0.104,baixo,False,"alto desempenho, alta participação",False,
2515708,Serra Grande,PB,Nordeste,70.82,52.66,-18.16,96.55,0.103,0.104,0.103,baixo,False,"alto desempenho, alta participação",False,
2501575,Barra de Santana,PB,Nordeste,49.18,43.12,-6.06,95.31,0.103,0.103,0.103,baixo,False,"desempenho médio, alta participação",False,
2311306,Quixadá,CE,Nordeste,92.49,80.0,-12.49,97.24,0.103,0.1,0.103,baixo,False,"alto desempenho, alta participação",False,
2313708,Umari,CE,Nordeste,88.49,80.0,-8.49,96.36,0.103,0.105,0.103,baixo,False,"alto desempenho, alta participação",False,
2201739,Betânia do Piauí,PI,Nordeste,82.76,54.51,-28.25,98.29,0.103,0.102,0.103,baixo,False,"alto desempenho, alta participação",False,
1100346,Alvorada D'Oeste,RO,Norte,65.35,44.11,-21.24,85.04,0.103,0.101,0.103,baixo,False,"alto desempenho, alta participação",False,
3112307,Capelinha,MG,Sudeste,80.94,64.07,-16.87,94.31,0.103,0.098,0.103,baixo,False,"alto desempenho, alta participação",False,
2314102,Viçosa do Ceará,CE,Nordeste,90.22,80.0,-10.22,98.58,0.103,0.101,0.103,baixo,False,"alto desempenho, alta participação",False,
3135506,Jequeri,MG,Sudeste,84.89,64.81,-20.08,88.89,0.102,0.101,0.102,baixo,False,"alto desempenho, alta participação",False,
3122355,Divisa Alegre,MG,Sudeste,62.69,60.41,-2.28,97.06,0.102,0.102,0.102,baixo,False,"desempenho médio, alta participação",False,
4318606,São José do Ouro,RS,Sul,37.2,68.18,30.98,87.5,0.532,0.102,0.102,baixo,False,"baixo desempenho, alta participação",True,score sem o choque das enchentes de 2024
3102308,Alvinópolis,MG,Sudeste,72.33,59.11,-13.22,86.36,0.102,0.1,0.102,baixo,False,"alto desempenho, alta participação",False,
3133006,Itamonte,MG,Sudeste,81.86,64.9,-16.96,88.06,0.102,0.098,0.102,baixo,False,"alto desempenho, alta participação",False,
3116605,Cláudio,MG,Sudeste,82.99,67.2,-15.79,93.63,0.101,0.097,0.101,baixo,False,"alto desempenho, alta participação",False,
3164902,São Sebastião do Rio Verde,MG,Sudeste,91.3,72.08,-19.22,95.83,0.101,0.104,0.101,baixo,False,"alto desempenho, alta participação",False,
5203939,Buriti de Goiás,GO,Centro-Oeste,96.46,80.0,-16.46,93.75,0.101,0.103,0.101,baixo,False,"alto desempenho, alta participação",False,
3105202,Bandeira,MG,Sudeste,77.5,68.31,-9.19,100.0,0.101,0.102,0.101,baixo,False,"alto desempenho, alta participação",False,
2503902,Camalaú,PB,Nordeste,68.64,49.89,-18.75,96.92,0.1,0.1,0.1,baixo,False,"alto desempenho, alta participação",False,
2210623,Sebastião Barros,PI,Nordeste,50.0,41.31,-8.69,100.0,0.1,0.102,0.1,baixo,False,"desempenho médio, alta participação",False,
3101805,Alpercata,MG,Sudeste,70.83,57.08,-13.75,87.32,0.1,0.101,0.1,baixo,False,"alto desempenho, alta participação",False,
3159001,Santana do Riacho,MG,Sudeste,80.15,67.09,-13.06,90.77,0.1,0.101,0.1,baixo,False,"alto desempenho, alta participação",False,
3142106,Miradouro,MG,Sudeste,75.29,57.88,-17.41,81.82,0.1,0.099,0.1,baixo,False,"alto desempenho, alta participação",False,
3203502,Montanha,ES,Sudeste,80.21,68.52,-11.69,93.22,0.1,0.098,0.1,baixo,False,"alto desempenho, alta participação",False,
3135902,Jesuânia,MG,Sudeste,81.14,67.86,-13.28,90.91,0.099,0.1,0.099,baixo,False,"alto desempenho, alta participação",False,
4316733,Santa Cecília do Sul,RS,Sul,40.9,76.51,35.61,95.65,0.516,0.099,0.099,baixo,False,"baixo desempenho, alta participação",True,score sem o choque das enchentes de 2024
3108404,Botelhos,MG,Sudeste,87.53,70.13,-17.4,97.56,0.099,0.097,0.099,baixo,False,"alto desempenho, alta participação",False,
2306900,Jaguaribe,CE,Nordeste,89.25,80.0,-9.25,99.11,0.099,0.097,0.099,baixo,False,"alto desempenho, alta participação",False,
3150505,Pimenta,MG,Sudeste,94.39,75.02,-19.37,95.95,0.099,0.097,0.099,baixo,False,"alto desempenho, alta participação",False,
3128907,Guimarânia,MG,Sudeste,85.1,66.89,-18.21,92.08,0.099,0.098,0.099,baixo,False,"alto desempenho, alta participação",False,
2206100,Matias Olímpio,PI,Nordeste,52.06,39.88,-12.18,97.37,0.099,0.098,0.099,baixo,False,"alto desempenho, alta participação",False,
2513653,Joca Claudino,PB,Nordeste,90.09,52.44,-37.65,96.77,0.098,0.099,0.098,baixo,False,"alto desempenho, alta participação",False,
2206654,Morro Cabeça no Tempo,PI,Nordeste,19.39,39.2,19.81,93.51,0.098,0.102,0.098,baixo,False,"baixo desempenho, alta participação",True,
5221080,Teresina de Goiás,GO,Centro-Oeste,62.3,64.39,2.09,100.0,0.098,0.102,0.098,baixo,False,"desempenho médio, alta participação",False,
4219358,Vitor Meireles,SC,Sul,76.12,55.97,-20.15,85.25,0.098,0.097,0.098,baixo,False,"alto desempenho, alta participação",False,
2202539,Caraúbas do Piauí,PI,Nordeste,68.17,51.55,-16.62,93.98,0.098,0.097,0.098,baixo,False,"alto desempenho, alta participação",False,
3116159,Chapada Gaúcha,MG,Sudeste,69.39,59.2,-10.19,92.44,0.098,0.096,0.098,baixo,False,"alto desempenho, alta participação",False,
5205059,Castelândia,GO,Centro-Oeste,91.3,80.0,-11.3,100.0,0.097,0.098,0.097,baixo,False,"alto desempenho, alta participação",False,
3554656,Torre de Pedra,SP,Sudeste,30.77,47.52,16.75,100.0,0.097,0.102,0.097,baixo,False,"baixo desempenho, alta participação",True,
3157104,Salto da Divisa,MG,Sudeste,59.15,55.39,-3.76,92.5,0.097,0.098,0.097,baixo,False,"desempenho médio, alta participação",False,
4306304,David Canabarro,RS,Sul,45.5,52.02,6.52,100.0,0.516,0.096,0.096,baixo,False,"baixo desempenho, alta participação",False,score sem o choque das enchentes de 2024
3151602,Planura,MG,Sudeste,65.98,56.93,-9.05,88.75,0.096,0.095,0.096,baixo,False,"alto desempenho, alta participação",False,
5002605,Camapuã,MS,Centro-Oeste,60.41,46.61,-13.8,92.39,0.096,0.095,0.096,baixo,False,"alto desempenho, alta participação",False,
3120706,Cruzeiro da Fortaleza,MG,Sudeste,80.92,68.1,-12.82,94.81,0.096,0.097,0.096,baixo,False,"alto desempenho, alta participação",False,
5214879,Nova Iguaçu de Goiás,GO,Centro-Oeste,95.12,80.0,-15.12,97.56,0.096,0.097,0.096,baixo,False,"alto desempenho, alta participação",False,
4215208,Romelândia,SC,Sul,78.04,61.19,-16.85,95.35,0.096,0.095,0.096,baixo,False,"alto desempenho, alta participação",False,
1721307,Tupiratins,TO,Norte,53.85,40.4,-13.45,100.0,0.096,0.096,0.096,baixo,False,"alto desempenho, alta participação",False,
3146255,Padre Carvalho,MG,Sudeste,64.75,57.76,-6.99,95.92,0.096,0.097,0.096,baixo,False,"desempenho médio, alta participação",False,
2205573,Lagoa de São Francisco,PI,Nordeste,76.74,53.68,-23.06,100.0,0.095,0.094,0.095,baixo,False,"alto desempenho, alta participação",False,
1712702,Mateiros,TO,Norte,9.09,42.72,33.63,91.67,0.095,0.098,0.095,baixo,False,"baixo desempenho, alta participação",True,
5208905,Goiás,GO,Centro-Oeste,87.52,71.44,-16.08,89.47,0.095,0.092,0.095,baixo,False,"alto desempenho, alta participação",False,
2513307,Santa Helena,PB,Nordeste,96.58,61.7,-34.88,95.0,0.095,0.093,0.095,baixo,False,"alto desempenho, alta participação",False,
4309050,Glorinha,RS,Sul,34.3,69.87,35.57,91.89,0.513,0.095,0.095,baixo,False,"baixo desempenho, alta participação",True,score sem o choque das enchentes de 2024
3532108,Murutinga do Sul,SP,Sudeste,100.0,64.91,-35.09,96.97,0.095,0.094,0.095,baixo,False,"alto desempenho, alta participação",False,
3106903,Bicas,MG,Sudeste,70.71,56.41,-14.3,86.99,0.095,0.093,0.095,baixo,False,"alto desempenho, alta participação",False,
3124005,Ervália,MG,Sudeste,85.0,62.82,-22.18,84.83,0.094,0.092,0.094,baixo,False,"alto desempenho, alta participação",False,
3548203,Santo Antônio do Pinhal,SP,Sudeste,73.68,54.76,-18.92,98.63,0.094,0.094,0.094,baixo,False,"alto desempenho, alta participação",False,
4203105,Caibi,SC,Sul,27.3,76.83,49.53,73.81,0.094,0.095,0.094,baixo,False,"baixo desempenho, baixa participação",True,
3154200,Resende Costa,MG,Sudeste,82.11,65.07,-17.04,95.45,0.094,0.093,0.094,baixo,False,"alto desempenho, alta participação",False,
5210109,Ipameri,GO,Centro-Oeste,74.13,69.21,-4.92,97.08,0.094,0.091,0.094,baixo,False,"desempenho médio, alta participação",False,
3137502,Lagoa Formosa,MG,Sudeste,82.01,66.85,-15.16,97.07,0.094,0.091,0.094,baixo,False,"alto desempenho, alta participação",False,
3163300,São José do Divino,MG,Sudeste,54.62,56.54,1.92,92.31,0.094,0.097,0.094,baixo,False,"desempenho médio, alta participação",False,
3107109,Boa Esperança,MG,Sudeste,74.5,62.38,-12.12,94.9,0.094,0.09,0.094,baixo,False,"alto desempenho, alta participação",False,
5211404,Itauçu,GO,Centro-Oeste,94.51,80.0,-14.51,97.87,0.094,0.092,0.094,baixo,False,"alto desempenho, alta participação",False,
3104452,Aricanduva,MG,Sudeste,84.87,64.15,-20.72,86.67,0.094,0.094,0.094,baixo,False,"alto desempenho, alta participação",False,
2502607,Igaracy,PB,Nordeste,79.06,43.91,-35.15,83.05,0.093,0.093,0.093,baixo,False,"alto desempenho, alta participação",False,
3130051,Icaraí de Minas,MG,Sudeste,77.42,62.49,-14.93,95.77,0.093,0.092,0.093,baixo,False,"alto desempenho, alta participação",False,
3102001,Alterosa,MG,Sudeste,85.54,67.53,-18.01,94.12,0.093,0.091,0.093,baixo,False,"alto desempenho, alta participação",False,
5219001,Sanclerlândia,GO,Centro-Oeste,91.82,78.65,-13.17,96.7,0.093,0.092,0.093,baixo,False,"alto desempenho, alta participação",False,
2102754,Capinzal do Norte,MA,Nordeste,91.14,49.37,-41.77,94.39,0.093,0.091,0.093,baixo,False,"alto desempenho, alta participação",False,
3121506,Desterro do Melo,MG,Sudeste,96.43,71.92,-24.51,85.29,0.093,0.094,0.093,baixo,False,"alto desempenho, alta participação",False,
5212105,Joviânia,GO,Centro-Oeste,67.17,65.11,-2.06,91.86,0.093,0.093,0.093,baixo,False,"desempenho médio, alta participação",False,
4213906,Presidente Castello Branco,SC,Sul,61.9,57.74,-4.16,95.45,0.092,0.094,0.092,baixo,False,"desempenho médio, alta participação",False,
5204607,Campestre de Goiás,GO,Centro-Oeste,93.62,79.54,-14.08,100.0,0.092,0.093,0.092,baixo,False,"alto desempenho, alta participação",False,
3162450,São João das Missões,MG,Sudeste,33.42,53.33,19.91,89.86,0.092,0.094,0.092,baixo,False,"baixo desempenho, alta participação",True,
2311355,Quixelô,CE,Nordeste,88.46,79.5,-8.96,98.72,0.092,0.092,0.092,baixo,False,"alto desempenho, alta participação",False,
3153905,Raposos,MG,Sudeste,69.66,58.67,-10.99,92.99,0.092,0.091,0.092,baixo,False,"alto desempenho, alta participação",False,
5218789,Rio Quente,GO,Centro-Oeste,96.08,79.47,-16.61,100.0,0.092,0.091,0.092,baixo,False,"alto desempenho, alta participação",False,
3202801,Itapemirim,ES,Sudeste,75.42,67.11,-8.31,92.69,0.092,0.088,0.092,baixo,False,"alto desempenho, alta participação",False,
3164100,São Pedro do Suaçuí,MG,Sudeste,90.0,71.15,-18.85,100.0,0.091,0.092,0.091,baixo,False,"alto desempenho, alta participação",False,
3171402,Vieiras,MG,Sudeste,74.62,60.08,-14.54,85.71,0.091,0.094,0.091,baixo,False,"alto desempenho, alta participação",False,
2706109,Ouro Branco,AL,Nordeste,52.43,35.99,-16.44,94.12,0.091,0.091,0.091,baixo,False,"alto desempenho, alta participação",False,
3109451,Cabeceira Grande,MG,Sudeste,54.59,53.02,-1.57,89.91,0.091,0.092,0.091,baixo,False,"desempenho médio, alta participação",False,
5215256,Novo Planalto,GO,Centro-Oeste,94.54,80.0,-14.54,100.0,0.091,0.091,0.091,baixo,False,"alto desempenho, alta participação",False,
3169604,Tupaciguara,MG,Sudeste,58.34,51.94,-6.4,89.02,0.091,0.089,0.091,baixo,False,"desempenho médio, alta participação",False,
4218954,Urupema,SC,Sul,36.34,80.0,43.66,86.67,0.091,0.093,0.091,baixo,False,"baixo desempenho, alta participação",True,
3136652,Juatuba,MG,Sudeste,68.53,58.1,-10.43,90.08,0.09,0.087,0.09,baixo,False,"alto desempenho, alta participação",False,
4304101,Campos Borges,RS,Sul,33.9,41.73,7.83,88.57,0.491,0.09,0.09,baixo,False,"baixo desempenho, alta participação",True,score sem o choque das enchentes de 2024
3126406,Fortuna de Minas,MG,Sudeste,90.83,66.0,-24.83,84.62,0.09,0.092,0.09,baixo,False,"alto desempenho, alta participação",False,
3169703,Turmalina,MG,Sudeste,73.78,62.45,-11.33,94.05,0.09,0.088,0.09,baixo,False,"alto desempenho, alta participação",False,
4309126,Gramado dos Loureiros,RS,Sul,37.5,45.15,7.65,80.0,0.487,0.09,0.09,baixo,False,"baixo desempenho, baixa participação",True,score sem o choque das enchentes de 2024
2307403,Jucás,CE,Nordeste,90.28,80.0,-10.28,99.29,0.089,0.088,0.089,baixo,False,"alto desempenho, alta participação",False,
5221197,Terezópolis de Goiás,GO,Centro-Oeste,71.39,65.07,-6.32,91.45,0.089,0.09,0.089,baixo,False,"desempenho médio, alta participação",False,
5206701,Damianópolis,GO,Centro-Oeste,83.93,73.5,-10.43,100.0,0.089,0.091,0.089,baixo,False,"alto desempenho, alta participação",False,
1715259,Novo Jardim,TO,Norte,61.24,37.88,-23.36,87.18,0.089,0.089,0.089,baixo,False,"alto desempenho, alta participação",False,
3147808,Passa Vinte,MG,Sudeste,77.27,67.24,-10.03,100.0,0.089,0.092,0.089,baixo,False,"alto desempenho, alta participação",False,
1704105,Centenário,TO,Norte,66.67,38.85,-27.82,88.24,0.089,0.089,0.089,baixo,False,"alto desempenho, alta participação",False,
3164407,São Sebastião da Bela Vista,MG,Sudeste,90.92,71.11,-19.81,93.75,0.089,0.088,0.089,baixo,False,"alto desempenho, alta participação",False,
3144375,Natalândia,MG,Sudeste,64.21,59.24,-4.97,94.12,0.089,0.091,0.089,baixo,False,"desempenho médio, alta participação",False,
5219605,Santa Tereza de Goiás,GO,Centro-Oeste,91.67,80.0,-11.67,100.0,0.088,0.089,0.088,baixo,False,"alto desempenho, alta participação",False,
2305704,Ipaumirim,CE,Nordeste,88.89,80.0,-8.89,100.0,0.088,0.088,0.088,baixo,False,"alto desempenho, alta participação",False,
3145455,Olhos-d'Água,MG,Sudeste,90.16,71.95,-18.21,96.88,0.088,0.087,0.088,baixo,False,"alto desempenho, alta participação",False,
4320354,Sentinela do Sul,RS,Sul,23.5,75.7,52.2,85.71,0.485,0.088,0.088,baixo,False,"baixo desempenho, alta participação",True,score sem o choque das enchentes de 2024
2501401,Baía da Traição,PB,Nordeste,44.76,37.3,-7.46,94.87,0.088,0.087,0.088,baixo,False,"desempenho médio, alta participação",False,
3136009,Joaíma,MG,Sudeste,64.1,54.86,-9.24,89.76,0.088,0.087,0.088,baixo,False,"alto desempenho, alta participação",False,
2509370,Mato Grosso,PB,Nordeste,18.18,52.66,34.48,78.57,0.088,0.092,0.088,baixo,False,"baixo desempenho, baixa participação",True,
2209351,Santana do Piauí,PI,Nordeste,68.1,47.35,-20.75,95.24,0.087,0.088,0.087,baixo,False,"alto desempenho, alta participação",False,
5213707,Montes Claros de Goiás,GO,Centro-Oeste,75.02,70.85,-4.17,100.0,0.087,0.087,0.087,baixo,False,"desempenho médio, alta participação",False,
3140506,Martinho Campos,MG,Sudeste,70.72,63.85,-6.87,98.89,0.087,0.086,0.087,baixo,False,"alto desempenho, alta participação",False,
2805901,Riachuelo,SE,Nordeste,31.48,25.46,-6.02,98.92,0.087,0.087,0.087,baixo,False,"baixo desempenho, alta participação",False,
1703602,Brasilândia do Tocantins,TO,Norte,68.9,44.56,-24.34,90.62,0.087,0.087,0.087,baixo,False,"alto desempenho, alta participação",False,
2807303,Telha,SE,Nordeste,42.47,32.81,-9.66,100.0,0.087,0.089,0.087,baixo,False,"desempenho médio, alta participação",False,
3112604,Capinópolis,MG,Sudeste,73.04,60.59,-12.45,91.05,0.086,0.084,0.086,baixo,False,"alto desempenho, alta participação",False,
5216304,Paranaiguara,GO,Centro-Oeste,97.01,80.0,-17.01,98.08,0.086,0.085,0.086,baixo,False,"alto desempenho, alta participação",False,
4316428,Sagrada Família,RS,Sul,43.8,79.16,35.36,100.0,0.48,0.086,0.086,baixo,False,"baixo desempenho, alta participação",True,score sem o choque das enchentes de 2024
3132107,Itacarambi,MG,Sudeste,72.78,59.42,-13.36,93.28,0.086,0.085,0.086,baixo,False,"alto desempenho, alta participação",False,
3169505,Tumiritinga,MG,Sudeste,74.58,56.54,-18.04,82.26,0.086,0.087,0.086,baixo,False,"alto desempenho, alta participação",False,
4320230,Sede Nova,RS,Sul,36.1,80.0,43.9,90.48,0.479,0.086,0.086,baixo,False,"baixo desempenho, alta participação",True,score sem o choque das enchentes de 2024
3201159,Brejetuba,ES,Sudeste,87.96,71.37,-16.59,92.53,0.086,0.085,0.086,baixo,False,"alto desempenho, alta participação",False,
3158508,Santana de Pirapama,MG,Sudeste,64.47,55.99,-8.48,94.87,0.086,0.086,0.086,baixo,False,"alto desempenho, alta participação",False,
2209955,São João da Varjota,PI,Nordeste,86.96,62.25,-24.71,100.0,0.086,0.085,0.086,baixo,False,"alto desempenho, alta participação",False,
3165701,Senador Firmino,MG,Sudeste,91.79,70.7,-21.09,98.84,0.085,0.085,0.085,baixo,False,"alto desempenho, alta participação",False,
3513850,Dirce Reis,SP,Sudeste,84.62,57.46,-27.16,92.86,0.085,0.088,0.085,baixo,False,"alto desempenho, alta participação",False,
3119906,Córrego do Bom Jesus,MG,Sudeste,100.0,75.69,-24.31,96.23,0.085,0.086,0.085,baixo,False,"alto desempenho, alta participação",False,
3115003,Cascalho Rico,MG,Sudeste,85.84,69.08,-16.76,90.32,0.085,0.086,0.085,baixo,False,"alto desempenho, alta participação",False,
5106455,Planalto da Serra,MT,Centro-Oeste,90.32,65.58,-24.74,95.31,0.085,0.085,0.085,baixo,False,"alto desempenho, alta participação",False,
4311130,Jari,RS,Sul,36.4,44.16,7.76,84.0,0.478,0.085,0.085,baixo,False,"baixo desempenho, baixa participação",True,score sem o choque das enchentes de 2024
2306504,Itapiúna,CE,Nordeste,92.57,80.0,-12.57,98.86,0.085,0.084,0.085,baixo,False,"alto desempenho, alta participação",False,
2201988,Brejo do Piauí,PI,Nordeste,95.35,60.0,-35.35,100.0,0.084,0.083,0.084,baixo,False,"alto desempenho, alta participação",False,
5213855,Morro Agudo de Goiás,GO,Centro-Oeste,96.88,80.0,-16.88,100.0,0.084,0.086,0.084,baixo,False,"alto desempenho, alta participação",False,
4300901,Aratiba,RS,Sul,39.2,80.0,40.8,93.18,0.481,0.084,0.084,baixo,False,"baixo desempenho, alta participação",True,score sem o choque das enchentes de 2024
5219712,Santo Antônio da Barra,GO,Centro-Oeste,91.64,80.0,-11.64,93.59,0.084,0.084,0.084,baixo,False,"alto desempenho, alta participação",False,
1715705,Palmeirante,TO,Norte,31.27,22.17,-9.1,83.51,0.084,0.084,0.084,baixo,False,"baixo desempenho, baixa participação",False,
3130507,Ilicínea,MG,Sudeste,65.15,56.97,-8.18,92.26,0.084,0.083,0.084,baixo,False,"alto desempenho, alta participação",False,
5212055,Jesúpolis,GO,Centro-Oeste,100.0,80.0,-20.0,100.0,0.084,0.086,0.084,baixo,False,"alto desempenho, alta participação",False,
3119302,Coromandel,MG,Sudeste,63.22,54.04,-9.18,91.18,0.084,0.081,0.084,baixo,False,"alto desempenho, alta participação",False,
3138500,Liberdade,MG,Sudeste,71.21,63.95,-7.26,92.68,0.084,0.085,0.084,baixo,False,"alto desempenho, alta participação",False,
5214838,Nova Crixás,GO,Centro-Oeste,71.87,69.39,-2.48,97.95,0.084,0.082,0.084,baixo,False,"desempenho médio, alta participação",False,
3120003,Córrego Novo,MG,Sudeste,62.81,57.48,-5.33,91.43,0.083,0.087,0.083,baixo,False,"desempenho médio, alta participação",False,
3126802,Frei Gaspar,MG,Sudeste,69.89,61.02,-8.87,98.7,0.083,0.084,0.083,baixo,False,"alto desempenho, alta participação",False,
2301109,Aracati,CE,Nordeste,91.16,80.0,-11.16,98.83,0.083,0.081,0.083,baixo,False,"alto desempenho, alta participação",False,
2210938,Sussuapara,PI,Nordeste,55.84,42.28,-13.56,96.88,0.083,0.083,0.083,baixo,False,"alto desempenho, alta participação",False,
3146503,Pains,MG,Sudeste,86.83,71.49,-15.34,98.59,0.083,0.081,0.083,baixo,False,"alto desempenho, alta participação",False,
5006903,Porto Murtinho,MS,Centro-Oeste,67.46,45.19,-22.27,86.04,0.083,0.082,0.083,baixo,False,"alto desempenho, alta participação",False,
5210158,Ipiranga de Goiás,GO,Centro-Oeste,96.55,80.0,-16.55,96.55,0.083,0.084,0.083,baixo,False,"alto desempenho, alta participação",False,
4321634,Três Arroios,RS,Sul,40.0,80.0,40.0,100.0,0.468,0.083,0.083,baixo,False,"baixo desempenho, alta participação",True,score sem o choque das enchentes de 2024
2309102,Mulungu,CE,Nordeste,88.89,80.0,-8.89,100.0,0.082,0.083,0.082,baixo,False,"alto desempenho, alta participação",False,
1718550,Riachinho,TO,Norte,54.32,36.89,-17.43,91.07,0.082,0.081,0.082,baixo,False,"alto desempenho, alta participação",False,
3108909,Brazópolis,MG,Sudeste,79.14,60.36,-18.78,88.69,0.082,0.08,0.082,baixo,False,"alto desempenho, alta participação",False,
2302503,Brejo Santo,CE,Nordeste,95.4,80.0,-15.4,97.79,0.081,0.08,0.081,baixo,False,"alto desempenho, alta participação",False,
3117504,Conceição do Mato Dentro,MG,Sudeste,82.33,65.66,-16.67,85.71,0.081,0.077,0.081,baixo,False,"alto desempenho, alta participação",False,
3127008,Fronteira,MG,Sudeste,76.16,61.73,-14.43,93.75,0.081,0.078,0.081,baixo,False,"alto desempenho, alta participação",False,
4311643,Linha Nova,RS,Sul,41.2,80.0,38.8,100.0,0.459,0.081,0.081,baixo,False,"baixo desempenho, alta participação",True,score sem o choque das enchentes de 2024
3145356,Novo Oriente de Minas,MG,Sudeste,62.37,56.26,-6.11,96.92,0.081,0.081,0.081,baixo,False,"desempenho médio, alta participação",False,
2206753,Nossa Senhora de Nazaré,PI,Nordeste,95.24,37.31,-57.93,100.0,0.081,0.08,0.081,baixo,False,"alto desempenho, alta participação",False,
4312476,Morro Reuter,RS,Sul,76.9,60.83,-16.07,100.0,0.474,0.081,0.081,baixo,False,"alto desempenho, alta participação",False,score sem o choque das enchentes de 2024
3202108,Ecoporanga,ES,Sudeste,94.7,72.6,-22.1,92.27,0.081,0.079,0.081,baixo,False,"alto desempenho, alta participação",False,
3168903,Tiros,MG,Sudeste,81.76,66.01,-15.75,95.38,0.081,0.08,0.081,baixo,False,"alto desempenho, alta participação",False,
3159100,Santana dos Montes,MG,Sudeste,94.44,67.4,-27.04,90.0,0.08,0.081,0.08,baixo,False,"alto desempenho, alta participação",False,
3104403,Argirita,MG,Sudeste,89.33,63.26,-26.07,77.78,0.08,0.082,0.08,baixo,False,"alto desempenho, alta participação",False,
3102852,Angelândia,MG,Sudeste,84.97,66.32,-18.65,95.6,0.08,0.08,0.08,baixo,False,"alto desempenho, alta participação",False,
5103361,Conquista D'Oeste,MT,Centro-Oeste,69.46,53.29,-16.17,89.39,0.08,0.08,0.08,baixo,False,"alto desempenho, alta participação",False,
4320859,Tabaí,RS,Sul,24.7,66.3,41.6,83.67,0.458,0.08,0.08,baixo,False,"baixo desempenho, alta participação",True,score sem o choque das enchentes de 2024
5200902,Amorinópolis,GO,Centro-Oeste,80.65,73.63,-7.02,100.0,0.08,0.081,0.08,baixo,False,"alto desempenho, alta participação",False,
5212956,Matrinchã,GO,Centro-Oeste,52.82,66.31,13.49,93.85,0.08,0.082,0.08,baixo,False,"baixo desempenho, alta participação",True,
5204300,Caçu,GO,Centro-Oeste,91.38,75.3,-16.08,95.16,0.079,0.076,0.079,baixo,False,"alto desempenho, alta participação",False,
3143203,Monte Santo de Minas,MG,Sudeste,61.59,54.24,-7.35,94.57,0.079,0.078,0.079,baixo,False,"desempenho médio, alta participação",False,
2210383,São Miguel da Baixa Grande,PI,Nordeste,80.0,39.61,-40.39,88.24,0.079,0.081,0.079,baixo,False,"alto desempenho, alta participação",False,
3164209,São Romão,MG,Sudeste,77.76,60.42,-17.34,92.47,0.079,0.078,0.079,baixo,False,"alto desempenho, alta participação",False,
3119955,Córrego Fundo,MG,Sudeste,96.07,72.83,-23.24,88.14,0.079,0.078,0.079,baixo,False,"alto desempenho, alta participação",False,
2313500,Trairi,CE,Nordeste,91.78,80.0,-11.78,98.43,0.079,0.077,0.079,baixo,False,"alto desempenho, alta participação",False,
5219209,Santa Cruz de Goiás,GO,Centro-Oeste,85.78,74.87,-10.91,93.33,0.079,0.08,0.079,baixo,False,"alto desempenho, alta participação",False,
4313953,Pantano Grande,RS,Sul,25.7,74.82,49.12,82.14,0.461,0.079,0.079,baixo,False,"baixo desempenho, alta participação",True,score sem o choque das enchentes de 2024
4310462,Ipiranga do Sul,RS,Sul,44.4,80.0,35.6,100.0,0.455,0.079,0.079,baixo,False,"baixo desempenho, alta participação",True,score sem o choque das enchentes de 2024
2209971,São João do Arraial,PI,Nordeste,87.8,47.73,-40.07,98.29,0.079,0.077,0.079,baixo,False,"alto desempenho, alta participação",False,
3170651,Vargem Grande do Rio Pardo,MG,Sudeste,89.89,67.59,-22.3,98.0,0.079,0.079,0.079,baixo,False,"alto desempenho, alta participação",False,
3127057,Fronteira dos Vales,MG,Sudeste,58.66,50.6,-8.06,85.29,0.078,0.081,0.078,baixo,False,"desempenho médio, alta participação",False,
5212808,Mara Rosa,GO,Centro-Oeste,87.78,72.86,-14.92,94.24,0.078,0.077,0.078,baixo,False,"alto desempenho, alta participação",False,
5209952,Indiara,GO,Centro-Oeste,82.75,71.23,-11.52,98.41,0.078,0.076,0.078,baixo,False,"alto desempenho, alta participação",False,
2314003,Várzea Alegre,CE,Nordeste,90.9,80.0,-10.9,99.06,0.078,0.076,0.078,baixo,False,"alto desempenho, alta participação",False,
2203354,Dirceu Arcoverde,PI,Nordeste,11.96,47.45,35.49,88.0,0.078,0.08,0.078,baixo,False,"baixo desempenho, alta participação",True,
2201150,Baixa Grande do Ribeiro,PI,Nordeste,81.06,58.82,-22.24,98.53,0.078,0.074,0.078,baixo,False,"alto desempenho, alta participação",False,
2312403,São Gonçalo do Amarante,CE,Nordeste,85.78,80.0,-5.78,98.91,0.078,0.074,0.078,baixo,False,"alto desempenho, alta participação",False,
2400505,Alexandria,RN,Nordeste,58.98,33.21,-25.77,87.58,0.078,0.075,0.078,baixo,False,"alto desempenho, alta participação",False,
3153509,Alto Jequitibá,MG,Sudeste,78.73,60.34,-18.39,88.89,0.078,0.077,0.078,baixo,False,"alto desempenho, alta participação",False,
4306924,Engenho Velho,RS,Sul,41.2,77.83,36.63,100.0,0.444,0.078,0.078,baixo,False,"baixo desempenho, alta participação",True,score sem o choque das enchentes de 2024
3547007,Santa Maria da Serra,SP,Sudeste,86.98,60.01,-26.97,94.67,0.077,0.077,0.077,baixo,False,"alto desempenho, alta participação",False,
2301950,Barreira,CE,Nordeste,91.15,80.0,-11.15,99.67,0.077,0.077,0.077,baixo,False,"alto desempenho, alta participação",False,
2111078,São João do Soter,MA,Nordeste,53.45,39.83,-13.62,96.99,0.077,0.077,0.077,baixo,False,"alto desempenho, alta participação",False,
3153103,Presidente Bernardes,MG,Sudeste,88.0,64.6,-23.4,92.59,0.077,0.077,0.077,baixo,False,"alto desempenho, alta participação",False,
3149408,Pedro Teixeira,MG,Sudeste,100.0,80.0,-20.0,100.0,0.076,0.078,0.076,baixo,False,"alto desempenho, alta participação",False,
2311504,Quixeré,CE,Nordeste,93.13,80.0,-13.13,97.77,0.076,0.075,0.076,baixo,False,"alto desempenho, alta participação",False,
3515806,Flora Rica,SP,Sudeste,27.27,44.79,17.52,100.0,0.076,0.081,0.076,baixo,False,"baixo desempenho, alta participação",True,
2205102,Itaueira,PI,Nordeste,85.9,40.54,-45.36,98.46,0.076,0.074,0.076,baixo,False,"alto desempenho, alta participação",False,
2804706,Nossa Senhora de Lourdes,SE,Nordeste,58.77,34.69,-24.08,98.36,0.076,0.076,0.076,baixo,False,"alto desempenho, alta participação",False,
3533205,Nova Independência,SP,Sudeste,88.79,59.63,-29.16,95.74,0.076,0.076,0.076,baixo,False,"alto desempenho, alta participação",False,
2802601,Graccho Cardoso,SE,Nordeste,16.67,35.57,18.9,100.0,0.075,0.076,0.075,baixo,False,"baixo desempenho, alta participação",True,
2202653,Caxingó,PI,Nordeste,46.21,35.94,-10.27,97.73,0.075,0.076,0.075,baixo,False,"alto desempenho, alta participação",False,
3107208,Bocaina de Minas,MG,Sudeste,73.33,59.77,-13.56,96.36,0.075,0.076,0.075,baixo,False,"alto desempenho, alta participação",False,
3145604,Oliveira,MG,Sudeste,80.67,59.6,-21.07,91.47,0.075,0.071,0.075,baixo,False,"alto desempenho, alta participação",False,
3155108,Rio do Prado,MG,Sudeste,76.19,61.78,-14.41,96.49,0.075,0.076,0.075,baixo,False,"alto desempenho, alta participação",False,
5214002,Mozarlândia,GO,Centro-Oeste,66.57,60.6,-5.97,92.61,0.075,0.073,0.075,baixo,False,"desempenho médio, alta participação",False,
2313302,Tauá,CE,Nordeste,92.01,80.0,-12.01,98.87,0.075,0.073,0.075,baixo,False,"alto desempenho, alta participação",False,
2508109,Lagoa,PB,Nordeste,59.38,40.4,-18.98,88.24,0.075,0.075,0.075,baixo,False,"alto desempenho, alta participação",False,
3116803,Coluna,MG,Sudeste,91.21,69.19,-22.02,93.9,0.075,0.074,0.075,baixo,False,"alto desempenho, alta participação",False,
2609303,Mirandiba,PE,Nordeste,57.83,49.2,-8.63,98.81,0.075,0.074,0.075,baixo,False,"alto desempenho, alta participação",False,
2108702,Pio XII,MA,Nordeste,63.6,40.27,-23.33,88.66,0.074,0.074,0.074,baixo,False,"alto desempenho, alta participação",False,
3101300,Alagoa,MG,Sudeste,89.66,71.13,-18.53,100.0,0.074,0.076,0.074,baixo,False,"alto desempenho, alta participação",False,
5207352,Edealina,GO,Centro-Oeste,90.91,77.65,-13.26,100.0,0.074,0.074,0.074,baixo,False,"alto desempenho, alta participação",False,
2302800,Canindé,CE,Nordeste,95.0,80.0,-15.0,98.89,0.074,0.072,0.074,baixo,False,"alto desempenho, alta participação",False,
4211850,Ouro Verde,SC,Sul,66.67,55.97,-10.7,88.24,0.074,0.075,0.074,baixo,False,"alto desempenho, alta participação",False,
4311270,Lagoa dos Três Cantos,RS,Sul,36.0,67.76,31.76,96.15,0.436,0.074,0.074,baixo,False,"baixo desempenho, alta participação",True,score sem o choque das enchentes de 2024
2204154,Francisco Macedo,PI,Nordeste,95.24,66.09,-29.15,100.0,0.074,0.073,0.074,baixo,False,"alto desempenho, alta participação",False,
2514008,São João do Cariri,PB,Nordeste,60.71,44.44,-16.27,97.62,0.074,0.074,0.074,baixo,False,"alto desempenho, alta participação",False,
3119005,Cordislândia,MG,Sudeste,73.53,57.79,-15.74,89.47,0.073,0.075,0.073,baixo,False,"alto desempenho, alta participação",False,
3123007,Dores de Campos,MG,Sudeste,76.43,62.95,-13.48,98.06,0.073,0.072,0.073,baixo,False,"alto desempenho, alta participação",False,
3144656,Ninheira,MG,Sudeste,77.17,59.27,-17.9,95.65,0.073,0.073,0.073,baixo,False,"alto desempenho, alta participação",False,
2306553,Itarema,CE,Nordeste,92.49,80.0,-12.49,98.7,0.073,0.071,0.073,baixo,False,"alto desempenho, alta participação",False,
3555604,Uchoa,SP,Sudeste,87.56,56.14,-31.42,87.5,0.073,0.071,0.073,baixo,False,"alto desempenho, alta participação",False,
3156403,Romaria,MG,Sudeste,70.69,64.99,-5.7,97.37,0.073,0.073,0.073,baixo,False,"desempenho médio, alta participação",False,
1704600,Chapada de Areia,TO,Norte,6.25,59.77,53.52,76.19,0.073,0.076,0.073,baixo,False,"baixo desempenho, baixa participação",True,
5205406,Ceres,GO,Centro-Oeste,94.51,80.0,-14.51,100.0,0.073,0.07,0.073,baixo,False,"alto desempenho, alta participação",False,
3122470,Dom Bosco,MG,Sudeste,84.62,63.54,-21.08,92.86,0.072,0.073,0.072,baixo,False,"alto desempenho, alta participação",False,
2517001,Umbuzeiro,PB,Nordeste,79.38,51.38,-28.0,91.74,0.072,0.07,0.072,baixo,False,"alto desempenho, alta participação",False,
4302600,Braga,RS,Sul,20.0,52.66,32.66,83.33,0.426,0.071,0.071,baixo,False,"baixo desempenho, alta participação",True,score sem o choque das enchentes de 2024
2400604,Almino Afonso,RN,Nordeste,21.43,25.17,3.74,100.0,0.071,0.072,0.071,baixo,False,"baixo desempenho, alta participação",False,
3106606,Bertópolis,MG,Sudeste,85.02,66.15,-18.87,95.24,0.071,0.072,0.071,baixo,False,"alto desempenho, alta participação",False,
5212006,Jaupaci,GO,Centro-Oeste,100.0,80.0,-20.0,100.0,0.071,0.072,0.071,baixo,False,"alto desempenho, alta participação",False,
3156809,Sabinópolis,MG,Sudeste,60.64,53.09,-7.55,93.88,0.071,0.07,0.071,baixo,False,"desempenho médio, alta participação",False,
3200359,Alto Rio Novo,ES,Sudeste,83.48,69.58,-13.9,96.84,0.071,0.071,0.071,baixo,False,"alto desempenho, alta participação",False,
3163102,São José da Varginha,MG,Sudeste,82.68,63.26,-19.42,93.88,0.071,0.071,0.071,baixo,False,"alto desempenho, alta participação",False,
3138708,Luminárias,MG,Sudeste,97.5,71.31,-26.19,95.35,0.071,0.07,0.071,baixo,False,"alto desempenho, alta participação",False,
3115904,Chácara,MG,Sudeste,44.9,43.78,-1.12,85.96,0.07,0.074,0.07,baixo,False,"baixo desempenho, baixa participação",False,
5201306,Anicuns,GO,Centro-Oeste,98.09,80.0,-18.09,98.76,0.07,0.067,0.07,baixo,False,"alto desempenho, alta participação",False,
2500403,Alagoa Nova,PB,Nordeste,89.39,51.87,-37.52,98.74,0.07,0.066,0.07,baixo,False,"alto desempenho, alta participação",False,
5215405,Ouro Verde de Goiás,GO,Centro-Oeste,96.61,80.0,-16.61,100.0,0.07,0.07,0.07,baixo,False,"alto desempenho, alta participação",False,
5001508,Bandeirantes,MS,Centro-Oeste,52.42,41.27,-11.15,90.78,0.07,0.07,0.07,baixo,False,"alto desempenho, alta participação",False,
3116100,Chapada do Norte,MG,Sudeste,66.15,53.49,-12.66,96.0,0.07,0.069,0.07,baixo,False,"alto desempenho, alta participação",False,
4323507,Vista Alegre,RS,Sul,33.3,80.0,46.7,90.0,0.421,0.07,0.07,baixo,False,"baixo desempenho, alta participação",True,score sem o choque das enchentes de 2024
2507002,Itaporanga,PB,Nordeste,48.7,33.43,-15.27,93.68,0.07,0.068,0.07,baixo,False,"alto desempenho, alta participação",False,
2306009,Iracema,CE,Nordeste,84.18,80.0,-4.18,100.0,0.069,0.069,0.069,baixo,False,"desempenho médio, alta participação",False,
5202601,Aurilândia,GO,Centro-Oeste,93.75,77.18,-16.57,100.0,0.069,0.07,0.069,baixo,False,"alto desempenho, alta participação",False,
3536570,Paulistânia,SP,Sudeste,73.68,51.35,-22.33,95.0,0.069,0.072,0.069,baixo,False,"alto desempenho, alta participação",False,
3171808,Virginópolis,MG,Sudeste,65.62,55.67,-9.95,93.23,0.069,0.069,0.069,baixo,False,"alto desempenho, alta participação",False,
4321303,Taquari,RS,Sul,13.2,59.5,46.3,72.29,0.428,0.069,0.069,baixo,False,"baixo desempenho, baixa participação",True,score sem o choque das enchentes de 2024
3160504,Santo Antônio do Rio Abaixo,MG,Sudeste,91.67,66.5,-25.17,100.0,0.069,0.071,0.069,baixo,False,"alto desempenho, alta participação",False,
2604205,Catende,PE,Nordeste,21.83,56.0,34.17,91.75,0.068,0.068,0.068,baixo,False,"baixo desempenho, alta participação",True,
3139300,Manga,MG,Sudeste,41.04,39.5,-1.54,84.62,0.068,0.068,0.068,baixo,False,"baixo desempenho, baixa participação",False,
2303303,Cariús,CE,Nordeste,95.26,80.0,-15.26,98.25,0.068,0.067,0.068,baixo,False,"alto desempenho, alta participação",False,
3140852,Matias Cardoso,MG,Sudeste,31.08,50.92,19.84,86.15,0.068,0.069,0.068,baixo,False,"baixo desempenho, alta participação",True,
5218706,Rianápolis,GO,Centro-Oeste,100.0,77.58,-22.42,98.25,0.068,0.068,0.068,baixo,False,"alto desempenho, alta participação",False,
2514602,São José do Bonfim,PB,Nordeste,29.62,26.33,-3.29,91.18,0.068,0.07,0.068,baixo,False,"baixo desempenho, alta participação",False,
4306320,Derrubadas,RS,Sul,80.0,59.58,-20.42,100.0,0.421,0.068,0.068,baixo,False,"alto desempenho, alta participação",False,score sem o choque das enchentes de 2024
2311603,Redenção,CE,Nordeste,92.45,80.0,-12.45,100.0,0.068,0.066,0.068,baixo,False,"alto desempenho, alta participação",False,
4314209,Pedro Osório,RS,Sul,22.3,71.61,49.31,82.93,0.417,0.067,0.067,baixo,False,"baixo desempenho, alta participação",True,score sem o choque das enchentes de 2024
4202503,Bom Jardim da Serra,SC,Sul,28.72,53.12,24.4,77.78,0.067,0.068,0.067,baixo,False,"baixo desempenho, baixa participação",True,
3512704,Corumbataí,SP,Sudeste,84.16,55.31,-28.85,91.67,0.067,0.067,0.067,baixo,False,"alto desempenho, alta participação",False,
3149150,Pedras de Maria da Cruz,MG,Sudeste,46.09,43.65,-2.44,86.21,0.067,0.068,0.067,baixo,False,"baixo desempenho, baixa participação",False,
2612901,São Benedito do Sul,PE,Nordeste,71.07,48.5,-22.57,93.42,0.067,0.067,0.067,baixo,False,"alto desempenho, alta participação",False,
3122454,Divisópolis,MG,Sudeste,72.43,54.46,-17.97,90.7,0.067,0.067,0.067,baixo,False,"alto desempenho, alta participação",False,
3124807,Estrela do Sul,MG,Sudeste,69.36,57.58,-11.78,95.45,0.067,0.066,0.067,baixo,False,"alto desempenho, alta participação",False,
2308500,Mombaça,CE,Nordeste,93.51,80.0,-13.51,99.76,0.066,0.064,0.066,baixo,False,"alto desempenho, alta participação",False,
2310100,Palmácia,CE,Nordeste,94.31,80.0,-14.31,100.0,0.066,0.066,0.066,baixo,False,"alto desempenho, alta participação",False,
3110905,Campanha,MG,Sudeste,64.8,54.1,-10.7,94.01,0.066,0.064,0.066,baixo,False,"alto desempenho, alta participação",False,
1718709,Rio dos Bois,TO,Norte,46.58,32.95,-13.63,92.86,0.066,0.066,0.066,baixo,False,"alto desempenho, alta participação",False,
5005152,Juti,MS,Centro-Oeste,47.67,38.18,-9.49,88.4,0.066,0.066,0.066,baixo,False,"desempenho médio, alta participação",False,
5200506,Aloândia,GO,Centro-Oeste,90.91,80.0,-10.91,100.0,0.065,0.067,0.065,baixo,False,"alto desempenho, alta participação",False,
4314464,Pinhal da Serra,RS,Sul,35.3,75.92,40.62,85.0,0.404,0.065,0.065,baixo,False,"baixo desempenho, alta participação",True,score sem o choque das enchentes de 2024
4300307,Alecrim,RS,Sul,33.3,41.39,8.09,92.31,0.408,0.065,0.065,baixo,False,"baixo desempenho, alta participação",True,score sem o choque das enchentes de 2024
2313757,Umirim,CE,Nordeste,82.27,71.75,-10.52,99.52,0.065,0.065,0.065,baixo,False,"alto desempenho, alta participação",False,
3148756,Pedra Bonita,MG,Sudeste,91.18,67.41,-23.77,100.0,0.065,0.064,0.065,baixo,False,"alto desempenho, alta participação",False,
5219902,São Francisco de Goiás,GO,Centro-Oeste,75.57,65.8,-9.77,99.07,0.065,0.065,0.065,baixo,False,"alto desempenho, alta participação",False,
5213756,Montividiu,GO,Centro-Oeste,78.69,70.45,-8.24,99.34,0.064,0.062,0.064,baixo,False,"alto desempenho, alta participação",False,
5212709,Mambaí,GO,Centro-Oeste,68.27,60.06,-8.21,95.45,0.064,0.065,0.064,baixo,False,"alto desempenho, alta participação",False,
4315057,Porto Mauá,RS,Sul,95.2,53.45,-41.75,88.0,0.408,0.064,0.064,baixo,False,"alto desempenho, alta participação",False,score sem o choque das enchentes de 2024
3143450,Montezuma,MG,Sudeste,88.98,62.64,-26.34,92.86,0.064,0.064,0.064,baixo,False,"alto desempenho, alta participação",False,
4204178,Cerro Negro,SC,Sul,49.84,43.88,-5.96,86.67,0.064,0.065,0.064,baixo,False,"desempenho médio, alta participação",False,
5219506,Santa Rosa de Goiás,GO,Centro-Oeste,100.0,80.0,-20.0,100.0,0.064,0.065,0.064,baixo,False,"alto desempenho, alta participação",False,
3146206,Ouro Verde de Minas,MG,Sudeste,78.41,60.63,-17.78,93.62,0.064,0.064,0.064,baixo,False,"alto desempenho, alta participação",False,
5106174,Nova Nazaré,MT,Centro-Oeste,85.25,56.85,-28.4,87.1,0.064,0.064,0.064,baixo,False,"alto desempenho, alta participação",False,
2304285,Eusébio,CE,Nordeste,93.91,80.0,-13.91,97.53,0.064,0.062,0.064,baixo,False,"alto desempenho, alta participação",False,
3120508,Cristina,MG,Sudeste,81.73,63.72,-18.01,97.71,0.064,0.063,0.064,baixo,False,"alto desempenho, alta participação",False,
3532868,Nova Castilho,SP,Sudeste,25.0,52.66,27.66,85.71,0.064,0.068,0.064,baixo,False,"baixo desempenho, alta participação",True,
3170909,Varzelândia,MG,Sudeste,73.78,57.53,-16.25,94.29,0.063,0.062,0.063,baixo,False,"alto desempenho, alta participação",False,
3163508,São José do Jacuri,MG,Sudeste,81.45,63.35,-18.1,96.49,0.063,0.063,0.063,baixo,False,"alto desempenho, alta participação",False,
3157658,Santa Helena de Minas,MG,Sudeste,90.81,66.05,-24.76,97.78,0.063,0.063,0.063,baixo,False,"alto desempenho, alta participação",False,
3152907,Pratápolis,MG,Sudeste,88.36,68.22,-20.14,94.52,0.063,0.062,0.063,baixo,False,"alto desempenho, alta participação",False,
3127339,Gameleiras,MG,Sudeste,53.85,53.89,0.04,100.0,0.063,0.065,0.063,baixo,False,"desempenho médio, alta participação",False,
3129657,Ibiracatu,MG,Sudeste,37.74,69.35,31.61,96.97,0.063,0.065,0.063,baixo,False,"baixo desempenho, alta participação",True,
3139250,Mamonas,MG,Sudeste,65.94,52.75,-13.19,93.15,0.063,0.064,0.063,baixo,False,"alto desempenho, alta participação",False,
5204953,Campos Verdes,GO,Centro-Oeste,82.8,68.96,-13.84,96.15,0.063,0.065,0.063,baixo,False,"alto desempenho, alta participação",False,
3162252,São João da Lagoa,MG,Sudeste,77.83,59.75,-18.08,96.23,0.063,0.064,0.063,baixo,False,"alto desempenho, alta participação",False,
2512036,Poço Dantas,PB,Nordeste,81.67,38.76,-42.91,91.49,0.063,0.063,0.063,baixo,False,"alto desempenho, alta participação",False,
5201603,Araçu,GO,Centro-Oeste,93.21,78.08,-15.13,95.83,0.063,0.063,0.063,baixo,False,"alto desempenho, alta participação",False,
2304459,Fortim,CE,Nordeste,93.28,80.0,-13.28,90.0,0.063,0.062,0.063,baixo,False,"alto desempenho, alta participação",False,
3109402,Buritizeiro,MG,Sudeste,62.63,50.93,-11.7,91.47,0.063,0.061,0.063,baixo,False,"alto desempenho, alta participação",False,
3118502,Consolação,MG,Sudeste,38.89,68.16,29.27,94.74,0.062,0.066,0.062,baixo,False,"baixo desempenho, alta participação",True,
3143005,Monte Belo,MG,Sudeste,80.85,59.92,-20.93,92.16,0.062,0.061,0.062,baixo,False,"alto desempenho, alta participação",False,
3100104,Abadia dos Dourados,MG,Sudeste,96.07,67.44,-28.63,92.86,0.062,0.061,0.062,baixo,False,"alto desempenho, alta participação",False,
5214705,Nova América,GO,Centro-Oeste,95.24,80.0,-15.24,100.0,0.062,0.063,0.062,baixo,False,"alto desempenho, alta participação",False,
2504207,Catingueira,PB,Nordeste,96.08,47.09,-48.99,98.04,0.062,0.06,0.062,baixo,False,"alto desempenho, alta participação",False,
3131000,Inhaúma,MG,Sudeste,77.62,57.68,-19.94,90.67,0.062,0.062,0.062,baixo,False,"alto desempenho, alta participação",False,
3162922,São Joaquim de Bicas,MG,Sudeste,82.15,58.52,-23.63,87.14,0.062,0.059,0.062,baixo,False,"alto desempenho, alta participação",False,
4107520,Esperança Nova,PR,Sul,71.04,54.21,-16.83,96.88,0.062,0.064,0.062,baixo,False,"alto desempenho, alta participação",False,
5221502,Turvânia,GO,Centro-Oeste,80.7,74.86,-5.84,100.0,0.061,0.062,0.061,baixo,False,"alto desempenho, alta participação",False,
3169208,Tombos,MG,Sudeste,80.55,64.39,-16.16,97.1,0.061,0.061,0.061,baixo,False,"alto desempenho, alta participação",False,
5107578,Rondolândia,MT,Centro-Oeste,71.43,43.98,-27.45,78.57,0.061,0.062,0.061,baixo,False,"alto desempenho, alta participação",False,
3141900,Minduri,MG,Sudeste,76.32,61.07,-15.25,92.11,0.061,0.062,0.061,baixo,False,"alto desempenho, alta participação",False,
2302602,Camocim,CE,Nordeste,94.08,80.0,-14.08,99.07,0.061,0.06,0.061,baixo,False,"alto desempenho, alta participação",False,
4311627,Lindolfo Collor,RS,Sul,36.1,71.5,35.4,100.0,0.395,0.061,0.061,baixo,False,"baixo desempenho, alta participação",True,score sem o choque das enchentes de 2024
4215687,Santa Terezinha do Progresso,SC,Sul,95.83,62.58,-33.25,92.31,0.061,0.061,0.061,baixo,False,"alto desempenho, alta participação",False,
2515609,Serra da Raiz,PB,Nordeste,48.92,32.81,-16.11,90.62,0.061,0.063,0.061,baixo,False,"alto desempenho, alta participação",False,
3121100,Delfim Moreira,MG,Sudeste,93.02,68.79,-24.23,100.0,0.061,0.06,0.061,baixo,False,"alto desempenho, alta participação",False,
2311207,Potengi,CE,Nordeste,91.04,80.0,-11.04,100.0,0.06,0.061,0.06,baixo,False,"alto desempenho, alta participação",False,
5108857,Nova Marilândia,MT,Centro-Oeste,80.62,55.67,-24.95,93.94,0.06,0.06,0.06,baixo,False,"alto desempenho, alta participação",False,
1700400,Almas,TO,Norte,48.18,31.16,-17.02,96.18,0.06,0.058,0.06,baixo,False,"alto desempenho, alta participação",False,
3171006,Vazante,MG,Sudeste,71.85,55.46,-16.39,90.91,0.06,0.058,0.06,baixo,False,"alto desempenho, alta participação",False,
5219100,Santa Bárbara de Goiás,GO,Centro-Oeste,100.0,78.78,-21.22,94.25,0.059,0.059,0.059,baixo,False,"alto desempenho, alta participação",False,
4310652,Itati,RS,Sul,71.4,57.95,-13.45,95.24,0.385,0.059,0.059,baixo,False,"alto desempenho, alta participação",False,score sem o choque das enchentes de 2024
2306801,Jaguaribara,CE,Nordeste,93.88,80.0,-13.88,100.0,0.059,0.059,0.059,baixo,False,"alto desempenho, alta participação",False,
5206503,Cromínia,GO,Centro-Oeste,72.38,63.76,-8.62,89.8,0.059,0.06,0.059,baixo,False,"alto desempenho, alta participação",False,
5106281,Novo São Joaquim,MT,Centro-Oeste,94.16,65.72,-28.44,91.51,0.059,0.057,0.059,baixo,False,"alto desempenho, alta participação",False,
3134509,Itutinga,MG,Sudeste,76.33,60.71,-15.62,91.43,0.059,0.059,0.059,baixo,False,"alto desempenho, alta participação",False,
2310704,Pentecoste,CE,Nordeste,91.29,80.0,-11.29,98.89,0.059,0.057,0.059,baixo,False,"alto desempenho, alta participação",False,
3126000,Florestal,MG,Sudeste,85.73,64.61,-21.12,93.98,0.059,0.058,0.059,baixo,False,"alto desempenho, alta participação",False,
2209609,São Félix do Piauí,PI,Nordeste,64.29,49.29,-15.0,100.0,0.058,0.059,0.058,baixo,False,"alto desempenho, alta participação",False,
3114907,Casa Grande,MG,Sudeste,94.12,72.3,-21.82,100.0,0.058,0.059,0.058,baixo,False,"alto desempenho, alta participação",False,
4316436,Saldanha Marinho,RS,Sul,69.6,54.75,-14.85,100.0,0.381,0.058,0.058,baixo,False,"alto desempenho, alta participação",False,score sem o choque das enchentes de 2024
2300200,Acaraú,CE,Nordeste,97.71,80.0,-17.71,95.54,0.058,0.056,0.058,baixo,False,"alto desempenho, alta participação",False,
2313252,Tarrafas,CE,Nordeste,91.6,80.0,-11.6,95.1,0.058,0.058,0.058,baixo,False,"alto desempenho, alta participação",False,
5200134,Acreúna,GO,Centro-Oeste,81.48,65.5,-15.98,93.91,0.058,0.056,0.058,baixo,False,"alto desempenho, alta participação",False,
3109600,Cachoeira da Prata,MG,Sudeste,80.0,61.41,-18.59,92.59,0.058,0.059,0.058,baixo,False,"alto desempenho, alta participação",False,
3509809,Campos Novos Paulista,SP,Sudeste,86.59,46.51,-40.08,93.85,0.058,0.058,0.058,baixo,False,"alto desempenho, alta participação",False,
5208103,Formoso,GO,Centro-Oeste,86.67,73.67,-13.0,100.0,0.058,0.058,0.058,baixo,False,"alto desempenho, alta participação",False,
5003504,Douradina,MS,Centro-Oeste,68.7,43.76,-24.94,85.0,0.057,0.058,0.057,baixo,False,"alto desempenho, alta participação",False,
4312617,Muitos Capões,RS,Sul,29.4,72.3,42.9,89.47,0.374,0.057,0.057,baixo,False,"baixo desempenho, alta participação",True,score sem o choque das enchentes de 2024
3153806,Queluzito,MG,Sudeste,95.0,67.52,-27.48,95.24,0.057,0.058,0.057,baixo,False,"alto desempenho, alta participação",False,
2300804,Antonina do Norte,CE,Nordeste,94.51,80.0,-14.51,100.0,0.057,0.058,0.057,baixo,False,"alto desempenho, alta participação",False,
2508406,Lastro,PB,Nordeste,82.76,36.35,-46.41,100.0,0.056,0.057,0.056,baixo,False,"alto desempenho, alta participação",False,
4301552,Áurea,RS,Sul,37.5,80.0,42.5,100.0,0.371,0.056,0.056,baixo,False,"baixo desempenho, alta participação",True,score sem o choque das enchentes de 2024
3149101,Pedralva,MG,Sudeste,85.5,59.84,-25.66,89.11,0.056,0.055,0.056,baixo,False,"alto desempenho, alta participação",False,
2304202,Crato,CE,Nordeste,95.37,80.0,-15.37,99.51,0.056,0.055,0.056,baixo,False,"alto desempenho, alta participação",False,
2517209,Vieirópolis,PB,Nordeste,64.36,43.25,-21.11,95.12,0.056,0.056,0.056,baixo,False,"alto desempenho, alta participação",False,
5221700,Uruana,GO,Centro-Oeste,97.73,76.91,-20.82,100.0,0.056,0.054,0.056,baixo,False,"alto desempenho, alta participação",False,
4210852,Mirim Doce,SC,Sul,74.06,52.06,-22.0,79.41,0.056,0.056,0.056,baixo,False,"alto desempenho, alta participação",False,
3171600,Virgem da Lapa,MG,Sudeste,85.1,59.86,-25.24,92.41,0.056,0.055,0.056,baixo,False,"alto desempenho, alta participação",False,
3108701,Brás Pires,MG,Sudeste,81.16,62.28,-18.88,97.37,0.055,0.056,0.055,baixo,False,"alto desempenho, alta participação",False,
5108352,Vale de São Domingos,MT,Centro-Oeste,23.86,58.95,35.09,91.3,0.055,0.057,0.055,baixo,False,"baixo desempenho, alta participação",True,
5216809,Petrolina de Goiás,GO,Centro-Oeste,85.41,66.02,-19.39,92.42,0.055,0.054,0.055,baixo,False,"alto desempenho, alta participação",False,
2304103,Crateús,CE,Nordeste,97.31,80.0,-17.31,98.51,0.055,0.053,0.055,baixo,False,"alto desempenho, alta participação",False,
2101939,Bernardo do Mearim,MA,Nordeste,87.88,27.45,-60.43,100.0,0.055,0.055,0.055,baixo,False,"alto desempenho, alta participação",False,
4306700,Dona Francisca,RS,Sul,26.7,80.0,53.3,93.75,0.359,0.055,0.055,baixo,False,"baixo desempenho, alta participação",True,score sem o choque das enchentes de 2024
4312203,Maximiliano de Almeida,RS,Sul,33.3,80.0,46.7,100.0,0.362,0.054,0.054,baixo,False,"baixo desempenho, alta participação",True,score sem o choque das enchentes de 2024
2204352,Geminiano,PI,Nordeste,53.59,35.05,-18.54,91.49,0.054,0.055,0.054,baixo,False,"alto desempenho, alta participação",False,
2202307,Canto do Buriti,PI,Nordeste,36.45,28.48,-7.97,95.71,0.054,0.053,0.054,baixo,False,"desempenho médio, alta participação",False,
2308005,Massapê,CE,Nordeste,95.03,80.0,-15.03,99.76,0.054,0.053,0.054,baixo,False,"alto desempenho, alta participação",False,
3132602,Itamarati de Minas,MG,Sudeste,73.68,58.41,-15.27,95.0,0.054,0.055,0.054,baixo,False,"alto desempenho, alta participação",False,
3167400,Silvianópolis,MG,Sudeste,87.91,62.53,-25.38,91.55,0.054,0.054,0.054,baixo,False,"alto desempenho, alta participação",False,
4202438,Bocaina do Sul,SC,Sul,28.06,52.0,23.94,88.68,0.054,0.055,0.054,baixo,False,"baixo desempenho, alta participação",True,
5203104,Baliza,GO,Centro-Oeste,89.49,69.34,-20.15,93.33,0.053,0.053,0.053,baixo,False,"alto desempenho, alta participação",False,
2303907,Chaval,CE,Nordeste,91.5,76.71,-14.79,100.0,0.053,0.053,0.053,baixo,False,"alto desempenho, alta participação",False,
4317558,Santo Antônio do Palma,RS,Sul,34.6,74.62,40.02,100.0,0.352,0.053,0.053,baixo,False,"baixo desempenho, alta participação",True,score sem o choque das enchentes de 2024
3144102,Muzambinho,MG,Sudeste,75.51,55.11,-20.4,88.29,0.053,0.051,0.053,baixo,False,"alto desempenho, alta participação",False,
3101003,Águas Vermelhas,MG,Sudeste,74.46,54.69,-19.77,89.78,0.053,0.052,0.053,baixo,False,"alto desempenho, alta participação",False,
2313559,Tururu,CE,Nordeste,95.29,80.0,-15.29,97.48,0.053,0.052,0.053,baixo,False,"alto desempenho, alta participação",False,
2311108,Porteiras,CE,Nordeste,92.09,80.0,-12.09,99.6,0.053,0.052,0.053,baixo,False,"alto desempenho, alta participação",False,
3123809,Engenheiro Navarro,MG,Sudeste,76.22,56.04,-20.18,95.88,0.053,0.053,0.053,baixo,False,"alto desempenho, alta participação",False,
5213053,Mimoso de Goiás,GO,Centro-Oeste,80.0,70.92,-9.08,100.0,0.052,0.053,0.052,baixo,False,"alto desempenho, alta participação",False,
3135407,Jeceaba,MG,Sudeste,88.66,71.51,-17.15,95.89,0.052,0.051,0.052,baixo,False,"alto desempenho, alta participação",False,
4314456,Pinhal,RS,Sul,33.2,64.14,30.94,96.0,0.349,0.052,0.052,baixo,False,"baixo desempenho, alta participação",True,score sem o choque das enchentes de 2024
2309805,Pacoti,CE,Nordeste,91.18,80.0,-11.18,100.0,0.052,0.052,0.052,baixo,False,"alto desempenho, alta participação",False,
3106804,Bias Fortes,MG,Sudeste,100.0,72.3,-27.7,100.0,0.051,0.052,0.051,baixo,False,"alto desempenho, alta participação",False,
2305233,Horizonte,CE,Nordeste,96.2,80.0,-16.2,95.01,0.051,0.049,0.051,baixo,False,"alto desempenho, alta participação",False,
1706258,Crixás do Tocantins,TO,Norte,82.61,43.97,-38.64,100.0,0.051,0.051,0.051,baixo,False,"alto desempenho, alta participação",False,
2301802,Baixio,CE,Nordeste,91.67,80.0,-11.67,100.0,0.051,0.052,0.051,baixo,False,"alto desempenho, alta participação",False,
3138807,Luz,MG,Sudeste,87.21,62.79,-24.42,96.25,0.051,0.049,0.051,baixo,False,"alto desempenho, alta participação",False,
2304806,Granjeiro,CE,Nordeste,91.59,80.0,-11.59,98.33,0.051,0.052,0.051,baixo,False,"alto desempenho, alta participação",False,
3154408,Ressaquinha,MG,Sudeste,82.0,63.56,-18.44,95.56,0.051,0.051,0.051,baixo,False,"alto desempenho, alta participação",False,
2304277,Ereré,CE,Nordeste,95.0,80.0,-15.0,98.33,0.051,0.051,0.051,baixo,False,"alto desempenho, alta participação",False,
2310407,Paramoti,CE,Nordeste,94.2,80.0,-14.2,100.0,0.051,0.051,0.051,baixo,False,"alto desempenho, alta participação",False,
2310258,Paraipaba,CE,Nordeste,93.78,80.0,-13.78,98.26,0.05,0.049,0.05,baixo,False,"alto desempenho, alta participação",False,
2306207,Itaiçaba,CE,Nordeste,96.74,80.0,-16.74,100.0,0.05,0.051,0.05,baixo,False,"alto desempenho, alta participação",False,
2104081,Fernando Falcão,MA,Nordeste,77.76,44.7,-33.06,91.25,0.05,0.05,0.05,baixo,False,"alto desempenho, alta participação",False,
3160603,Santo Hipólito,MG,Sudeste,93.33,65.72,-27.61,100.0,0.05,0.05,0.05,baixo,False,"alto desempenho, alta participação",False,
5205307,Cavalcante,GO,Centro-Oeste,84.5,66.63,-17.87,94.23,0.05,0.049,0.05,baixo,False,"alto desempenho, alta participação",False,
3149002,Pedra Dourada,MG,Sudeste,80.0,62.32,-17.68,100.0,0.05,0.051,0.05,baixo,False,"alto desempenho, alta participação",False,
2312304,São Benedito,CE,Nordeste,95.11,80.0,-15.11,99.82,0.049,0.048,0.049,baixo,False,"alto desempenho, alta participação",False,
5103437,Curvelândia,MT,Centro-Oeste,92.97,47.45,-45.52,98.61,0.049,0.049,0.049,baixo,False,"alto desempenho, alta participação",False,
5221551,Turvelândia,GO,Centro-Oeste,86.88,71.9,-14.98,98.59,0.049,0.049,0.049,baixo,False,"alto desempenho, alta participação",False,
2313609,Ubajara,CE,Nordeste,95.13,80.0,-15.13,98.9,0.049,0.047,0.049,baixo,False,"alto desempenho, alta participação",False,
3101201,Aiuruoca,MG,Sudeste,85.71,63.37,-22.34,94.92,0.049,0.049,0.049,baixo,False,"alto desempenho, alta participação",False,
5207600,Fazenda Nova,GO,Centro-Oeste,100.0,80.0,-20.0,97.5,0.048,0.048,0.048,baixo,False,"alto desempenho, alta participação",False,
2306108,Irauçuba,CE,Nordeste,96.76,80.0,-16.76,100.0,0.048,0.048,0.048,baixo,False,"alto desempenho, alta participação",False,
2312205,Santa Quitéria,CE,Nordeste,95.08,80.0,-15.08,99.74,0.048,0.046,0.048,baixo,False,"alto desempenho, alta participação",False,
2202059,Cabeceiras do Piauí,PI,Nordeste,52.34,35.42,-16.92,96.55,0.048,0.047,0.048,baixo,False,"alto desempenho, alta participação",False,
2306702,Jaguaretama,CE,Nordeste,93.66,80.0,-13.66,98.31,0.048,0.047,0.048,baixo,False,"alto desempenho, alta participação",False,
3146909,Papagaios,MG,Sudeste,88.48,57.77,-30.71,87.94,0.047,0.046,0.047,baixo,False,"alto desempenho, alta participação",False,
3137304,Lagoa dos Patos,MG,Sudeste,69.48,53.43,-16.05,90.91,0.047,0.048,0.047,baixo,False,"alto desempenho, alta participação",False,
4313334,Nova Ramada,RS,Sul,28.0,80.0,52.0,96.15,0.326,0.047,0.047,baixo,False,"baixo desempenho, alta participação",True,score sem o choque das enchentes de 2024
5212204,Jussara,GO,Centro-Oeste,79.77,65.82,-13.95,97.86,0.047,0.046,0.047,baixo,False,"alto desempenho, alta participação",False,
3155405,Rio Novo,MG,Sudeste,65.4,51.94,-13.46,86.41,0.047,0.047,0.047,baixo,False,"alto desempenho, alta participação",False,
3146750,Palmópolis,MG,Sudeste,69.41,51.7,-17.71,90.57,0.046,0.047,0.046,baixo,False,"alto desempenho, alta participação",False,
3132206,Itaguara,MG,Sudeste,90.91,64.5,-26.41,95.95,0.046,0.045,0.046,baixo,False,"alto desempenho, alta participação",False,
5219803,São Domingos,GO,Centro-Oeste,65.94,56.77,-9.17,96.94,0.046,0.046,0.046,baixo,False,"alto desempenho, alta participação",False,
2305308,Ibiapina,CE,Nordeste,97.38,80.0,-17.38,99.37,0.046,0.045,0.046,baixo,False,"alto desempenho, alta participação",False,
2310209,Paracuru,CE,Nordeste,95.08,80.0,-15.08,99.3,0.046,0.044,0.046,baixo,False,"alto desempenho, alta participação",False,
2302057,Barroquinha,CE,Nordeste,95.7,80.0,-15.7,98.83,0.046,0.045,0.046,baixo,False,"alto desempenho, alta participação",False,
2303956,Chorozinho,CE,Nordeste,97.15,80.0,-17.15,99.19,0.046,0.045,0.046,baixo,False,"alto desempenho, alta participação",False,
3128253,Guaraciama,MG,Sudeste,80.7,54.13,-26.57,85.25,0.046,0.046,0.046,baixo,False,"alto desempenho, alta participação",False,
5209606,Heitoraí,GO,Centro-Oeste,83.54,62.21,-21.33,91.67,0.045,0.046,0.045,baixo,False,"alto desempenho, alta participação",False,
3123106,Dores de Guanhães,MG,Sudeste,72.49,54.53,-17.96,86.44,0.045,0.045,0.045,baixo,False,"alto desempenho, alta participação",False,
5220504,Serranópolis,GO,Centro-Oeste,66.65,62.81,-3.84,98.9,0.045,0.045,0.045,baixo,False,"desempenho médio, alta participação",False,
2307809,Marco,CE,Nordeste,96.66,80.0,-16.66,98.45,0.044,0.043,0.044,baixo,False,"alto desempenho, alta participação",False,
3126604,Francisco Dumont,MG,Sudeste,37.5,46.02,8.52,100.0,0.044,0.046,0.044,baixo,False,"baixo desempenho, alta participação",True,
3125903,Ferros,MG,Sudeste,70.78,51.24,-19.54,86.36,0.044,0.044,0.044,baixo,False,"alto desempenho, alta participação",False,
4301073,Arroio do Padre,RS,Sul,18.2,80.0,61.8,84.62,0.307,0.044,0.044,baixo,False,"baixo desempenho, alta participação",True,score sem o choque das enchentes de 2024
3148301,Paula Cândido,MG,Sudeste,89.89,62.35,-27.54,94.44,0.044,0.043,0.044,baixo,False,"alto desempenho, alta participação",False,
2304905,Groaíras,CE,Nordeste,96.95,80.0,-16.95,95.42,0.044,0.044,0.044,baixo,False,"alto desempenho, alta participação",False,
3143153,Monte Formoso,MG,Sudeste,82.61,59.68,-22.93,100.0,0.044,0.044,0.044,baixo,False,"alto desempenho, alta participação",False,
2300705,Alto Santo,CE,Nordeste,94.16,80.0,-14.16,98.94,0.044,0.043,0.044,baixo,False,"alto desempenho, alta participação",False,
2307635,Madalena,CE,Nordeste,95.31,80.0,-15.31,97.4,0.044,0.043,0.044,baixo,False,"alto desempenho, alta participação",False,
5203559,Bonfinópolis,GO,Centro-Oeste,86.32,65.19,-21.13,94.62,0.043,0.043,0.043,baixo,False,"alto desempenho, alta participação",False,
2312106,Santana do Cariri,CE,Nordeste,96.45,80.0,-16.45,99.42,0.043,0.042,0.043,baixo,False,"alto desempenho, alta participação",False,
3556958,Vitória Brasil,SP,Sudeste,100.0,70.92,-29.08,100.0,0.043,0.043,0.043,baixo,False,"alto desempenho, alta participação",False,
5205703,Córrego do Ouro,GO,Centro-Oeste,100.0,78.17,-21.83,100.0,0.043,0.043,0.043,baixo,False,"alto desempenho, alta participação",False,
2311959,Salitre,CE,Nordeste,98.39,80.0,-18.39,99.22,0.043,0.042,0.043,baixo,False,"alto desempenho, alta participação",False,
4310850,Jaboticaba,RS,Sul,25.0,80.0,55.0,100.0,0.302,0.042,0.042,baixo,False,"baixo desempenho, alta participação",True,score sem o choque das enchentes de 2024
1717800,Ponte Alta do Bom Jesus,TO,Norte,44.56,22.93,-21.63,89.36,0.042,0.042,0.042,baixo,False,"alto desempenho, alta participação",False,
5204003,Cabeceiras,GO,Centro-Oeste,93.81,72.9,-20.91,97.94,0.042,0.041,0.042,baixo,False,"alto desempenho, alta participação",False,
2209203,Santa Filomena,PI,Nordeste,62.47,42.85,-19.62,96.15,0.042,0.041,0.042,baixo,False,"alto desempenho, alta participação",False,
1718006,Porto Alegre do Tocantins,TO,Norte,37.89,19.92,-17.97,85.45,0.042,0.042,0.042,baixo,False,"alto desempenho, alta participação",False,
5209291,Guaraíta,GO,Centro-Oeste,95.32,74.87,-20.45,91.3,0.042,0.043,0.042,baixo,False,"alto desempenho, alta participação",False,
3154804,Rio Acima,MG,Sudeste,72.91,53.21,-19.7,90.24,0.042,0.041,0.042,baixo,False,"alto desempenho, alta participação",False,
3107604,Bom Jesus da Penha,MG,Sudeste,87.21,60.63,-26.58,85.45,0.042,0.042,0.042,baixo,False,"alto desempenho, alta participação",False,
3157500,Santa Efigênia de Minas,MG,Sudeste,75.81,55.1,-20.71,92.59,0.041,0.042,0.041,baixo,False,"alto desempenho, alta participação",False,
2300606,Altaneira,CE,Nordeste,88.52,80.0,-8.52,99.12,0.041,0.042,0.041,baixo,False,"alto desempenho, alta participação",False,
2205557,Lagoa Alegre,PI,Nordeste,58.86,37.22,-21.64,96.91,0.041,0.041,0.041,baixo,False,"alto desempenho, alta participação",False,
3535903,Paranapuã,SP,Sudeste,82.89,46.79,-36.1,96.67,0.041,0.041,0.041,baixo,False,"alto desempenho, alta participação",False,
4305439,Chuí,RS,Sul,21.1,59.77,38.67,90.48,0.295,0.04,0.04,baixo,False,"baixo desempenho, alta participação",True,score sem o choque das enchentes de 2024
2206001,Marcos Parente,PI,Nordeste,80.95,37.75,-43.2,100.0,0.04,0.04,0.04,baixo,False,"alto desempenho, alta participação",False,
5215504,Ouvidor,GO,Centro-Oeste,90.09,70.09,-20.0,95.06,0.04,0.04,0.04,baixo,False,"alto desempenho, alta participação",False,
3112653,Capitão Andrade,MG,Sudeste,77.02,52.99,-24.03,89.58,0.04,0.04,0.04,baixo,False,"alto desempenho, alta participação",False,
2312007,Santana do Acaraú,CE,Nordeste,98.26,80.0,-18.26,100.0,0.04,0.039,0.04,baixo,False,"alto desempenho, alta participação",False,
3170750,Varjão de Minas,MG,Sudeste,93.29,64.65,-28.64,95.45,0.04,0.039,0.04,baixo,False,"alto desempenho, alta participação",False,
3135605,Jequitaí,MG,Sudeste,70.71,52.61,-18.1,95.35,0.039,0.039,0.039,baixo,False,"alto desempenho, alta participação",False,
2304269,Deputado Irapuan Pinheiro,CE,Nordeste,98.82,80.0,-18.82,100.0,0.039,0.039,0.039,baixo,False,"alto desempenho, alta participação",False,
2305001,Guaraciaba do Norte,CE,Nordeste,95.65,80.0,-15.65,100.0,0.039,0.038,0.039,baixo,False,"alto desempenho, alta participação",False,
2303808,Cedro,CE,Nordeste,98.77,80.0,-18.77,100.0,0.039,0.038,0.039,baixo,False,"alto desempenho, alta participação",False,
3536901,Pedranópolis,SP,Sudeste,72.73,52.01,-20.72,91.67,0.039,0.04,0.039,baixo,False,"alto desempenho, alta participação",False,
3122900,Dona Euzébia,MG,Sudeste,95.71,57.77,-37.94,93.24,0.038,0.038,0.038,baixo,False,"alto desempenho, alta participação",False,
3131109,Inimutaba,MG,Sudeste,77.8,53.14,-24.66,92.68,0.038,0.038,0.038,baixo,False,"alto desempenho, alta participação",False,
3170479,Uruana de Minas,MG,Sudeste,80.0,62.66,-17.34,100.0,0.038,0.039,0.038,baixo,False,"alto desempenho, alta participação",False,
2505600,Diamante,PB,Nordeste,72.15,40.4,-31.75,96.55,0.038,0.038,0.038,baixo,False,"alto desempenho, alta participação",False,
3163607,São José do Mantimento,MG,Sudeste,87.17,58.21,-28.96,90.91,0.038,0.039,0.038,baixo,False,"alto desempenho, alta participação",False,
1703867,Cariri do Tocantins,TO,Norte,52.01,30.99,-21.02,89.06,0.038,0.037,0.038,baixo,False,"alto desempenho, alta participação",False,
2310803,Pereiro,CE,Nordeste,93.44,80.0,-13.44,99.19,0.038,0.037,0.038,baixo,False,"alto desempenho, alta participação",False,
3137007,Ladainha,MG,Sudeste,54.47,39.29,-15.18,83.33,0.038,0.037,0.038,baixo,False,"alto desempenho, alta participação",False,
2308807,Moraújo,CE,Nordeste,92.86,80.0,-12.86,100.0,0.037,0.037,0.037,baixo,False,"alto desempenho, alta participação",False,
2305902,Ipueiras,CE,Nordeste,99.54,80.0,-19.54,100.0,0.037,0.036,0.037,baixo,False,"alto desempenho, alta participação",False,
5214101,Mutunópolis,GO,Centro-Oeste,100.0,80.0,-20.0,98.11,0.037,0.037,0.037,baixo,False,"alto desempenho, alta participação",False,
3152402,Poté,MG,Sudeste,79.91,53.94,-25.97,93.15,0.037,0.036,0.037,baixo,False,"alto desempenho, alta participação",False,
3135209,Januária,MG,Sudeste,47.12,35.71,-11.41,84.21,0.037,0.036,0.037,baixo,False,"alto desempenho, alta participação",False,
3138682,Luislândia,MG,Sudeste,85.0,59.77,-25.23,100.0,0.037,0.037,0.037,baixo,False,"alto desempenho, alta participação",False,
5202809,Avelinópolis,GO,Centro-Oeste,100.0,74.1,-25.9,89.66,0.037,0.037,0.037,baixo,False,"alto desempenho, alta participação",False,
3130655,Indaiabira,MG,Sudeste,89.58,63.93,-25.65,100.0,0.037,0.036,0.037,baixo,False,"alto desempenho, alta participação",False,
3120102,Couto de Magalhães de Minas,MG,Sudeste,77.52,58.72,-18.8,98.04,0.036,0.037,0.036,baixo,False,"alto desempenho, alta participação",False,
3158706,Santana do Garambéu,MG,Sudeste,87.26,57.92,-29.34,85.19,0.036,0.037,0.036,baixo,False,"alto desempenho, alta participação",False,
3164431,São Sebastião da Vargem Alegre,MG,Sudeste,93.1,62.08,-31.02,89.66,0.035,0.036,0.035,baixo,False,"alto desempenho, alta participação",False,
2303931,Choró,CE,Nordeste,95.42,80.0,-15.42,99.35,0.035,0.035,0.035,baixo,False,"alto desempenho, alta participação",False,
5203575,Bonópolis,GO,Centro-Oeste,61.76,59.02,-2.74,100.0,0.035,0.036,0.035,baixo,False,"desempenho médio, alta participação",False,
2305332,Ibicuitinga,CE,Nordeste,96.67,80.0,-16.67,98.89,0.035,0.035,0.035,baixo,False,"alto desempenho, alta participação",False,
2311405,Quixeramobim,CE,Nordeste,98.76,80.0,-18.76,98.87,0.035,0.034,0.035,baixo,False,"alto desempenho, alta participação",False,
5101209,Araguainha,MT,Centro-Oeste,100.0,37.78,-62.22,83.33,0.035,0.036,0.035,baixo,False,"alto desempenho, alta participação",False,
2312908,Sobral,CE,Nordeste,98.58,80.0,-18.58,97.34,0.035,0.034,0.035,baixo,False,"alto desempenho, alta participação",False,
4112603,Jardim Olinda,PR,Sul,92.31,59.77,-32.54,100.0,0.035,0.036,0.035,baixo,False,"alto desempenho, alta participação",False,
5220702,Sítio d'Abadia,GO,Centro-Oeste,79.41,64.93,-14.48,100.0,0.034,0.035,0.034,baixo,False,"alto desempenho, alta participação",False,
2302305,Bela Cruz,CE,Nordeste,97.83,80.0,-17.83,99.28,0.034,0.033,0.034,baixo,False,"alto desempenho, alta participação",False,
4302238,Boa Vista do Incra,RS,Sul,26.6,74.0,47.4,95.83,0.257,0.034,0.034,baixo,False,"baixo desempenho, alta participação",True,score sem o choque das enchentes de 2024
2313203,Tamboril,CE,Nordeste,98.31,80.0,-18.31,100.0,0.034,0.033,0.034,baixo,False,"alto desempenho, alta participação",False,
2304301,Farias Brito,CE,Nordeste,96.0,80.0,-16.0,100.0,0.033,0.033,0.033,baixo,False,"alto desempenho, alta participação",False,
3129004,Guiricema,MG,Sudeste,82.89,56.09,-26.8,89.36,0.033,0.033,0.033,baixo,False,"alto desempenho, alta participação",False,
2312700,Senador Pompeu,CE,Nordeste,98.44,80.0,-18.44,99.48,0.033,0.032,0.033,baixo,False,"alto desempenho, alta participação",False,
3115458,Catuji,MG,Sudeste,66.72,49.55,-17.17,89.9,0.033,0.033,0.033,baixo,False,"alto desempenho, alta participação",False,
3111903,Cana Verde,MG,Sudeste,93.33,60.31,-33.02,93.88,0.033,0.033,0.033,baixo,False,"alto desempenho, alta participação",False,
2308351,Milhã,CE,Nordeste,97.92,80.0,-17.92,100.0,0.033,0.032,0.033,baixo,False,"alto desempenho, alta participação",False,
4316972,Santa Margarida do Sul,RS,Sul,25.7,54.43,28.73,94.59,0.248,0.033,0.033,baixo,False,"baixo desempenho, alta participação",True,score sem o choque das enchentes de 2024
2304707,Granja,CE,Nordeste,97.78,80.0,-17.78,99.85,0.033,0.032,0.033,baixo,False,"alto desempenho, alta participação",False,
2203271,Curral Novo do Piauí,PI,Nordeste,48.34,31.38,-16.96,98.65,0.032,0.032,0.032,baixo,False,"alto desempenho, alta participação",False,
2304251,Cruz,CE,Nordeste,98.93,80.0,-18.93,98.15,0.032,0.031,0.032,baixo,False,"alto desempenho, alta participação",False,
2502201,Bom Jesus,PB,Nordeste,68.42,40.92,-27.5,100.0,0.032,0.032,0.032,baixo,False,"alto desempenho, alta participação",False,
3101904,Alpinópolis,MG,Sudeste,78.56,54.32,-24.24,93.94,0.031,0.03,0.031,baixo,False,"alto desempenho, alta participação",False,
4317004,Santana da Boa Vista,RS,Sul,13.1,58.96,45.86,80.0,0.243,0.031,0.031,baixo,False,"baixo desempenho, alta participação",True,score sem o choque das enchentes de 2024
2309300,Nova Russas,CE,Nordeste,99.64,80.0,-19.64,99.27,0.031,0.03,0.031,baixo,False,"alto desempenho, alta participação",False,
3138351,Leme do Prado,MG,Sudeste,92.39,61.78,-30.61,97.56,0.031,0.031,0.031,baixo,False,"alto desempenho, alta participação",False,
2307254,Jijoca de Jericoacoara,CE,Nordeste,98.03,80.0,-18.03,98.91,0.031,0.03,0.031,baixo,False,"alto desempenho, alta participação",False,
3136603,Nova União,MG,Sudeste,92.79,58.39,-34.4,94.59,0.031,0.031,0.031,baixo,False,"alto desempenho, alta participação",False,
3159308,Santa Rita de Jacutinga,MG,Sudeste,77.68,53.85,-23.83,93.1,0.031,0.031,0.031,baixo,False,"alto desempenho, alta participação",False,
2312502,São João do Jaguaribe,CE,Nordeste,95.98,79.87,-16.11,98.21,0.031,0.031,0.031,baixo,False,"alto desempenho, alta participação",False,
3102407,Alvorada de Minas,MG,Sudeste,83.33,54.0,-29.33,83.33,0.031,0.031,0.031,baixo,False,"alto desempenho, alta participação",False,
3138005,Laranjal,MG,Sudeste,82.11,52.84,-29.27,86.21,0.031,0.031,0.031,baixo,False,"alto desempenho, alta participação",False,
2305209,Hidrolândia,CE,Nordeste,96.11,80.0,-16.11,99.44,0.031,0.03,0.031,baixo,False,"alto desempenho, alta participação",False,
2513158,Santa Cecília,PB,Nordeste,48.11,28.13,-19.98,91.53,0.03,0.03,0.03,baixo,False,"alto desempenho, alta participação",False,
5102694,Canabrava do Norte,MT,Centro-Oeste,78.89,48.6,-30.29,90.12,0.03,0.03,0.03,baixo,False,"alto desempenho, alta participação",False,
2311009,Poranga,CE,Nordeste,100.0,80.0,-20.0,98.39,0.03,0.03,0.03,baixo,False,"alto desempenho, alta participação",False,
4301875,Barra do Quaraí,RS,Sul,25.5,67.17,41.67,100.0,0.233,0.03,0.03,baixo,False,"baixo desempenho, alta participação",True,score sem o choque das enchentes de 2024
3129301,Iapu,MG,Sudeste,67.68,50.47,-17.21,93.75,0.03,0.029,0.03,baixo,False,"alto desempenho, alta participação",False,
3121902,Divinésia,MG,Sudeste,75.0,54.85,-20.15,100.0,0.03,0.03,0.03,baixo,False,"alto desempenho, alta participação",False,
5102793,Carlinda,MT,Centro-Oeste,98.95,54.51,-44.44,96.8,0.029,0.028,0.029,baixo,False,"alto desempenho, alta participação",False,
2304509,Frecheirinha,CE,Nordeste,98.18,80.0,-18.18,99.55,0.029,0.029,0.029,baixo,False,"alto desempenho, alta participação",False,
2205300,Jerumenha,PI,Nordeste,75.31,41.6,-33.71,98.28,0.029,0.029,0.029,baixo,False,"alto desempenho, alta participação",False,
3154705,Ribeirão Vermelho,MG,Sudeste,80.2,54.72,-25.48,95.24,0.029,0.03,0.029,baixo,False,"alto desempenho, alta participação",False,
5201454,Aparecida do Rio Doce,GO,Centro-Oeste,87.09,66.23,-20.86,100.0,0.029,0.03,0.029,baixo,False,"alto desempenho, alta participação",False,
3122108,Divino das Laranjeiras,MG,Sudeste,85.71,53.68,-32.03,92.86,0.029,0.029,0.029,baixo,False,"alto desempenho, alta participação",False,
5007802,Selvíria,MS,Centro-Oeste,59.83,41.91,-17.92,98.98,0.029,0.028,0.029,baixo,False,"alto desempenho, alta participação",False,
4319752,São Vendelino,RS,Sul,25.0,80.0,55.0,100.0,0.222,0.029,0.029,baixo,False,"baixo desempenho, alta participação",True,score sem o choque das enchentes de 2024
5004809,Japorã,MS,Centro-Oeste,41.76,27.25,-14.51,86.92,0.028,0.029,0.028,baixo,False,"alto desempenho, alta participação",False,
2313955,Varjota,CE,Nordeste,98.06,80.0,-18.06,99.51,0.028,0.027,0.028,baixo,False,"alto desempenho, alta participação",False,
3125002,Ewbank da Câmara,MG,Sudeste,64.41,49.36,-15.05,100.0,0.028,0.028,0.028,baixo,False,"alto desempenho, alta participação",False,
2309003,Mucambo,CE,Nordeste,98.82,80.0,-18.82,100.0,0.027,0.027,0.027,baixo,False,"alto desempenho, alta participação",False,
2308906,Morrinhos,CE,Nordeste,97.77,80.0,-17.77,100.0,0.027,0.027,0.027,baixo,False,"alto desempenho, alta participação",False,
5213905,Mossâmedes,GO,Centro-Oeste,100.0,80.0,-20.0,97.37,0.027,0.027,0.027,baixo,False,"alto desempenho, alta participação",False,
2208601,Prata do Piauí,PI,Nordeste,47.93,29.23,-18.7,98.04,0.027,0.027,0.027,baixo,False,"alto desempenho, alta participação",False,
4302584,Bozano,RS,Sul,27.3,80.0,52.7,100.0,0.209,0.026,0.026,baixo,False,"baixo desempenho, alta participação",True,score sem o choque das enchentes de 2024
3111804,Canápolis,MG,Sudeste,76.49,56.63,-19.86,97.3,0.026,0.025,0.026,baixo,False,"alto desempenho, alta participação",False,
5218607,Rialma,GO,Centro-Oeste,97.03,71.94,-25.09,98.53,0.026,0.025,0.026,baixo,False,"alto desempenho, alta participação",False,
3157302,Santa Bárbara do Tugúrio,MG,Sudeste,90.92,60.19,-30.73,97.83,0.026,0.026,0.026,baixo,False,"alto desempenho, alta participação",False,
2308609,Monsenhor Tabosa,CE,Nordeste,99.36,80.0,-19.36,100.0,0.026,0.025,0.026,baixo,False,"alto desempenho, alta participação",False,
3168051,Taparuba,MG,Sudeste,80.0,55.66,-24.34,100.0,0.025,0.026,0.025,baixo,False,"alto desempenho, alta participação",False,
3165503,Sardoá,MG,Sudeste,85.12,56.85,-28.27,95.24,0.025,0.025,0.025,baixo,False,"alto desempenho, alta participação",False,
3129905,Ibitiúra de Minas,MG,Sudeste,78.04,51.24,-26.8,91.43,0.025,0.025,0.025,baixo,False,"alto desempenho, alta participação",False,
5101852,Bom Jesus do Araguaia,MT,Centro-Oeste,82.63,45.89,-36.74,90.4,0.025,0.024,0.025,baixo,False,"alto desempenho, alta participação",False,
5202155,Araguapaz,GO,Centro-Oeste,68.98,55.06,-13.92,98.94,0.025,0.025,0.025,baixo,False,"alto desempenho, alta participação",False,
2309409,Novo Oriente,CE,Nordeste,100.0,80.0,-20.0,99.7,0.025,0.024,0.025,baixo,False,"alto desempenho, alta participação",False,
2310506,Pedra Branca,CE,Nordeste,99.7,80.0,-19.7,100.0,0.024,0.023,0.024,baixo,False,"alto desempenho, alta participação",False,
3165602,Senador Cortes,MG,Sudeste,81.82,54.21,-27.61,91.67,0.024,0.025,0.024,baixo,False,"alto desempenho, alta participação",False,
3557154,Zacarias,SP,Sudeste,80.0,51.41,-28.59,100.0,0.024,0.025,0.024,baixo,False,"alto desempenho, alta participação",False,
3130804,Ingaí,MG,Sudeste,87.27,61.32,-25.95,96.0,0.024,0.025,0.024,baixo,False,"alto desempenho, alta participação",False,
2311702,Reriutaba,CE,Nordeste,98.5,80.0,-18.5,99.5,0.024,0.024,0.024,baixo,False,"alto desempenho, alta participação",False,
3103702,Araponga,MG,Sudeste,91.67,57.74,-33.93,92.31,0.024,0.023,0.024,baixo,False,"alto desempenho, alta participação",False,
2304608,General Sampaio,CE,Nordeste,97.65,80.0,-17.65,100.0,0.024,0.024,0.024,baixo,False,"alto desempenho, alta participação",False,
2311264,Quiterianópolis,CE,Nordeste,99.49,80.0,-19.49,100.0,0.024,0.023,0.024,baixo,False,"alto desempenho, alta participação",False,
2310902,Piquet Carneiro,CE,Nordeste,100.0,80.0,-20.0,100.0,0.023,0.023,0.023,baixo,False,"alto desempenho, alta participação",False,
5208509,Goiandira,GO,Centro-Oeste,72.17,56.04,-16.13,97.18,0.023,0.023,0.023,baixo,False,"alto desempenho, alta participação",False,
2303006,Caridade,CE,Nordeste,98.73,80.0,-18.73,100.0,0.023,0.023,0.023,baixo,False,"alto desempenho, alta participação",False,
2306603,Itatira,CE,Nordeste,99.06,80.0,-19.06,99.55,0.023,0.023,0.023,baixo,False,"alto desempenho, alta participação",False,
2305605,Independência,CE,Nordeste,98.62,80.0,-18.62,98.62,0.023,0.022,0.023,baixo,False,"alto desempenho, alta participação",False,
2313906,Uruoca,CE,Nordeste,99.01,80.0,-19.01,99.01,0.023,0.023,0.023,baixo,False,"alto desempenho, alta participação",False,
2311231,Potiretama,CE,Nordeste,97.47,80.0,-17.47,100.0,0.023,0.023,0.023,baixo,False,"alto desempenho, alta participação",False,
2308203,Meruoca,CE,Nordeste,98.21,80.0,-18.21,99.55,0.023,0.022,0.023,baixo,False,"alto desempenho, alta participação",False,
3156304,Rodeiro,MG,Sudeste,81.95,56.09,-25.86,95.31,0.023,0.022,0.023,baixo,False,"alto desempenho, alta participação",False,
3154150,Reduto,MG,Sudeste,83.87,52.24,-31.63,92.05,0.023,0.022,0.023,baixo,False,"alto desempenho, alta participação",False,
1716307,Pau D'Arco,TO,Norte,37.96,18.14,-19.82,93.55,0.023,0.022,0.023,baixo,False,"alto desempenho, alta participação",False,
5207501,Estrela do Norte,GO,Centro-Oeste,98.0,71.25,-26.75,100.0,0.022,0.023,0.022,baixo,False,"alto desempenho, alta participação",False,
3119104,Corinto,MG,Sudeste,85.75,52.68,-33.07,94.67,0.022,0.022,0.022,baixo,False,"alto desempenho, alta participação",False,
3150208,Piedade de Ponte Nova,MG,Sudeste,80.01,49.01,-31.0,85.71,0.022,0.023,0.022,baixo,False,"alto desempenho, alta participação",False,
3120300,Cristália,MG,Sudeste,54.17,41.64,-12.53,94.44,0.022,0.022,0.022,baixo,False,"alto desempenho, alta participação",False,
3140605,Materlândia,MG,Sudeste,28.57,50.48,21.91,95.65,0.021,0.022,0.021,baixo,False,"baixo desempenho, alta participação",True,
3133204,Itanhomi,MG,Sudeste,85.64,53.45,-32.19,91.74,0.021,0.021,0.021,baixo,False,"alto desempenho, alta participação",False,
2304657,Graça,CE,Nordeste,100.0,80.0,-20.0,93.45,0.021,0.021,0.021,baixo,False,"alto desempenho, alta participação",False,
5200175,Água Fria de Goiás,GO,Centro-Oeste,87.44,63.71,-23.73,94.44,0.021,0.021,0.021,baixo,False,"alto desempenho, alta participação",False,
4319208,São Nicolau,RS,Sul,7.1,65.1,58.0,82.35,0.172,0.021,0.021,baixo,False,"baixo desempenho, alta participação",True,score sem o choque das enchentes de 2024
2301604,Assaré,CE,Nordeste,98.08,80.0,-18.08,99.62,0.021,0.02,0.021,baixo,False,"alto desempenho, alta participação",False,
2307908,Martinópole,CE,Nordeste,99.24,80.0,-19.24,100.0,0.021,0.02,0.021,baixo,False,"alto desempenho, alta participação",False,
3113800,Carmésia,MG,Sudeste,62.5,44.58,-17.92,96.77,0.02,0.021,0.02,baixo,False,"alto desempenho, alta participação",False,
4200556,Águas Frias,SC,Sul,88.24,54.69,-33.55,100.0,0.02,0.02,0.02,baixo,False,"alto desempenho, alta participação",False,
2303659,Catunda,CE,Nordeste,100.0,80.0,-20.0,100.0,0.02,0.02,0.02,baixo,False,"alto desempenho, alta participação",False,
5203962,Buritinópolis,GO,Centro-Oeste,85.08,59.29,-25.79,91.3,0.02,0.02,0.02,baixo,False,"alto desempenho, alta participação",False,
2309904,Pacujá,CE,Nordeste,100.0,80.0,-20.0,100.0,0.02,0.02,0.02,baixo,False,"alto desempenho, alta participação",False,
3116902,Comendador Gomes,MG,Sudeste,74.3,49.4,-24.9,90.7,0.019,0.02,0.019,baixo,False,"alto desempenho, alta participação",False,
2301257,Ararendá,CE,Nordeste,99.34,80.0,-19.34,97.47,0.019,0.018,0.019,baixo,False,"alto desempenho, alta participação",False,
3131604,Iraí de Minas,MG,Sudeste,77.81,51.47,-26.34,97.47,0.018,0.018,0.018,baixo,False,"alto desempenho, alta participação",False,
5205455,Cezarina,GO,Centro-Oeste,69.63,53.59,-16.04,96.19,0.018,0.018,0.018,baixo,False,"alto desempenho, alta participação",False,
2303105,Cariré,CE,Nordeste,98.77,80.0,-18.77,100.0,0.018,0.018,0.018,baixo,False,"alto desempenho, alta participação",False,
3150307,Piedade do Rio Grande,MG,Sudeste,63.16,44.27,-18.89,96.49,0.018,0.019,0.018,baixo,False,"alto desempenho, alta participação",False,
2516151,Sossêgo,PB,Nordeste,66.62,33.95,-32.67,93.22,0.018,0.018,0.018,baixo,False,"alto desempenho, alta participação",False,
3102209,Alvarenga,MG,Sudeste,87.5,52.3,-35.2,93.75,0.018,0.018,0.018,baixo,False,"alto desempenho, alta participação",False,
3129707,Ibiraci,MG,Sudeste,73.86,47.1,-26.76,89.76,0.017,0.017,0.017,baixo,False,"alto desempenho, alta participação",False,
2406908,Lucrécia,RN,Nordeste,42.86,14.05,-28.81,84.0,0.017,0.017,0.017,baixo,False,"alto desempenho, alta participação",False,
3201803,Divino de São Lourenço,ES,Sudeste,82.15,57.06,-25.09,94.92,0.016,0.017,0.016,baixo,False,"alto desempenho, alta participação",False,
3157609,Santa Fé de Minas,MG,Sudeste,72.51,47.56,-24.95,97.56,0.016,0.016,0.016,baixo,False,"alto desempenho, alta participação",False,
2205599,Lagoa do Sítio,PI,Nordeste,62.96,27.27,-35.69,96.43,0.016,0.016,0.016,baixo,False,"alto desempenho, alta participação",False,
2205581,Lagoa do Piauí,PI,Nordeste,44.87,19.26,-25.61,84.62,0.016,0.016,0.016,baixo,False,"alto desempenho, alta participação",False,
3150539,Pingo-d'Água,MG,Sudeste,81.43,48.61,-32.82,92.31,0.016,0.016,0.016,baixo,False,"alto desempenho, alta participação",False,
1718501,Recursolândia,TO,Norte,50.29,14.48,-35.81,90.57,0.016,0.015,0.016,baixo,False,"alto desempenho, alta participação",False,
2313005,Solonópole,CE,Nordeste,98.96,80.0,-18.96,100.0,0.016,0.015,0.016,baixo,False,"alto desempenho, alta participação",False,
3146701,Palma,MG,Sudeste,75.61,42.2,-33.41,91.67,0.015,0.016,0.015,baixo,False,"alto desempenho, alta participação",False,
3125309,Faria Lemos,MG,Sudeste,69.23,29.78,-39.45,76.47,0.015,0.016,0.015,baixo,False,"alto desempenho, alta participação",False,
2305654,Ipaporanga,CE,Nordeste,99.16,80.0,-19.16,98.41,0.015,0.015,0.015,baixo,False,"alto desempenho, alta participação",False,
4301750,Barão do Triunfo,RS,Sul,4.4,14.05,9.65,92.59,0.132,0.015,0.015,baixo,False,"baixo desempenho, alta participação",True,score sem o choque das enchentes de 2024
3123403,Doresópolis,MG,Sudeste,66.67,51.51,-15.16,100.0,0.015,0.015,0.015,baixo,False,"alto desempenho, alta participação",False,
2304236,Croatá,CE,Nordeste,99.14,80.0,-19.14,100.0,0.015,0.014,0.015,baixo,False,"alto desempenho, alta participação",False,
5203609,Brazabrantes,GO,Centro-Oeste,90.96,59.04,-31.92,91.38,0.015,0.015,0.015,baixo,False,"alto desempenho, alta participação",False,
2111250,São José dos Basílios,MA,Nordeste,56.16,27.58,-28.58,100.0,0.014,0.014,0.014,baixo,False,"alto desempenho, alta participação",False,
3503356,Arco-Íris,SP,Sudeste,77.27,43.57,-33.7,100.0,0.014,0.014,0.014,baixo,False,"alto desempenho, alta participação",False,
2300507,Alcântaras,CE,Nordeste,99.05,80.0,-19.05,100.0,0.014,0.014,0.014,baixo,False,"alto desempenho, alta participação",False,
2312809,Senador Sá,CE,Nordeste,99.12,80.0,-19.12,100.0,0.014,0.014,0.014,baixo,False,"alto desempenho, alta participação",False,
2505808,Duas Estradas,PB,Nordeste,60.0,25.09,-34.91,94.59,0.013,0.013,0.013,baixo,False,"alto desempenho, alta participação",False,
2309201,Nova Olinda,CE,Nordeste,99.53,80.0,-19.53,100.0,0.012,0.012,0.012,baixo,False,"alto desempenho, alta participação",False,
2202174,Campo Largo do Piauí,PI,Nordeste,64.31,33.1,-31.21,96.77,0.012,0.011,0.012,baixo,False,"alto desempenho, alta participação",False,
5221577,Uirapuru,GO,Centro-Oeste,66.67,51.79,-14.88,100.0,0.012,0.012,0.012,baixo,False,"alto desempenho, alta participação",False,
3167004,Serranos,MG,Sudeste,82.14,51.51,-30.63,92.86,0.011,0.012,0.011,baixo,False,"alto desempenho, alta participação",False,
2304350,Forquilha,CE,Nordeste,100.0,80.0,-20.0,99.57,0.01,0.01,0.01,baixo,False,"alto desempenho, alta participação",False,
4320453,Sério,RS,Sul,11.1,80.0,68.9,100.0,0.091,0.01,0.01,baixo,False,"baixo desempenho, alta participação",True,score sem o choque das enchentes de 2024
3149507,Pequeri,MG,Sudeste,69.05,46.46,-22.59,100.0,0.01,0.01,0.01,baixo,False,"alto desempenho, alta participação",False,
5211008,Itapirapuã,GO,Centro-Oeste,73.21,48.34,-24.87,91.26,0.009,0.009,0.009,baixo,False,"alto desempenho, alta participação",False,
3150109,Piau,MG,Sudeste,75.58,44.48,-31.1,96.97,0.009,0.01,0.009,baixo,False,"alto desempenho, alta participação",False,
2506608,Ibiara,PB,Nordeste,58.62,27.74,-30.88,100.0,0.009,0.009,0.009,baixo,False,"alto desempenho, alta participação",False,
2304004,Coreaú,CE,Nordeste,100.0,80.0,-20.0,100.0,0.009,0.008,0.009,baixo,False,"alto desempenho, alta participação",False,
5209150,Gouvelândia,GO,Centro-Oeste,81.36,52.5,-28.86,100.0,0.009,0.009,0.009,baixo,False,"alto desempenho, alta participação",False,
2310951,Pires Ferreira,CE,Nordeste,100.0,80.0,-20.0,100.0,0.009,0.008,0.009,baixo,False,"alto desempenho, alta participação",False,
5209408,Guarani de Goiás,GO,Centro-Oeste,64.58,46.54,-18.04,100.0,0.008,0.008,0.008,baixo,False,"alto desempenho, alta participação",False,
5215801,Palmelo,GO,Centro-Oeste,64.71,43.57,-21.14,89.47,0.006,0.006,0.006,baixo,False,"alto desempenho, alta participação",False,
5209457,Guarinos,GO,Centro-Oeste,95.65,61.4,-34.25,100.0,0.006,0.006,0.006,baixo,False,"alto desempenho, alta participação",False,
5214804,Nova Aurora,GO,Centro-Oeste,84.21,29.25,-54.96,100.0,0.005,0.005,0.005,baixo,False,"alto desempenho, alta participação",False,
2305100,Guaramiranga,CE,Nordeste,95.86,63.58,-32.28,98.65,0.004,0.004,0.004,baixo,False,"alto desempenho, alta participação",False,
3167509,Simão Pereira,MG,Sudeste,48.25,21.89,-26.36,88.89,0.003,0.003,0.003,baixo,False,"alto desempenho, alta participação",False,
