id_municipio,nome_municipio,microrregiao,mesorregiao,sigla_uf_ibge,regiao_imediata,regiao_intermediaria
1100015,Alta Floresta D'Oeste,Cacoal,Leste Rondoniense,RO,Cacoal,Ji-Paraná
1100023,Ariquemes,Ariquemes,Leste Rondoniense,RO,Ariquemes,Porto Velho
1100031,Cabixi,Colorado do Oeste,Leste Rondoniense,RO,Vilhena,Ji-Paraná
1100049,Cacoal,Cacoal,Leste Rondoniense,RO,Cacoal,Ji-Paraná
1100056,Cerejeiras,Colorado do Oeste,Leste Rondoniense,RO,Vilhena,Ji-Paraná
1100064,Colorado do Oeste,Colorado do Oeste,Leste Rondoniense,RO,Vilhena,Ji-Paraná
1100072,Corumbiara,Colorado do Oeste,Leste Rondoniense,RO,Vilhena,Ji-Paraná
1100080,Costa Marques,Guajará-Mirim,Madeira-Guaporé,RO,Ji-Paraná,Ji-Paraná
1100098,Espigão D'Oeste,Cacoal,Leste Rondoniense,RO,Cacoal,Ji-Paraná
1100106,Guajará-Mirim,Guajará-Mirim,Madeira-Guaporé,RO,Porto Velho,Porto Velho
1100114,Jaru,Ji-Paraná,Leste Rondoniense,RO,Jaru,Porto Velho
1100122,Ji-Paraná,Ji-Paraná,Leste Rondoniense,RO,Ji-Paraná,Ji-Paraná
1100130,Machadinho D'Oeste,Ariquemes,Leste Rondoniense,RO,Jaru,Porto Velho
1100148,Nova Brasilândia D'Oeste,Alvorada D'Oeste,Leste Rondoniense,RO,Cacoal,Ji-Paraná
1100155,Ouro Preto do Oeste,Ji-Paraná,Leste Rondoniense,RO,Ji-Paraná,Ji-Paraná
1100189,Pimenta Bueno,Vilhena,Leste Rondoniense,RO,Cacoal,Ji-Paraná
1100205,Porto Velho,Porto Velho,Madeira-Guaporé,RO,Porto Velho,Porto Velho
1100254,Presidente Médici,Ji-Paraná,Leste Rondoniense,RO,Ji-Paraná,Ji-Paraná
1100262,Rio Crespo,Ariquemes,Leste Rondoniense,RO,Ariquemes,Porto Velho
1100288,Rolim de Moura,Cacoal,Leste Rondoniense,RO,Cacoal,Ji-Paraná
1100296,Santa Luzia D'Oeste,Cacoal,Leste Rondoniense,RO,Cacoal,Ji-Paraná
1100304,Vilhena,Vilhena,Leste Rondoniense,RO,Vilhena,Ji-Paraná
1100320,São Miguel do Guaporé,Alvorada D'Oeste,Leste Rondoniense,RO,Ji-Paraná,Ji-Paraná
1100338,Nova Mamoré,Porto Velho,Madeira-Guaporé,RO,Porto Velho,Porto Velho
1100346,Alvorada D'Oeste,Alvorada D'Oeste,Leste Rondoniense,RO,Ji-Paraná,Ji-Paraná
1100379,Alto Alegre dos Parecis,Cacoal,Leste Rondoniense,RO,Cacoal,Ji-Paraná
1100403,Alto Paraíso,Ariquemes,Leste Rondoniense,RO,Ariquemes,Porto Velho
1100452,Buritis,Porto Velho,Madeira-Guaporé,RO,Ariquemes,Porto Velho
1100502,Novo Horizonte do Oeste,Cacoal,Leste Rondoniense,RO,Cacoal,Ji-Paraná
1100601,Cacaulândia,Ariquemes,Leste Rondoniense,RO,Ariquemes,Porto Velho
1100700,Campo Novo de Rondônia,Porto Velho,Madeira-Guaporé,RO,Ariquemes,Porto Velho
1100809,Candeias do Jamari,Porto Velho,Madeira-Guaporé,RO,Porto Velho,Porto Velho
1100908,Castanheiras,Cacoal,Leste Rondoniense,RO,Cacoal,Ji-Paraná
1100924,Chupinguaia,Vilhena,Leste Rondoniense,RO,Vilhena,Ji-Paraná
1100940,Cujubim,Porto Velho,Madeira-Guaporé,RO,Ariquemes,Porto Velho
1101005,Governador Jorge Teixeira,Ji-Paraná,Leste Rondoniense,RO,Jaru,Porto Velho
1101104,Itapuã do Oeste,Porto Velho,Madeira-Guaporé,RO,Porto Velho,Porto Velho
1101203,Ministro Andreazza,Cacoal,Leste Rondoniense,RO,Cacoal,Ji-Paraná
1101302,Mirante da Serra,Ji-Paraná,Leste Rondoniense,RO,Ji-Paraná,Ji-Paraná
1101401,Monte Negro,Ariquemes,Leste Rondoniense,RO,Ariquemes,Porto Velho
1101435,Nova União,Ji-Paraná,Leste Rondoniense,RO,Ji-Paraná,Ji-Paraná
1101450,Parecis,Vilhena,Leste Rondoniense,RO,Cacoal,Ji-Paraná
1101468,Pimenteiras do Oeste,Colorado do Oeste,Leste Rondoniense,RO,Vilhena,Ji-Paraná
1101476,Primavera de Rondônia,Vilhena,Leste Rondoniense,RO,Cacoal,Ji-Paraná
1101484,São Felipe D'Oeste,Vilhena,Leste Rondoniense,RO,Cacoal,Ji-Paraná
1101492,São Francisco do Guaporé,Guajará-Mirim,Madeira-Guaporé,RO,Ji-Paraná,Ji-Paraná
1101500,Seringueiras,Alvorada D'Oeste,Leste Rondoniense,RO,Ji-Paraná,Ji-Paraná
1101559,Teixeirópolis,Ji-Paraná,Leste Rondoniense,RO,Ji-Paraná,Ji-Paraná
1101609,Theobroma,Ji-Paraná,Leste Rondoniense,RO,Jaru,Porto Velho
1101708,Urupá,Ji-Paraná,Leste Rondoniense,RO,Ji-Paraná,Ji-Paraná
1101757,Vale do Anari,Ariquemes,Leste Rondoniense,RO,Jaru,Porto Velho
1101807,Vale do Paraíso,Ji-Paraná,Leste Rondoniense,RO,Ji-Paraná,Ji-Paraná
1200013,Acrelândia,Rio Branco,Vale do Acre,AC,Rio Branco,Rio Branco
1200054,Assis Brasil,Brasiléia,Vale do Acre,AC,Brasiléia,Rio Branco
1200104,Brasiléia,Brasiléia,Vale do Acre,AC,Brasiléia,Rio Branco
1200138,Bujari,Rio Branco,Vale do Acre,AC,Rio Branco,Rio Branco
1200179,Capixaba,Rio Branco,Vale do Acre,AC,Rio Branco,Rio Branco
1200203,Cruzeiro do Sul,Cruzeiro do Sul,Vale do Juruá,AC,Cruzeiro do Sul,Cruzeiro do Sul
1200252,Epitaciolândia,Brasiléia,Vale do Acre,AC,Brasiléia,Rio Branco
1200302,Feijó,Tarauacá,Vale do Juruá,AC,Tarauacá,Cruzeiro do Sul
1200328,Jordão,Tarauacá,Vale do Juruá,AC,Tarauacá,Cruzeiro do Sul
1200336,Mâncio Lima,Cruzeiro do Sul,Vale do Juruá,AC,Cruzeiro do Sul,Cruzeiro do Sul
1200344,Manoel Urbano,Sena Madureira,Vale do Acre,AC,Sena Madureira,Rio Branco
1200351,Marechal Thaumaturgo,Cruzeiro do Sul,Vale do Juruá,AC,Cruzeiro do Sul,Cruzeiro do Sul
1200385,Plácido de Castro,Rio Branco,Vale do Acre,AC,Rio Branco,Rio Branco
1200393,Porto Walter,Cruzeiro do Sul,Vale do Juruá,AC,Cruzeiro do Sul,Cruzeiro do Sul
1200401,Rio Branco,Rio Branco,Vale do Acre,AC,Rio Branco,Rio Branco
1200427,Rodrigues Alves,Cruzeiro do Sul,Vale do Juruá,AC,Cruzeiro do Sul,Cruzeiro do Sul
1200435,Santa Rosa do Purus,Sena Madureira,Vale do Acre,AC,Sena Madureira,Rio Branco
1200450,Senador Guiomard,Rio Branco,Vale do Acre,AC,Rio Branco,Rio Branco
1200500,Sena Madureira,Sena Madureira,Vale do Acre,AC,Sena Madureira,Rio Branco
1200609,Tarauacá,Tarauacá,Vale do Juruá,AC,Tarauacá,Cruzeiro do Sul
1200708,Xapuri,Brasiléia,Vale do Acre,AC,Brasiléia,Rio Branco
1200807,Porto Acre,Rio Branco,Vale do Acre,AC,Rio Branco,Rio Branco
1300029,Alvarães,Tefé,Centro Amazonense,AM,Tefé,Tefé
1300060,Amaturá,Alto Solimões,Sudoeste Amazonense,AM,Tabatinga,Tefé
1300086,Anamã,Coari,Centro Amazonense,AM,Manacapuru,Manaus
1300102,Anori,Coari,Centro Amazonense,AM,Coari,Manaus
1300144,Apuí,Madeira,Sul Amazonense,AM,Manicoré,Lábrea
1300201,Atalaia do Norte,Alto Solimões,Sudoeste Amazonense,AM,Tabatinga,Tefé
1300300,Autazes,Manaus,Centro Amazonense,AM,Manaus,Manaus
1300409,Barcelos,Rio Negro,Norte Amazonense,AM,São Gabriel da Cachoeira,Manaus
1300508,Barreirinha,Parintins,Centro Amazonense,AM,Parintins,Parintins
1300607,Benjamin Constant,Alto Solimões,Sudoeste Amazonense,AM,Tabatinga,Tefé
1300631,Beruri,Coari,Centro Amazonense,AM,Coari,Manaus
1300680,Boa Vista do Ramos,Parintins,Centro Amazonense,AM,Parintins,Parintins
1300706,Boca do Acre,Boca do Acre,Sul Amazonense,AM,Lábrea,Lábrea
1300805,Borba,Madeira,Sul Amazonense,AM,Manaus,Manaus
1300839,Caapiranga,Coari,Centro Amazonense,AM,Manacapuru,Manaus
1300904,Canutama,Purus,Sul Amazonense,AM,Lábrea,Lábrea
1301001,Carauari,Juruá,Sudoeste Amazonense,AM,Tefé,Tefé
1301100,Careiro,Manaus,Centro Amazonense,AM,Manaus,Manaus
1301159,Careiro da Várzea,Manaus,Centro Amazonense,AM,Manaus,Manaus
1301209,Coari,Coari,Centro Amazonense,AM,Coari,Manaus
1301308,Codajás,Coari,Centro Amazonense,AM,Coari,Manaus
1301407,Eirunepé,Juruá,Sudoeste Amazonense,AM,Eirunepé,Tefé
1301506,Envira,Juruá,Sudoeste Amazonense,AM,Eirunepé,Tefé
1301605,Fonte Boa,Alto Solimões,Sudoeste Amazonense,AM,Tefé,Tefé
1301654,Guajará,Juruá,Sudoeste Amazonense,AM,Eirunepé,Tefé
1301704,Humaitá,Madeira,Sul Amazonense,AM,Manicoré,Lábrea
1301803,Ipixuna,Juruá,Sudoeste Amazonense,AM,Eirunepé,Tefé
1301852,Iranduba,Manaus,Centro Amazonense,AM,Manaus,Manaus
1301902,Itacoatiara,Itacoatiara,Centro Amazonense,AM,Itacoatiara,Parintins
1301951,Itamarati,Juruá,Sudoeste Amazonense,AM,Eirunepé,Tefé
1302009,Itapiranga,Itacoatiara,Centro Amazonense,AM,Itacoatiara,Parintins
1302108,Japurá,Japurá,Norte Amazonense,AM,Tefé,Tefé
1302207,Juruá,Juruá,Sudoeste Amazonense,AM,Tefé,Tefé
1302306,Jutaí,Alto Solimões,Sudoeste Amazonense,AM,Tefé,Tefé
1302405,Lábrea,Purus,Sul Amazonense,AM,Lábrea,Lábrea
1302504,Manacapuru,Manaus,Centro Amazonense,AM,Manacapuru,Manaus
1302553,Manaquiri,Manaus,Centro Amazonense,AM,Manaus,Manaus
1302603,Manaus,Manaus,Centro Amazonense,AM,Manaus,Manaus
1302702,Manicoré,Madeira,Sul Amazonense,AM,Manicoré,Lábrea
1302801,Maraã,Japurá,Norte Amazonense,AM,Tefé,Tefé
1302900,Maués,Parintins,Centro Amazonense,AM,Parintins,Parintins
1303007,Nhamundá,Parintins,Centro Amazonense,AM,Parintins,Parintins
1303106,Nova Olinda do Norte,Itacoatiara,Centro Amazonense,AM,Manaus,Manaus
1303205,Novo Airão,Rio Negro,Norte Amazonense,AM,Manacapuru,Manaus
1303304,Novo Aripuanã,Madeira,Sul Amazonense,AM,Manicoré,Lábrea
1303403,Parintins,Parintins,Centro Amazonense,AM,Parintins,Parintins
1303502,Pauini,Boca do Acre,Sul Amazonense,AM,Lábrea,Lábrea
1303536,Presidente Figueiredo,Rio Preto da Eva,Centro Amazonense,AM,Manaus,Manaus
1303569,Rio Preto da Eva,Rio Preto da Eva,Centro Amazonense,AM,Manaus,Manaus
1303601,Santa Isabel do Rio Negro,Rio Negro,Norte Amazonense,AM,São Gabriel da Cachoeira,Manaus
1303700,Santo Antônio do Içá,Alto Solimões,Sudoeste Amazonense,AM,Tabatinga,Tefé
1303809,São Gabriel da Cachoeira,Rio Negro,Norte Amazonense,AM,São Gabriel da Cachoeira,Manaus
1303908,São Paulo de Olivença,Alto Solimões,Sudoeste Amazonense,AM,Tabatinga,Tefé
1303957,São Sebastião do Uatumã,Parintins,Centro Amazonense,AM,Itacoatiara,Parintins
1304005,Silves,Itacoatiara,Centro Amazonense,AM,Itacoatiara,Parintins
1304062,Tabatinga,Alto Solimões,Sudoeste Amazonense,AM,Tabatinga,Tefé
1304104,Tapauá,Purus,Sul Amazonense,AM,Lábrea,Lábrea
1304203,Tefé,Tefé,Centro Amazonense,AM,Tefé,Tefé
1304237,Tonantins,Alto Solimões,Sudoeste Amazonense,AM,Tabatinga,Tefé
1304260,Uarini,Tefé,Centro Amazonense,AM,Tefé,Tefé
1304302,Urucará,Parintins,Centro Amazonense,AM,Itacoatiara,Parintins
1304401,Urucurituba,Itacoatiara,Centro Amazonense,AM,Itacoatiara,Parintins
1400027,Amajari,Boa Vista,Norte de Roraima,RR,Pacaraima,Boa Vista
1400050,Alto Alegre,Boa Vista,Norte de Roraima,RR,Boa Vista,Boa Vista
1400100,Boa Vista,Boa Vista,Norte de Roraima,RR,Boa Vista,Boa Vista
1400159,Bonfim,Nordeste de Roraima,Norte de Roraima,RR,Boa Vista,Boa Vista
1400175,Cantá,Nordeste de Roraima,Norte de Roraima,RR,Boa Vista,Boa Vista
1400209,Caracaraí,Caracaraí,Sul de Roraima,RR,Caracaraí,Rorainópolis - Caracaraí
1400233,Caroebe,Sudeste de Roraima,Sul de Roraima,RR,Rorainópolis,Rorainópolis - Caracaraí
1400282,Iracema,Caracaraí,Sul de Roraima,RR,Caracaraí,Rorainópolis - Caracaraí
1400308,Mucajaí,Caracaraí,Sul de Roraima,RR,Boa Vista,Boa Vista
1400407,Normandia,Nordeste de Roraima,Norte de Roraima,RR,Pacaraima,Boa Vista
1400456,Pacaraima,Boa Vista,Norte de Roraima,RR,Pacaraima,Boa Vista
1400472,Rorainópolis,Sudeste de Roraima,Sul de Roraima,RR,Rorainópolis,Rorainópolis - Caracaraí
1400506,São João da Baliza,Sudeste de Roraima,Sul de Roraima,RR,Rorainópolis,Rorainópolis - Caracaraí
1400605,São Luiz do Anauá,Sudeste de Roraima,Sul de Roraima,RR,Rorainópolis,Rorainópolis - Caracaraí
1400704,Uiramutã,Nordeste de Roraima,Norte de Roraima,RR,Pacaraima,Boa Vista
1500107,Abaetetuba,Cametá,Nordeste Paraense,PA,Abaetetuba,Belém
1500131,Abel Figueiredo,Paragominas,Sudeste Paraense,PA,Marabá,Marabá
1500206,Acará,Tomé-Açu,Nordeste Paraense,PA,Belém,Belém
1500305,Afuá,Furos de Breves,Marajó,PA,Breves,Breves
1500347,Água Azul do Norte,Parauapebas,Sudeste Paraense,PA,Xinguara,Redenção
1500404,Alenquer,Santarém,Baixo Amazonas,PA,Santarém,Santarém
1500503,Almeirim,Almeirim,Baixo Amazonas,PA,Almeirim - Porto de Moz,Altamira
1500602,Altamira,Altamira,Sudoeste Paraense,PA,Altamira,Altamira
1500701,Anajás,Furos de Breves,Marajó,PA,Breves,Breves
1500800,Ananindeua,Belém,Metropolitana de Belém,PA,Belém,Belém
1500859,Anapu,Altamira,Sudoeste Paraense,PA,Altamira,Altamira
1500909,Augusto Corrêa,Bragantina,Nordeste Paraense,PA,Bragança,Castanhal
1500958,Aurora do Pará,Guamá,Nordeste Paraense,PA,Paragominas,Castanhal
1501006,Aveiro,Itaituba,Sudoeste Paraense,PA,Itaituba,Santarém
1501105,Bagre,Portel,Marajó,PA,Breves,Breves
1501204,Baião,Cametá,Nordeste Paraense,PA,Tucuruí,Marabá
1501253,Bannach,São Félix do Xingu,Sudeste Paraense,PA,Redenção,Redenção
1501303,Barcarena,Belém,Metropolitana de Belém,PA,Belém,Belém
1501402,Belém,Belém,Metropolitana de Belém,PA,Belém,Belém
1501451,Belterra,Santarém,Baixo Amazonas,PA,Santarém,Santarém
1501501,Benevides,Belém,Metropolitana de Belém,PA,Belém,Belém
1501576,Bom Jesus do Tocantins,Paragominas,Sudeste Paraense,PA,Marabá,Marabá
1501600,Bonito,Bragantina,Nordeste Paraense,PA,Capanema,Castanhal
1501709,Bragança,Bragantina,Nordeste Paraense,PA,Bragança,Castanhal
1501725,Brasil Novo,Altamira,Sudoeste Paraense,PA,Altamira,Altamira
1501758,Brejo Grande do Araguaia,Marabá,Sudeste Paraense,PA,Marabá,Marabá
1501782,Breu Branco,Tucuruí,Sudeste Paraense,PA,Tucuruí,Marabá
1501808,Breves,Furos de Breves,Marajó,PA,Breves,Breves
1501907,Bujaru,Castanhal,Metropolitana de Belém,PA,Belém,Belém
1501956,Cachoeira do Piriá,Guamá,Nordeste Paraense,PA,Bragança,Castanhal
1502004,Cachoeira do Arari,Arari,Marajó,PA,Soure-Salvaterra,Breves
1502103,Cametá,Cametá,Nordeste Paraense,PA,Cametá,Belém
1502152,Canaã dos Carajás,Parauapebas,Sudeste Paraense,PA,Parauapebas,Marabá
1502202,Capanema,Bragantina,Nordeste Paraense,PA,Capanema,Castanhal
1502301,Capitão Poço,Guamá,Nordeste Paraense,PA,Capitão Poço,Castanhal
1502400,Castanhal,Castanhal,Metropolitana de Belém,PA,Castanhal,Castanhal
1502509,Chaves,Arari,Marajó,PA,Breves,Breves
1502608,Colares,Salgado,Nordeste Paraense,PA,Belém,Belém
1502707,Conceição do Araguaia,Conceição do Araguaia,Sudeste Paraense,PA,Redenção,Redenção
1502756,Concórdia do Pará,Tomé-Açu,Nordeste Paraense,PA,Belém,Belém
1502764,Cumaru do Norte,São Félix do Xingu,Sudeste Paraense,PA,Redenção,Redenção
1502772,Curionópolis,Parauapebas,Sudeste Paraense,PA,Parauapebas,Marabá
1502806,Curralinho,Furos de Breves,Marajó,PA,Breves,Breves
1502855,Curuá,Santarém,Baixo Amazonas,PA,Oriximiná,Santarém
1502905,Curuçá,Salgado,Nordeste Paraense,PA,Castanhal,Castanhal
1502939,Dom Eliseu,Paragominas,Sudeste Paraense,PA,Paragominas,Castanhal
1502954,Eldorado do Carajás,Parauapebas,Sudeste Paraense,PA,Parauapebas,Marabá
1503002,Faro,Óbidos,Baixo Amazonas,PA,Oriximiná,Santarém
1503044,Floresta do Araguaia,Conceição do Araguaia,Sudeste Paraense,PA,Redenção,Redenção
1503077,Garrafão do Norte,Guamá,Nordeste Paraense,PA,Capitão Poço,Castanhal
1503093,Goianésia do Pará,Paragominas,Sudeste Paraense,PA,Tucuruí,Marabá
1503101,Gurupá,Portel,Marajó,PA,Breves,Breves
1503200,Igarapé-Açu,Bragantina,Nordeste Paraense,PA,Castanhal,Castanhal
1503309,Igarapé-Miri,Cametá,Nordeste Paraense,PA,Abaetetuba,Belém
1503408,Inhangapi,Castanhal,Metropolitana de Belém,PA,Castanhal,Castanhal
1503457,Ipixuna do Pará,Guamá,Nordeste Paraense,PA,Paragominas,Castanhal
1503507,Irituia,Guamá,Nordeste Paraense,PA,Castanhal,Castanhal
1503606,Itaituba,Itaituba,Sudoeste Paraense,PA,Itaituba,Santarém
1503705,Itupiranga,Tucuruí,Sudeste Paraense,PA,Marabá,Marabá
1503754,Jacareacanga,Itaituba,Sudoeste Paraense,PA,Itaituba,Santarém
1503804,Jacundá,Tucuruí,Sudeste Paraense,PA,Marabá,Marabá
1503903,Juruti,Óbidos,Baixo Amazonas,PA,Oriximiná,Santarém
1504000,Limoeiro do Ajuru,Cametá,Nordeste Paraense,PA,Cametá,Belém
1504059,Mãe do Rio,Guamá,Nordeste Paraense,PA,Paragominas,Castanhal
1504109,Magalhães Barata,Salgado,Nordeste Paraense,PA,Castanhal,Castanhal
1504208,Marabá,Marabá,Sudeste Paraense,PA,Marabá,Marabá
1504307,Maracanã,Salgado,Nordeste Paraense,PA,Castanhal,Castanhal
1504406,Marapanim,Salgado,Nordeste Paraense,PA,Castanhal,Castanhal
1504422,Marituba,Belém,Metropolitana de Belém,PA,Belém,Belém
1504455,Medicilândia,Altamira,Sudoeste Paraense,PA,Altamira,Altamira
1504505,Melgaço,Portel,Marajó,PA,Breves,Breves
1504604,Mocajuba,Cametá,Nordeste Paraense,PA,Cametá,Belém
1504703,Moju,Tomé-Açu,Nordeste Paraense,PA,Abaetetuba,Belém
1504752,Mojuí dos Campos,Santarém,Baixo Amazonas,PA,Santarém,Santarém
1504802,Monte Alegre,Santarém,Baixo Amazonas,PA,Santarém,Santarém
1504901,Muaná,Arari,Marajó,PA,Soure-Salvaterra,Breves
1504950,Nova Esperança do Piriá,Guamá,Nordeste Paraense,PA,Capitão Poço,Castanhal
1504976,Nova Ipixuna,Tucuruí,Sudeste Paraense,PA,Marabá,Marabá
1505007,Nova Timboteua,Bragantina,Nordeste Paraense,PA,Capanema,Castanhal
1505031,Novo Progresso,Itaituba,Sudoeste Paraense,PA,Itaituba,Santarém
1505064,Novo Repartimento,Tucuruí,Sudeste Paraense,PA,Tucuruí,Marabá
1505106,Óbidos,Óbidos,Baixo Amazonas,PA,Oriximiná,Santarém
1505205,Oeiras do Pará,Cametá,Nordeste Paraense,PA,Cametá,Belém
1505304,Oriximiná,Óbidos,Baixo Amazonas,PA,Oriximiná,Santarém
1505403,Ourém,Guamá,Nordeste Paraense,PA,Capitão Poço,Castanhal
1505437,Ourilândia do Norte,São Félix do Xingu,Sudeste Paraense,PA,Tucumã - São Félix do Xingu,Redenção
1505486,Pacajá,Altamira,Sudoeste Paraense,PA,Tucuruí,Marabá
1505494,Palestina do Pará,Marabá,Sudeste Paraense,PA,Marabá,Marabá
1505502,Paragominas,Paragominas,Sudeste Paraense,PA,Paragominas,Castanhal
1505536,Parauapebas,Parauapebas,Sudeste Paraense,PA,Parauapebas,Marabá
1505551,Pau D'Arco,Redenção,Sudeste Paraense,PA,Redenção,Redenção
1505601,Peixe-Boi,Bragantina,Nordeste Paraense,PA,Capanema,Castanhal
1505635,Piçarra,Redenção,Sudeste Paraense,PA,Marabá,Marabá
1505650,Placas,Santarém,Baixo Amazonas,PA,Itaituba,Santarém
1505700,Ponta de Pedras,Arari,Marajó,PA,Soure-Salvaterra,Breves
1505809,Portel,Portel,Marajó,PA,Breves,Breves
1505908,Porto de Moz,Almeirim,Baixo Amazonas,PA,Almeirim - Porto de Moz,Altamira
1506005,Prainha,Santarém,Baixo Amazonas,PA,Santarém,Santarém
1506104,Primavera,Bragantina,Nordeste Paraense,PA,Capanema,Castanhal
1506112,Quatipuru,Bragantina,Nordeste Paraense,PA,Capanema,Castanhal
1506138,Redenção,Redenção,Sudeste Paraense,PA,Redenção,Redenção
1506161,Rio Maria,Redenção,Sudeste Paraense,PA,Xinguara,Redenção
1506187,Rondon do Pará,Paragominas,Sudeste Paraense,PA,Marabá,Marabá
1506195,Rurópolis,Itaituba,Sudoeste Paraense,PA,Itaituba,Santarém
1506203,Salinópolis,Salgado,Nordeste Paraense,PA,Capanema,Castanhal
1506302,Salvaterra,Arari,Marajó,PA,Soure-Salvaterra,Breves
1506351,Santa Bárbara do Pará,Belém,Metropolitana de Belém,PA,Belém,Belém
1506401,Santa Cruz do Arari,Arari,Marajó,PA,Soure-Salvaterra,Breves
1506500,Santa Izabel do Pará,Castanhal,Metropolitana de Belém,PA,Belém,Belém
1506559,Santa Luzia do Pará,Guamá,Nordeste Paraense,PA,Bragança,Castanhal
1506583,Santa Maria das Barreiras,Conceição do Araguaia,Sudeste Paraense,PA,Redenção,Redenção
1506609,Santa Maria do Pará,Bragantina,Nordeste Paraense,PA,Castanhal,Castanhal
1506708,Santana do Araguaia,Conceição do Araguaia,Sudeste Paraense,PA,Redenção,Redenção
1506807,Santarém,Santarém,Baixo Amazonas,PA,Santarém,Santarém
1506906,Santarém Novo,Bragantina,Nordeste Paraense,PA,Capanema,Castanhal
1507003,Santo Antônio do Tauá,Castanhal,Metropolitana de Belém,PA,Belém,Belém
1507102,São Caetano de Odivelas,Salgado,Nordeste Paraense,PA,Belém,Belém
1507151,São Domingos do Araguaia,Marabá,Sudeste Paraense,PA,Marabá,Marabá
1507201,São Domingos do Capim,Guamá,Nordeste Paraense,PA,Castanhal,Castanhal
1507300,São Félix do Xingu,São Félix do Xingu,Sudeste Paraense,PA,Tucumã - São Félix do Xingu,Redenção
1507409,São Francisco do Pará,Bragantina,Nordeste Paraense,PA,Castanhal,Castanhal
1507458,São Geraldo do Araguaia,Redenção,Sudeste Paraense,PA,Marabá,Marabá
1507466,São João da Ponta,Salgado,Nordeste Paraense,PA,Castanhal,Castanhal
1507474,São João de Pirabas,Salgado,Nordeste Paraense,PA,Capanema,Castanhal
1507508,São João do Araguaia,Marabá,Sudeste Paraense,PA,Marabá,Marabá
1507607,São Miguel do Guamá,Guamá,Nordeste Paraense,PA,Castanhal,Castanhal
1507706,São Sebastião da Boa Vista,Furos de Breves,Marajó,PA,Breves,Breves
1507755,Sapucaia,Redenção,Sudeste Paraense,PA,Xinguara,Redenção
1507805,Senador José Porfírio,Altamira,Sudoeste Paraense,PA,Altamira,Altamira
1507904,Soure,Arari,Marajó,PA,Soure-Salvaterra,Breves
1507953,Tailândia,Tomé-Açu,Nordeste Paraense,PA,Abaetetuba,Belém
1507961,Terra Alta,Salgado,Nordeste Paraense,PA,Castanhal,Castanhal
1507979,Terra Santa,Óbidos,Baixo Amazonas,PA,Oriximiná,Santarém
1508001,Tomé-Açu,Tomé-Açu,Nordeste Paraense,PA,Belém,Belém
1508035,Tracuateua,Bragantina,Nordeste Paraense,PA,Bragança,Castanhal
1508050,Trairão,Itaituba,Sudoeste Paraense,PA,Itaituba,Santarém
1508084,Tucumã,São Félix do Xingu,Sudeste Paraense,PA,Tucumã - São Félix do Xingu,Redenção
1508100,Tucuruí,Tucuruí,Sudeste Paraense,PA,Tucuruí,Marabá
1508126,Ulianópolis,Paragominas,Sudeste Paraense,PA,Paragominas,Castanhal
1508159,Uruará,Altamira,Sudoeste Paraense,PA,Altamira,Altamira
1508209,Vigia,Salgado,Nordeste Paraense,PA,Belém,Belém
1508308,Viseu,Guamá,Nordeste Paraense,PA,Bragança,Castanhal
1508357,Vitória do Xingu,Altamira,Sudoeste Paraense,PA,Altamira,Altamira
1508407,Xinguara,Redenção,Sudeste Paraense,PA,Xinguara,Redenção
1600055,Serra do Navio,Macapá,Sul do Amapá,AP,Porto Grande,Oiapoque - Porto Grande
1600105,Amapá,Amapá,Norte do Amapá,AP,Oiapoque,Oiapoque - Porto Grande
1600154,Pedra Branca do Amapari,Macapá,Sul do Amapá,AP,Porto Grande,Oiapoque - Porto Grande
1600204,Calçoene,Oiapoque,Norte do Amapá,AP,Oiapoque,Oiapoque - Porto Grande
1600212,Cutias,Macapá,Sul do Amapá,AP,Oiapoque,Oiapoque - Porto Grande
1600238,Ferreira Gomes,Macapá,Sul do Amapá,AP,Porto Grande,Oiapoque - Porto Grande
1600253,Itaubal,Macapá,Sul do Amapá,AP,Macapá,Macapá
1600279,Laranjal do Jari,Mazagão,Sul do Amapá,AP,Laranjal do Jari,Macapá
1600303,Macapá,Macapá,Sul do Amapá,AP,Macapá,Macapá
1600402,Mazagão,Mazagão,Sul do Amapá,AP,Macapá,Macapá
1600501,Oiapoque,Oiapoque,Norte do Amapá,AP,Oiapoque,Oiapoque - Porto Grande
1600535,Porto Grande,Macapá,Sul do Amapá,AP,Porto Grande,Oiapoque - Porto Grande
1600550,Pracuúba,Amapá,Norte do Amapá,AP,Oiapoque,Oiapoque - Porto Grande
1600600,Santana,Macapá,Sul do Amapá,AP,Macapá,Macapá
1600709,Tartarugalzinho,Amapá,Norte do Amapá,AP,Oiapoque,Oiapoque - Porto Grande
1600808,Vitória do Jari,Mazagão,Sul do Amapá,AP,Laranjal do Jari,Macapá
1700251,Abreulândia,Miracema do Tocantins,Ocidental do Tocantins,TO,Paraíso do Tocantins,Palmas
1700301,Aguiarnópolis,Bico do Papagaio,Ocidental do Tocantins,TO,Tocantinópolis,Araguaína
1700350,Aliança do Tocantins,Gurupi,Ocidental do Tocantins,TO,Gurupi,Gurupi
1700400,Almas,Dianópolis,Oriental do Tocantins,TO,Dianópolis,Gurupi
1700707,Alvorada,Gurupi,Ocidental do Tocantins,TO,Gurupi,Gurupi
1701002,Ananás,Bico do Papagaio,Ocidental do Tocantins,TO,Araguaína,Araguaína
1701051,Angico,Bico do Papagaio,Ocidental do Tocantins,TO,Araguaína,Araguaína
1701101,Aparecida do Rio Negro,Porto Nacional,Oriental do Tocantins,TO,Palmas,Palmas
1701309,Aragominas,Araguaína,Ocidental do Tocantins,TO,Araguaína,Araguaína
1701903,Araguacema,Miracema do Tocantins,Ocidental do Tocantins,TO,Paraíso do Tocantins,Palmas
1702000,Araguaçu,Rio Formoso,Ocidental do Tocantins,TO,Gurupi,Gurupi
1702109,Araguaína,Araguaína,Ocidental do Tocantins,TO,Araguaína,Araguaína
1702158,Araguanã,Araguaína,Ocidental do Tocantins,TO,Araguaína,Araguaína
1702208,Araguatins,Bico do Papagaio,Ocidental do Tocantins,TO,Araguatins,Araguaína
1702307,Arapoema,Araguaína,Ocidental do Tocantins,TO,Araguaína,Araguaína
1702406,Arraias,Dianópolis,Oriental do Tocantins,TO,Dianópolis,Gurupi
1702554,Augustinópolis,Bico do Papagaio,Ocidental do Tocantins,TO,Araguatins,Araguaína
1702703,Aurora do Tocantins,Dianópolis,Oriental do Tocantins,TO,Dianópolis,Gurupi
1702901,Axixá do Tocantins,Bico do Papagaio,Ocidental do Tocantins,TO,Araguatins,Araguaína
1703008,Babaçulândia,Araguaína,Ocidental do Tocantins,TO,Araguaína,Araguaína
1703057,Bandeirantes do Tocantins,Araguaína,Ocidental do Tocantins,TO,Colinas do Tocantins,Araguaína
1703073,Barra do Ouro,Jalapão,Oriental do Tocantins,TO,Araguaína,Araguaína
1703107,Barrolândia,Miracema do Tocantins,Ocidental do Tocantins,TO,Paraíso do Tocantins,Palmas
1703206,Bernardo Sayão,Miracema do Tocantins,Ocidental do Tocantins,TO,Colinas do Tocantins,Araguaína
1703305,Bom Jesus do Tocantins,Porto Nacional,Oriental do Tocantins,TO,Guaraí,Araguaína
1703602,Brasilândia do Tocantins,Miracema do Tocantins,Ocidental do Tocantins,TO,Colinas do Tocantins,Araguaína
1703701,Brejinho de Nazaré,Gurupi,Ocidental do Tocantins,TO,Porto Nacional,Palmas
1703800,Buriti do Tocantins,Bico do Papagaio,Ocidental do Tocantins,TO,Araguatins,Araguaína
1703826,Cachoeirinha,Bico do Papagaio,Ocidental do Tocantins,TO,Tocantinópolis,Araguaína
1703842,Campos Lindos,Jalapão,Oriental do Tocantins,TO,Araguaína,Araguaína
1703867,Cariri do Tocantins,Gurupi,Ocidental do Tocantins,TO,Gurupi,Gurupi
1703883,Carmolândia,Araguaína,Ocidental do Tocantins,TO,Araguaína,Araguaína
1703891,Carrasco Bonito,Bico do Papagaio,Ocidental do Tocantins,TO,Araguatins,Araguaína
1703909,Caseara,Miracema do Tocantins,Ocidental do Tocantins,TO,Paraíso do Tocantins,Palmas
1704105,Centenário,Jalapão,Oriental do Tocantins,TO,Guaraí,Araguaína
1704600,Chapada de Areia,Rio Formoso,Ocidental do Tocantins,TO,Paraíso do Tocantins,Palmas
1705102,Chapada da Natividade,Dianópolis,Oriental do Tocantins,TO,Porto Nacional,Palmas
1705508,Colinas do Tocantins,Araguaína,Ocidental do Tocantins,TO,Colinas do Tocantins,Araguaína
1705557,Combinado,Dianópolis,Oriental do Tocantins,TO,Dianópolis,Gurupi
1705607,Conceição do Tocantins,Dianópolis,Oriental do Tocantins,TO,Dianópolis,Gurupi
1706001,Couto Magalhães,Miracema do Tocantins,Ocidental do Tocantins,TO,Guaraí,Araguaína
1706100,Cristalândia,Rio Formoso,Ocidental do Tocantins,TO,Paraíso do Tocantins,Palmas
1706258,Crixás do Tocantins,Gurupi,Ocidental do Tocantins,TO,Gurupi,Gurupi
1706506,Darcinópolis,Bico do Papagaio,Ocidental do Tocantins,TO,Araguaína,Araguaína
1707009,Dianópolis,Dianópolis,Oriental do Tocantins,TO,Dianópolis,Gurupi
1707108,Divinópolis do Tocantins,Miracema do Tocantins,Ocidental do Tocantins,TO,Paraíso do Tocantins,Palmas
1707207,Dois Irmãos do Tocantins,Miracema do Tocantins,Ocidental do Tocantins,TO,Miracema do Tocantins,Palmas
1707306,Dueré,Rio Formoso,Ocidental do Tocantins,TO,Gurupi,Gurupi
1707405,Esperantina,Bico do Papagaio,Ocidental do Tocantins,TO,Araguatins,Araguaína
1707553,Fátima,Rio Formoso,Ocidental do Tocantins,TO,Porto Nacional,Palmas
1707652,Figueirópolis,Gurupi,Ocidental do Tocantins,TO,Gurupi,Gurupi
1707702,Filadélfia,Araguaína,Ocidental do Tocantins,TO,Araguaína,Araguaína
1708205,Formoso do Araguaia,Rio Formoso,Ocidental do Tocantins,TO,Gurupi,Gurupi
1708254,Tabocão,Miracema do Tocantins,Ocidental do Tocantins,TO,Guaraí,Araguaína
1708304,Goianorte,Miracema do Tocantins,Ocidental do Tocantins,TO,Guaraí,Araguaína
1709005,Goiatins,Jalapão,Oriental do Tocantins,TO,Araguaína,Araguaína
1709302,Guaraí,Miracema do Tocantins,Ocidental do Tocantins,TO,Guaraí,Araguaína
1709500,Gurupi,Gurupi,Ocidental do Tocantins,TO,Gurupi,Gurupi
1709807,Ipueiras,Porto Nacional,Oriental do Tocantins,TO,Porto Nacional,Palmas
1710508,Itacajá,Jalapão,Oriental do Tocantins,TO,Colinas do Tocantins,Araguaína
1710706,Itaguatins,Bico do Papagaio,Ocidental do Tocantins,TO,Araguatins,Araguaína
1710904,Itapiratins,Jalapão,Oriental do Tocantins,TO,Colinas do Tocantins,Araguaína
1711100,Itaporã do Tocantins,Miracema do Tocantins,Ocidental do Tocantins,TO,Guaraí,Araguaína
1711506,Jaú do Tocantins,Gurupi,Ocidental do Tocantins,TO,Gurupi,Gurupi
1711803,Juarina,Miracema do Tocantins,Ocidental do Tocantins,TO,Colinas do Tocantins,Araguaína
1711902,Lagoa da Confusão,Rio Formoso,Ocidental do Tocantins,TO,Paraíso do Tocantins,Palmas
1711951,Lagoa do Tocantins,Jalapão,Oriental do Tocantins,TO,Palmas,Palmas
1712009,Lajeado,Porto Nacional,Oriental do Tocantins,TO,Palmas,Palmas
1712157,Lavandeira,Dianópolis,Oriental do Tocantins,TO,Dianópolis,Gurupi
1712405,Lizarda,Jalapão,Oriental do Tocantins,TO,Palmas,Palmas
1712454,Luzinópolis,Bico do Papagaio,Ocidental do Tocantins,TO,Tocantinópolis,Araguaína
1712504,Marianópolis do Tocantins,Miracema do Tocantins,Ocidental do Tocantins,TO,Paraíso do Tocantins,Palmas
1712702,Mateiros,Jalapão,Oriental do Tocantins,TO,Palmas,Palmas
1712801,Maurilândia do Tocantins,Bico do Papagaio,Ocidental do Tocantins,TO,Tocantinópolis,Araguaína
1713205,Miracema do Tocantins,Miracema do Tocantins,Ocidental do Tocantins,TO,Miracema do Tocantins,Palmas
1713304,Miranorte,Miracema do Tocantins,Ocidental do Tocantins,TO,Miracema do Tocantins,Palmas
1713601,Monte do Carmo,Porto Nacional,Oriental do Tocantins,TO,Porto Nacional,Palmas
1713700,Monte Santo do Tocantins,Miracema do Tocantins,Ocidental do Tocantins,TO,Paraíso do Tocantins,Palmas
1713809,Palmeiras do Tocantins,Bico do Papagaio,Ocidental do Tocantins,TO,Tocantinópolis,Araguaína
1713957,Muricilândia,Araguaína,Ocidental do Tocantins,TO,Araguaína,Araguaína
1714203,Natividade,Dianópolis,Oriental do Tocantins,TO,Porto Nacional,Palmas
1714302,Nazaré,Bico do Papagaio,Ocidental do Tocantins,TO,Tocantinópolis,Araguaína
1714880,Nova Olinda,Araguaína,Ocidental do Tocantins,TO,Araguaína,Araguaína
1715002,Nova Rosalândia,Rio Formoso,Ocidental do Tocantins,TO,Paraíso do Tocantins,Palmas
1715101,Novo Acordo,Jalapão,Oriental do Tocantins,TO,Palmas,Palmas
1715150,Novo Alegre,Dianópolis,Oriental do Tocantins,TO,Dianópolis,Gurupi
1715259,Novo Jardim,Dianópolis,Oriental do Tocantins,TO,Dianópolis,Gurupi
1715507,Oliveira de Fátima,Rio Formoso,Ocidental do Tocantins,TO,Porto Nacional,Palmas
1715705,Palmeirante,Araguaína,Ocidental do Tocantins,TO,Colinas do Tocantins,Araguaína
1715754,Palmeirópolis,Gurupi,Ocidental do Tocantins,TO,Gurupi,Gurupi
1716109,Paraíso do Tocantins,Rio Formoso,Ocidental do Tocantins,TO,Paraíso do Tocantins,Palmas
1716208,Paranã,Dianópolis,Oriental do Tocantins,TO,Gurupi,Gurupi
1716307,Pau D'Arco,Araguaína,Ocidental do Tocantins,TO,Araguaína,Araguaína
1716505,Pedro Afonso,Porto Nacional,Oriental do Tocantins,TO,Guaraí,Araguaína
1716604,Peixe,Gurupi,Ocidental do Tocantins,TO,Gurupi,Gurupi
1716653,Pequizeiro,Miracema do Tocantins,Ocidental do Tocantins,TO,Guaraí,Araguaína
1716703,Colméia,Miracema do Tocantins,Ocidental do Tocantins,TO,Guaraí,Araguaína
1717008,Pindorama do Tocantins,Dianópolis,Oriental do Tocantins,TO,Porto Nacional,Palmas
1717206,Piraquê,Araguaína,Ocidental do Tocantins,TO,Araguaína,Araguaína
1717503,Pium,Rio Formoso,Ocidental do Tocantins,TO,Paraíso do Tocantins,Palmas
1717800,Ponte Alta do Bom Jesus,Dianópolis,Oriental do Tocantins,TO,Dianópolis,Gurupi
1717909,Ponte Alta do Tocantins,Jalapão,Oriental do Tocantins,TO,Porto Nacional,Palmas
1718006,Porto Alegre do Tocantins,Dianópolis,Oriental do Tocantins,TO,Dianópolis,Gurupi
1718204,Porto Nacional,Porto Nacional,Oriental do Tocantins,TO,Porto Nacional,Palmas
1718303,Praia Norte,Bico do Papagaio,Ocidental do Tocantins,TO,Araguatins,Araguaína
1718402,Presidente Kennedy,Miracema do Tocantins,Ocidental do Tocantins,TO,Guaraí,Araguaína
1718451,Pugmil,Rio Formoso,Ocidental do Tocantins,TO,Paraíso do Tocantins,Palmas
1718501,Recursolândia,Jalapão,Oriental do Tocantins,TO,Guaraí,Araguaína
1718550,Riachinho,Bico do Papagaio,Ocidental do Tocantins,TO,Araguaína,Araguaína
1718659,Rio da Conceição,Dianópolis,Oriental do Tocantins,TO,Dianópolis,Gurupi
1718709,Rio dos Bois,Miracema do Tocantins,Ocidental do Tocantins,TO,Miracema do Tocantins,Palmas
1718758,Rio Sono,Jalapão,Oriental do Tocantins,TO,Palmas,Palmas
1718808,Sampaio,Bico do Papagaio,Ocidental do Tocantins,TO,Araguatins,Araguaína
1718840,Sandolândia,Rio Formoso,Ocidental do Tocantins,TO,Gurupi,Gurupi
1718865,Santa Fé do Araguaia,Araguaína,Ocidental do Tocantins,TO,Araguaína,Araguaína
1718881,Santa Maria do Tocantins,Porto Nacional,Oriental do Tocantins,TO,Guaraí,Araguaína
1718899,Santa Rita do Tocantins,Gurupi,Ocidental do Tocantins,TO,Porto Nacional,Palmas
1718907,Santa Rosa do Tocantins,Dianópolis,Oriental do Tocantins,TO,Porto Nacional,Palmas
1719004,Santa Tereza do Tocantins,Jalapão,Oriental do Tocantins,TO,Palmas,Palmas
1720002,Santa Terezinha do Tocantins,Bico do Papagaio,Ocidental do Tocantins,TO,Tocantinópolis,Araguaína
1720101,São Bento do Tocantins,Bico do Papagaio,Ocidental do Tocantins,TO,Araguatins,Araguaína
1720150,São Félix do Tocantins,Jalapão,Oriental do Tocantins,TO,Palmas,Palmas
1720200,São Miguel do Tocantins,Bico do Papagaio,Ocidental do Tocantins,TO,Araguatins,Araguaína
1720259,São Salvador do Tocantins,Gurupi,Ocidental do Tocantins,TO,Gurupi,Gurupi
1720309,São Sebastião do Tocantins,Bico do Papagaio,Ocidental do Tocantins,TO,Araguatins,Araguaína
1720499,São Valério,Dianópolis,Oriental do Tocantins,TO,Gurupi,Gurupi
1720655,Silvanópolis,Porto Nacional,Oriental do Tocantins,TO,Porto Nacional,Palmas
1720804,Sítio Novo do Tocantins,Bico do Papagaio,Ocidental do Tocantins,TO,Araguatins,Araguaína
1720853,Sucupira,Gurupi,Ocidental do Tocantins,TO,Gurupi,Gurupi
1720903,Taguatinga,Dianópolis,Oriental do Tocantins,TO,Dianópolis,Gurupi
1720937,Taipas do Tocantins,Dianópolis,Oriental do Tocantins,TO,Dianópolis,Gurupi
1720978,Talismã,Gurupi,Ocidental do Tocantins,TO,Gurupi,Gurupi
1721000,Palmas,Porto Nacional,Oriental do Tocantins,TO,Palmas,Palmas
1721109,Tocantínia,Porto Nacional,Oriental do Tocantins,TO,Miracema do Tocantins,Palmas
1721208,Tocantinópolis,Bico do Papagaio,Ocidental do Tocantins,TO,Tocantinópolis,Araguaína
1721257,Tupirama,Miracema do Tocantins,Ocidental do Tocantins,TO,Guaraí,Araguaína
1721307,Tupiratins,Miracema do Tocantins,Ocidental do Tocantins,TO,Colinas do Tocantins,Araguaína
1722081,Wanderlândia,Araguaína,Ocidental do Tocantins,TO,Araguaína,Araguaína
1722107,Xambioá,Araguaína,Ocidental do Tocantins,TO,Araguaína,Araguaína
2100055,Açailândia,Imperatriz,Oeste Maranhense,MA,Açailândia,Imperatriz
2100105,Afonso Cunha,Coelho Neto,Leste Maranhense,MA,Caxias,Caxias
2100154,Água Doce do Maranhão,Baixo Parnaíba Maranhense,Leste Maranhense,MA,Tutóia - Araioses,São Luís
2100204,Alcântara,Litoral Ocidental Maranhense,Norte Maranhense,MA,São Luís,São Luís
2100303,Aldeias Altas,Coelho Neto,Leste Maranhense,MA,Caxias,Caxias
2100402,Altamira do Maranhão,Pindaré,Oeste Maranhense,MA,Bacabal,Santa Inês - Bacabal
2100436,Alto Alegre do Maranhão,Codó,Leste Maranhense,MA,Bacabal,Santa Inês - Bacabal
2100477,Alto Alegre do Pindaré,Pindaré,Oeste Maranhense,MA,Santa Inês,Santa Inês - Bacabal
2100501,Alto Parnaíba,Gerais de Balsas,Sul Maranhense,MA,Balsas,Imperatriz
2100550,Amapá do Maranhão,Gurupi,Oeste Maranhense,MA,Governador Nunes Freire,Santa Inês - Bacabal
2100600,Amarante do Maranhão,Imperatriz,Oeste Maranhense,MA,Imperatriz,Imperatriz
2100709,Anajatuba,Baixada Maranhense,Norte Maranhense,MA,Itapecuru Mirim,São Luís
2100808,Anapurus,Chapadinha,Leste Maranhense,MA,Chapadinha,São Luís
2100832,Apicum-Açu,Litoral Ocidental Maranhense,Norte Maranhense,MA,Cururupu,São Luís
2100873,Araguanã,Pindaré,Oeste Maranhense,MA,Santa Inês,Santa Inês - Bacabal
2100907,Araioses,Baixo Parnaíba Maranhense,Leste Maranhense,MA,Tutóia - Araioses,São Luís
2100956,Arame,Alto Mearim e Grajaú,Centro Maranhense,MA,Barra do Corda,Imperatriz
2101004,Arari,Baixada Maranhense,Norte Maranhense,MA,Viana,São Luís
2101103,Axixá,Rosário,Norte Maranhense,MA,São Luís,São Luís
2101202,Bacabal,Médio Mearim,Centro Maranhense,MA,Bacabal,Santa Inês - Bacabal
2101251,Bacabeira,Rosário,Norte Maranhense,MA,São Luís,São Luís
2101301,Bacuri,Litoral Ocidental Maranhense,Norte Maranhense,MA,Cururupu,São Luís
2101350,Bacurituba,Litoral Ocidental Maranhense,Norte Maranhense,MA,Pinheiro,São Luís
2101400,Balsas,Gerais de Balsas,Sul Maranhense,MA,Balsas,Imperatriz
2101509,Barão de Grajaú,Chapadas do Alto Itapecuru,Leste Maranhense,MA,São João dos Patos,Presidente Dutra
2101608,Barra do Corda,Alto Mearim e Grajaú,Centro Maranhense,MA,Barra do Corda,Imperatriz
2101707,Barreirinhas,Lençóis Maranhenses,Norte Maranhense,MA,Barreirinhas,São Luís
2101731,Belágua,Chapadinha,Leste Maranhense,MA,Chapadinha,São Luís
2101772,Bela Vista do Maranhão,Baixada Maranhense,Norte Maranhense,MA,Santa Inês,Santa Inês - Bacabal
2101806,Benedito Leite,Chapadas das Mangabeiras,Sul Maranhense,MA,São João dos Patos,Presidente Dutra
2101905,Bequimão,Litoral Ocidental Maranhense,Norte Maranhense,MA,Pinheiro,São Luís
2101939,Bernardo do Mearim,Médio Mearim,Centro Maranhense,MA,Pedreiras,Santa Inês - Bacabal
2101970,Boa Vista do Gurupi,Gurupi,Oeste Maranhense,MA,Governador Nunes Freire,Santa Inês - Bacabal
2102002,Bom Jardim,Pindaré,Oeste Maranhense,MA,Santa Inês,Santa Inês - Bacabal
2102036,Bom Jesus das Selvas,Pindaré,Oeste Maranhense,MA,Açailândia,Imperatriz
2102077,Bom Lugar,Médio Mearim,Centro Maranhense,MA,Bacabal,Santa Inês - Bacabal
2102101,Brejo,Chapadinha,Leste Maranhense,MA,Chapadinha,São Luís
2102150,Brejo de Areia,Pindaré,Oeste Maranhense,MA,Bacabal,Santa Inês - Bacabal
2102200,Buriti,Chapadinha,Leste Maranhense,MA,Chapadinha,São Luís
2102309,Buriti Bravo,Caxias,Leste Maranhense,MA,Timon,Caxias
2102325,Buriticupu,Pindaré,Oeste Maranhense,MA,Açailândia,Imperatriz
2102358,Buritirana,Imperatriz,Oeste Maranhense,MA,Imperatriz,Imperatriz
2102374,Cachoeira Grande,Rosário,Norte Maranhense,MA,São Luís,São Luís
2102408,Cajapió,Litoral Ocidental Maranhense,Norte Maranhense,MA,Viana,São Luís
2102507,Cajari,Baixada Maranhense,Norte Maranhense,MA,Viana,São Luís
2102556,Campestre do Maranhão,Porto Franco,Sul Maranhense,MA,Imperatriz,Imperatriz
2102606,Cândido Mendes,Gurupi,Oeste Maranhense,MA,Governador Nunes Freire,Santa Inês - Bacabal
2102705,Cantanhede,Itapecuru Mirim,Norte Maranhense,MA,Itapecuru Mirim,São Luís
2102754,Capinzal do Norte,Codó,Leste Maranhense,MA,Pedreiras,Santa Inês - Bacabal
2102804,Carolina,Porto Franco,Sul Maranhense,MA,Balsas,Imperatriz
2102903,Carutapera,Gurupi,Oeste Maranhense,MA,Governador Nunes Freire,Santa Inês - Bacabal
2103000,Caxias,Caxias,Leste Maranhense,MA,Caxias,Caxias
2103109,Cedral,Litoral Ocidental Maranhense,Norte Maranhense,MA,Cururupu,São Luís
2103125,Central do Maranhão,Litoral Ocidental Maranhense,Norte Maranhense,MA,Cururupu,São Luís
2103158,Centro do Guilherme,Gurupi,Oeste Maranhense,MA,Governador Nunes Freire,Santa Inês - Bacabal
2103174,Centro Novo do Maranhão,Gurupi,Oeste Maranhense,MA,Governador Nunes Freire,Santa Inês - Bacabal
2103208,Chapadinha,Chapadinha,Leste Maranhense,MA,Chapadinha,São Luís
2103257,Cidelândia,Imperatriz,Oeste Maranhense,MA,Imperatriz,Imperatriz
2103307,Codó,Codó,Leste Maranhense,MA,Codó,Caxias
2103406,Coelho Neto,Coelho Neto,Leste Maranhense,MA,Caxias,Caxias
2103505,Colinas,Chapadas do Alto Itapecuru,Leste Maranhense,MA,Colinas,Presidente Dutra
2103554,Conceição do Lago-Açu,Baixada Maranhense,Norte Maranhense,MA,Bacabal,Santa Inês - Bacabal
2103604,Coroatá,Codó,Leste Maranhense,MA,Codó,Caxias
2103703,Cururupu,Litoral Ocidental Maranhense,Norte Maranhense,MA,Cururupu,São Luís
2103752,Davinópolis,Imperatriz,Oeste Maranhense,MA,Imperatriz,Imperatriz
2103802,Dom Pedro,Presidente Dutra,Centro Maranhense,MA,Presidente Dutra,Presidente Dutra
2103901,Duque Bacelar,Coelho Neto,Leste Maranhense,MA,Caxias,Caxias
2104008,Esperantinópolis,Médio Mearim,Centro Maranhense,MA,Pedreiras,Santa Inês - Bacabal
2104057,Estreito,Porto Franco,Sul Maranhense,MA,Imperatriz,Imperatriz
2104073,Feira Nova do Maranhão,Gerais de Balsas,Sul Maranhense,MA,Balsas,Imperatriz
2104081,Fernando Falcão,Alto Mearim e Grajaú,Centro Maranhense,MA,Barra do Corda,Imperatriz
2104099,Formosa da Serra Negra,Alto Mearim e Grajaú,Centro Maranhense,MA,Barra do Corda,Imperatriz
2104107,Fortaleza dos Nogueiras,Chapadas das Mangabeiras,Sul Maranhense,MA,Balsas,Imperatriz
2104206,Fortuna,Presidente Dutra,Centro Maranhense,MA,Presidente Dutra,Presidente Dutra
2104305,Godofredo Viana,Gurupi,Oeste Maranhense,MA,Governador Nunes Freire,Santa Inês - Bacabal
2104404,Gonçalves Dias,Presidente Dutra,Centro Maranhense,MA,Presidente Dutra,Presidente Dutra
2104503,Governador Archer,Presidente Dutra,Centro Maranhense,MA,Presidente Dutra,Presidente Dutra
2104552,Governador Edison Lobão,Imperatriz,Oeste Maranhense,MA,Imperatriz,Imperatriz
2104602,Governador Eugênio Barros,Presidente Dutra,Centro Maranhense,MA,Presidente Dutra,Presidente Dutra
2104628,Governador Luiz Rocha,Presidente Dutra,Centro Maranhense,MA,Presidente Dutra,Presidente Dutra
2104651,Governador Newton Bello,Pindaré,Oeste Maranhense,MA,Santa Inês,Santa Inês - Bacabal
2104677,Governador Nunes Freire,Gurupi,Oeste Maranhense,MA,Governador Nunes Freire,Santa Inês - Bacabal
2104701,Graça Aranha,Presidente Dutra,Centro Maranhense,MA,Presidente Dutra,Presidente Dutra
2104800,Grajaú,Alto Mearim e Grajaú,Centro Maranhense,MA,Barra do Corda,Imperatriz
2104909,Guimarães,Litoral Ocidental Maranhense,Norte Maranhense,MA,Cururupu,São Luís
2105005,Humberto de Campos,Lençóis Maranhenses,Norte Maranhense,MA,Barreirinhas,São Luís
2105104,Icatu,Rosário,Norte Maranhense,MA,São Luís,São Luís
2105153,Igarapé do Meio,Baixada Maranhense,Norte Maranhense,MA,Santa Inês,Santa Inês - Bacabal
2105203,Igarapé Grande,Médio Mearim,Centro Maranhense,MA,Pedreiras,Santa Inês - Bacabal
2105302,Imperatriz,Imperatriz,Oeste Maranhense,MA,Imperatriz,Imperatriz
2105351,Itaipava do Grajaú,Alto Mearim e Grajaú,Centro Maranhense,MA,Barra do Corda,Imperatriz
2105401,Itapecuru Mirim,Itapecuru Mirim,Norte Maranhense,MA,Itapecuru Mirim,São Luís
2105427,Itinga do Maranhão,Imperatriz,Oeste Maranhense,MA,Açailândia,Imperatriz
2105450,Jatobá,Chapadas do Alto Itapecuru,Leste Maranhense,MA,Colinas,Presidente Dutra
2105476,Jenipapo dos Vieiras,Alto Mearim e Grajaú,Centro Maranhense,MA,Barra do Corda,Imperatriz
2105500,João Lisboa,Imperatriz,Oeste Maranhense,MA,Imperatriz,Imperatriz
2105609,Joselândia,Alto Mearim e Grajaú,Centro Maranhense,MA,Pedreiras,Santa Inês - Bacabal
2105658,Junco do Maranhão,Gurupi,Oeste Maranhense,MA,Governador Nunes Freire,Santa Inês - Bacabal
2105708,Lago da Pedra,Pindaré,Oeste Maranhense,MA,Bacabal,Santa Inês - Bacabal
2105807,Lago do Junco,Médio Mearim,Centro Maranhense,MA,Pedreiras,Santa Inês - Bacabal
2105906,Lago Verde,Médio Mearim,Centro Maranhense,MA,Bacabal,Santa Inês - Bacabal
2105922,Lagoa do Mato,Chapadas do Alto Itapecuru,Leste Maranhense,MA,São João dos Patos,Presidente Dutra
2105948,Lago dos Rodrigues,Médio Mearim,Centro Maranhense,MA,Pedreiras,Santa Inês - Bacabal
2105963,Lagoa Grande do Maranhão,Pindaré,Oeste Maranhense,MA,Bacabal,Santa Inês - Bacabal
2105989,Lajeado Novo,Imperatriz,Oeste Maranhense,MA,Imperatriz,Imperatriz
2106003,Lima Campos,Médio Mearim,Centro Maranhense,MA,Pedreiras,Santa Inês - Bacabal
2106102,Loreto,Chapadas das Mangabeiras,Sul Maranhense,MA,Balsas,Imperatriz
2106201,Luís Domingues,Gurupi,Oeste Maranhense,MA,Governador Nunes Freire,Santa Inês - Bacabal
2106300,Magalhães de Almeida,Baixo Parnaíba Maranhense,Leste Maranhense,MA,Tutóia - Araioses,São Luís
2106326,Maracaçumé,Gurupi,Oeste Maranhense,MA,Governador Nunes Freire,Santa Inês - Bacabal
2106359,Marajá do Sena,Pindaré,Oeste Maranhense,MA,Bacabal,Santa Inês - Bacabal
2106375,Maranhãozinho,Gurupi,Oeste Maranhense,MA,Governador Nunes Freire,Santa Inês - Bacabal
2106409,Mata Roma,Chapadinha,Leste Maranhense,MA,Chapadinha,São Luís
2106508,Matinha,Baixada Maranhense,Norte Maranhense,MA,Viana,São Luís
2106607,Matões,Caxias,Leste Maranhense,MA,Timon,Caxias
2106631,Matões do Norte,Itapecuru Mirim,Norte Maranhense,MA,Itapecuru Mirim,São Luís
2106672,Milagres do Maranhão,Chapadinha,Leste Maranhense,MA,Chapadinha,São Luís
2106706,Mirador,Chapadas do Alto Itapecuru,Leste Maranhense,MA,Colinas,Presidente Dutra
2106755,Miranda do Norte,Itapecuru Mirim,Norte Maranhense,MA,Itapecuru Mirim,São Luís
2106805,Mirinzal,Litoral Ocidental Maranhense,Norte Maranhense,MA,Cururupu,São Luís
2106904,Monção,Baixada Maranhense,Norte Maranhense,MA,Santa Inês,Santa Inês - Bacabal
2107001,Montes Altos,Imperatriz,Oeste Maranhense,MA,Imperatriz,Imperatriz
2107100,Morros,Rosário,Norte Maranhense,MA,São Luís,São Luís
2107209,Nina Rodrigues,Itapecuru Mirim,Norte Maranhense,MA,Itapecuru Mirim,São Luís
2107258,Nova Colinas,Chapadas das Mangabeiras,Sul Maranhense,MA,Balsas,Imperatriz
2107308,Nova Iorque,Chapadas do Alto Itapecuru,Leste Maranhense,MA,São João dos Patos,Presidente Dutra
2107357,Nova Olinda do Maranhão,Pindaré,Oeste Maranhense,MA,Santa Inês,Santa Inês - Bacabal
2107407,Olho d'Água das Cunhãs,Médio Mearim,Centro Maranhense,MA,Bacabal,Santa Inês - Bacabal
2107456,Olinda Nova do Maranhão,Baixada Maranhense,Norte Maranhense,MA,Viana,São Luís
2107506,Paço do Lumiar,Aglomeração Urbana de São Luís,Norte Maranhense,MA,São Luís,São Luís
2107605,Palmeirândia,Baixada Maranhense,Norte Maranhense,MA,Pinheiro,São Luís
2107704,Paraibano,Chapadas do Alto Itapecuru,Leste Maranhense,MA,São João dos Patos,Presidente Dutra
2107803,Parnarama,Caxias,Leste Maranhense,MA,Timon,Caxias
2107902,Passagem Franca,Chapadas do Alto Itapecuru,Leste Maranhense,MA,São João dos Patos,Presidente Dutra
2108009,Pastos Bons,Chapadas do Alto Itapecuru,Leste Maranhense,MA,São João dos Patos,Presidente Dutra
2108058,Paulino Neves,Lençóis Maranhenses,Norte Maranhense,MA,Tutóia - Araioses,São Luís
2108108,Paulo Ramos,Pindaré,Oeste Maranhense,MA,Bacabal,Santa Inês - Bacabal
2108207,Pedreiras,Médio Mearim,Centro Maranhense,MA,Pedreiras,Santa Inês - Bacabal
2108256,Pedro do Rosário,Baixada Maranhense,Norte Maranhense,MA,Pinheiro,São Luís
2108306,Penalva,Baixada Maranhense,Norte Maranhense,MA,Viana,São Luís
2108405,Peri Mirim,Baixada Maranhense,Norte Maranhense,MA,Pinheiro,São Luís
2108454,Peritoró,Codó,Leste Maranhense,MA,Codó,Caxias
2108504,Pindaré-Mirim,Pindaré,Oeste Maranhense,MA,Santa Inês,Santa Inês - Bacabal
2108603,Pinheiro,Baixada Maranhense,Norte Maranhense,MA,Pinheiro,São Luís
2108702,Pio XII,Médio Mearim,Centro Maranhense,MA,Santa Inês,Santa Inês - Bacabal
2108801,Pirapemas,Itapecuru Mirim,Norte Maranhense,MA,Itapecuru Mirim,São Luís
2108900,Poção de Pedras,Médio Mearim,Centro Maranhense,MA,Pedreiras,Santa Inês - Bacabal
2109007,Porto Franco,Porto Franco,Sul Maranhense,MA,Imperatriz,Imperatriz
2109056,Porto Rico do Maranhão,Litoral Ocidental Maranhense,Norte Maranhense,MA,Cururupu,São Luís
2109106,Presidente Dutra,Presidente Dutra,Centro Maranhense,MA,Presidente Dutra,Presidente Dutra
2109205,Presidente Juscelino,Rosário,Norte Maranhense,MA,São Luís,São Luís
2109239,Presidente Médici,Pindaré,Oeste Maranhense,MA,Governador Nunes Freire,Santa Inês - Bacabal
2109270,Presidente Sarney,Baixada Maranhense,Norte Maranhense,MA,Pinheiro,São Luís
2109304,Presidente Vargas,Itapecuru Mirim,Norte Maranhense,MA,Itapecuru Mirim,São Luís
2109403,Primeira Cruz,Lençóis Maranhenses,Norte Maranhense,MA,Barreirinhas,São Luís
2109452,Raposa,Aglomeração Urbana de São Luís,Norte Maranhense,MA,São Luís,São Luís
2109502,Riachão,Gerais de Balsas,Sul Maranhense,MA,Balsas,Imperatriz
2109551,Ribamar Fiquene,Imperatriz,Oeste Maranhense,MA,Imperatriz,Imperatriz
2109601,Rosário,Rosário,Norte Maranhense,MA,São Luís,São Luís
2109700,Sambaíba,Chapadas das Mangabeiras,Sul Maranhense,MA,Balsas,Imperatriz
2109759,Santa Filomena do Maranhão,Alto Mearim e Grajaú,Centro Maranhense,MA,Presidente Dutra,Presidente Dutra
2109809,Santa Helena,Baixada Maranhense,Norte Maranhense,MA,Pinheiro,São Luís
2109908,Santa Inês,Pindaré,Oeste Maranhense,MA,Santa Inês,Santa Inês - Bacabal
2110005,Santa Luzia,Pindaré,Oeste Maranhense,MA,Santa Inês,Santa Inês - Bacabal
2110039,Santa Luzia do Paruá,Pindaré,Oeste Maranhense,MA,Governador Nunes Freire,Santa Inês - Bacabal
2110104,Santa Quitéria do Maranhão,Baixo Parnaíba Maranhense,Leste Maranhense,MA,Chapadinha,São Luís
2110203,Santa Rita,Rosário,Norte Maranhense,MA,São Luís,São Luís
2110237,Santana do Maranhão,Baixo Parnaíba Maranhense,Leste Maranhense,MA,Tutóia - Araioses,São Luís
2110278,Santo Amaro do Maranhão,Lençóis Maranhenses,Norte Maranhense,MA,Barreirinhas,São Luís
2110302,Santo Antônio dos Lopes,Médio Mearim,Centro Maranhense,MA,Pedreiras,Santa Inês - Bacabal
2110401,São Benedito do Rio Preto,Chapadinha,Leste Maranhense,MA,Chapadinha,São Luís
2110500,São Bento,Baixada Maranhense,Norte Maranhense,MA,Pinheiro,São Luís
2110609,São Bernardo,Baixo Parnaíba Maranhense,Leste Maranhense,MA,Tutóia - Araioses,São Luís
2110658,São Domingos do Azeitão,Chapadas das Mangabeiras,Sul Maranhense,MA,São João dos Patos,Presidente Dutra
2110708,São Domingos do Maranhão,Presidente Dutra,Centro Maranhense,MA,Presidente Dutra,Presidente Dutra
2110807,São Félix de Balsas,Chapadas das Mangabeiras,Sul Maranhense,MA,Balsas,Imperatriz
2110856,São Francisco do Brejão,Imperatriz,Oeste Maranhense,MA,Açailândia,Imperatriz
2110906,São Francisco do Maranhão,Chapadas do Alto Itapecuru,Leste Maranhense,MA,São João dos Patos,Presidente Dutra
2111003,São João Batista,Baixada Maranhense,Norte Maranhense,MA,Viana,São Luís
2111029,São João do Carú,Pindaré,Oeste Maranhense,MA,Santa Inês,Santa Inês - Bacabal
2111052,São João do Paraíso,Porto Franco,Sul Maranhense,MA,Imperatriz,Imperatriz
2111078,São João do Soter,Caxias,Leste Maranhense,MA,Caxias,Caxias
2111102,São João dos Patos,Chapadas do Alto Itapecuru,Leste Maranhense,MA,São João dos Patos,Presidente Dutra
2111201,São José de Ribamar,Aglomeração Urbana de São Luís,Norte Maranhense,MA,São Luís,São Luís
2111250,São José dos Basílios,Presidente Dutra,Centro Maranhense,MA,Presidente Dutra,Presidente Dutra
2111300,São Luís,Aglomeração Urbana de São Luís,Norte Maranhense,MA,São Luís,São Luís
2111409,São Luís Gonzaga do Maranhão,Médio Mearim,Centro Maranhense,MA,Bacabal,Santa Inês - Bacabal
2111508,São Mateus do Maranhão,Médio Mearim,Centro Maranhense,MA,Bacabal,Santa Inês - Bacabal
2111532,São Pedro da Água Branca,Imperatriz,Oeste Maranhense,MA,Imperatriz,Imperatriz
2111573,São Pedro dos Crentes,Porto Franco,Sul Maranhense,MA,Barra do Corda,Imperatriz
2111607,São Raimundo das Mangabeiras,Chapadas das Mangabeiras,Sul Maranhense,MA,Balsas,Imperatriz
2111631,São Raimundo do Doca Bezerra,Médio Mearim,Centro Maranhense,MA,Pedreiras,Santa Inês - Bacabal
2111672,São Roberto,Médio Mearim,Centro Maranhense,MA,Pedreiras,Santa Inês - Bacabal
2111706,São Vicente Ferrer,Baixada Maranhense,Norte Maranhense,MA,Viana,São Luís
2111722,Satubinha,Médio Mearim,Centro Maranhense,MA,Bacabal,Santa Inês - Bacabal
2111748,Senador Alexandre Costa,Presidente Dutra,Centro Maranhense,MA,Presidente Dutra,Presidente Dutra
2111763,Senador La Rocque,Imperatriz,Oeste Maranhense,MA,Imperatriz,Imperatriz
2111789,Serrano do Maranhão,Litoral Ocidental Maranhense,Norte Maranhense,MA,Cururupu,São Luís
2111805,Sítio Novo,Alto Mearim e Grajaú,Centro Maranhense,MA,Barra do Corda,Imperatriz
2111904,Sucupira do Norte,Chapadas do Alto Itapecuru,Leste Maranhense,MA,Colinas,Presidente Dutra
2111953,Sucupira do Riachão,Chapadas do Alto Itapecuru,Leste Maranhense,MA,São João dos Patos,Presidente Dutra
2112001,Tasso Fragoso,Gerais de Balsas,Sul Maranhense,MA,Balsas,Imperatriz
2112100,Timbiras,Codó,Leste Maranhense,MA,Codó,Caxias
2112209,Timon,Caxias,Leste Maranhense,MA,Timon,Caxias
2112233,Trizidela do Vale,Médio Mearim,Centro Maranhense,MA,Pedreiras,Santa Inês - Bacabal
2112274,Tufilândia,Pindaré,Oeste Maranhense,MA,Santa Inês,Santa Inês - Bacabal
2112308,Tuntum,Alto Mearim e Grajaú,Centro Maranhense,MA,Presidente Dutra,Presidente Dutra
2112407,Turiaçu,Gurupi,Oeste Maranhense,MA,Pinheiro,São Luís
2112456,Turilândia,Gurupi,Oeste Maranhense,MA,Pinheiro,São Luís
2112506,Tutóia,Lençóis Maranhenses,Norte Maranhense,MA,Tutóia - Araioses,São Luís
2112605,Urbano Santos,Chapadinha,Leste Maranhense,MA,Chapadinha,São Luís
2112704,Vargem Grande,Itapecuru Mirim,Norte Maranhense,MA,Itapecuru Mirim,São Luís
2112803,Viana,Baixada Maranhense,Norte Maranhense,MA,Viana,São Luís
2112852,Vila Nova dos Martírios,Imperatriz,Oeste Maranhense,MA,Imperatriz,Imperatriz
2112902,Vitória do Mearim,Baixada Maranhense,Norte Maranhense,MA,Viana,São Luís
2113009,Vitorino Freire,Pindaré,Oeste Maranhense,MA,Bacabal,Santa Inês - Bacabal
2114007,Zé Doca,Pindaré,Oeste Maranhense,MA,Santa Inês,Santa Inês - Bacabal
2200053,Acauã,Alto Médio Canindé,Sudeste Piauiense,PI,Paulistana,Picos
2200103,Agricolândia,Médio Parnaíba Piauiense,Centro-Norte Piauiense,PI,Amarante - Água Branca - Regeneração,Teresina
2200202,Água Branca,Médio Parnaíba Piauiense,Centro-Norte Piauiense,PI,Amarante - Água Branca - Regeneração,Teresina
2200251,Alagoinha do Piauí,Pio IX,Sudeste Piauiense,PI,Picos,Picos
2200277,Alegrete do Piauí,Pio IX,Sudeste Piauiense,PI,Picos,Picos
2200301,Alto Longá,Campo Maior,Centro-Norte Piauiense,PI,Teresina,Teresina
2200400,Altos,Teresina,Centro-Norte Piauiense,PI,Teresina,Teresina
2200459,Alvorada do Gurguéia,Alto Médio Gurguéia,Sudoeste Piauiense,PI,Bom Jesus,Corrente - Bom Jesus
2200509,Amarante,Médio Parnaíba Piauiense,Centro-Norte Piauiense,PI,Amarante - Água Branca - Regeneração,Teresina
2200608,Angical do Piauí,Médio Parnaíba Piauiense,Centro-Norte Piauiense,PI,Amarante - Água Branca - Regeneração,Teresina
2200707,Anísio de Abreu,São Raimundo Nonato,Sudoeste Piauiense,PI,São Raimundo Nonato,São Raimundo Nonato
2200806,Antônio Almeida,Bertolínia,Sudoeste Piauiense,PI,Uruçuí,Floriano
2200905,Aroazes,Valença do Piauí,Centro-Norte Piauiense,PI,Valença do Piauí,Teresina
2200954,Aroeiras do Itaim,Picos,Sudeste Piauiense,PI,Picos,Picos
2201002,Arraial,Médio Parnaíba Piauiense,Centro-Norte Piauiense,PI,Floriano,Floriano
2201051,Assunção do Piauí,Campo Maior,Centro-Norte Piauiense,PI,Campo Maior,Teresina
2201101,Avelino Lopes,Chapadas do Extremo Sul Piauiense,Sudoeste Piauiense,PI,Corrente,Corrente - Bom Jesus
2201150,Baixa Grande do Ribeiro,Alto Parnaíba Piauiense,Sudoeste Piauiense,PI,Uruçuí,Floriano
2201176,Barra D'Alcântara,Valença do Piauí,Centro-Norte Piauiense,PI,Valença do Piauí,Teresina
2201200,Barras,Baixo Parnaíba Piauiense,Norte Piauiense,PI,Barras,Teresina
2201309,Barreiras do Piauí,Alto Médio Gurguéia,Sudoeste Piauiense,PI,Corrente,Corrente - Bom Jesus
2201408,Barro Duro,Médio Parnaíba Piauiense,Centro-Norte Piauiense,PI,Amarante - Água Branca - Regeneração,Teresina
2201507,Batalha,Baixo Parnaíba Piauiense,Norte Piauiense,PI,Esperantina,Parnaíba
2201556,Bela Vista do Piauí,Alto Médio Canindé,Sudeste Piauiense,PI,Simplício Mendes,Picos
2201572,Belém do Piauí,Alto Médio Canindé,Sudeste Piauiense,PI,Picos,Picos
2201606,Beneditinos,Teresina,Centro-Norte Piauiense,PI,Teresina,Teresina
2201705,Bertolínia,Bertolínia,Sudoeste Piauiense,PI,Uruçuí,Floriano
2201739,Betânia do Piauí,Alto Médio Canindé,Sudeste Piauiense,PI,Paulistana,Picos
2201770,Boa Hora,Baixo Parnaíba Piauiense,Norte Piauiense,PI,Barras,Teresina
2201804,Bocaina,Picos,Sudeste Piauiense,PI,Picos,Picos
2201903,Bom Jesus,Alto Médio Gurguéia,Sudoeste Piauiense,PI,Bom Jesus,Corrente - Bom Jesus
2201919,Bom Princípio do Piauí,Litoral Piauiense,Norte Piauiense,PI,Parnaíba,Parnaíba
2201929,Bonfim do Piauí,São Raimundo Nonato,Sudoeste Piauiense,PI,São Raimundo Nonato,São Raimundo Nonato
2201945,Boqueirão do Piauí,Campo Maior,Centro-Norte Piauiense,PI,Campo Maior,Teresina
2201960,Brasileira,Baixo Parnaíba Piauiense,Norte Piauiense,PI,Piripiri,Parnaíba
2201988,Brejo do Piauí,São Raimundo Nonato,Sudoeste Piauiense,PI,Canto do Buriti,Floriano
2202000,Buriti dos Lopes,Litoral Piauiense,Norte Piauiense,PI,Parnaíba,Parnaíba
2202026,Buriti dos Montes,Campo Maior,Centro-Norte Piauiense,PI,Campo Maior,Teresina
2202059,Cabeceiras do Piauí,Baixo Parnaíba Piauiense,Norte Piauiense,PI,Barras,Teresina
2202075,Cajazeiras do Piauí,Picos,Sudeste Piauiense,PI,Oeiras,Picos
2202083,Cajueiro da Praia,Litoral Piauiense,Norte Piauiense,PI,Parnaíba,Parnaíba
2202091,Caldeirão Grande do Piauí,Alto Médio Canindé,Sudeste Piauiense,PI,Picos,Picos
2202109,Campinas do Piauí,Alto Médio Canindé,Sudeste Piauiense,PI,Simplício Mendes,Picos
2202117,Campo Alegre do Fidalgo,Alto Médio Canindé,Sudeste Piauiense,PI,São João do Piauí,São Raimundo Nonato
2202133,Campo Grande do Piauí,Alto Médio Canindé,Sudeste Piauiense,PI,Picos,Picos
2202174,Campo Largo do Piauí,Baixo Parnaíba Piauiense,Norte Piauiense,PI,Barras,Teresina
2202208,Campo Maior,Campo Maior,Centro-Norte Piauiense,PI,Campo Maior,Teresina
2202251,Canavieira,Floriano,Sudoeste Piauiense,PI,Floriano,Floriano
2202307,Canto do Buriti,São Raimundo Nonato,Sudoeste Piauiense,PI,Canto do Buriti,Floriano
2202406,Capitão de Campos,Campo Maior,Centro-Norte Piauiense,PI,Piripiri,Parnaíba
2202455,Capitão Gervásio Oliveira,Alto Médio Canindé,Sudeste Piauiense,PI,São João do Piauí,São Raimundo Nonato
2202505,Caracol,São Raimundo Nonato,Sudoeste Piauiense,PI,São Raimundo Nonato,São Raimundo Nonato
2202539,Caraúbas do Piauí,Litoral Piauiense,Norte Piauiense,PI,Parnaíba,Parnaíba
2202554,Caridade do Piauí,Alto Médio Canindé,Sudeste Piauiense,PI,Paulistana,Picos
2202604,Castelo do Piauí,Campo Maior,Centro-Norte Piauiense,PI,Campo Maior,Teresina
2202653,Caxingó,Litoral Piauiense,Norte Piauiense,PI,Parnaíba,Parnaíba
2202703,Cocal,Litoral Piauiense,Norte Piauiense,PI,Parnaíba,Parnaíba
2202711,Cocal de Telha,Campo Maior,Centro-Norte Piauiense,PI,Campo Maior,Teresina
2202729,Cocal dos Alves,Litoral Piauiense,Norte Piauiense,PI,Parnaíba,Parnaíba
2202737,Coivaras,Teresina,Centro-Norte Piauiense,PI,Teresina,Teresina
2202752,Colônia do Gurguéia,Bertolínia,Sudoeste Piauiense,PI,Bom Jesus,Corrente - Bom Jesus
2202778,Colônia do Piauí,Picos,Sudeste Piauiense,PI,Oeiras,Picos
2202802,Conceição do Canindé,Alto Médio Canindé,Sudeste Piauiense,PI,Simplício Mendes,Picos
2202851,Coronel José Dias,São Raimundo Nonato,Sudoeste Piauiense,PI,São Raimundo Nonato,São Raimundo Nonato
2202901,Corrente,Chapadas do Extremo Sul Piauiense,Sudoeste Piauiense,PI,Corrente,Corrente - Bom Jesus
2203008,Cristalândia do Piauí,Chapadas do Extremo Sul Piauiense,Sudoeste Piauiense,PI,Corrente,Corrente - Bom Jesus
2203107,Cristino Castro,Alto Médio Gurguéia,Sudoeste Piauiense,PI,Bom Jesus,Corrente - Bom Jesus
2203206,Curimatá,Chapadas do Extremo Sul Piauiense,Sudoeste Piauiense,PI,Corrente,Corrente - Bom Jesus
2203230,Currais,Alto Médio Gurguéia,Sudoeste Piauiense,PI,Bom Jesus,Corrente - Bom Jesus
2203255,Curralinhos,Teresina,Centro-Norte Piauiense,PI,Teresina,Teresina
2203271,Curral Novo do Piauí,Alto Médio Canindé,Sudeste Piauiense,PI,Paulistana,Picos
2203305,Demerval Lobão,Teresina,Centro-Norte Piauiense,PI,Teresina,Teresina
2203354,Dirceu Arcoverde,São Raimundo Nonato,Sudoeste Piauiense,PI,São Raimundo Nonato,São Raimundo Nonato
2203404,Dom Expedito Lopes,Picos,Sudeste Piauiense,PI,Picos,Picos
2203420,Domingos Mourão,Campo Maior,Centro-Norte Piauiense,PI,Piripiri,Parnaíba
2203453,Dom Inocêncio,São Raimundo Nonato,Sudoeste Piauiense,PI,São Raimundo Nonato,São Raimundo Nonato
2203503,Elesbão Veloso,Valença do Piauí,Centro-Norte Piauiense,PI,Amarante - Água Branca - Regeneração,Teresina
2203602,Eliseu Martins,Bertolínia,Sudoeste Piauiense,PI,Canto do Buriti,Floriano
2203701,Esperantina,Baixo Parnaíba Piauiense,Norte Piauiense,PI,Esperantina,Parnaíba
2203750,Fartura do Piauí,São Raimundo Nonato,Sudoeste Piauiense,PI,São Raimundo Nonato,São Raimundo Nonato
2203800,Flores do Piauí,Floriano,Sudoeste Piauiense,PI,Canto do Buriti,Floriano
2203859,Floresta do Piauí,Alto Médio Canindé,Sudeste Piauiense,PI,Oeiras,Picos
2203909,Floriano,Floriano,Sudoeste Piauiense,PI,Floriano,Floriano
2204006,Francinópolis,Valença do Piauí,Centro-Norte Piauiense,PI,Amarante - Água Branca - Regeneração,Teresina
2204105,Francisco Ayres,Médio Parnaíba Piauiense,Centro-Norte Piauiense,PI,Floriano,Floriano
2204154,Francisco Macedo,Alto Médio Canindé,Sudeste Piauiense,PI,Picos,Picos
2204204,Francisco Santos,Pio IX,Sudeste Piauiense,PI,Picos,Picos
2204303,Fronteiras,Alto Médio Canindé,Sudeste Piauiense,PI,Picos,Picos
2204352,Geminiano,Picos,Sudeste Piauiense,PI,Picos,Picos
2204402,Gilbués,Alto Médio Gurguéia,Sudoeste Piauiense,PI,Corrente,Corrente - Bom Jesus
2204501,Guadalupe,Floriano,Sudoeste Piauiense,PI,Floriano,Floriano
2204550,Guaribas,São Raimundo Nonato,Sudoeste Piauiense,PI,São Raimundo Nonato,São Raimundo Nonato
2204600,Hugo Napoleão,Médio Parnaíba Piauiense,Centro-Norte Piauiense,PI,Amarante - Água Branca - Regeneração,Teresina
2204659,Ilha Grande,Litoral Piauiense,Norte Piauiense,PI,Parnaíba,Parnaíba
2204709,Inhuma,Valença do Piauí,Centro-Norte Piauiense,PI,Valença do Piauí,Teresina
2204808,Ipiranga do Piauí,Picos,Sudeste Piauiense,PI,Valença do Piauí,Teresina
2204907,Isaías Coelho,Alto Médio Canindé,Sudeste Piauiense,PI,Picos,Picos
2205003,Itainópolis,Alto Médio Canindé,Sudeste Piauiense,PI,Picos,Picos
2205102,Itaueira,Floriano,Sudoeste Piauiense,PI,Floriano,Floriano
2205151,Jacobina do Piauí,Alto Médio Canindé,Sudeste Piauiense,PI,Paulistana,Picos
2205201,Jaicós,Alto Médio Canindé,Sudeste Piauiense,PI,Picos,Picos
2205250,Jardim do Mulato,Médio Parnaíba Piauiense,Centro-Norte Piauiense,PI,Amarante - Água Branca - Regeneração,Teresina
2205276,Jatobá do Piauí,Campo Maior,Centro-Norte Piauiense,PI,Campo Maior,Teresina
2205300,Jerumenha,Floriano,Sudoeste Piauiense,PI,Floriano,Floriano
2205359,João Costa,Alto Médio Canindé,Sudeste Piauiense,PI,São João do Piauí,São Raimundo Nonato
2205409,Joaquim Pires,Baixo Parnaíba Piauiense,Norte Piauiense,PI,Esperantina,Parnaíba
2205458,Joca Marques,Baixo Parnaíba Piauiense,Norte Piauiense,PI,Esperantina,Parnaíba
2205508,José de Freitas,Teresina,Centro-Norte Piauiense,PI,Teresina,Teresina
2205516,Juazeiro do Piauí,Campo Maior,Centro-Norte Piauiense,PI,Campo Maior,Teresina
2205524,Júlio Borges,Chapadas do Extremo Sul Piauiense,Sudoeste Piauiense,PI,Corrente,Corrente - Bom Jesus
2205532,Jurema,São Raimundo Nonato,Sudoeste Piauiense,PI,São Raimundo Nonato,São Raimundo Nonato
2205540,Lagoinha do Piauí,Médio Parnaíba Piauiense,Centro-Norte Piauiense,PI,Amarante - Água Branca - Regeneração,Teresina
2205557,Lagoa Alegre,Teresina,Centro-Norte Piauiense,PI,Teresina,Teresina
2205565,Lagoa do Barro do Piauí,Alto Médio Canindé,Sudeste Piauiense,PI,São João do Piauí,São Raimundo Nonato
2205573,Lagoa de São Francisco,Campo Maior,Centro-Norte Piauiense,PI,Piripiri,Parnaíba
2205581,Lagoa do Piauí,Teresina,Centro-Norte Piauiense,PI,Teresina,Teresina
2205599,Lagoa do Sítio,Valença do Piauí,Centro-Norte Piauiense,PI,Valença do Piauí,Teresina
2205607,Landri Sales,Bertolínia,Sudoeste Piauiense,PI,Floriano,Floriano
2205706,Luís Correia,Litoral Piauiense,Norte Piauiense,PI,Parnaíba,Parnaíba
2205805,Luzilândia,Baixo Parnaíba Piauiense,Norte Piauiense,PI,Esperantina,Parnaíba
2205854,Madeiro,Baixo Parnaíba Piauiense,Norte Piauiense,PI,Esperantina,Parnaíba
2205904,Manoel Emídio,Bertolínia,Sudoeste Piauiense,PI,Uruçuí,Floriano
2205953,Marcolândia,Alto Médio Canindé,Sudeste Piauiense,PI,Picos,Picos
2206001,Marcos Parente,Bertolínia,Sudoeste Piauiense,PI,Floriano,Floriano
2206050,Massapê do Piauí,Alto Médio Canindé,Sudeste Piauiense,PI,Picos,Picos
2206100,Matias Olímpio,Baixo Parnaíba Piauiense,Norte Piauiense,PI,Esperantina,Parnaíba
2206209,Miguel Alves,Baixo Parnaíba Piauiense,Norte Piauiense,PI,Teresina,Teresina
2206308,Miguel Leão,Teresina,Centro-Norte Piauiense,PI,Amarante - Água Branca - Regeneração,Teresina
2206357,Milton Brandão,Campo Maior,Centro-Norte Piauiense,PI,Piripiri,Parnaíba
2206407,Monsenhor Gil,Teresina,Centro-Norte Piauiense,PI,Teresina,Teresina
2206506,Monsenhor Hipólito,Pio IX,Sudeste Piauiense,PI,Picos,Picos
2206605,Monte Alegre do Piauí,Alto Médio Gurguéia,Sudoeste Piauiense,PI,Corrente,Corrente - Bom Jesus
2206654,Morro Cabeça no Tempo,Chapadas do Extremo Sul Piauiense,Sudoeste Piauiense,PI,Corrente,Corrente - Bom Jesus
2206670,Morro do Chapéu do Piauí,Baixo Parnaíba Piauiense,Norte Piauiense,PI,Esperantina,Parnaíba
2206696,Murici dos Portelas,Litoral Piauiense,Norte Piauiense,PI,Parnaíba,Parnaíba
2206704,Nazaré do Piauí,Floriano,Sudoeste Piauiense,PI,Floriano,Floriano
2206720,Nazária,Teresina,Centro-Norte Piauiense,PI,Teresina,Teresina
2206753,Nossa Senhora de Nazaré,Campo Maior,Centro-Norte Piauiense,PI,Campo Maior,Teresina
2206803,Nossa Senhora dos Remédios,Baixo Parnaíba Piauiense,Norte Piauiense,PI,Barras,Teresina
2206902,Novo Oriente do Piauí,Valença do Piauí,Centro-Norte Piauiense,PI,Valença do Piauí,Teresina
2206951,Novo Santo Antônio,Campo Maior,Centro-Norte Piauiense,PI,Teresina,Teresina
2207009,Oeiras,Picos,Sudeste Piauiense,PI,Oeiras,Picos
2207108,Olho D'Água do Piauí,Médio Parnaíba Piauiense,Centro-Norte Piauiense,PI,Amarante - Água Branca - Regeneração,Teresina
2207207,Padre Marcos,Alto Médio Canindé,Sudeste Piauiense,PI,Picos,Picos
2207306,Paes Landim,Alto Médio Canindé,Sudeste Piauiense,PI,Simplício Mendes,Picos
2207355,Pajeú do Piauí,São Raimundo Nonato,Sudoeste Piauiense,PI,Canto do Buriti,Floriano
2207405,Palmeira do Piauí,Alto Médio Gurguéia,Sudoeste Piauiense,PI,Bom Jesus,Corrente - Bom Jesus
2207504,Palmeirais,Médio Parnaíba Piauiense,Centro-Norte Piauiense,PI,Amarante - Água Branca - Regeneração,Teresina
2207553,Paquetá,Picos,Sudeste Piauiense,PI,Picos,Picos
2207603,Parnaguá,Chapadas do Extremo Sul Piauiense,Sudoeste Piauiense,PI,Corrente,Corrente - Bom Jesus
2207702,Parnaíba,Litoral Piauiense,Norte Piauiense,PI,Parnaíba,Parnaíba
2207751,Passagem Franca do Piauí,Médio Parnaíba Piauiense,Centro-Norte Piauiense,PI,Amarante - Água Branca - Regeneração,Teresina
2207777,Patos do Piauí,Alto Médio Canindé,Sudeste Piauiense,PI,Paulistana,Picos
2207793,Pau D'Arco do Piauí,Teresina,Centro-Norte Piauiense,PI,Teresina,Teresina
2207801,Paulistana,Alto Médio Canindé,Sudeste Piauiense,PI,Paulistana,Picos
2207850,Pavussu,Floriano,Sudoeste Piauiense,PI,Canto do Buriti,Floriano
2207900,Pedro II,Campo Maior,Centro-Norte Piauiense,PI,Piripiri,Parnaíba
2207934,Pedro Laurentino,Alto Médio Canindé,Sudeste Piauiense,PI,São João do Piauí,São Raimundo Nonato
2207959,Nova Santa Rita,Alto Médio Canindé,Sudeste Piauiense,PI,São João do Piauí,São Raimundo Nonato
2208007,Picos,Picos,Sudeste Piauiense,PI,Picos,Picos
2208106,Pimenteiras,Valença do Piauí,Centro-Norte Piauiense,PI,Valença do Piauí,Teresina
2208205,Pio IX,Pio IX,Sudeste Piauiense,PI,Picos,Picos
2208304,Piracuruca,Litoral Piauiense,Norte Piauiense,PI,Piripiri,Parnaíba
2208403,Piripiri,Baixo Parnaíba Piauiense,Norte Piauiense,PI,Piripiri,Parnaíba
2208502,Porto,Baixo Parnaíba Piauiense,Norte Piauiense,PI,Barras,Teresina
2208551,Porto Alegre do Piauí,Bertolínia,Sudoeste Piauiense,PI,Floriano,Floriano
2208601,Prata do Piauí,Valença do Piauí,Centro-Norte Piauiense,PI,Amarante - Água Branca - Regeneração,Teresina
2208650,Queimada Nova,Alto Médio Canindé,Sudeste Piauiense,PI,Paulistana,Picos
2208700,Redenção do Gurguéia,Alto Médio Gurguéia,Sudoeste Piauiense,PI,Bom Jesus,Corrente - Bom Jesus
2208809,Regeneração,Médio Parnaíba Piauiense,Centro-Norte Piauiense,PI,Amarante - Água Branca - Regeneração,Teresina
2208858,Riacho Frio,Chapadas do Extremo Sul Piauiense,Sudoeste Piauiense,PI,Corrente,Corrente - Bom Jesus
2208874,Ribeira do Piauí,Alto Médio Canindé,Sudeste Piauiense,PI,São João do Piauí,São Raimundo Nonato
2208908,Ribeiro Gonçalves,Alto Parnaíba Piauiense,Sudoeste Piauiense,PI,Uruçuí,Floriano
2209005,Rio Grande do Piauí,Floriano,Sudoeste Piauiense,PI,Canto do Buriti,Floriano
2209104,Santa Cruz do Piauí,Picos,Sudeste Piauiense,PI,Picos,Picos
2209153,Santa Cruz dos Milagres,Valença do Piauí,Centro-Norte Piauiense,PI,Valença do Piauí,Teresina
2209203,Santa Filomena,Alto Parnaíba Piauiense,Sudoeste Piauiense,PI,Corrente,Corrente - Bom Jesus
2209302,Santa Luz,Alto Médio Gurguéia,Sudoeste Piauiense,PI,Bom Jesus,Corrente - Bom Jesus
2209351,Santana do Piauí,Picos,Sudeste Piauiense,PI,Picos,Picos
2209377,Santa Rosa do Piauí,Picos,Sudeste Piauiense,PI,Oeiras,Picos
2209401,Santo Antônio de Lisboa,Pio IX,Sudeste Piauiense,PI,Picos,Picos
2209450,Santo Antônio dos Milagres,Médio Parnaíba Piauiense,Centro-Norte Piauiense,PI,Amarante - Água Branca - Regeneração,Teresina
2209500,Santo Inácio do Piauí,Alto Médio Canindé,Sudeste Piauiense,PI,Oeiras,Picos
2209559,São Braz do Piauí,São Raimundo Nonato,Sudoeste Piauiense,PI,São Raimundo Nonato,São Raimundo Nonato
2209609,São Félix do Piauí,Valença do Piauí,Centro-Norte Piauiense,PI,Amarante - Água Branca - Regeneração,Teresina
2209658,São Francisco de Assis do Piauí,Alto Médio Canindé,Sudeste Piauiense,PI,Simplício Mendes,Picos
2209708,São Francisco do Piauí,Floriano,Sudoeste Piauiense,PI,Floriano,Floriano
2209757,São Gonçalo do Gurguéia,Alto Médio Gurguéia,Sudoeste Piauiense,PI,Corrente,Corrente - Bom Jesus
2209807,São Gonçalo do Piauí,Médio Parnaíba Piauiense,Centro-Norte Piauiense,PI,Amarante - Água Branca - Regeneração,Teresina
2209856,São João da Canabrava,Picos,Sudeste Piauiense,PI,Picos,Picos
2209872,São João da Fronteira,Litoral Piauiense,Norte Piauiense,PI,Piripiri,Parnaíba
2209906,São João da Serra,Campo Maior,Centro-Norte Piauiense,PI,Campo Maior,Teresina
2209955,São João da Varjota,Picos,Sudeste Piauiense,PI,Oeiras,Picos
2209971,São João do Arraial,Baixo Parnaíba Piauiense,Norte Piauiense,PI,Esperantina,Parnaíba
2210003,São João do Piauí,Alto Médio Canindé,Sudeste Piauiense,PI,São João do Piauí,São Raimundo Nonato
2210052,São José do Divino,Litoral Piauiense,Norte Piauiense,PI,Piripiri,Parnaíba
2210102,São José do Peixe,Floriano,Sudoeste Piauiense,PI,Floriano,Floriano
2210201,São José do Piauí,Picos,Sudeste Piauiense,PI,Picos,Picos
2210300,São Julião,Pio IX,Sudeste Piauiense,PI,Picos,Picos
2210359,São Lourenço do Piauí,São Raimundo Nonato,Sudoeste Piauiense,PI,São Raimundo Nonato,São Raimundo Nonato
2210375,São Luis do Piauí,Picos,Sudeste Piauiense,PI,Picos,Picos
2210383,São Miguel da Baixa Grande,Valença do Piauí,Centro-Norte Piauiense,PI,Amarante - Água Branca - Regeneração,Teresina
2210391,São Miguel do Fidalgo,Floriano,Sudoeste Piauiense,PI,Oeiras,Picos
2210409,São Miguel do Tapuio,Campo Maior,Centro-Norte Piauiense,PI,Campo Maior,Teresina
2210508,São Pedro do Piauí,Médio Parnaíba Piauiense,Centro-Norte Piauiense,PI,Amarante - Água Branca - Regeneração,Teresina
2210607,São Raimundo Nonato,São Raimundo Nonato,Sudoeste Piauiense,PI,São Raimundo Nonato,São Raimundo Nonato
2210623,Sebastião Barros,Chapadas do Extremo Sul Piauiense,Sudoeste Piauiense,PI,Corrente,Corrente - Bom Jesus
2210631,Sebastião Leal,Bertolínia,Sudoeste Piauiense,PI,Uruçuí,Floriano
2210656,Sigefredo Pacheco,Campo Maior,Centro-Norte Piauiense,PI,Campo Maior,Teresina
2210706,Simões,Alto Médio Canindé,Sudeste Piauiense,PI,Paulistana,Picos
2210805,Simplício Mendes,Alto Médio Canindé,Sudeste Piauiense,PI,Simplício Mendes,Picos
2210904,Socorro do Piauí,Alto Médio Canindé,Sudeste Piauiense,PI,Simplício Mendes,Picos
2210938,Sussuapara,Picos,Sudeste Piauiense,PI,Picos,Picos
2210953,Tamboril do Piauí,São Raimundo Nonato,Sudoeste Piauiense,PI,Canto do Buriti,Floriano
2210979,Tanque do Piauí,Picos,Sudeste Piauiense,PI,Oeiras,Picos
2211001,Teresina,Teresina,Centro-Norte Piauiense,PI,Teresina,Teresina
2211100,União,Teresina,Centro-Norte Piauiense,PI,Teresina,Teresina
2211209,Uruçuí,Alto Parnaíba Piauiense,Sudoeste Piauiense,PI,Uruçuí,Floriano
2211308,Valença do Piauí,Valença do Piauí,Centro-Norte Piauiense,PI,Valença do Piauí,Teresina
2211357,Várzea Branca,São Raimundo Nonato,Sudoeste Piauiense,PI,São Raimundo Nonato,São Raimundo Nonato
2211407,Várzea Grande,Valença do Piauí,Centro-Norte Piauiense,PI,Amarante - Água Branca - Regeneração,Teresina
2211506,Vera Mendes,Alto Médio Canindé,Sudeste Piauiense,PI,Picos,Picos
2211605,Vila Nova do Piauí,Alto Médio Canindé,Sudeste Piauiense,PI,Picos,Picos
2211704,Wall Ferraz,Picos,Sudeste Piauiense,PI,Picos,Picos
2300101,Abaiara,Brejo Santo,Sul Cearense,CE,Brejo Santo,Juazeiro do Norte
2300150,Acarape,Baturité,Norte Cearense,CE,Redenção-Acarape,Fortaleza
2300200,Acaraú,Litoral de Camocim e Acaraú,Noroeste Cearense,CE,Acaraú,Sobral
2300309,Acopiara,Sertão de Senador Pompeu,Sertões Cearenses,CE,Iguatu,Iguatu
2300408,Aiuaba,Sertão de Inhamuns,Sertões Cearenses,CE,Juazeiro do Norte,Juazeiro do Norte
2300507,Alcântaras,Meruoca,Noroeste Cearense,CE,Sobral,Sobral
2300606,Altaneira,Caririaçu,Sul Cearense,CE,Juazeiro do Norte,Juazeiro do Norte
2300705,Alto Santo,Baixo Jaguaribe,Jaguaribe,CE,Russas - Limoeiro do Norte,Quixadá
2300754,Amontada,Itapipoca,Norte Cearense,CE,Itapipoca,Fortaleza
2300804,Antonina do Norte,Várzea Alegre,Centro-Sul Cearense,CE,Juazeiro do Norte,Juazeiro do Norte
2300903,Apuiarés,Médio Curu,Norte Cearense,CE,Itapagé,Fortaleza
2301000,Aquiraz,Fortaleza,Metropolitana de Fortaleza,CE,Fortaleza,Fortaleza
2301109,Aracati,Litoral de Aracati,Jaguaribe,CE,Aracati,Quixadá
2301208,Aracoiaba,Baturité,Norte Cearense,CE,Redenção-Acarape,Fortaleza
2301257,Ararendá,Sertão de Cratéus,Sertões Cearenses,CE,Crateús,Crateús
2301307,Araripe,Chapada do Araripe,Sul Cearense,CE,Juazeiro do Norte,Juazeiro do Norte
2301406,Aratuba,Baturité,Norte Cearense,CE,Redenção-Acarape,Fortaleza
2301505,Arneiroz,Sertão de Inhamuns,Sertões Cearenses,CE,Tauá,Crateús
2301604,Assaré,Chapada do Araripe,Sul Cearense,CE,Juazeiro do Norte,Juazeiro do Norte
2301703,Aurora,Barro,Sul Cearense,CE,Juazeiro do Norte,Juazeiro do Norte
2301802,Baixio,Lavras da Mangabeira,Centro-Sul Cearense,CE,Icó,Iguatu
2301851,Banabuiú,Sertão de Quixeramobim,Sertões Cearenses,CE,Quixadá,Quixadá
2301901,Barbalha,Cariri,Sul Cearense,CE,Juazeiro do Norte,Juazeiro do Norte
2301950,Barreira,Chorozinho,Norte Cearense,CE,Redenção-Acarape,Fortaleza
2302008,Barro,Barro,Sul Cearense,CE,Brejo Santo,Juazeiro do Norte
2302057,Barroquinha,Litoral de Camocim e Acaraú,Noroeste Cearense,CE,Camocim,Sobral
2302107,Baturité,Baturité,Norte Cearense,CE,Redenção-Acarape,Fortaleza
2302206,Beberibe,Cascavel,Norte Cearense,CE,Fortaleza,Fortaleza
2302305,Bela Cruz,Litoral de Camocim e Acaraú,Noroeste Cearense,CE,Acaraú,Sobral
2302404,Boa Viagem,Sertão de Quixeramobim,Sertões Cearenses,CE,Canindé,Fortaleza
2302503,Brejo Santo,Brejo Santo,Sul Cearense,CE,Brejo Santo,Juazeiro do Norte
2302602,Camocim,Litoral de Camocim e Acaraú,Noroeste Cearense,CE,Camocim,Sobral
2302701,Campos Sales,Chapada do Araripe,Sul Cearense,CE,Juazeiro do Norte,Juazeiro do Norte
2302800,Canindé,Canindé,Norte Cearense,CE,Canindé,Fortaleza
2302909,Capistrano,Baturité,Norte Cearense,CE,Redenção-Acarape,Fortaleza
2303006,Caridade,Canindé,Norte Cearense,CE,Canindé,Fortaleza
2303105,Cariré,Sobral,Noroeste Cearense,CE,Sobral,Sobral
2303204,Caririaçu,Caririaçu,Sul Cearense,CE,Juazeiro do Norte,Juazeiro do Norte
2303303,Cariús,Várzea Alegre,Centro-Sul Cearense,CE,Iguatu,Iguatu
2303402,Carnaubal,Ibiapaba,Noroeste Cearense,CE,São Benedito - Ipu - Guaraciaba do Norte - Tianguá,Sobral
2303501,Cascavel,Cascavel,Norte Cearense,CE,Fortaleza,Fortaleza
2303600,Catarina,Sertão de Inhamuns,Sertões Cearenses,CE,Iguatu,Iguatu
2303659,Catunda,Santa Quitéria,Noroeste Cearense,CE,Sobral,Sobral
2303709,Caucaia,Fortaleza,Metropolitana de Fortaleza,CE,Fortaleza,Fortaleza
2303808,Cedro,Iguatu,Centro-Sul Cearense,CE,Iguatu,Iguatu
2303907,Chaval,Litoral de Camocim e Acaraú,Noroeste Cearense,CE,Camocim,Sobral
2303931,Choró,Sertão de Quixeramobim,Sertões Cearenses,CE,Quixadá,Quixadá
2303956,Chorozinho,Chorozinho,Norte Cearense,CE,Fortaleza,Fortaleza
2304004,Coreaú,Coreaú,Noroeste Cearense,CE,Sobral,Sobral
2304103,Crateús,Sertão de Cratéus,Sertões Cearenses,CE,Crateús,Crateús
2304202,Crato,Cariri,Sul Cearense,CE,Juazeiro do Norte,Juazeiro do Norte
2304236,Croatá,Ibiapaba,Noroeste Cearense,CE,São Benedito - Ipu - Guaraciaba do Norte - Tianguá,Sobral
2304251,Cruz,Litoral de Camocim e Acaraú,Noroeste Cearense,CE,Acaraú,Sobral
2304269,Deputado Irapuan Pinheiro,Sertão de Senador Pompeu,Sertões Cearenses,CE,Quixadá,Quixadá
2304277,Ereré,Serra do Pereiro,Jaguaribe,CE,Russas - Limoeiro do Norte,Quixadá
2304285,Eusébio,Fortaleza,Metropolitana de Fortaleza,CE,Fortaleza,Fortaleza
2304301,Farias Brito,Caririaçu,Sul Cearense,CE,Juazeiro do Norte,Juazeiro do Norte
2304350,Forquilha,Sobral,Noroeste Cearense,CE,Sobral,Sobral
2304400,Fortaleza,Fortaleza,Metropolitana de Fortaleza,CE,Fortaleza,Fortaleza
2304459,Fortim,Litoral de Aracati,Jaguaribe,CE,Aracati,Quixadá
2304509,Frecheirinha,Coreaú,Noroeste Cearense,CE,Sobral,Sobral
2304608,General Sampaio,Médio Curu,Norte Cearense,CE,Itapagé,Fortaleza
2304657,Graça,Sobral,Noroeste Cearense,CE,Sobral,Sobral
2304707,Granja,Litoral de Camocim e Acaraú,Noroeste Cearense,CE,Camocim,Sobral
2304806,Granjeiro,Caririaçu,Sul Cearense,CE,Juazeiro do Norte,Juazeiro do Norte
2304905,Groaíras,Sobral,Noroeste Cearense,CE,Sobral,Sobral
2304954,Guaiúba,Fortaleza,Metropolitana de Fortaleza,CE,Fortaleza,Fortaleza
2305001,Guaraciaba do Norte,Ibiapaba,Noroeste Cearense,CE,São Benedito - Ipu - Guaraciaba do Norte - Tianguá,Sobral
2305100,Guaramiranga,Baturité,Norte Cearense,CE,Redenção-Acarape,Fortaleza
2305209,Hidrolândia,Santa Quitéria,Noroeste Cearense,CE,Sobral,Sobral
2305233,Horizonte,Pacajus,Metropolitana de Fortaleza,CE,Fortaleza,Fortaleza
2305266,Ibaretama,Sertão de Quixeramobim,Sertões Cearenses,CE,Quixadá,Quixadá
2305308,Ibiapina,Ibiapaba,Noroeste Cearense,CE,São Benedito - Ipu - Guaraciaba do Norte - Tianguá,Sobral
2305332,Ibicuitinga,Baixo Jaguaribe,Jaguaribe,CE,Quixadá,Quixadá
2305357,Icapuí,Litoral de Aracati,Jaguaribe,CE,Aracati,Quixadá
2305407,Icó,Iguatu,Centro-Sul Cearense,CE,Icó,Iguatu
2305506,Iguatu,Iguatu,Centro-Sul Cearense,CE,Iguatu,Iguatu
2305605,Independência,Sertão de Cratéus,Sertões Cearenses,CE,Crateús,Crateús
2305654,Ipaporanga,Sertão de Cratéus,Sertões Cearenses,CE,Crateús,Crateús
2305704,Ipaumirim,Lavras da Mangabeira,Centro-Sul Cearense,CE,Icó,Iguatu
2305803,Ipu,Ipu,Noroeste Cearense,CE,São Benedito - Ipu - Guaraciaba do Norte - Tianguá,Sobral
2305902,Ipueiras,Ipu,Noroeste Cearense,CE,São Benedito - Ipu - Guaraciaba do Norte - Tianguá,Sobral
2306009,Iracema,Serra do Pereiro,Jaguaribe,CE,Russas - Limoeiro do Norte,Quixadá
2306108,Irauçuba,Sobral,Noroeste Cearense,CE,Itapagé,Fortaleza
2306207,Itaiçaba,Litoral de Aracati,Jaguaribe,CE,Aracati,Quixadá
2306256,Itaitinga,Fortaleza,Metropolitana de Fortaleza,CE,Fortaleza,Fortaleza
2306306,Itapajé,Uruburetama,Norte Cearense,CE,Itapagé,Fortaleza
2306405,Itapipoca,Itapipoca,Norte Cearense,CE,Itapipoca,Fortaleza
2306504,Itapiúna,Baturité,Norte Cearense,CE,Redenção-Acarape,Fortaleza
2306553,Itarema,Litoral de Camocim e Acaraú,Noroeste Cearense,CE,Acaraú,Sobral
2306603,Itatira,Canindé,Norte Cearense,CE,Canindé,Fortaleza
2306702,Jaguaretama,Médio Jaguaribe,Jaguaribe,CE,Russas - Limoeiro do Norte,Quixadá
2306801,Jaguaribara,Médio Jaguaribe,Jaguaribe,CE,Russas - Limoeiro do Norte,Quixadá
2306900,Jaguaribe,Médio Jaguaribe,Jaguaribe,CE,Russas - Limoeiro do Norte,Quixadá
2307007,Jaguaruana,Baixo Jaguaribe,Jaguaribe,CE,Aracati,Quixadá
2307106,Jardim,Cariri,Sul Cearense,CE,Juazeiro do Norte,Juazeiro do Norte
2307205,Jati,Brejo Santo,Sul Cearense,CE,Brejo Santo,Juazeiro do Norte
2307254,Jijoca de Jericoacoara,Litoral de Camocim e Acaraú,Noroeste Cearense,CE,Acaraú,Sobral
2307304,Juazeiro do Norte,Cariri,Sul Cearense,CE,Juazeiro do Norte,Juazeiro do Norte
2307403,Jucás,Várzea Alegre,Centro-Sul Cearense,CE,Iguatu,Iguatu
2307502,Lavras da Mangabeira,Lavras da Mangabeira,Centro-Sul Cearense,CE,Juazeiro do Norte,Juazeiro do Norte
2307601,Limoeiro do Norte,Baixo Jaguaribe,Jaguaribe,CE,Russas - Limoeiro do Norte,Quixadá
2307635,Madalena,Sertão de Quixeramobim,Sertões Cearenses,CE,Canindé,Fortaleza
2307650,Maracanaú,Fortaleza,Metropolitana de Fortaleza,CE,Fortaleza,Fortaleza
2307700,Maranguape,Fortaleza,Metropolitana de Fortaleza,CE,Fortaleza,Fortaleza
2307809,Marco,Litoral de Camocim e Acaraú,Noroeste Cearense,CE,Acaraú,Sobral
2307908,Martinópole,Litoral de Camocim e Acaraú,Noroeste Cearense,CE,Sobral,Sobral
2308005,Massapê,Sobral,Noroeste Cearense,CE,Sobral,Sobral
2308104,Mauriti,Barro,Sul Cearense,CE,Brejo Santo,Juazeiro do Norte
2308203,Meruoca,Meruoca,Noroeste Cearense,CE,Sobral,Sobral
2308302,Milagres,Brejo Santo,Sul Cearense,CE,Brejo Santo,Juazeiro do Norte
2308351,Milhã,Sertão de Senador Pompeu,Sertões Cearenses,CE,Quixadá,Quixadá
2308377,Miraíma,Sobral,Noroeste Cearense,CE,Itapipoca,Fortaleza
2308401,Missão Velha,Cariri,Sul Cearense,CE,Juazeiro do Norte,Juazeiro do Norte
2308500,Mombaça,Sertão de Senador Pompeu,Sertões Cearenses,CE,Iguatu,Iguatu
2308609,Monsenhor Tabosa,Sertão de Cratéus,Sertões Cearenses,CE,Crateús,Crateús
2308708,Morada Nova,Baixo Jaguaribe,Jaguaribe,CE,Russas - Limoeiro do Norte,Quixadá
2308807,Moraújo,Coreaú,Noroeste Cearense,CE,Sobral,Sobral
2308906,Morrinhos,Litoral de Camocim e Acaraú,Noroeste Cearense,CE,Sobral,Sobral
2309003,Mucambo,Sobral,Noroeste Cearense,CE,Sobral,Sobral
2309102,Mulungu,Baturité,Norte Cearense,CE,Redenção-Acarape,Fortaleza
2309201,Nova Olinda,Cariri,Sul Cearense,CE,Juazeiro do Norte,Juazeiro do Norte
2309300,Nova Russas,Sertão de Cratéus,Sertões Cearenses,CE,Crateús,Crateús
2309409,Novo Oriente,Sertão de Cratéus,Sertões Cearenses,CE,Crateús,Crateús
2309458,Ocara,Chorozinho,Norte Cearense,CE,Redenção-Acarape,Fortaleza
2309508,Orós,Iguatu,Centro-Sul Cearense,CE,Icó,Iguatu
2309607,Pacajus,Pacajus,Metropolitana de Fortaleza,CE,Fortaleza,Fortaleza
2309706,Pacatuba,Fortaleza,Metropolitana de Fortaleza,CE,Fortaleza,Fortaleza
2309805,Pacoti,Baturité,Norte Cearense,CE,Redenção-Acarape,Fortaleza
2309904,Pacujá,Sobral,Noroeste Cearense,CE,Sobral,Sobral
2310001,Palhano,Baixo Jaguaribe,Jaguaribe,CE,Russas - Limoeiro do Norte,Quixadá
2310100,Palmácia,Baturité,Norte Cearense,CE,Fortaleza,Fortaleza
2310209,Paracuru,Baixo Curu,Norte Cearense,CE,Fortaleza,Fortaleza
2310258,Paraipaba,Baixo Curu,Norte Cearense,CE,Fortaleza,Fortaleza
2310308,Parambu,Sertão de Inhamuns,Sertões Cearenses,CE,Tauá,Crateús
2310407,Paramoti,Canindé,Norte Cearense,CE,Canindé,Fortaleza
2310506,Pedra Branca,Sertão de Senador Pompeu,Sertões Cearenses,CE,Quixadá,Quixadá
2310605,Penaforte,Brejo Santo,Sul Cearense,CE,Brejo Santo,Juazeiro do Norte
2310704,Pentecoste,Médio Curu,Norte Cearense,CE,Itapagé,Fortaleza
2310803,Pereiro,Serra do Pereiro,Jaguaribe,CE,Russas - Limoeiro do Norte,Quixadá
2310852,Pindoretama,Cascavel,Norte Cearense,CE,Fortaleza,Fortaleza
2310902,Piquet Carneiro,Sertão de Senador Pompeu,Sertões Cearenses,CE,Iguatu,Iguatu
2310951,Pires Ferreira,Ipu,Noroeste Cearense,CE,São Benedito - Ipu - Guaraciaba do Norte - Tianguá,Sobral
2311009,Poranga,Ipu,Noroeste Cearense,CE,Crateús,Crateús
2311108,Porteiras,Cariri,Sul Cearense,CE,Brejo Santo,Juazeiro do Norte
2311207,Potengi,Chapada do Araripe,Sul Cearense,CE,Juazeiro do Norte,Juazeiro do Norte
2311231,Potiretama,Serra do Pereiro,Jaguaribe,CE,Russas - Limoeiro do Norte,Quixadá
2311264,Quiterianópolis,Sertão de Cratéus,Sertões Cearenses,CE,Crateús,Crateús
2311306,Quixadá,Sertão de Quixeramobim,Sertões Cearenses,CE,Quixadá,Quixadá
2311355,Quixelô,Iguatu,Centro-Sul Cearense,CE,Iguatu,Iguatu
2311405,Quixeramobim,Sertão de Quixeramobim,Sertões Cearenses,CE,Quixadá,Quixadá
2311504,Quixeré,Baixo Jaguaribe,Jaguaribe,CE,Russas - Limoeiro do Norte,Quixadá
2311603,Redenção,Baturité,Norte Cearense,CE,Redenção-Acarape,Fortaleza
2311702,Reriutaba,Ipu,Noroeste Cearense,CE,Sobral,Sobral
2311801,Russas,Baixo Jaguaribe,Jaguaribe,CE,Russas - Limoeiro do Norte,Quixadá
2311900,Saboeiro,Sertão de Inhamuns,Sertões Cearenses,CE,Iguatu,Iguatu
2311959,Salitre,Chapada do Araripe,Sul Cearense,CE,Juazeiro do Norte,Juazeiro do Norte
2312007,Santana do Acaraú,Sobral,Noroeste Cearense,CE,Sobral,Sobral
2312106,Santana do Cariri,Cariri,Sul Cearense,CE,Juazeiro do Norte,Juazeiro do Norte
2312205,Santa Quitéria,Santa Quitéria,Noroeste Cearense,CE,Sobral,Sobral
2312304,São Benedito,Ibiapaba,Noroeste Cearense,CE,São Benedito - Ipu - Guaraciaba do Norte - Tianguá,Sobral
2312403,São Gonçalo do Amarante,Baixo Curu,Norte Cearense,CE,Fortaleza,Fortaleza
2312502,São João do Jaguaribe,Baixo Jaguaribe,Jaguaribe,CE,Russas - Limoeiro do Norte,Quixadá
2312601,São Luís do Curu,Médio Curu,Norte Cearense,CE,Fortaleza,Fortaleza
2312700,Senador Pompeu,Sertão de Senador Pompeu,Sertões Cearenses,CE,Quixadá,Quixadá
2312809,Senador Sá,Sobral,Noroeste Cearense,CE,Sobral,Sobral
2312908,Sobral,Sobral,Noroeste Cearense,CE,Sobral,Sobral
2313005,Solonópole,Sertão de Senador Pompeu,Sertões Cearenses,CE,Quixadá,Quixadá
2313104,Tabuleiro do Norte,Baixo Jaguaribe,Jaguaribe,CE,Russas - Limoeiro do Norte,Quixadá
2313203,Tamboril,Sertão de Cratéus,Sertões Cearenses,CE,Crateús,Crateús
2313252,Tarrafas,Várzea Alegre,Centro-Sul Cearense,CE,Juazeiro do Norte,Juazeiro do Norte
2313302,Tauá,Sertão de Inhamuns,Sertões Cearenses,CE,Tauá,Crateús
2313351,Tejuçuoca,Médio Curu,Norte Cearense,CE,Itapagé,Fortaleza
2313401,Tianguá,Ibiapaba,Noroeste Cearense,CE,São Benedito - Ipu - Guaraciaba do Norte - Tianguá,Sobral
2313500,Trairi,Itapipoca,Norte Cearense,CE,Itapipoca,Fortaleza
2313559,Tururu,Uruburetama,Norte Cearense,CE,Itapipoca,Fortaleza
2313609,Ubajara,Ibiapaba,Noroeste Cearense,CE,São Benedito - Ipu - Guaraciaba do Norte - Tianguá,Sobral
2313708,Umari,Lavras da Mangabeira,Centro-Sul Cearense,CE,Icó,Iguatu
2313757,Umirim,Uruburetama,Norte Cearense,CE,Itapipoca,Fortaleza
2313807,Uruburetama,Uruburetama,Norte Cearense,CE,Itapipoca,Fortaleza
2313906,Uruoca,Coreaú,Noroeste Cearense,CE,Sobral,Sobral
2313955,Varjota,Ipu,Noroeste Cearense,CE,Sobral,Sobral
2314003,Várzea Alegre,Várzea Alegre,Centro-Sul Cearense,CE,Juazeiro do Norte,Juazeiro do Norte
2314102,Viçosa do Ceará,Ibiapaba,Noroeste Cearense,CE,São Benedito - Ipu - Guaraciaba do Norte - Tianguá,Sobral
2400109,Acari,Seridó Oriental,Central Potiguar,RN,Currais Novos,Caicó
2400208,Assú,Vale do Açu,Oeste Potiguar,RN,Açu,Mossoró
2400307,Afonso Bezerra,Angicos,Central Potiguar,RN,Açu,Mossoró
2400406,Água Nova,Serra de São Miguel,Oeste Potiguar,RN,Pau dos Ferros,Mossoró
2400505,Alexandria,Pau dos Ferros,Oeste Potiguar,RN,Pau dos Ferros,Mossoró
2400604,Almino Afonso,Umarizal,Oeste Potiguar,RN,Pau dos Ferros,Mossoró
2400703,Alto do Rodrigues,Vale do Açu,Oeste Potiguar,RN,Açu,Mossoró
2400802,Angicos,Angicos,Central Potiguar,RN,Açu,Mossoró
2400901,Antônio Martins,Umarizal,Oeste Potiguar,RN,Pau dos Ferros,Mossoró
2401008,Apodi,Chapada do Apodi,Oeste Potiguar,RN,Mossoró,Mossoró
2401107,Areia Branca,Mossoró,Oeste Potiguar,RN,Mossoró,Mossoró
2401206,Arez,Litoral Sul,Leste Potiguar,RN,Canguaretama,Natal
2401305,Campo Grande,Médio Oeste,Oeste Potiguar,RN,Mossoró,Mossoró
2401404,Baía Formosa,Litoral Sul,Leste Potiguar,RN,Canguaretama,Natal
2401453,Baraúna,Mossoró,Oeste Potiguar,RN,Mossoró,Mossoró
2401503,Barcelona,Borborema Potiguar,Agreste Potiguar,RN,São Paulo do Potengi,Natal
2401602,Bento Fernandes,Baixa Verde,Agreste Potiguar,RN,Natal,Natal
2401651,Bodó,Serra de Santana,Central Potiguar,RN,Currais Novos,Caicó
2401701,Bom Jesus,Agreste Potiguar,Agreste Potiguar,RN,Natal,Natal
2401800,Brejinho,Agreste Potiguar,Agreste Potiguar,RN,Natal,Natal
2401859,Caiçara do Norte,Macau,Central Potiguar,RN,João Câmara,Natal
2401909,Caiçara do Rio do Vento,Angicos,Central Potiguar,RN,São Paulo do Potengi,Natal
2402006,Caicó,Seridó Ocidental,Central Potiguar,RN,Caicó,Caicó
2402105,Campo Redondo,Borborema Potiguar,Agreste Potiguar,RN,Santa Cruz,Natal
2402204,Canguaretama,Litoral Sul,Leste Potiguar,RN,Canguaretama,Natal
2402303,Caraúbas,Chapada do Apodi,Oeste Potiguar,RN,Mossoró,Mossoró
2402402,Carnaúba dos Dantas,Seridó Oriental,Central Potiguar,RN,Currais Novos,Caicó
2402501,Carnaubais,Vale do Açu,Oeste Potiguar,RN,Açu,Mossoró
2402600,Ceará-Mirim,Macaíba,Leste Potiguar,RN,Natal,Natal
2402709,Cerro Corá,Serra de Santana,Central Potiguar,RN,Currais Novos,Caicó
2402808,Coronel Ezequiel,Borborema Potiguar,Agreste Potiguar,RN,Santa Cruz,Natal
2402907,Coronel João Pessoa,Serra de São Miguel,Oeste Potiguar,RN,Pau dos Ferros,Mossoró
2403004,Cruzeta,Seridó Oriental,Central Potiguar,RN,Caicó,Caicó
2403103,Currais Novos,Seridó Oriental,Central Potiguar,RN,Currais Novos,Caicó
2403202,Doutor Severiano,Serra de São Miguel,Oeste Potiguar,RN,Pau dos Ferros,Mossoró
2403251,Parnamirim,Natal,Leste Potiguar,RN,Natal,Natal
2403301,Encanto,Serra de São Miguel,Oeste Potiguar,RN,Pau dos Ferros,Mossoró
2403400,Equador,Seridó Oriental,Central Potiguar,RN,Caicó,Caicó
2403509,Espírito Santo,Litoral Sul,Leste Potiguar,RN,Canguaretama,Natal
2403608,Extremoz,Natal,Leste Potiguar,RN,Natal,Natal
2403707,Felipe Guerra,Chapada do Apodi,Oeste Potiguar,RN,Mossoró,Mossoró
2403756,Fernando Pedroza,Angicos,Central Potiguar,RN,Açu,Mossoró
2403806,Florânia,Serra de Santana,Central Potiguar,RN,Currais Novos,Caicó
2403905,Francisco Dantas,Pau dos Ferros,Oeste Potiguar,RN,Pau dos Ferros,Mossoró
2404002,Frutuoso Gomes,Umarizal,Oeste Potiguar,RN,Pau dos Ferros,Mossoró
2404101,Galinhos,Macau,Central Potiguar,RN,João Câmara,Natal
2404200,Goianinha,Litoral Sul,Leste Potiguar,RN,Canguaretama,Natal
2404309,Governador Dix-Sept Rosado,Chapada do Apodi,Oeste Potiguar,RN,Mossoró,Mossoró
2404408,Grossos,Mossoró,Oeste Potiguar,RN,Mossoró,Mossoró
2404507,Guamaré,Macau,Central Potiguar,RN,Açu,Mossoró
2404606,Ielmo Marinho,Agreste Potiguar,Agreste Potiguar,RN,Natal,Natal
2404705,Ipanguaçu,Vale do Açu,Oeste Potiguar,RN,Açu,Mossoró
2404804,Ipueira,Seridó Ocidental,Central Potiguar,RN,Caicó,Caicó
2404853,Itajá,Vale do Açu,Oeste Potiguar,RN,Açu,Mossoró
2404903,Itaú,Pau dos Ferros,Oeste Potiguar,RN,Mossoró,Mossoró
2405009,Jaçanã,Borborema Potiguar,Agreste Potiguar,RN,Santa Cruz,Natal
2405108,Jandaíra,Baixa Verde,Agreste Potiguar,RN,João Câmara,Natal
2405207,Janduís,Médio Oeste,Oeste Potiguar,RN,Mossoró,Mossoró
2405306,Januário Cicco,Agreste Potiguar,Agreste Potiguar,RN,Santo Antônio - Passa e Fica - Nova Cruz,Natal
2405405,Japi,Borborema Potiguar,Agreste Potiguar,RN,Santa Cruz,Natal
2405504,Jardim de Angicos,Angicos,Central Potiguar,RN,João Câmara,Natal
2405603,Jardim de Piranhas,Seridó Ocidental,Central Potiguar,RN,Caicó,Caicó
2405702,Jardim do Seridó,Seridó Oriental,Central Potiguar,RN,Caicó,Caicó
2405801,João Câmara,Baixa Verde,Agreste Potiguar,RN,João Câmara,Natal
2405900,João Dias,Umarizal,Oeste Potiguar,RN,Pau dos Ferros,Mossoró
2406007,José da Penha,Pau dos Ferros,Oeste Potiguar,RN,Pau dos Ferros,Mossoró
2406106,Jucurutu,Vale do Açu,Oeste Potiguar,RN,Caicó,Caicó
2406155,Jundiá,Agreste Potiguar,Agreste Potiguar,RN,Natal,Natal
2406205,Lagoa d'Anta,Agreste Potiguar,Agreste Potiguar,RN,Santo Antônio - Passa e Fica - Nova Cruz,Natal
2406304,Lagoa de Pedras,Agreste Potiguar,Agreste Potiguar,RN,Santo Antônio - Passa e Fica - Nova Cruz,Natal
2406403,Lagoa de Velhos,Borborema Potiguar,Agreste Potiguar,RN,São Paulo do Potengi,Natal
2406502,Lagoa Nova,Serra de Santana,Central Potiguar,RN,Currais Novos,Caicó
2406601,Lagoa Salgada,Agreste Potiguar,Agreste Potiguar,RN,Natal,Natal
2406700,Lajes,Angicos,Central Potiguar,RN,Açu,Mossoró
2406809,Lajes Pintadas,Borborema Potiguar,Agreste Potiguar,RN,Santa Cruz,Natal
2406908,Lucrécia,Umarizal,Oeste Potiguar,RN,Pau dos Ferros,Mossoró
2407005,Luís Gomes,Serra de São Miguel,Oeste Potiguar,RN,Pau dos Ferros,Mossoró
2407104,Macaíba,Macaíba,Leste Potiguar,RN,Natal,Natal
2407203,Macau,Macau,Central Potiguar,RN,Açu,Mossoró
2407252,Major Sales,Serra de São Miguel,Oeste Potiguar,RN,Pau dos Ferros,Mossoró
2407302,Marcelino Vieira,Pau dos Ferros,Oeste Potiguar,RN,Pau dos Ferros,Mossoró
2407401,Martins,Umarizal,Oeste Potiguar,RN,Pau dos Ferros,Mossoró
2407500,Maxaranguape,Litoral Nordeste,Leste Potiguar,RN,Natal,Natal
2407609,Messias Targino,Médio Oeste,Oeste Potiguar,RN,Mossoró,Mossoró
2407708,Montanhas,Litoral Sul,Leste Potiguar,RN,Canguaretama,Natal
2407807,Monte Alegre,Agreste Potiguar,Agreste Potiguar,RN,Natal,Natal
2407906,Monte das Gameleiras,Borborema Potiguar,Agreste Potiguar,RN,Santo Antônio - Passa e Fica - Nova Cruz,Natal
2408003,Mossoró,Mossoró,Oeste Potiguar,RN,Mossoró,Mossoró
2408102,Natal,Natal,Leste Potiguar,RN,Natal,Natal
2408201,Nísia Floresta,Macaíba,Leste Potiguar,RN,Natal,Natal
2408300,Nova Cruz,Agreste Potiguar,Agreste Potiguar,RN,Santo Antônio - Passa e Fica - Nova Cruz,Natal
2408409,Olho d'Água do Borges,Umarizal,Oeste Potiguar,RN,Pau dos Ferros,Mossoró
2408508,Ouro Branco,Seridó Oriental,Central Potiguar,RN,Caicó,Caicó
2408607,Paraná,Pau dos Ferros,Oeste Potiguar,RN,Pau dos Ferros,Mossoró
2408706,Paraú,Médio Oeste,Oeste Potiguar,RN,Açu,Mossoró
2408805,Parazinho,Baixa Verde,Agreste Potiguar,RN,João Câmara,Natal
2408904,Parelhas,Seridó Oriental,Central Potiguar,RN,Caicó,Caicó
2408953,Rio do Fogo,Litoral Nordeste,Leste Potiguar,RN,Natal,Natal
2409100,Passa e Fica,Agreste Potiguar,Agreste Potiguar,RN,Santo Antônio - Passa e Fica - Nova Cruz,Natal
2409209,Passagem,Agreste Potiguar,Agreste Potiguar,RN,Santo Antônio - Passa e Fica - Nova Cruz,Natal
2409308,Patu,Umarizal,Oeste Potiguar,RN,Pau dos Ferros,Mossoró
2409332,Santa Maria,Agreste Potiguar,Agreste Potiguar,RN,São Paulo do Potengi,Natal
2409407,Pau dos Ferros,Pau dos Ferros,Oeste Potiguar,RN,Pau dos Ferros,Mossoró
2409506,Pedra Grande,Litoral Nordeste,Leste Potiguar,RN,João Câmara,Natal
2409605,Pedra Preta,Angicos,Central Potiguar,RN,João Câmara,Natal
2409704,Pedro Avelino,Angicos,Central Potiguar,RN,João Câmara,Natal
2409803,Pedro Velho,Litoral Sul,Leste Potiguar,RN,Canguaretama,Natal
2409902,Pendências,Vale do Açu,Oeste Potiguar,RN,Açu,Mossoró
2410009,Pilões,Pau dos Ferros,Oeste Potiguar,RN,Pau dos Ferros,Mossoró
2410108,Poço Branco,Baixa Verde,Agreste Potiguar,RN,Natal,Natal
2410207,Portalegre,Pau dos Ferros,Oeste Potiguar,RN,Pau dos Ferros,Mossoró
2410256,Porto do Mangue,Vale do Açu,Oeste Potiguar,RN,Açu,Mossoró
2410306,Serra Caiada,Agreste Potiguar,Agreste Potiguar,RN,Santo Antônio - Passa e Fica - Nova Cruz,Natal
2410405,Pureza,Litoral Nordeste,Leste Potiguar,RN,Natal,Natal
2410504,Rafael Fernandes,Pau dos Ferros,Oeste Potiguar,RN,Pau dos Ferros,Mossoró
2410603,Rafael Godeiro,Umarizal,Oeste Potiguar,RN,Pau dos Ferros,Mossoró
2410702,Riacho da Cruz,Pau dos Ferros,Oeste Potiguar,RN,Pau dos Ferros,Mossoró
2410801,Riacho de Santana,Serra de São Miguel,Oeste Potiguar,RN,Pau dos Ferros,Mossoró
2410900,Riachuelo,Agreste Potiguar,Agreste Potiguar,RN,São Paulo do Potengi,Natal
2411007,Rodolfo Fernandes,Pau dos Ferros,Oeste Potiguar,RN,Mossoró,Mossoró
2411056,Tibau,Mossoró,Oeste Potiguar,RN,Mossoró,Mossoró
2411106,Ruy Barbosa,Borborema Potiguar,Agreste Potiguar,RN,São Paulo do Potengi,Natal
2411205,Santa Cruz,Borborema Potiguar,Agreste Potiguar,RN,Santa Cruz,Natal
2411403,Santana do Matos,Serra de Santana,Central Potiguar,RN,Açu,Mossoró
2411429,Santana do Seridó,Seridó Oriental,Central Potiguar,RN,Caicó,Caicó
2411502,Santo Antônio,Agreste Potiguar,Agreste Potiguar,RN,Santo Antônio - Passa e Fica - Nova Cruz,Natal
2411601,São Bento do Norte,Macau,Central Potiguar,RN,João Câmara,Natal
2411700,São Bento do Trairí,Borborema Potiguar,Agreste Potiguar,RN,Santa Cruz,Natal
2411809,São Fernando,Seridó Ocidental,Central Potiguar,RN,Caicó,Caicó
2411908,São Francisco do Oeste,Pau dos Ferros,Oeste Potiguar,RN,Pau dos Ferros,Mossoró
2412005,São Gonçalo do Amarante,Macaíba,Leste Potiguar,RN,Natal,Natal
2412104,São João do Sabugi,Seridó Ocidental,Central Potiguar,RN,Caicó,Caicó
2412203,São José de Mipibu,Macaíba,Leste Potiguar,RN,Natal,Natal
2412302,São José do Campestre,Borborema Potiguar,Agreste Potiguar,RN,Santo Antônio - Passa e Fica - Nova Cruz,Natal
2412401,São José do Seridó,Seridó Oriental,Central Potiguar,RN,Caicó,Caicó
2412500,São Miguel,Serra de São Miguel,Oeste Potiguar,RN,Pau dos Ferros,Mossoró
2412559,São Miguel do Gostoso,Litoral Nordeste,Leste Potiguar,RN,Natal,Natal
2412609,São Paulo do Potengi,Agreste Potiguar,Agreste Potiguar,RN,São Paulo do Potengi,Natal
2412708,São Pedro,Agreste Potiguar,Agreste Potiguar,RN,São Paulo do Potengi,Natal
2412807,São Rafael,Vale do Açu,Oeste Potiguar,RN,Açu,Mossoró
2412906,São Tomé,Borborema Potiguar,Agreste Potiguar,RN,São Paulo do Potengi,Natal
2413003,São Vicente,Serra de Santana,Central Potiguar,RN,Currais Novos,Caicó
2413102,Senador Elói de Souza,Agreste Potiguar,Agreste Potiguar,RN,São Paulo do Potengi,Natal
2413201,Senador Georgino Avelino,Litoral Sul,Leste Potiguar,RN,Natal,Natal
2413300,Serra de São Bento,Borborema Potiguar,Agreste Potiguar,RN,Santo Antônio - Passa e Fica - Nova Cruz,Natal
2413359,Serra do Mel,Mossoró,Oeste Potiguar,RN,Mossoró,Mossoró
2413409,Serra Negra do Norte,Seridó Ocidental,Central Potiguar,RN,Caicó,Caicó
2413508,Serrinha,Agreste Potiguar,Agreste Potiguar,RN,Santo Antônio - Passa e Fica - Nova Cruz,Natal
2413557,Serrinha dos Pintos,Umarizal,Oeste Potiguar,RN,Pau dos Ferros,Mossoró
2413607,Severiano Melo,Pau dos Ferros,Oeste Potiguar,RN,Mossoró,Mossoró
2413706,Sítio Novo,Borborema Potiguar,Agreste Potiguar,RN,Santa Cruz,Natal
2413805,Taboleiro Grande,Pau dos Ferros,Oeste Potiguar,RN,Pau dos Ferros,Mossoró
2413904,Taipu,Litoral Nordeste,Leste Potiguar,RN,Natal,Natal
2414001,Tangará,Borborema Potiguar,Agreste Potiguar,RN,Santa Cruz,Natal
2414100,Tenente Ananias,Pau dos Ferros,Oeste Potiguar,RN,Pau dos Ferros,Mossoró
2414159,Tenente Laurentino Cruz,Serra de Santana,Central Potiguar,RN,Currais Novos,Caicó
2414209,Tibau do Sul,Litoral Sul,Leste Potiguar,RN,Canguaretama,Natal
2414308,Timbaúba dos Batistas,Seridó Ocidental,Central Potiguar,RN,Caicó,Caicó
2414407,Touros,Litoral Nordeste,Leste Potiguar,RN,Natal,Natal
2414456,Triunfo Potiguar,Médio Oeste,Oeste Potiguar,RN,Açu,Mossoró
2414506,Umarizal,Umarizal,Oeste Potiguar,RN,Pau dos Ferros,Mossoró
2414605,Upanema,Médio Oeste,Oeste Potiguar,RN,Mossoró,Mossoró
2414704,Várzea,Agreste Potiguar,Agreste Potiguar,RN,Santo Antônio - Passa e Fica - Nova Cruz,Natal
2414753,Venha-Ver,Serra de São Miguel,Oeste Potiguar,RN,Pau dos Ferros,Mossoró
2414803,Vera Cruz,Agreste Potiguar,Agreste Potiguar,RN,Natal,Natal
2414902,Viçosa,Pau dos Ferros,Oeste Potiguar,RN,Pau dos Ferros,Mossoró
2415008,Vila Flor,Litoral Sul,Leste Potiguar,RN,Canguaretama,Natal
2500106,Água Branca,Serra do Teixeira,Sertão Paraibano,PB,Patos,Patos
2500205,Aguiar,Piancó,Sertão Paraibano,PB,Itaporanga,Patos
2500304,Alagoa Grande,Brejo Paraibano,Agreste Paraibano,PB,Campina Grande,Campina Grande
2500403,Alagoa Nova,Brejo Paraibano,Agreste Paraibano,PB,Campina Grande,Campina Grande
2500502,Alagoinha,Guarabira,Agreste Paraibano,PB,Guarabira,João Pessoa
2500536,Alcantil,Cariri Oriental,Borborema,PB,Campina Grande,Campina Grande
2500577,Algodão de Jandaíra,Curimataú Ocidental,Agreste Paraibano,PB,Campina Grande,Campina Grande
2500601,Alhandra,Litoral Sul,Mata Paraibana,PB,João Pessoa,João Pessoa
2500700,São João do Rio do Peixe,Cajazeiras,Sertão Paraibano,PB,Cajazeiras,Sousa - Cajazeiras
2500734,Amparo,Cariri Ocidental,Borborema,PB,Sumé,Campina Grande
2500775,Aparecida,Sousa,Sertão Paraibano,PB,Sousa,Sousa - Cajazeiras
2500809,Araçagi,Guarabira,Agreste Paraibano,PB,Guarabira,João Pessoa
2500908,Arara,Curimataú Ocidental,Agreste Paraibano,PB,Guarabira,João Pessoa
2501005,Araruna,Curimataú Oriental,Agreste Paraibano,PB,Guarabira,João Pessoa
2501104,Areia,Brejo Paraibano,Agreste Paraibano,PB,Campina Grande,Campina Grande
2501153,Areia de Baraúnas,Patos,Sertão Paraibano,PB,Patos,Patos
2501203,Areial,Esperança,Agreste Paraibano,PB,Campina Grande,Campina Grande
2501302,Aroeiras,Umbuzeiro,Agreste Paraibano,PB,Campina Grande,Campina Grande
2501351,Assunção,Cariri Ocidental,Borborema,PB,Campina Grande,Campina Grande
2501401,Baía da Traição,Litoral Norte,Mata Paraibana,PB,Mamanguape - Rio Tinto,João Pessoa
2501500,Bananeiras,Brejo Paraibano,Agreste Paraibano,PB,Guarabira,João Pessoa
2501534,Baraúna,Seridó Oriental Paraibano,Borborema,PB,Cuité - Nova Floresta,Campina Grande
2501575,Barra de Santana,Cariri Oriental,Borborema,PB,Campina Grande,Campina Grande
2501609,Barra de Santa Rosa,Curimataú Ocidental,Agreste Paraibano,PB,Cuité - Nova Floresta,Campina Grande
2501708,Barra de São Miguel,Cariri Oriental,Borborema,PB,Campina Grande,Campina Grande
2501807,Bayeux,João Pessoa,Mata Paraibana,PB,João Pessoa,João Pessoa
2501906,Belém,Guarabira,Agreste Paraibano,PB,Guarabira,João Pessoa
2502003,Belém do Brejo do Cruz,Catolé do Rocha,Sertão Paraibano,PB,Catolé do Rocha - São Bento,Patos
2502052,Bernardino Batista,Cajazeiras,Sertão Paraibano,PB,Sousa,Sousa - Cajazeiras
2502102,Boa Ventura,Itaporanga,Sertão Paraibano,PB,Itaporanga,Patos
2502151,Boa Vista,Campina Grande,Agreste Paraibano,PB,Campina Grande,Campina Grande
2502201,Bom Jesus,Cajazeiras,Sertão Paraibano,PB,Cajazeiras,Sousa - Cajazeiras
2502300,Bom Sucesso,Catolé do Rocha,Sertão Paraibano,PB,Catolé do Rocha - São Bento,Patos
2502409,Bonito de Santa Fé,Cajazeiras,Sertão Paraibano,PB,Cajazeiras,Sousa - Cajazeiras
2502508,Boqueirão,Cariri Oriental,Borborema,PB,Campina Grande,Campina Grande
2502607,Igaracy,Piancó,Sertão Paraibano,PB,Itaporanga,Patos
2502706,Borborema,Brejo Paraibano,Agreste Paraibano,PB,Guarabira,João Pessoa
2502805,Brejo do Cruz,Catolé do Rocha,Sertão Paraibano,PB,Catolé do Rocha - São Bento,Patos
2502904,Brejo dos Santos,Catolé do Rocha,Sertão Paraibano,PB,Catolé do Rocha - São Bento,Patos
2503001,Caaporã,Litoral Sul,Mata Paraibana,PB,João Pessoa,João Pessoa
2503100,Cabaceiras,Cariri Oriental,Borborema,PB,Campina Grande,Campina Grande
2503209,Cabedelo,João Pessoa,Mata Paraibana,PB,João Pessoa,João Pessoa
2503308,Cachoeira dos Índios,Cajazeiras,Sertão Paraibano,PB,Cajazeiras,Sousa - Cajazeiras
2503407,Cacimba de Areia,Patos,Sertão Paraibano,PB,Patos,Patos
2503506,Cacimba de Dentro,Curimataú Oriental,Agreste Paraibano,PB,Guarabira,João Pessoa
2503555,Cacimbas,Serra do Teixeira,Sertão Paraibano,PB,Patos,Patos
2503605,Caiçara,Guarabira,Agreste Paraibano,PB,Guarabira,João Pessoa
2503704,Cajazeiras,Cajazeiras,Sertão Paraibano,PB,Cajazeiras,Sousa - Cajazeiras
2503753,Cajazeirinhas,Sousa,Sertão Paraibano,PB,Pombal,Patos
2503803,Caldas Brandão,Itabaiana,Agreste Paraibano,PB,João Pessoa,João Pessoa
2503902,Camalaú,Cariri Ocidental,Borborema,PB,Monteiro,Campina Grande
2504009,Campina Grande,Campina Grande,Agreste Paraibano,PB,Campina Grande,Campina Grande
2504033,Capim,Litoral Norte,Mata Paraibana,PB,Mamanguape - Rio Tinto,João Pessoa
2504074,Caraúbas,Cariri Oriental,Borborema,PB,Campina Grande,Campina Grande
2504108,Carrapateira,Cajazeiras,Sertão Paraibano,PB,Cajazeiras,Sousa - Cajazeiras
2504157,Casserengue,Curimataú Oriental,Agreste Paraibano,PB,Guarabira,João Pessoa
2504207,Catingueira,Piancó,Sertão Paraibano,PB,Patos,Patos
2504306,Catolé do Rocha,Catolé do Rocha,Sertão Paraibano,PB,Catolé do Rocha - São Bento,Patos
2504355,Caturité,Cariri Oriental,Borborema,PB,Campina Grande,Campina Grande
2504405,Conceição,Itaporanga,Sertão Paraibano,PB,Itaporanga,Patos
2504504,Condado,Sousa,Sertão Paraibano,PB,Pombal,Patos
2504603,Conde,João Pessoa,Mata Paraibana,PB,João Pessoa,João Pessoa
2504702,Congo,Cariri Ocidental,Borborema,PB,Sumé,Campina Grande
2504801,Coremas,Piancó,Sertão Paraibano,PB,Patos,Patos
2504850,Coxixola,Cariri Ocidental,Borborema,PB,Sumé,Campina Grande
2504900,Cruz do Espírito Santo,Sapé,Mata Paraibana,PB,João Pessoa,João Pessoa
2505006,Cubati,Seridó Oriental Paraibano,Borborema,PB,Campina Grande,Campina Grande
2505105,Cuité,Curimataú Ocidental,Agreste Paraibano,PB,Cuité - Nova Floresta,Campina Grande
2505204,Cuitegi,Guarabira,Agreste Paraibano,PB,Guarabira,João Pessoa
2505238,Cuité de Mamanguape,Litoral Norte,Mata Paraibana,PB,João Pessoa,João Pessoa
2505279,Curral de Cima,Litoral Norte,Mata Paraibana,PB,Mamanguape - Rio Tinto,João Pessoa
2505303,Curral Velho,Itaporanga,Sertão Paraibano,PB,Itaporanga,Patos
2505352,Damião,Curimataú Ocidental,Agreste Paraibano,PB,Cuité - Nova Floresta,Campina Grande
2505402,Desterro,Serra do Teixeira,Sertão Paraibano,PB,Patos,Patos
2505501,Vista Serrana,Sousa,Sertão Paraibano,PB,Patos,Patos
2505600,Diamante,Itaporanga,Sertão Paraibano,PB,Itaporanga,Patos
2505709,Dona Inês,Curimataú Oriental,Agreste Paraibano,PB,Guarabira,João Pessoa
2505808,Duas Estradas,Guarabira,Agreste Paraibano,PB,Guarabira,João Pessoa
2505907,Emas,Piancó,Sertão Paraibano,PB,Patos,Patos
2506004,Esperança,Esperança,Agreste Paraibano,PB,Campina Grande,Campina Grande
2506103,Fagundes,Campina Grande,Agreste Paraibano,PB,Campina Grande,Campina Grande
2506202,Frei Martinho,Seridó Oriental Paraibano,Borborema,PB,Cuité - Nova Floresta,Campina Grande
2506251,Gado Bravo,Umbuzeiro,Agreste Paraibano,PB,Campina Grande,Campina Grande
2506301,Guarabira,Guarabira,Agreste Paraibano,PB,Guarabira,João Pessoa
2506400,Gurinhém,Itabaiana,Agreste Paraibano,PB,João Pessoa,João Pessoa
2506509,Gurjão,Cariri Oriental,Borborema,PB,Campina Grande,Campina Grande
2506608,Ibiara,Itaporanga,Sertão Paraibano,PB,Itaporanga,Patos
2506707,Imaculada,Serra do Teixeira,Sertão Paraibano,PB,Patos,Patos
2506806,Ingá,Itabaiana,Agreste Paraibano,PB,Campina Grande,Campina Grande
2506905,Itabaiana,Itabaiana,Agreste Paraibano,PB,Itabaiana,João Pessoa
2507002,Itaporanga,Itaporanga,Sertão Paraibano,PB,Itaporanga,Patos
2507101,Itapororoca,Litoral Norte,Mata Paraibana,PB,Mamanguape - Rio Tinto,João Pessoa
2507200,Itatuba,Itabaiana,Agreste Paraibano,PB,Campina Grande,Campina Grande
2507309,Jacaraú,Litoral Norte,Mata Paraibana,PB,Mamanguape - Rio Tinto,João Pessoa
2507408,Jericó,Catolé do Rocha,Sertão Paraibano,PB,Catolé do Rocha - São Bento,Patos
2507507,João Pessoa,João Pessoa,Mata Paraibana,PB,João Pessoa,João Pessoa
2507606,Juarez Távora,Itabaiana,Agreste Paraibano,PB,João Pessoa,João Pessoa
2507705,Juazeirinho,Seridó Oriental Paraibano,Borborema,PB,Campina Grande,Campina Grande
2507804,Junco do Seridó,Seridó Ocidental Paraibano,Borborema,PB,Campina Grande,Campina Grande
2507903,Juripiranga,Sapé,Mata Paraibana,PB,João Pessoa,João Pessoa
2508000,Juru,Serra do Teixeira,Sertão Paraibano,PB,Princesa Isabel,Patos
2508109,Lagoa,Catolé do Rocha,Sertão Paraibano,PB,Pombal,Patos
2508208,Lagoa de Dentro,Guarabira,Agreste Paraibano,PB,Guarabira,João Pessoa
2508307,Lagoa Seca,Campina Grande,Agreste Paraibano,PB,Campina Grande,Campina Grande
2508406,Lastro,Sousa,Sertão Paraibano,PB,Sousa,Sousa - Cajazeiras
2508505,Livramento,Cariri Ocidental,Borborema,PB,Sumé,Campina Grande
2508554,Logradouro,Guarabira,Agreste Paraibano,PB,Guarabira,João Pessoa
2508604,Lucena,João Pessoa,Mata Paraibana,PB,João Pessoa,João Pessoa
2508703,Mãe d'Água,Patos,Sertão Paraibano,PB,Patos,Patos
2508802,Malta,Sousa,Sertão Paraibano,PB,Patos,Patos
2508901,Mamanguape,Litoral Norte,Mata Paraibana,PB,Mamanguape - Rio Tinto,João Pessoa
2509008,Manaíra,Serra do Teixeira,Sertão Paraibano,PB,Princesa Isabel,Patos
2509057,Marcação,Litoral Norte,Mata Paraibana,PB,Mamanguape - Rio Tinto,João Pessoa
2509107,Mari,Sapé,Mata Paraibana,PB,João Pessoa,João Pessoa
2509156,Marizópolis,Sousa,Sertão Paraibano,PB,Sousa,Sousa - Cajazeiras
2509206,Massaranduba,Campina Grande,Agreste Paraibano,PB,Campina Grande,Campina Grande
2509305,Mataraca,Litoral Norte,Mata Paraibana,PB,Mamanguape - Rio Tinto,João Pessoa
2509339,Matinhas,Brejo Paraibano,Agreste Paraibano,PB,Campina Grande,Campina Grande
2509370,Mato Grosso,Catolé do Rocha,Sertão Paraibano,PB,Catolé do Rocha - São Bento,Patos
2509396,Maturéia,Serra do Teixeira,Sertão Paraibano,PB,Patos,Patos
2509404,Mogeiro,Itabaiana,Agreste Paraibano,PB,Itabaiana,João Pessoa
2509503,Montadas,Esperança,Agreste Paraibano,PB,Campina Grande,Campina Grande
2509602,Monte Horebe,Cajazeiras,Sertão Paraibano,PB,Cajazeiras,Sousa - Cajazeiras
2509701,Monteiro,Cariri Ocidental,Borborema,PB,Monteiro,Campina Grande
2509800,Mulungu,Guarabira,Agreste Paraibano,PB,Guarabira,João Pessoa
2509909,Natuba,Umbuzeiro,Agreste Paraibano,PB,Itabaiana,João Pessoa
2510006,Nazarezinho,Sousa,Sertão Paraibano,PB,Sousa,Sousa - Cajazeiras
2510105,Nova Floresta,Curimataú Ocidental,Agreste Paraibano,PB,Cuité - Nova Floresta,Campina Grande
2510204,Nova Olinda,Piancó,Sertão Paraibano,PB,Itaporanga,Patos
2510303,Nova Palmeira,Seridó Oriental Paraibano,Borborema,PB,Cuité - Nova Floresta,Campina Grande
2510402,Olho d'Água,Piancó,Sertão Paraibano,PB,Patos,Patos
2510501,Olivedos,Curimataú Ocidental,Agreste Paraibano,PB,Campina Grande,Campina Grande
2510600,Ouro Velho,Cariri Ocidental,Borborema,PB,Monteiro,Campina Grande
2510659,Parari,Cariri Ocidental,Borborema,PB,Sumé,Campina Grande
2510709,Passagem,Patos,Sertão Paraibano,PB,Patos,Patos
2510808,Patos,Patos,Sertão Paraibano,PB,Patos,Patos
2510907,Paulista,Sousa,Sertão Paraibano,PB,Pombal,Patos
2511004,Pedra Branca,Itaporanga,Sertão Paraibano,PB,Itaporanga,Patos
2511103,Pedra Lavrada,Seridó Oriental Paraibano,Borborema,PB,Cuité - Nova Floresta,Campina Grande
2511202,Pedras de Fogo,Litoral Sul,Mata Paraibana,PB,João Pessoa,João Pessoa
2511301,Piancó,Piancó,Sertão Paraibano,PB,Itaporanga,Patos
2511400,Picuí,Seridó Oriental Paraibano,Borborema,PB,Cuité - Nova Floresta,Campina Grande
2511509,Pilar,Sapé,Mata Paraibana,PB,João Pessoa,João Pessoa
2511608,Pilões,Brejo Paraibano,Agreste Paraibano,PB,Guarabira,João Pessoa
2511707,Pilõezinhos,Guarabira,Agreste Paraibano,PB,Guarabira,João Pessoa
2511806,Pirpirituba,Guarabira,Agreste Paraibano,PB,Guarabira,João Pessoa
2511905,Pitimbu,Litoral Sul,Mata Paraibana,PB,João Pessoa,João Pessoa
2512002,Pocinhos,Curimataú Ocidental,Agreste Paraibano,PB,Campina Grande,Campina Grande
2512036,Poço Dantas,Cajazeiras,Sertão Paraibano,PB,Sousa,Sousa - Cajazeiras
2512077,Poço de José de Moura,Cajazeiras,Sertão Paraibano,PB,Cajazeiras,Sousa - Cajazeiras
2512101,Pombal,Sousa,Sertão Paraibano,PB,Pombal,Patos
2512200,Prata,Cariri Ocidental,Borborema,PB,Monteiro,Campina Grande
2512309,Princesa Isabel,Serra do Teixeira,Sertão Paraibano,PB,Princesa Isabel,Patos
2512408,Puxinanã,Campina Grande,Agreste Paraibano,PB,Campina Grande,Campina Grande
2512507,Queimadas,Campina Grande,Agreste Paraibano,PB,Campina Grande,Campina Grande
2512606,Quixaba,Patos,Sertão Paraibano,PB,Patos,Patos
2512705,Remígio,Curimataú Ocidental,Agreste Paraibano,PB,Campina Grande,Campina Grande
2512721,Pedro Régis,Litoral Norte,Mata Paraibana,PB,Mamanguape - Rio Tinto,João Pessoa
2512747,Riachão,Curimataú Oriental,Agreste Paraibano,PB,Guarabira,João Pessoa
2512754,Riachão do Bacamarte,Itabaiana,Agreste Paraibano,PB,Campina Grande,Campina Grande
2512762,Riachão do Poço,Sapé,Mata Paraibana,PB,João Pessoa,João Pessoa
2512788,Riacho de Santo Antônio,Cariri Oriental,Borborema,PB,Campina Grande,Campina Grande
2512804,Riacho dos Cavalos,Catolé do Rocha,Sertão Paraibano,PB,Catolé do Rocha - São Bento,Patos
2512903,Rio Tinto,Litoral Norte,Mata Paraibana,PB,Mamanguape - Rio Tinto,João Pessoa
2513000,Salgadinho,Seridó Ocidental Paraibano,Borborema,PB,Patos,Patos
2513109,Salgado de São Félix,Itabaiana,Agreste Paraibano,PB,Itabaiana,João Pessoa
2513158,Santa Cecília,Umbuzeiro,Agreste Paraibano,PB,Campina Grande,Campina Grande
2513208,Santa Cruz,Sousa,Sertão Paraibano,PB,Sousa,Sousa - Cajazeiras
2513307,Santa Helena,Cajazeiras,Sertão Paraibano,PB,Cajazeiras,Sousa - Cajazeiras
2513356,Santa Inês,Itaporanga,Sertão Paraibano,PB,Itaporanga,Patos
2513406,Santa Luzia,Seridó Ocidental Paraibano,Borborema,PB,Patos,Patos
2513505,Santana de Mangueira,Itaporanga,Sertão Paraibano,PB,Itaporanga,Patos
2513604,Santana dos Garrotes,Piancó,Sertão Paraibano,PB,Itaporanga,Patos
2513653,Joca Claudino,Cajazeiras,Sertão Paraibano,PB,Sousa,Sousa - Cajazeiras
2513703,Santa Rita,João Pessoa,Mata Paraibana,PB,João Pessoa,João Pessoa
2513802,Santa Teresinha,Patos,Sertão Paraibano,PB,Patos,Patos
2513851,Santo André,Cariri Oriental,Borborema,PB,Campina Grande,Campina Grande
2513901,São Bento,Catolé do Rocha,Sertão Paraibano,PB,Catolé do Rocha - São Bento,Patos
2513927,São Bentinho,Sousa,Sertão Paraibano,PB,Pombal,Patos
2513943,São Domingos do Cariri,Cariri Oriental,Borborema,PB,Campina Grande,Campina Grande
2513968,São Domingos,Sousa,Sertão Paraibano,PB,Pombal,Patos
2513984,São Francisco,Sousa,Sertão Paraibano,PB,Sousa,Sousa - Cajazeiras
2514008,São João do Cariri,Cariri Oriental,Borborema,PB,Campina Grande,Campina Grande
2514107,São João do Tigre,Cariri Ocidental,Borborema,PB,Monteiro,Campina Grande
2514206,São José da Lagoa Tapada,Sousa,Sertão Paraibano,PB,Sousa,Sousa - Cajazeiras
2514305,São José de Caiana,Itaporanga,Sertão Paraibano,PB,Itaporanga,Patos
2514404,São José de Espinharas,Patos,Sertão Paraibano,PB,Patos,Patos
2514453,São José dos Ramos,Sapé,Mata Paraibana,PB,Itabaiana,João Pessoa
2514503,São José de Piranhas,Cajazeiras,Sertão Paraibano,PB,Cajazeiras,Sousa - Cajazeiras
2514552,São José de Princesa,Serra do Teixeira,Sertão Paraibano,PB,Princesa Isabel,Patos
2514602,São José do Bonfim,Patos,Sertão Paraibano,PB,Patos,Patos
2514651,São José do Brejo do Cruz,Catolé do Rocha,Sertão Paraibano,PB,Catolé do Rocha - São Bento,Patos
2514701,São José do Sabugi,Seridó Ocidental Paraibano,Borborema,PB,Patos,Patos
2514800,São José dos Cordeiros,Cariri Ocidental,Borborema,PB,Sumé,Campina Grande
2514909,São Mamede,Seridó Ocidental Paraibano,Borborema,PB,Patos,Patos
2515005,São Miguel de Taipu,Sapé,Mata Paraibana,PB,João Pessoa,João Pessoa
2515104,São Sebastião de Lagoa de Roça,Esperança,Agreste Paraibano,PB,Campina Grande,Campina Grande
2515203,São Sebastião do Umbuzeiro,Cariri Ocidental,Borborema,PB,Monteiro,Campina Grande
2515302,Sapé,Sapé,Mata Paraibana,PB,João Pessoa,João Pessoa
2515401,São Vicente do Seridó,Seridó Oriental Paraibano,Borborema,PB,Campina Grande,Campina Grande
2515500,Serra Branca,Cariri Ocidental,Borborema,PB,Sumé,Campina Grande
2515609,Serra da Raiz,Guarabira,Agreste Paraibano,PB,Guarabira,João Pessoa
2515708,Serra Grande,Itaporanga,Sertão Paraibano,PB,Cajazeiras,Sousa - Cajazeiras
2515807,Serra Redonda,Campina Grande,Agreste Paraibano,PB,Campina Grande,Campina Grande
2515906,Serraria,Brejo Paraibano,Agreste Paraibano,PB,Guarabira,João Pessoa
2515930,Sertãozinho,Guarabira,Agreste Paraibano,PB,Guarabira,João Pessoa
2515971,Sobrado,Sapé,Mata Paraibana,PB,João Pessoa,João Pessoa
2516003,Solânea,Curimataú Oriental,Agreste Paraibano,PB,Guarabira,João Pessoa
2516102,Soledade,Curimataú Ocidental,Agreste Paraibano,PB,Campina Grande,Campina Grande
2516151,Sossêgo,Curimataú Ocidental,Agreste Paraibano,PB,Cuité - Nova Floresta,Campina Grande
2516201,Sousa,Sousa,Sertão Paraibano,PB,Sousa,Sousa - Cajazeiras
2516300,Sumé,Cariri Ocidental,Borborema,PB,Sumé,Campina Grande
2516409,Tacima,Curimataú Oriental,Agreste Paraibano,PB,Guarabira,João Pessoa
2516508,Taperoá,Cariri Ocidental,Borborema,PB,Campina Grande,Campina Grande
2516607,Tavares,Serra do Teixeira,Sertão Paraibano,PB,Princesa Isabel,Patos
2516706,Teixeira,Serra do Teixeira,Sertão Paraibano,PB,Patos,Patos
2516755,Tenório,Seridó Oriental Paraibano,Borborema,PB,Campina Grande,Campina Grande
2516805,Triunfo,Cajazeiras,Sertão Paraibano,PB,Cajazeiras,Sousa - Cajazeiras
2516904,Uiraúna,Cajazeiras,Sertão Paraibano,PB,Sousa,Sousa - Cajazeiras
2517001,Umbuzeiro,Umbuzeiro,Agreste Paraibano,PB,Campina Grande,Campina Grande
2517100,Várzea,Seridó Ocidental Paraibano,Borborema,PB,Patos,Patos
2517209,Vieirópolis,Sousa,Sertão Paraibano,PB,Sousa,Sousa - Cajazeiras
2517407,Zabelê,Cariri Ocidental,Borborema,PB,Monteiro,Campina Grande
2600054,Abreu e Lima,Recife,Metropolitana de Recife,PE,Recife,Recife
2600104,Afogados da Ingazeira,Pajeú,Sertão Pernambucano,PE,Afogados da Ingazeira,Serra Talhada
2600203,Afrânio,Petrolina,São Francisco Pernambucano,PE,Petrolina,Petrolina
2600302,Agrestina,Brejo Pernambucano,Agreste Pernambucano,PE,Caruaru,Caruaru
2600401,Água Preta,Mata Meridional Pernambucana,Mata Pernambucana,PE,Palmares,Recife
2600500,Águas Belas,Vale do Ipanema,Agreste Pernambucano,PE,Garanhuns,Caruaru
2600609,Alagoinha,Vale do Ipojuca,Agreste Pernambucano,PE,Belo Jardim ¿ Pesqueira,Caruaru
2600708,Aliança,Mata Setentrional Pernambucana,Mata Pernambucana,PE,Goiana ¿ Timbaúba,Recife
2600807,Altinho,Brejo Pernambucano,Agreste Pernambucano,PE,Caruaru,Caruaru
2600906,Amaraji,Mata Meridional Pernambucana,Mata Pernambucana,PE,Escada - Ribeirão,Recife
2601003,Angelim,Garanhuns,Agreste Pernambucano,PE,Garanhuns,Caruaru
2601052,Araçoiaba,Itamaracá,Metropolitana de Recife,PE,Recife,Recife
2601102,Araripina,Araripina,Sertão Pernambucano,PE,Araripina,Petrolina
2601201,Arcoverde,Sertão do Moxotó,Sertão Pernambucano,PE,Arcoverde,Caruaru
2601300,Barra de Guabiraba,Brejo Pernambucano,Agreste Pernambucano,PE,Caruaru,Caruaru
2601409,Barreiros,Mata Meridional Pernambucana,Mata Pernambucana,PE,Barreiros - Sirinhaém,Recife
2601508,Belém de Maria,Mata Meridional Pernambucana,Mata Pernambucana,PE,Palmares,Recife
2601607,Belém do São Francisco,Itaparica,São Francisco Pernambucano,PE,Salgueiro,Petrolina
2601706,Belo Jardim,Vale do Ipojuca,Agreste Pernambucano,PE,Belo Jardim ¿ Pesqueira,Caruaru
2601805,Betânia,Sertão do Moxotó,Sertão Pernambucano,PE,Serra Talhada,Serra Talhada
2601904,Bezerros,Vale do Ipojuca,Agreste Pernambucano,PE,Caruaru,Caruaru
2602001,Bodocó,Araripina,Sertão Pernambucano,PE,Araripina,Petrolina
2602100,Bom Conselho,Garanhuns,Agreste Pernambucano,PE,Garanhuns,Caruaru
2602209,Bom Jardim,Médio Capibaribe,Agreste Pernambucano,PE,Limoeiro,Recife
2602308,Bonito,Brejo Pernambucano,Agreste Pernambucano,PE,Caruaru,Caruaru
2602407,Brejão,Garanhuns,Agreste Pernambucano,PE,Garanhuns,Caruaru
2602506,Brejinho,Pajeú,Sertão Pernambucano,PE,Afogados da Ingazeira,Serra Talhada
2602605,Brejo da Madre de Deus,Vale do Ipojuca,Agreste Pernambucano,PE,Caruaru,Caruaru
2602704,Buenos Aires,Mata Setentrional Pernambucana,Mata Pernambucana,PE,Carpina,Recife
2602803,Buíque,Vale do Ipanema,Agreste Pernambucano,PE,Arcoverde,Caruaru
2602902,Cabo de Santo Agostinho,Suape,Metropolitana de Recife,PE,Recife,Recife
2603009,Cabrobó,Petrolina,São Francisco Pernambucano,PE,Salgueiro,Petrolina
2603108,Cachoeirinha,Vale do Ipojuca,Agreste Pernambucano,PE,Caruaru,Caruaru
2603207,Caetés,Garanhuns,Agreste Pernambucano,PE,Garanhuns,Caruaru
2603306,Calçado,Garanhuns,Agreste Pernambucano,PE,Garanhuns,Caruaru
2603405,Calumbi,Pajeú,Sertão Pernambucano,PE,Serra Talhada,Serra Talhada
2603454,Camaragibe,Recife,Metropolitana de Recife,PE,Recife,Recife
2603504,Camocim de São Félix,Brejo Pernambucano,Agreste Pernambucano,PE,Caruaru,Caruaru
2603603,Camutanga,Mata Setentrional Pernambucana,Mata Pernambucana,PE,Goiana ¿ Timbaúba,Recife
2603702,Canhotinho,Garanhuns,Agreste Pernambucano,PE,Garanhuns,Caruaru
2603801,Capoeiras,Vale do Ipojuca,Agreste Pernambucano,PE,Garanhuns,Caruaru
2603900,Carnaíba,Pajeú,Sertão Pernambucano,PE,Afogados da Ingazeira,Serra Talhada
2603926,Carnaubeira da Penha,Itaparica,São Francisco Pernambucano,PE,Serra Talhada,Serra Talhada
2604007,Carpina,Mata Setentrional Pernambucana,Mata Pernambucana,PE,Carpina,Recife
2604106,Caruaru,Vale do Ipojuca,Agreste Pernambucano,PE,Caruaru,Caruaru
2604155,Casinhas,Alto Capibaribe,Agreste Pernambucano,PE,Surubim,Recife
2604205,Catende,Mata Meridional Pernambucana,Mata Pernambucana,PE,Palmares,Recife
2604304,Cedro,Salgueiro,Sertão Pernambucano,PE,Salgueiro,Petrolina
2604403,Chã de Alegria,Vitória de Santo Antão,Mata Pernambucana,PE,Vitória de Santo Antão,Recife
2604502,Chã Grande,Vitória de Santo Antão,Mata Pernambucana,PE,Caruaru,Caruaru
2604601,Condado,Mata Setentrional Pernambucana,Mata Pernambucana,PE,Goiana ¿ Timbaúba,Recife
2604700,Correntes,Garanhuns,Agreste Pernambucano,PE,Garanhuns,Caruaru
2604809,Cortês,Mata Meridional Pernambucana,Mata Pernambucana,PE,Escada - Ribeirão,Recife
2604908,Cumaru,Médio Capibaribe,Agreste Pernambucano,PE,Caruaru,Caruaru
2605004,Cupira,Brejo Pernambucano,Agreste Pernambucano,PE,Caruaru,Caruaru
2605103,Custódia,Sertão do Moxotó,Sertão Pernambucano,PE,Arcoverde,Caruaru
2605152,Dormentes,Petrolina,São Francisco Pernambucano,PE,Petrolina,Petrolina
2605202,Escada,Mata Meridional Pernambucana,Mata Pernambucana,PE,Escada - Ribeirão,Recife
2605301,Exu,Araripina,Sertão Pernambucano,PE,Araripina,Petrolina
2605400,Feira Nova,Médio Capibaribe,Agreste Pernambucano,PE,Limoeiro,Recife
2605459,Fernando de Noronha,Fernando de Noronha,Metropolitana de Recife,PE,Recife,Recife
2605509,Ferreiros,Mata Setentrional Pernambucana,Mata Pernambucana,PE,Goiana ¿ Timbaúba,Recife
2605608,Flores,Pajeú,Sertão Pernambucano,PE,Serra Talhada,Serra Talhada
2605707,Floresta,Itaparica,São Francisco Pernambucano,PE,Serra Talhada,Serra Talhada
2605806,Frei Miguelinho,Alto Capibaribe,Agreste Pernambucano,PE,Surubim,Recife
2605905,Gameleira,Mata Meridional Pernambucana,Mata Pernambucana,PE,Palmares,Recife
2606002,Garanhuns,Garanhuns,Agreste Pernambucano,PE,Garanhuns,Caruaru
2606101,Glória do Goitá,Vitória de Santo Antão,Mata Pernambucana,PE,Vitória de Santo Antão,Recife
2606200,Goiana,Mata Setentrional Pernambucana,Mata Pernambucana,PE,Goiana ¿ Timbaúba,Recife
2606309,Granito,Araripina,Sertão Pernambucano,PE,Araripina,Petrolina
2606408,Gravatá,Vale do Ipojuca,Agreste Pernambucano,PE,Caruaru,Caruaru
2606507,Iati,Garanhuns,Agreste Pernambucano,PE,Garanhuns,Caruaru
2606606,Ibimirim,Sertão do Moxotó,Sertão Pernambucano,PE,Arcoverde,Caruaru
2606705,Ibirajuba,Brejo Pernambucano,Agreste Pernambucano,PE,Caruaru,Caruaru
2606804,Igarassu,Itamaracá,Metropolitana de Recife,PE,Recife,Recife
2606903,Iguaracy,Pajeú,Sertão Pernambucano,PE,Afogados da Ingazeira,Serra Talhada
2607000,Inajá,Sertão do Moxotó,Sertão Pernambucano,PE,Arcoverde,Caruaru
2607109,Ingazeira,Pajeú,Sertão Pernambucano,PE,Afogados da Ingazeira,Serra Talhada
2607208,Ipojuca,Suape,Metropolitana de Recife,PE,Recife,Recife
2607307,Ipubi,Araripina,Sertão Pernambucano,PE,Araripina,Petrolina
2607406,Itacuruba,Itaparica,São Francisco Pernambucano,PE,Salgueiro,Petrolina
2607505,Itaíba,Vale do Ipanema,Agreste Pernambucano,PE,Arcoverde,Caruaru
2607604,Ilha de Itamaracá,Itamaracá,Metropolitana de Recife,PE,Recife,Recife
2607653,Itambé,Mata Setentrional Pernambucana,Mata Pernambucana,PE,Goiana ¿ Timbaúba,Recife
2607703,Itapetim,Pajeú,Sertão Pernambucano,PE,Afogados da Ingazeira,Serra Talhada
2607752,Itapissuma,Itamaracá,Metropolitana de Recife,PE,Recife,Recife
2607802,Itaquitinga,Mata Setentrional Pernambucana,Mata Pernambucana,PE,Goiana ¿ Timbaúba,Recife
2607901,Jaboatão dos Guararapes,Recife,Metropolitana de Recife,PE,Recife,Recife
2607950,Jaqueira,Mata Meridional Pernambucana,Mata Pernambucana,PE,Palmares,Recife
2608008,Jataúba,Vale do Ipojuca,Agreste Pernambucano,PE,Caruaru,Caruaru
2608057,Jatobá,Itaparica,São Francisco Pernambucano,PE,Serra Talhada,Serra Talhada
2608107,João Alfredo,Médio Capibaribe,Agreste Pernambucano,PE,Limoeiro,Recife
2608206,Joaquim Nabuco,Mata Meridional Pernambucana,Mata Pernambucana,PE,Palmares,Recife
2608255,Jucati,Garanhuns,Agreste Pernambucano,PE,Garanhuns,Caruaru
2608305,Jupi,Garanhuns,Agreste Pernambucano,PE,Garanhuns,Caruaru
2608404,Jurema,Garanhuns,Agreste Pernambucano,PE,Garanhuns,Caruaru
2608453,Lagoa do Carro,Mata Setentrional Pernambucana,Mata Pernambucana,PE,Carpina,Recife
2608503,Lagoa de Itaenga,Mata Setentrional Pernambucana,Mata Pernambucana,PE,Carpina,Recife
2608602,Lagoa do Ouro,Garanhuns,Agreste Pernambucano,PE,Garanhuns,Caruaru
2608701,Lagoa dos Gatos,Brejo Pernambucano,Agreste Pernambucano,PE,Caruaru,Caruaru
2608750,Lagoa Grande,Petrolina,São Francisco Pernambucano,PE,Petrolina,Petrolina
2608800,Lajedo,Garanhuns,Agreste Pernambucano,PE,Garanhuns,Caruaru
2608909,Limoeiro,Médio Capibaribe,Agreste Pernambucano,PE,Limoeiro,Recife
2609006,Macaparana,Mata Setentrional Pernambucana,Mata Pernambucana,PE,Goiana ¿ Timbaúba,Recife
2609105,Machados,Médio Capibaribe,Agreste Pernambucano,PE,Limoeiro,Recife
2609154,Manari,Sertão do Moxotó,Sertão Pernambucano,PE,Arcoverde,Caruaru
2609204,Maraial,Mata Meridional Pernambucana,Mata Pernambucana,PE,Palmares,Recife
2609303,Mirandiba,Salgueiro,Sertão Pernambucano,PE,Serra Talhada,Serra Talhada
2609402,Moreno,Recife,Metropolitana de Recife,PE,Recife,Recife
2609501,Nazaré da Mata,Mata Setentrional Pernambucana,Mata Pernambucana,PE,Carpina,Recife
2609600,Olinda,Recife,Metropolitana de Recife,PE,Recife,Recife
2609709,Orobó,Médio Capibaribe,Agreste Pernambucano,PE,Limoeiro,Recife
2609808,Orocó,Petrolina,São Francisco Pernambucano,PE,Petrolina,Petrolina
2609907,Ouricuri,Araripina,Sertão Pernambucano,PE,Araripina,Petrolina
2610004,Palmares,Mata Meridional Pernambucana,Mata Pernambucana,PE,Palmares,Recife
2610103,Palmeirina,Garanhuns,Agreste Pernambucano,PE,Garanhuns,Caruaru
2610202,Panelas,Brejo Pernambucano,Agreste Pernambucano,PE,Caruaru,Caruaru
2610301,Paranatama,Garanhuns,Agreste Pernambucano,PE,Garanhuns,Caruaru
2610400,Parnamirim,Salgueiro,Sertão Pernambucano,PE,Salgueiro,Petrolina
2610509,Passira,Médio Capibaribe,Agreste Pernambucano,PE,Limoeiro,Recife
2610608,Paudalho,Mata Setentrional Pernambucana,Mata Pernambucana,PE,Recife,Recife
2610707,Paulista,Recife,Metropolitana de Recife,PE,Recife,Recife
2610806,Pedra,Vale do Ipanema,Agreste Pernambucano,PE,Arcoverde,Caruaru
2610905,Pesqueira,Vale do Ipojuca,Agreste Pernambucano,PE,Belo Jardim ¿ Pesqueira,Caruaru
2611002,Petrolândia,Itaparica,São Francisco Pernambucano,PE,Serra Talhada,Serra Talhada
2611101,Petrolina,Petrolina,São Francisco Pernambucano,PE,Petrolina,Petrolina
2611200,Poção,Vale do Ipojuca,Agreste Pernambucano,PE,Belo Jardim ¿ Pesqueira,Caruaru
2611309,Pombos,Vitória de Santo Antão,Mata Pernambucana,PE,Vitória de Santo Antão,Recife
2611408,Primavera,Mata Meridional Pernambucana,Mata Pernambucana,PE,Escada - Ribeirão,Recife
2611507,Quipapá,Mata Meridional Pernambucana,Mata Pernambucana,PE,Garanhuns,Caruaru
2611533,Quixaba,Pajeú,Sertão Pernambucano,PE,Afogados da Ingazeira,Serra Talhada
2611606,Recife,Recife,Metropolitana de Recife,PE,Recife,Recife
2611705,Riacho das Almas,Vale do Ipojuca,Agreste Pernambucano,PE,Caruaru,Caruaru
2611804,Ribeirão,Mata Meridional Pernambucana,Mata Pernambucana,PE,Escada - Ribeirão,Recife
2611903,Rio Formoso,Mata Meridional Pernambucana,Mata Pernambucana,PE,Barreiros - Sirinhaém,Recife
2612000,Sairé,Brejo Pernambucano,Agreste Pernambucano,PE,Caruaru,Caruaru
2612109,Salgadinho,Médio Capibaribe,Agreste Pernambucano,PE,Limoeiro,Recife
2612208,Salgueiro,Salgueiro,Sertão Pernambucano,PE,Salgueiro,Petrolina
2612307,Saloá,Garanhuns,Agreste Pernambucano,PE,Garanhuns,Caruaru
2612406,Sanharó,Vale do Ipojuca,Agreste Pernambucano,PE,Belo Jardim ¿ Pesqueira,Caruaru
2612455,Santa Cruz,Araripina,Sertão Pernambucano,PE,Araripina,Petrolina
2612471,Santa Cruz da Baixa Verde,Pajeú,Sertão Pernambucano,PE,Serra Talhada,Serra Talhada
2612505,Santa Cruz do Capibaribe,Alto Capibaribe,Agreste Pernambucano,PE,Caruaru,Caruaru
2612554,Santa Filomena,Araripina,Sertão Pernambucano,PE,Araripina,Petrolina
2612604,Santa Maria da Boa Vista,Petrolina,São Francisco Pernambucano,PE,Petrolina,Petrolina
2612703,Santa Maria do Cambucá,Alto Capibaribe,Agreste Pernambucano,PE,Surubim,Recife
2612802,Santa Terezinha,Pajeú,Sertão Pernambucano,PE,Afogados da Ingazeira,Serra Talhada
2612901,São Benedito do Sul,Mata Meridional Pernambucana,Mata Pernambucana,PE,Palmares,Recife
2613008,São Bento do Una,Vale do Ipojuca,Agreste Pernambucano,PE,Belo Jardim ¿ Pesqueira,Caruaru
2613107,São Caitano,Vale do Ipojuca,Agreste Pernambucano,PE,Caruaru,Caruaru
2613206,São João,Garanhuns,Agreste Pernambucano,PE,Garanhuns,Caruaru
2613305,São Joaquim do Monte,Brejo Pernambucano,Agreste Pernambucano,PE,Caruaru,Caruaru
2613404,São José da Coroa Grande,Mata Meridional Pernambucana,Mata Pernambucana,PE,Barreiros - Sirinhaém,Recife
2613503,São José do Belmonte,Salgueiro,Sertão Pernambucano,PE,Serra Talhada,Serra Talhada
2613602,São José do Egito,Pajeú,Sertão Pernambucano,PE,Afogados da Ingazeira,Serra Talhada
2613701,São Lourenço da Mata,Recife,Metropolitana de Recife,PE,Recife,Recife
2613800,São Vicente Férrer,Médio Capibaribe,Agreste Pernambucano,PE,Goiana ¿ Timbaúba,Recife
2613909,Serra Talhada,Pajeú,Sertão Pernambucano,PE,Serra Talhada,Serra Talhada
2614006,Serrita,Salgueiro,Sertão Pernambucano,PE,Salgueiro,Petrolina
2614105,Sertânia,Sertão do Moxotó,Sertão Pernambucano,PE,Arcoverde,Caruaru
2614204,Sirinhaém,Mata Meridional Pernambucana,Mata Pernambucana,PE,Barreiros - Sirinhaém,Recife
2614303,Moreilândia,Araripina,Sertão Pernambucano,PE,Araripina,Petrolina
2614402,Solidão,Pajeú,Sertão Pernambucano,PE,Afogados da Ingazeira,Serra Talhada
2614501,Surubim,Alto Capibaribe,Agreste Pernambucano,PE,Surubim,Recife
2614600,Tabira,Pajeú,Sertão Pernambucano,PE,Afogados da Ingazeira,Serra Talhada
2614709,Tacaimbó,Vale do Ipojuca,Agreste Pernambucano,PE,Belo Jardim ¿ Pesqueira,Caruaru
2614808,Tacaratu,Itaparica,São Francisco Pernambucano,PE,Serra Talhada,Serra Talhada
2614857,Tamandaré,Mata Meridional Pernambucana,Mata Pernambucana,PE,Barreiros - Sirinhaém,Recife
2615003,Taquaritinga do Norte,Alto Capibaribe,Agreste Pernambucano,PE,Caruaru,Caruaru
2615102,Terezinha,Garanhuns,Agreste Pernambucano,PE,Garanhuns,Caruaru
2615201,Terra Nova,Petrolina,São Francisco Pernambucano,PE,Salgueiro,Petrolina
2615300,Timbaúba,Mata Setentrional Pernambucana,Mata Pernambucana,PE,Goiana ¿ Timbaúba,Recife
2615409,Toritama,Alto Capibaribe,Agreste Pernambucano,PE,Caruaru,Caruaru
2615508,Tracunhaém,Mata Setentrional Pernambucana,Mata Pernambucana,PE,Carpina,Recife
2615607,Trindade,Araripina,Sertão Pernambucano,PE,Araripina,Petrolina
2615706,Triunfo,Pajeú,Sertão Pernambucano,PE,Serra Talhada,Serra Talhada
2615805,Tupanatinga,Vale do Ipanema,Agreste Pernambucano,PE,Arcoverde,Caruaru
2615904,Tuparetama,Pajeú,Sertão Pernambucano,PE,Afogados da Ingazeira,Serra Talhada
2616001,Venturosa,Vale do Ipanema,Agreste Pernambucano,PE,Arcoverde,Caruaru
2616100,Verdejante,Salgueiro,Sertão Pernambucano,PE,Salgueiro,Petrolina
2616183,Vertente do Lério,Alto Capibaribe,Agreste Pernambucano,PE,Surubim,Recife
2616209,Vertentes,Alto Capibaribe,Agreste Pernambucano,PE,Surubim,Recife
2616308,Vicência,Mata Setentrional Pernambucana,Mata Pernambucana,PE,Goiana ¿ Timbaúba,Recife
2616407,Vitória de Santo Antão,Vitória de Santo Antão,Mata Pernambucana,PE,Vitória de Santo Antão,Recife
2616506,Xexéu,Mata Meridional Pernambucana,Mata Pernambucana,PE,Palmares,Recife
2700102,Água Branca,Serrana do Sertão Alagoano,Sertão Alagoano,AL,Delmiro Gouveia,Arapiraca
2700201,Anadia,São Miguel dos Campos,Leste Alagoano,AL,São Miguel dos Campos,Maceió
2700300,Arapiraca,Arapiraca,Agreste Alagoano,AL,Arapiraca,Arapiraca
2700409,Atalaia,Mata Alagoana,Leste Alagoano,AL,Atalaia,Maceió
2700508,Barra de Santo Antônio,Maceió,Leste Alagoano,AL,Maceió,Maceió
2700607,Barra de São Miguel,Maceió,Leste Alagoano,AL,Maceió,Maceió
2700706,Batalha,Batalha,Sertão Alagoano,AL,Pão de Açúcar - Olho d'Água das Flores ¿ Batalha,Arapiraca
2700805,Belém,Palmeira dos Índios,Agreste Alagoano,AL,Palmeira dos Índios,Arapiraca
2700904,Belo Monte,Batalha,Sertão Alagoano,AL,Pão de Açúcar - Olho d'Água das Flores ¿ Batalha,Arapiraca
2701001,Boca da Mata,São Miguel dos Campos,Leste Alagoano,AL,São Miguel dos Campos,Maceió
2701100,Branquinha,Mata Alagoana,Leste Alagoano,AL,União dos Palmares,Maceió
2701209,Cacimbinhas,Palmeira dos Índios,Agreste Alagoano,AL,Palmeira dos Índios,Arapiraca
2701308,Cajueiro,Mata Alagoana,Leste Alagoano,AL,Atalaia,Maceió
2701357,Campestre,Mata Alagoana,Leste Alagoano,AL,Porto Calvo - São Luís do Quitunde,Maceió
2701407,Campo Alegre,São Miguel dos Campos,Leste Alagoano,AL,São Miguel dos Campos,Maceió
2701506,Campo Grande,Arapiraca,Agreste Alagoano,AL,Arapiraca,Arapiraca
2701605,Canapi,Serrana do Sertão Alagoano,Sertão Alagoano,AL,Santana do Ipanema,Arapiraca
2701704,Capela,Mata Alagoana,Leste Alagoano,AL,Atalaia,Maceió
2701803,Carneiros,Santana do Ipanema,Sertão Alagoano,AL,Santana do Ipanema,Arapiraca
2701902,Chã Preta,Serrana dos Quilombos,Leste Alagoano,AL,Atalaia,Maceió
2702009,Coité do Nóia,Arapiraca,Agreste Alagoano,AL,Arapiraca,Arapiraca
2702108,Colônia Leopoldina,Mata Alagoana,Leste Alagoano,AL,Porto Calvo - São Luís do Quitunde,Maceió
2702207,Coqueiro Seco,Maceió,Leste Alagoano,AL,Maceió,Maceió
2702306,Coruripe,São Miguel dos Campos,Leste Alagoano,AL,Penedo,Maceió
2702355,Craíbas,Arapiraca,Agreste Alagoano,AL,Arapiraca,Arapiraca
2702405,Delmiro Gouveia,Alagoana do Sertão do São Francisco,Sertão Alagoano,AL,Delmiro Gouveia,Arapiraca
2702504,Dois Riachos,Santana do Ipanema,Sertão Alagoano,AL,Santana do Ipanema,Arapiraca
2702553,Estrela de Alagoas,Palmeira dos Índios,Agreste Alagoano,AL,Palmeira dos Índios,Arapiraca
2702603,Feira Grande,Arapiraca,Agreste Alagoano,AL,Arapiraca,Arapiraca
2702702,Feliz Deserto,Penedo,Leste Alagoano,AL,Penedo,Maceió
2702801,Flexeiras,Mata Alagoana,Leste Alagoano,AL,Maceió,Maceió
2702900,Girau do Ponciano,Arapiraca,Agreste Alagoano,AL,Arapiraca,Arapiraca
2703007,Ibateguara,Serrana dos Quilombos,Leste Alagoano,AL,União dos Palmares,Maceió
2703106,Igaci,Palmeira dos Índios,Agreste Alagoano,AL,Palmeira dos Índios,Arapiraca
2703205,Igreja Nova,Penedo,Leste Alagoano,AL,Penedo,Maceió
2703304,Inhapi,Serrana do Sertão Alagoano,Sertão Alagoano,AL,Delmiro Gouveia,Arapiraca
2703403,Jacaré dos Homens,Batalha,Sertão Alagoano,AL,Pão de Açúcar - Olho d'Água das Flores ¿ Batalha,Arapiraca
2703502,Jacuípe,Mata Alagoana,Leste Alagoano,AL,Porto Calvo - São Luís do Quitunde,Maceió
2703601,Japaratinga,Litoral Norte Alagoano,Leste Alagoano,AL,Porto Calvo - São Luís do Quitunde,Maceió
2703700,Jaramataia,Batalha,Sertão Alagoano,AL,Arapiraca,Arapiraca
2703759,Jequiá da Praia,São Miguel dos Campos,Leste Alagoano,AL,São Miguel dos Campos,Maceió
2703809,Joaquim Gomes,Mata Alagoana,Leste Alagoano,AL,Maceió,Maceió
2703908,Jundiá,Mata Alagoana,Leste Alagoano,AL,Porto Calvo - São Luís do Quitunde,Maceió
2704005,Junqueiro,São Miguel dos Campos,Leste Alagoano,AL,Arapiraca,Arapiraca
2704104,Lagoa da Canoa,Arapiraca,Agreste Alagoano,AL,Arapiraca,Arapiraca
2704203,Limoeiro de Anadia,Arapiraca,Agreste Alagoano,AL,Arapiraca,Arapiraca
2704302,Maceió,Maceió,Leste Alagoano,AL,Maceió,Maceió
2704401,Major Isidoro,Batalha,Sertão Alagoano,AL,Palmeira dos Índios,Arapiraca
2704500,Maragogi,Litoral Norte Alagoano,Leste Alagoano,AL,Porto Calvo - São Luís do Quitunde,Maceió
2704609,Maravilha,Santana do Ipanema,Sertão Alagoano,AL,Santana do Ipanema,Arapiraca
2704708,Marechal Deodoro,Maceió,Leste Alagoano,AL,Maceió,Maceió
2704807,Maribondo,Palmeira dos Índios,Agreste Alagoano,AL,Arapiraca,Arapiraca
2704906,Mar Vermelho,Palmeira dos Índios,Agreste Alagoano,AL,Atalaia,Maceió
2705002,Mata Grande,Serrana do Sertão Alagoano,Sertão Alagoano,AL,Delmiro Gouveia,Arapiraca
2705101,Matriz de Camaragibe,Mata Alagoana,Leste Alagoano,AL,Porto Calvo - São Luís do Quitunde,Maceió
2705200,Messias,Mata Alagoana,Leste Alagoano,AL,Maceió,Maceió
2705309,Minador do Negrão,Palmeira dos Índios,Agreste Alagoano,AL,Palmeira dos Índios,Arapiraca
2705408,Monteirópolis,Batalha,Sertão Alagoano,AL,Pão de Açúcar - Olho d'Água das Flores ¿ Batalha,Arapiraca
2705507,Murici,Mata Alagoana,Leste Alagoano,AL,União dos Palmares,Maceió
2705606,Novo Lino,Mata Alagoana,Leste Alagoano,AL,Porto Calvo - São Luís do Quitunde,Maceió
2705705,Olho d'Água das Flores,Batalha,Sertão Alagoano,AL,Pão de Açúcar - Olho d'Água das Flores ¿ Batalha,Arapiraca
2705804,Olho d'Água do Casado,Alagoana do Sertão do São Francisco,Sertão Alagoano,AL,Delmiro Gouveia,Arapiraca
2705903,Olho d'Água Grande,Traipu,Agreste Alagoano,AL,Arapiraca,Arapiraca
2706000,Olivença,Batalha,Sertão Alagoano,AL,Santana do Ipanema,Arapiraca
2706109,Ouro Branco,Santana do Ipanema,Sertão Alagoano,AL,Santana do Ipanema,Arapiraca
2706208,Palestina,Santana do Ipanema,Sertão Alagoano,AL,Pão de Açúcar - Olho d'Água das Flores ¿ Batalha,Arapiraca
2706307,Palmeira dos Índios,Palmeira dos Índios,Agreste Alagoano,AL,Palmeira dos Índios,Arapiraca
2706406,Pão de Açúcar,Santana do Ipanema,Sertão Alagoano,AL,Pão de Açúcar - Olho d'Água das Flores ¿ Batalha,Arapiraca
2706422,Pariconha,Serrana do Sertão Alagoano,Sertão Alagoano,AL,Delmiro Gouveia,Arapiraca
2706448,Paripueira,Maceió,Leste Alagoano,AL,Maceió,Maceió
2706505,Passo de Camaragibe,Litoral Norte Alagoano,Leste Alagoano,AL,Porto Calvo - São Luís do Quitunde,Maceió
2706604,Paulo Jacinto,Palmeira dos Índios,Agreste Alagoano,AL,Palmeira dos Índios,Arapiraca
2706703,Penedo,Penedo,Leste Alagoano,AL,Penedo,Maceió
2706802,Piaçabuçu,Penedo,Leste Alagoano,AL,Penedo,Maceió
2706901,Pilar,Maceió,Leste Alagoano,AL,Maceió,Maceió
2707008,Pindoba,Serrana dos Quilombos,Leste Alagoano,AL,Atalaia,Maceió
2707107,Piranhas,Alagoana do Sertão do São Francisco,Sertão Alagoano,AL,Delmiro Gouveia,Arapiraca
2707206,Poço das Trincheiras,Santana do Ipanema,Sertão Alagoano,AL,Santana do Ipanema,Arapiraca
2707305,Porto Calvo,Mata Alagoana,Leste Alagoano,AL,Porto Calvo - São Luís do Quitunde,Maceió
2707404,Porto de Pedras,Litoral Norte Alagoano,Leste Alagoano,AL,Porto Calvo - São Luís do Quitunde,Maceió
2707503,Porto Real do Colégio,Penedo,Leste Alagoano,AL,Penedo,Maceió
2707602,Quebrangulo,Palmeira dos Índios,Agreste Alagoano,AL,Palmeira dos Índios,Arapiraca
2707701,Rio Largo,Maceió,Leste Alagoano,AL,Maceió,Maceió
2707800,Roteiro,São Miguel dos Campos,Leste Alagoano,AL,São Miguel dos Campos,Maceió
2707909,Santa Luzia do Norte,Maceió,Leste Alagoano,AL,Maceió,Maceió
2708006,Santana do Ipanema,Santana do Ipanema,Sertão Alagoano,AL,Santana do Ipanema,Arapiraca
2708105,Santana do Mundaú,Serrana dos Quilombos,Leste Alagoano,AL,União dos Palmares,Maceió
2708204,São Brás,Traipu,Agreste Alagoano,AL,Penedo,Maceió
2708303,São José da Laje,Serrana dos Quilombos,Leste Alagoano,AL,União dos Palmares,Maceió
2708402,São José da Tapera,Santana do Ipanema,Sertão Alagoano,AL,Pão de Açúcar - Olho d'Água das Flores ¿ Batalha,Arapiraca
2708501,São Luís do Quitunde,Mata Alagoana,Leste Alagoano,AL,Porto Calvo - São Luís do Quitunde,Maceió
2708600,São Miguel dos Campos,São Miguel dos Campos,Leste Alagoano,AL,São Miguel dos Campos,Maceió
2708709,São Miguel dos Milagres,Litoral Norte Alagoano,Leste Alagoano,AL,Porto Calvo - São Luís do Quitunde,Maceió
2708808,São Sebastião,Arapiraca,Agreste Alagoano,AL,Arapiraca,Arapiraca
2708907,Satuba,Maceió,Leste Alagoano,AL,Maceió,Maceió
2708956,Senador Rui Palmeira,Santana do Ipanema,Sertão Alagoano,AL,Santana do Ipanema,Arapiraca
2709004,Tanque d'Arca,Palmeira dos Índios,Agreste Alagoano,AL,Arapiraca,Arapiraca
2709103,Taquarana,Arapiraca,Agreste Alagoano,AL,Arapiraca,Arapiraca
2709152,Teotônio Vilela,São Miguel dos Campos,Leste Alagoano,AL,Arapiraca,Arapiraca
2709202,Traipu,Traipu,Agreste Alagoano,AL,Arapiraca,Arapiraca
2709301,União dos Palmares,Serrana dos Quilombos,Leste Alagoano,AL,União dos Palmares,Maceió
2709400,Viçosa,Serrana dos Quilombos,Leste Alagoano,AL,Atalaia,Maceió
2800100,Amparo do São Francisco,Propriá,Leste Sergipano,SE,Propriá,Aracaju
2800209,Aquidabã,Nossa Senhora das Dores,Agreste Sergipano,SE,Propriá,Aracaju
2800308,Aracaju,Aracaju,Leste Sergipano,SE,Aracaju,Aracaju
2800407,Arauá,Boquim,Leste Sergipano,SE,Estância,Aracaju
2800506,Areia Branca,Agreste de Itabaiana,Agreste Sergipano,SE,Itabaiana,Itabaiana
2800605,Barra dos Coqueiros,Aracaju,Leste Sergipano,SE,Aracaju,Aracaju
2800670,Boquim,Boquim,Leste Sergipano,SE,Estância,Aracaju
2800704,Brejo Grande,Propriá,Leste Sergipano,SE,Propriá,Aracaju
2801009,Campo do Brito,Agreste de Itabaiana,Agreste Sergipano,SE,Itabaiana,Itabaiana
2801108,Canhoba,Propriá,Leste Sergipano,SE,Propriá,Aracaju
2801207,Canindé de São Francisco,Sergipana do Sertão do São Francisco,Sertão Sergipano,SE,Nossa Senhora da Glória,Itabaiana
2801306,Capela,Cotinguiba,Leste Sergipano,SE,Aracaju,Aracaju
2801405,Carira,Carira,Sertão Sergipano,SE,Itabaiana,Itabaiana
2801504,Carmópolis,Baixo Cotinguiba,Leste Sergipano,SE,Aracaju,Aracaju
2801603,Cedro de São João,Propriá,Leste Sergipano,SE,Propriá,Aracaju
2801702,Cristinápolis,Boquim,Leste Sergipano,SE,Estância,Aracaju
2801900,Cumbe,Nossa Senhora das Dores,Agreste Sergipano,SE,Aracaju,Aracaju
2802007,Divina Pastora,Cotinguiba,Leste Sergipano,SE,Aracaju,Aracaju
2802106,Estância,Estância,Leste Sergipano,SE,Estância,Aracaju
2802205,Feira Nova,Sergipana do Sertão do São Francisco,Sertão Sergipano,SE,Nossa Senhora da Glória,Itabaiana
2802304,Frei Paulo,Carira,Sertão Sergipano,SE,Itabaiana,Itabaiana
2802403,Gararu,Sergipana do Sertão do São Francisco,Sertão Sergipano,SE,Nossa Senhora da Glória,Itabaiana
2802502,General Maynard,Baixo Cotinguiba,Leste Sergipano,SE,Aracaju,Aracaju
2802601,Graccho Cardoso,Sergipana do Sertão do São Francisco,Sertão Sergipano,SE,Nossa Senhora da Glória,Itabaiana
2802700,Ilha das Flores,Propriá,Leste Sergipano,SE,Propriá,Aracaju
2802809,Indiaroba,Estância,Leste Sergipano,SE,Estância,Aracaju
2802908,Itabaiana,Agreste de Itabaiana,Agreste Sergipano,SE,Itabaiana,Itabaiana
2803005,Itabaianinha,Boquim,Leste Sergipano,SE,Estância,Aracaju
2803104,Itabi,Sergipana do Sertão do São Francisco,Sertão Sergipano,SE,Nossa Senhora da Glória,Itabaiana
2803203,Itaporanga d'Ajuda,Estância,Leste Sergipano,SE,Aracaju,Aracaju
2803302,Japaratuba,Japaratuba,Leste Sergipano,SE,Aracaju,Aracaju
2803401,Japoatã,Japaratuba,Leste Sergipano,SE,Propriá,Aracaju
2803500,Lagarto,Agreste de Lagarto,Agreste Sergipano,SE,Lagarto,Itabaiana
2803609,Laranjeiras,Baixo Cotinguiba,Leste Sergipano,SE,Aracaju,Aracaju
2803708,Macambira,Agreste de Itabaiana,Agreste Sergipano,SE,Itabaiana,Itabaiana
2803807,Malhada dos Bois,Nossa Senhora das Dores,Agreste Sergipano,SE,Propriá,Aracaju
2803906,Malhador,Agreste de Itabaiana,Agreste Sergipano,SE,Itabaiana,Itabaiana
2804003,Maruim,Baixo Cotinguiba,Leste Sergipano,SE,Aracaju,Aracaju
2804102,Moita Bonita,Agreste de Itabaiana,Agreste Sergipano,SE,Itabaiana,Itabaiana
2804201,Monte Alegre de Sergipe,Sergipana do Sertão do São Francisco,Sertão Sergipano,SE,Nossa Senhora da Glória,Itabaiana
2804300,Muribeca,Nossa Senhora das Dores,Agreste Sergipano,SE,Propriá,Aracaju
2804409,Neópolis,Propriá,Leste Sergipano,SE,Propriá,Aracaju
2804458,Nossa Senhora Aparecida,Carira,Sertão Sergipano,SE,Itabaiana,Itabaiana
2804508,Nossa Senhora da Glória,Sergipana do Sertão do São Francisco,Sertão Sergipano,SE,Nossa Senhora da Glória,Itabaiana
2804607,Nossa Senhora das Dores,Nossa Senhora das Dores,Agreste Sergipano,SE,Aracaju,Aracaju
2804706,Nossa Senhora de Lourdes,Propriá,Leste Sergipano,SE,Propriá,Aracaju
2804805,Nossa Senhora do Socorro,Aracaju,Leste Sergipano,SE,Aracaju,Aracaju
2804904,Pacatuba,Japaratuba,Leste Sergipano,SE,Propriá,Aracaju
2805000,Pedra Mole,Carira,Sertão Sergipano,SE,Itabaiana,Itabaiana
2805109,Pedrinhas,Boquim,Leste Sergipano,SE,Estância,Aracaju
2805208,Pinhão,Carira,Sertão Sergipano,SE,Itabaiana,Itabaiana
2805307,Pirambu,Japaratuba,Leste Sergipano,SE,Aracaju,Aracaju
2805406,Poço Redondo,Sergipana do Sertão do São Francisco,Sertão Sergipano,SE,Nossa Senhora da Glória,Itabaiana
2805505,Poço Verde,Tobias Barreto,Agreste Sergipano,SE,Lagarto,Itabaiana
2805604,Porto da Folha,Sergipana do Sertão do São Francisco,Sertão Sergipano,SE,Nossa Senhora da Glória,Itabaiana
2805703,Propriá,Propriá,Leste Sergipano,SE,Propriá,Aracaju
2805802,Riachão do Dantas,Agreste de Lagarto,Agreste Sergipano,SE,Lagarto,Itabaiana
2805901,Riachuelo,Baixo Cotinguiba,Leste Sergipano,SE,Aracaju,Aracaju
2806008,Ribeirópolis,Carira,Sertão Sergipano,SE,Itabaiana,Itabaiana
2806107,Rosário do Catete,Baixo Cotinguiba,Leste Sergipano,SE,Aracaju,Aracaju
2806206,Salgado,Boquim,Leste Sergipano,SE,Lagarto,Itabaiana
2806305,Santa Luzia do Itanhy,Estância,Leste Sergipano,SE,Estância,Aracaju
2806404,Santana do São Francisco,Propriá,Leste Sergipano,SE,Propriá,Aracaju
2806503,Santa Rosa de Lima,Cotinguiba,Leste Sergipano,SE,Aracaju,Aracaju
2806602,Santo Amaro das Brotas,Baixo Cotinguiba,Leste Sergipano,SE,Aracaju,Aracaju
2806701,São Cristóvão,Aracaju,Leste Sergipano,SE,Aracaju,Aracaju
2806800,São Domingos,Agreste de Itabaiana,Agreste Sergipano,SE,Itabaiana,Itabaiana
2806909,São Francisco,Japaratuba,Leste Sergipano,SE,Propriá,Aracaju
2807006,São Miguel do Aleixo,Nossa Senhora das Dores,Agreste Sergipano,SE,Itabaiana,Itabaiana
2807105,Simão Dias,Tobias Barreto,Agreste Sergipano,SE,Lagarto,Itabaiana
2807204,Siriri,Cotinguiba,Leste Sergipano,SE,Aracaju,Aracaju
2807303,Telha,Propriá,Leste Sergipano,SE,Propriá,Aracaju
2807402,Tobias Barreto,Tobias Barreto,Agreste Sergipano,SE,Lagarto,Itabaiana
2807501,Tomar do Geru,Boquim,Leste Sergipano,SE,Estância,Aracaju
2807600,Umbaúba,Boquim,Leste Sergipano,SE,Estância,Aracaju
2900108,Abaíra,Seabra,Centro Sul Baiano,BA,Brumado,Vitória da Conquista
2900207,Abaré,Paulo Afonso,Vale São-Franciscano da Bahia,BA,Paulo Afonso,Paulo Afonso
2900306,Acajutiba,Alagoinhas,Nordeste Baiano,BA,Alagoinhas,Salvador
2900355,Adustina,Ribeira do Pombal,Nordeste Baiano,BA,Cícero Dantas,Paulo Afonso
2900405,Água Fria,Feira de Santana,Centro Norte Baiano,BA,Feira de Santana,Feira de Santana
2900504,Érico Cardoso,Livramento do Brumado,Centro Sul Baiano,BA,Brumado,Vitória da Conquista
2900603,Aiquara,Jequié,Centro Sul Baiano,BA,Jequié,Vitória da Conquista
2900702,Alagoinhas,Alagoinhas,Nordeste Baiano,BA,Alagoinhas,Salvador
2900801,Alcobaça,Porto Seguro,Sul Baiano,BA,Teixeira de Freitas,Ilhéus ¿ Itabuna
2900900,Almadina,Ilhéus-Itabuna,Sul Baiano,BA,Ilhéus ¿ Itabuna,Ilhéus ¿ Itabuna
2901007,Amargosa,Jequié,Centro Sul Baiano,BA,Santo Antônio de Jesus,Santo Antônio de Jesus
2901106,Amélia Rodrigues,Catu,Metropolitana de Salvador,BA,Feira de Santana,Feira de Santana
2901155,América Dourada,Irecê,Centro Norte Baiano,BA,Irecê,Irecê
2901205,Anagé,Vitória da Conquista,Centro Sul Baiano,BA,Vitória da Conquista,Vitória da Conquista
2901304,Andaraí,Seabra,Centro Sul Baiano,BA,Itaberaba,Feira de Santana
2901353,Andorinha,Senhor do Bonfim,Centro Norte Baiano,BA,Senhor do Bonfim,Juazeiro
2901403,Angical,Cotegipe,Extremo Oeste Baiano,BA,Barreiras,Barreiras
2901502,Anguera,Feira de Santana,Centro Norte Baiano,BA,Feira de Santana,Feira de Santana
2901601,Antas,Ribeira do Pombal,Nordeste Baiano,BA,Cícero Dantas,Paulo Afonso
2901700,Antônio Cardoso,Feira de Santana,Centro Norte Baiano,BA,Feira de Santana,Feira de Santana
2901809,Antônio Gonçalves,Senhor do Bonfim,Centro Norte Baiano,BA,Senhor do Bonfim,Juazeiro
2901908,Aporá,Alagoinhas,Nordeste Baiano,BA,Alagoinhas,Salvador
2901957,Apuarema,Jequié,Centro Sul Baiano,BA,Jequié,Vitória da Conquista
2902005,Aracatu,Brumado,Centro Sul Baiano,BA,Brumado,Vitória da Conquista
2902054,Araçás,Alagoinhas,Nordeste Baiano,BA,Alagoinhas,Salvador
2902104,Araci,Serrinha,Nordeste Baiano,BA,Serrinha,Feira de Santana
2902203,Aramari,Alagoinhas,Nordeste Baiano,BA,Alagoinhas,Salvador
2902252,Arataca,Ilhéus-Itabuna,Sul Baiano,BA,Camacan,Ilhéus ¿ Itabuna
2902302,Aratuípe,Santo Antônio de Jesus,Metropolitana de Salvador,BA,Nazaré ¿ Maragogipe,Santo Antônio de Jesus
2902401,Aurelino Leal,Ilhéus-Itabuna,Sul Baiano,BA,Ilhéus ¿ Itabuna,Ilhéus ¿ Itabuna
2902500,Baianópolis,Barreiras,Extremo Oeste Baiano,BA,Barreiras,Barreiras
2902609,Baixa Grande,Itaberaba,Centro Norte Baiano,BA,Feira de Santana,Feira de Santana
2902658,Banzaê,Ribeira do Pombal,Nordeste Baiano,BA,Ribeira do Pombal,Paulo Afonso
2902708,Barra,Barra,Vale São-Franciscano da Bahia,BA,Xique-Xique ¿ Barra,Irecê
2902807,Barra da Estiva,Seabra,Centro Sul Baiano,BA,Vitória da Conquista,Vitória da Conquista
2902906,Barra do Choça,Vitória da Conquista,Centro Sul Baiano,BA,Vitória da Conquista,Vitória da Conquista
2903003,Barra do Mendes,Irecê,Centro Norte Baiano,BA,Irecê,Irecê
2903102,Barra do Rocha,Ilhéus-Itabuna,Sul Baiano,BA,Ipiaú,Vitória da Conquista
2903201,Barreiras,Barreiras,Extremo Oeste Baiano,BA,Barreiras,Barreiras
2903235,Barro Alto,Irecê,Centro Norte Baiano,BA,Irecê,Irecê
2903276,Barrocas,Serrinha,Nordeste Baiano,BA,Serrinha,Feira de Santana
2903300,Barro Preto,Ilhéus-Itabuna,Sul Baiano,BA,Ilhéus ¿ Itabuna,Ilhéus ¿ Itabuna
2903409,Belmonte,Ilhéus-Itabuna,Sul Baiano,BA,Eunápolis - Porto Seguro,Ilhéus ¿ Itabuna
2903508,Belo Campo,Vitória da Conquista,Centro Sul Baiano,BA,Vitória da Conquista,Vitória da Conquista
2903607,Biritinga,Serrinha,Nordeste Baiano,BA,Serrinha,Feira de Santana
2903706,Boa Nova,Vitória da Conquista,Centro Sul Baiano,BA,Vitória da Conquista,Vitória da Conquista
2903805,Boa Vista do Tupim,Itaberaba,Centro Norte Baiano,BA,Itaberaba,Feira de Santana
2903904,Bom Jesus da Lapa,Bom Jesus da Lapa,Vale São-Franciscano da Bahia,BA,Bom Jesus da Lapa,Guanambi
2903953,Bom Jesus da Serra,Vitória da Conquista,Centro Sul Baiano,BA,Vitória da Conquista,Vitória da Conquista
2904001,Boninal,Seabra,Centro Sul Baiano,BA,Seabra,Feira de Santana
2904050,Bonito,Seabra,Centro Sul Baiano,BA,Irecê,Irecê
2904100,Boquira,Boquira,Centro Sul Baiano,BA,Bom Jesus da Lapa,Guanambi
2904209,Botuporã,Boquira,Centro Sul Baiano,BA,Guanambi,Guanambi
2904308,Brejões,Jequié,Centro Sul Baiano,BA,Santo Antônio de Jesus,Santo Antônio de Jesus
2904407,Brejolândia,Cotegipe,Extremo Oeste Baiano,BA,Barreiras,Barreiras
2904506,Brotas de Macaúbas,Boquira,Centro Sul Baiano,BA,Xique-Xique ¿ Barra,Irecê
2904605,Brumado,Brumado,Centro Sul Baiano,BA,Brumado,Vitória da Conquista
2904704,Buerarema,Ilhéus-Itabuna,Sul Baiano,BA,Ilhéus ¿ Itabuna,Ilhéus ¿ Itabuna
2904753,Buritirama,Barra,Vale São-Franciscano da Bahia,BA,Xique-Xique ¿ Barra,Irecê
2904803,Caatiba,Vitória da Conquista,Centro Sul Baiano,BA,Vitória da Conquista,Vitória da Conquista
2904852,Cabaceiras do Paraguaçu,Santo Antônio de Jesus,Metropolitana de Salvador,BA,Cruz das Almas,Santo Antônio de Jesus
2904902,Cachoeira,Santo Antônio de Jesus,Metropolitana de Salvador,BA,Cruz das Almas,Santo Antônio de Jesus
2905008,Caculé,Guanambi,Centro Sul Baiano,BA,Guanambi,Guanambi
2905107,Caém,Jacobina,Centro Norte Baiano,BA,Jacobina,Feira de Santana
2905156,Caetanos,Vitória da Conquista,Centro Sul Baiano,BA,Vitória da Conquista,Vitória da Conquista
2905206,Caetité,Guanambi,Centro Sul Baiano,BA,Guanambi,Guanambi
2905305,Cafarnaum,Irecê,Centro Norte Baiano,BA,Irecê,Irecê
2905404,Cairu,Valença,Sul Baiano,BA,Valença,Santo Antônio de Jesus
2905503,Caldeirão Grande,Jacobina,Centro Norte Baiano,BA,Jacobina,Feira de Santana
2905602,Camacan,Ilhéus-Itabuna,Sul Baiano,BA,Camacan,Ilhéus ¿ Itabuna
2905701,Camaçari,Salvador,Metropolitana de Salvador,BA,Salvador,Salvador
2905800,Camamu,Valença,Sul Baiano,BA,Valença,Santo Antônio de Jesus
2905909,Campo Alegre de Lourdes,Juazeiro,Vale São-Franciscano da Bahia,BA,Juazeiro,Juazeiro
2906006,Campo Formoso,Senhor do Bonfim,Centro Norte Baiano,BA,Senhor do Bonfim,Juazeiro
2906105,Canápolis,Santa Maria da Vitória,Extremo Oeste Baiano,BA,Santa Maria da Vitoria,Barreiras
2906204,Canarana,Irecê,Centro Norte Baiano,BA,Irecê,Irecê
2906303,Canavieiras,Ilhéus-Itabuna,Sul Baiano,BA,Camacan,Ilhéus ¿ Itabuna
2906402,Candeal,Serrinha,Nordeste Baiano,BA,Feira de Santana,Feira de Santana
2906501,Candeias,Salvador,Metropolitana de Salvador,BA,Salvador,Salvador
2906600,Candiba,Guanambi,Centro Sul Baiano,BA,Guanambi,Guanambi
2906709,Cândido Sales,Vitória da Conquista,Centro Sul Baiano,BA,Vitória da Conquista,Vitória da Conquista
2906808,Cansanção,Euclides da Cunha,Nordeste Baiano,BA,Euclides da Cunha,Paulo Afonso
2906824,Canudos,Euclides da Cunha,Nordeste Baiano,BA,Euclides da Cunha,Paulo Afonso
2906857,Capela do Alto Alegre,Serrinha,Nordeste Baiano,BA,Feira de Santana,Feira de Santana
2906873,Capim Grosso,Jacobina,Centro Norte Baiano,BA,Jacobina,Feira de Santana
2906899,Caraíbas,Brumado,Centro Sul Baiano,BA,Vitória da Conquista,Vitória da Conquista
2906907,Caravelas,Porto Seguro,Sul Baiano,BA,Teixeira de Freitas,Ilhéus ¿ Itabuna
2907004,Cardeal da Silva,Entre Rios,Nordeste Baiano,BA,Alagoinhas,Salvador
2907103,Carinhanha,Bom Jesus da Lapa,Vale São-Franciscano da Bahia,BA,Guanambi,Guanambi
2907202,Casa Nova,Juazeiro,Vale São-Franciscano da Bahia,BA,Juazeiro,Juazeiro
2907301,Castro Alves,Santo Antônio de Jesus,Metropolitana de Salvador,BA,Cruz das Almas,Santo Antônio de Jesus
2907400,Catolândia,Barreiras,Extremo Oeste Baiano,BA,Barreiras,Barreiras
2907509,Catu,Catu,Metropolitana de Salvador,BA,Salvador,Salvador
2907558,Caturama,Boquira,Centro Sul Baiano,BA,Brumado,Vitória da Conquista
2907608,Central,Irecê,Centro Norte Baiano,BA,Irecê,Irecê
2907707,Chorrochó,Paulo Afonso,Vale São-Franciscano da Bahia,BA,Paulo Afonso,Paulo Afonso
2907806,Cícero Dantas,Ribeira do Pombal,Nordeste Baiano,BA,Cícero Dantas,Paulo Afonso
2907905,Cipó,Ribeira do Pombal,Nordeste Baiano,BA,Ribeira do Pombal,Paulo Afonso
2908002,Coaraci,Ilhéus-Itabuna,Sul Baiano,BA,Ilhéus ¿ Itabuna,Ilhéus ¿ Itabuna
2908101,Cocos,Santa Maria da Vitória,Extremo Oeste Baiano,BA,Santa Maria da Vitoria,Barreiras
2908200,Conceição da Feira,Feira de Santana,Centro Norte Baiano,BA,Feira de Santana,Feira de Santana
2908309,Conceição do Almeida,Santo Antônio de Jesus,Metropolitana de Salvador,BA,Cruz das Almas,Santo Antônio de Jesus
2908408,Conceição do Coité,Serrinha,Nordeste Baiano,BA,Conceição do Coité,Feira de Santana
2908507,Conceição do Jacuípe,Feira de Santana,Centro Norte Baiano,BA,Feira de Santana,Feira de Santana
2908606,Conde,Entre Rios,Nordeste Baiano,BA,Alagoinhas,Salvador
2908705,Condeúba,Brumado,Centro Sul Baiano,BA,Vitória da Conquista,Vitória da Conquista
2908804,Contendas do Sincorá,Seabra,Centro Sul Baiano,BA,Vitória da Conquista,Vitória da Conquista
2908903,Coração de Maria,Feira de Santana,Centro Norte Baiano,BA,Feira de Santana,Feira de Santana
2909000,Cordeiros,Brumado,Centro Sul Baiano,BA,Vitória da Conquista,Vitória da Conquista
2909109,Coribe,Santa Maria da Vitória,Extremo Oeste Baiano,BA,Santa Maria da Vitoria,Barreiras
2909208,Coronel João Sá,Jeremoabo,Nordeste Baiano,BA,Jeremoabo,Paulo Afonso
2909307,Correntina,Santa Maria da Vitória,Extremo Oeste Baiano,BA,Santa Maria da Vitoria,Barreiras
2909406,Cotegipe,Cotegipe,Extremo Oeste Baiano,BA,Barreiras,Barreiras
2909505,Cravolândia,Jequié,Centro Sul Baiano,BA,Jequié,Vitória da Conquista
2909604,Crisópolis,Alagoinhas,Nordeste Baiano,BA,Alagoinhas,Salvador
2909703,Cristópolis,Cotegipe,Extremo Oeste Baiano,BA,Barreiras,Barreiras
2909802,Cruz das Almas,Santo Antônio de Jesus,Metropolitana de Salvador,BA,Cruz das Almas,Santo Antônio de Jesus
2909901,Curaçá,Juazeiro,Vale São-Franciscano da Bahia,BA,Juazeiro,Juazeiro
2910008,Dário Meira,Vitória da Conquista,Centro Sul Baiano,BA,Ipiaú,Vitória da Conquista
2910057,Dias d'Ávila,Salvador,Metropolitana de Salvador,BA,Salvador,Salvador
2910107,Dom Basílio,Livramento do Brumado,Centro Sul Baiano,BA,Brumado,Vitória da Conquista
2910206,Dom Macedo Costa,Santo Antônio de Jesus,Metropolitana de Salvador,BA,Santo Antônio de Jesus,Santo Antônio de Jesus
2910305,Elísio Medrado,Feira de Santana,Centro Norte Baiano,BA,Santo Antônio de Jesus,Santo Antônio de Jesus
2910404,Encruzilhada,Itapetinga,Centro Sul Baiano,BA,Vitória da Conquista,Vitória da Conquista
2910503,Entre Rios,Entre Rios,Nordeste Baiano,BA,Alagoinhas,Salvador
2910602,Esplanada,Entre Rios,Nordeste Baiano,BA,Alagoinhas,Salvador
2910701,Euclides da Cunha,Euclides da Cunha,Nordeste Baiano,BA,Euclides da Cunha,Paulo Afonso
2910727,Eunápolis,Porto Seguro,Sul Baiano,BA,Eunápolis - Porto Seguro,Ilhéus ¿ Itabuna
2910750,Fátima,Ribeira do Pombal,Nordeste Baiano,BA,Cícero Dantas,Paulo Afonso
2910776,Feira da Mata,Bom Jesus da Lapa,Vale São-Franciscano da Bahia,BA,Guanambi,Guanambi
2910800,Feira de Santana,Feira de Santana,Centro Norte Baiano,BA,Feira de Santana,Feira de Santana
2910859,Filadélfia,Senhor do Bonfim,Centro Norte Baiano,BA,Senhor do Bonfim,Juazeiro
2910909,Firmino Alves,Ilhéus-Itabuna,Sul Baiano,BA,Ilhéus ¿ Itabuna,Ilhéus ¿ Itabuna
2911006,Floresta Azul,Ilhéus-Itabuna,Sul Baiano,BA,Ilhéus ¿ Itabuna,Ilhéus ¿ Itabuna
2911105,Formosa do Rio Preto,Barreiras,Extremo Oeste Baiano,BA,Barreiras,Barreiras
2911204,Gandu,Ilhéus-Itabuna,Sul Baiano,BA,Ipiaú,Vitória da Conquista
2911253,Gavião,Serrinha,Nordeste Baiano,BA,Feira de Santana,Feira de Santana
2911303,Gentio do Ouro,Irecê,Centro Norte Baiano,BA,Xique-Xique ¿ Barra,Irecê
2911402,Glória,Paulo Afonso,Vale São-Franciscano da Bahia,BA,Paulo Afonso,Paulo Afonso
2911501,Gongogi,Ilhéus-Itabuna,Sul Baiano,BA,Ipiaú,Vitória da Conquista
2911600,Governador Mangabeira,Santo Antônio de Jesus,Metropolitana de Salvador,BA,Cruz das Almas,Santo Antônio de Jesus
2911659,Guajeru,Brumado,Centro Sul Baiano,BA,Guanambi,Guanambi
2911709,Guanambi,Guanambi,Centro Sul Baiano,BA,Guanambi,Guanambi
2911808,Guaratinga,Porto Seguro,Sul Baiano,BA,Eunápolis - Porto Seguro,Ilhéus ¿ Itabuna
2911857,Heliópolis,Ribeira do Pombal,Nordeste Baiano,BA,Cícero Dantas,Paulo Afonso
2911907,Iaçu,Itaberaba,Centro Norte Baiano,BA,Itaberaba,Feira de Santana
2912004,Ibiassucê,Guanambi,Centro Sul Baiano,BA,Guanambi,Guanambi
2912103,Ibicaraí,Ilhéus-Itabuna,Sul Baiano,BA,Ilhéus ¿ Itabuna,Ilhéus ¿ Itabuna
2912202,Ibicoara,Seabra,Centro Sul Baiano,BA,Vitória da Conquista,Vitória da Conquista
2912301,Ibicuí,Vitória da Conquista,Centro Sul Baiano,BA,Ilhéus ¿ Itabuna,Ilhéus ¿ Itabuna
2912400,Ibipeba,Irecê,Centro Norte Baiano,BA,Irecê,Irecê
2912509,Ibipitanga,Boquira,Centro Sul Baiano,BA,Bom Jesus da Lapa,Guanambi
2912608,Ibiquera,Itaberaba,Centro Norte Baiano,BA,Itaberaba,Feira de Santana
2912707,Ibirapitanga,Ilhéus-Itabuna,Sul Baiano,BA,Ilhéus ¿ Itabuna,Ilhéus ¿ Itabuna
2912806,Ibirapuã,Porto Seguro,Sul Baiano,BA,Teixeira de Freitas,Ilhéus ¿ Itabuna
2912905,Ibirataia,Ilhéus-Itabuna,Sul Baiano,BA,Ipiaú,Vitória da Conquista
2913002,Ibitiara,Boquira,Centro Sul Baiano,BA,Seabra,Feira de Santana
2913101,Ibititá,Irecê,Centro Norte Baiano,BA,Irecê,Irecê
2913200,Ibotirama,Barra,Vale São-Franciscano da Bahia,BA,Xique-Xique ¿ Barra,Irecê
2913309,Ichu,Serrinha,Nordeste Baiano,BA,Feira de Santana,Feira de Santana
2913408,Igaporã,Guanambi,Centro Sul Baiano,BA,Guanambi,Guanambi
2913457,Igrapiúna,Valença,Sul Baiano,BA,Valença,Santo Antônio de Jesus
2913507,Iguaí,Vitória da Conquista,Centro Sul Baiano,BA,Vitória da Conquista,Vitória da Conquista
2913606,Ilhéus,Ilhéus-Itabuna,Sul Baiano,BA,Ilhéus ¿ Itabuna,Ilhéus ¿ Itabuna
2913705,Inhambupe,Alagoinhas,Nordeste Baiano,BA,Alagoinhas,Salvador
2913804,Ipecaetá,Feira de Santana,Centro Norte Baiano,BA,Feira de Santana,Feira de Santana
2913903,Ipiaú,Ilhéus-Itabuna,Sul Baiano,BA,Ipiaú,Vitória da Conquista
2914000,Ipirá,Feira de Santana,Centro Norte Baiano,BA,Feira de Santana,Feira de Santana
2914109,Ipupiara,Boquira,Centro Sul Baiano,BA,Xique-Xique ¿ Barra,Irecê
2914208,Irajuba,Jequié,Centro Sul Baiano,BA,Jequié,Vitória da Conquista
2914307,Iramaia,Jequié,Centro Sul Baiano,BA,Vitória da Conquista,Vitória da Conquista
2914406,Iraquara,Irecê,Centro Norte Baiano,BA,Seabra,Feira de Santana
2914505,Irará,Feira de Santana,Centro Norte Baiano,BA,Feira de Santana,Feira de Santana
2914604,Irecê,Irecê,Centro Norte Baiano,BA,Irecê,Irecê
2914653,Itabela,Porto Seguro,Sul Baiano,BA,Eunápolis - Porto Seguro,Ilhéus ¿ Itabuna
2914703,Itaberaba,Itaberaba,Centro Norte Baiano,BA,Itaberaba,Feira de Santana
2914802,Itabuna,Ilhéus-Itabuna,Sul Baiano,BA,Ilhéus ¿ Itabuna,Ilhéus ¿ Itabuna
2914901,Itacaré,Ilhéus-Itabuna,Sul Baiano,BA,Ilhéus ¿ Itabuna,Ilhéus ¿ Itabuna
2915007,Itaeté,Seabra,Centro Sul Baiano,BA,Itaberaba,Feira de Santana
2915106,Itagi,Jequié,Centro Sul Baiano,BA,Jequié,Vitória da Conquista
2915205,Itagibá,Ilhéus-Itabuna,Sul Baiano,BA,Ipiaú,Vitória da Conquista
2915304,Itagimirim,Porto Seguro,Sul Baiano,BA,Eunápolis - Porto Seguro,Ilhéus ¿ Itabuna
2915353,Itaguaçu da Bahia,Barra,Vale São-Franciscano da Bahia,BA,Irecê,Irecê
2915403,Itaju do Colônia,Ilhéus-Itabuna,Sul Baiano,BA,Ilhéus ¿ Itabuna,Ilhéus ¿ Itabuna
2915502,Itajuípe,Ilhéus-Itabuna,Sul Baiano,BA,Ilhéus ¿ Itabuna,Ilhéus ¿ Itabuna
2915601,Itamaraju,Porto Seguro,Sul Baiano,BA,Teixeira de Freitas,Ilhéus ¿ Itabuna
2915700,Itamari,Ilhéus-Itabuna,Sul Baiano,BA,Ipiaú,Vitória da Conquista
2915809,Itambé,Itapetinga,Centro Sul Baiano,BA,Vitória da Conquista,Vitória da Conquista
2915908,Itanagra,Catu,Metropolitana de Salvador,BA,Salvador,Salvador
2916005,Itanhém,Porto Seguro,Sul Baiano,BA,Teixeira de Freitas,Ilhéus ¿ Itabuna
2916104,Itaparica,Salvador,Metropolitana de Salvador,BA,Nazaré ¿ Maragogipe,Santo Antônio de Jesus
2916203,Itapé,Ilhéus-Itabuna,Sul Baiano,BA,Ilhéus ¿ Itabuna,Ilhéus ¿ Itabuna
2916302,Itapebi,Ilhéus-Itabuna,Sul Baiano,BA,Eunápolis - Porto Seguro,Ilhéus ¿ Itabuna
2916401,Itapetinga,Itapetinga,Centro Sul Baiano,BA,Itapetinga,Vitória da Conquista
2916500,Itapicuru,Ribeira do Pombal,Nordeste Baiano,BA,Alagoinhas,Salvador
2916609,Itapitanga,Ilhéus-Itabuna,Sul Baiano,BA,Ilhéus ¿ Itabuna,Ilhéus ¿ Itabuna
2916708,Itaquara,Jequié,Centro Sul Baiano,BA,Jequié,Vitória da Conquista
2916807,Itarantim,Itapetinga,Centro Sul Baiano,BA,Itapetinga,Vitória da Conquista
2916856,Itatim,Feira de Santana,Centro Norte Baiano,BA,Cruz das Almas,Santo Antônio de Jesus
2916906,Itiruçu,Jequié,Centro Sul Baiano,BA,Jequié,Vitória da Conquista
2917003,Itiúba,Senhor do Bonfim,Centro Norte Baiano,BA,Senhor do Bonfim,Juazeiro
2917102,Itororó,Itapetinga,Centro Sul Baiano,BA,Itapetinga,Vitória da Conquista
2917201,Ituaçu,Brumado,Centro Sul Baiano,BA,Vitória da Conquista,Vitória da Conquista
2917300,Ituberá,Valença,Sul Baiano,BA,Valença,Santo Antônio de Jesus
2917334,Iuiu,Guanambi,Centro Sul Baiano,BA,Guanambi,Guanambi
2917359,Jaborandi,Santa Maria da Vitória,Extremo Oeste Baiano,BA,Santa Maria da Vitoria,Barreiras
2917409,Jacaraci,Guanambi,Centro Sul Baiano,BA,Guanambi,Guanambi
2917508,Jacobina,Jacobina,Centro Norte Baiano,BA,Jacobina,Feira de Santana
2917607,Jaguaquara,Jequié,Centro Sul Baiano,BA,Jequié,Vitória da Conquista
2917706,Jaguarari,Senhor do Bonfim,Centro Norte Baiano,BA,Senhor do Bonfim,Juazeiro
2917805,Jaguaripe,Santo Antônio de Jesus,Metropolitana de Salvador,BA,Nazaré ¿ Maragogipe,Santo Antônio de Jesus
2917904,Jandaíra,Entre Rios,Nordeste Baiano,BA,Alagoinhas,Salvador
2918001,Jequié,Jequié,Centro Sul Baiano,BA,Jequié,Vitória da Conquista
2918100,Jeremoabo,Jeremoabo,Nordeste Baiano,BA,Jeremoabo,Paulo Afonso
2918209,Jiquiriçá,Jequié,Centro Sul Baiano,BA,Santo Antônio de Jesus,Santo Antônio de Jesus
2918308,Jitaúna,Jequié,Centro Sul Baiano,BA,Jequié,Vitória da Conquista
2918357,João Dourado,Irecê,Centro Norte Baiano,BA,Irecê,Irecê
2918407,Juazeiro,Juazeiro,Vale São-Franciscano da Bahia,BA,Juazeiro,Juazeiro
2918456,Jucuruçu,Porto Seguro,Sul Baiano,BA,Teixeira de Freitas,Ilhéus ¿ Itabuna
2918506,Jussara,Irecê,Centro Norte Baiano,BA,Irecê,Irecê
2918555,Jussari,Ilhéus-Itabuna,Sul Baiano,BA,Camacan,Ilhéus ¿ Itabuna
2918605,Jussiape,Seabra,Centro Sul Baiano,BA,Brumado,Vitória da Conquista
2918704,Lafaiete Coutinho,Jequié,Centro Sul Baiano,BA,Jequié,Vitória da Conquista
2918753,Lagoa Real,Guanambi,Centro Sul Baiano,BA,Guanambi,Guanambi
2918803,Laje,Jequié,Centro Sul Baiano,BA,Santo Antônio de Jesus,Santo Antônio de Jesus
2918902,Lajedão,Porto Seguro,Sul Baiano,BA,Teixeira de Freitas,Ilhéus ¿ Itabuna
2919009,Lajedinho,Itaberaba,Centro Norte Baiano,BA,Itaberaba,Feira de Santana
2919058,Lajedo do Tabocal,Jequié,Centro Sul Baiano,BA,Jequié,Vitória da Conquista
2919108,Lamarão,Serrinha,Nordeste Baiano,BA,Feira de Santana,Feira de Santana
2919157,Lapão,Irecê,Centro Norte Baiano,BA,Irecê,Irecê
2919207,Lauro de Freitas,Salvador,Metropolitana de Salvador,BA,Salvador,Salvador
2919306,Lençóis,Seabra,Centro Sul Baiano,BA,Seabra,Feira de Santana
2919405,Licínio de Almeida,Guanambi,Centro Sul Baiano,BA,Guanambi,Guanambi
2919504,Livramento de Nossa Senhora,Livramento do Brumado,Centro Sul Baiano,BA,Brumado,Vitória da Conquista
2919553,Luís Eduardo Magalhães,Barreiras,Extremo Oeste Baiano,BA,Barreiras,Barreiras
2919603,Macajuba,Itaberaba,Centro Norte Baiano,BA,Feira de Santana,Feira de Santana
2919702,Macarani,Itapetinga,Centro Sul Baiano,BA,Itapetinga,Vitória da Conquista
2919801,Macaúbas,Boquira,Centro Sul Baiano,BA,Bom Jesus da Lapa,Guanambi
2919900,Macururé,Paulo Afonso,Vale São-Franciscano da Bahia,BA,Paulo Afonso,Paulo Afonso
2919926,Madre de Deus,Salvador,Metropolitana de Salvador,BA,Salvador,Salvador
2919959,Maetinga,Brumado,Centro Sul Baiano,BA,Vitória da Conquista,Vitória da Conquista
2920007,Maiquinique,Itapetinga,Centro Sul Baiano,BA,Itapetinga,Vitória da Conquista
2920106,Mairi,Itaberaba,Centro Norte Baiano,BA,Feira de Santana,Feira de Santana
2920205,Malhada,Guanambi,Centro Sul Baiano,BA,Guanambi,Guanambi
2920304,Malhada de Pedras,Brumado,Centro Sul Baiano,BA,Brumado,Vitória da Conquista
2920403,Manoel Vitorino,Vitória da Conquista,Centro Sul Baiano,BA,Jequié,Vitória da Conquista
2920452,Mansidão,Cotegipe,Extremo Oeste Baiano,BA,Barreiras,Barreiras
2920502,Maracás,Jequié,Centro Sul Baiano,BA,Jequié,Vitória da Conquista
2920601,Maragogipe,Santo Antônio de Jesus,Metropolitana de Salvador,BA,Nazaré ¿ Maragogipe,Santo Antônio de Jesus
2920700,Maraú,Valença,Sul Baiano,BA,Ilhéus ¿ Itabuna,Ilhéus ¿ Itabuna
2920809,Marcionílio Souza,Jequié,Centro Sul Baiano,BA,Itaberaba,Feira de Santana
2920908,Mascote,Ilhéus-Itabuna,Sul Baiano,BA,Camacan,Ilhéus ¿ Itabuna
2921005,Mata de São João,Catu,Metropolitana de Salvador,BA,Salvador,Salvador
2921054,Matina,Guanambi,Centro Sul Baiano,BA,Guanambi,Guanambi
2921104,Medeiros Neto,Porto Seguro,Sul Baiano,BA,Teixeira de Freitas,Ilhéus ¿ Itabuna
2921203,Miguel Calmon,Jacobina,Centro Norte Baiano,BA,Jacobina,Feira de Santana
2921302,Milagres,Jequié,Centro Sul Baiano,BA,Santo Antônio de Jesus,Santo Antônio de Jesus
2921401,Mirangaba,Jacobina,Centro Norte Baiano,BA,Jacobina,Feira de Santana
2921450,Mirante,Vitória da Conquista,Centro Sul Baiano,BA,Vitória da Conquista,Vitória da Conquista
2921500,Monte Santo,Euclides da Cunha,Nordeste Baiano,BA,Euclides da Cunha,Paulo Afonso
2921609,Morpará,Barra,Vale São-Franciscano da Bahia,BA,Xique-Xique ¿ Barra,Irecê
2921708,Morro do Chapéu,Jacobina,Centro Norte Baiano,BA,Irecê,Irecê
2921807,Mortugaba,Guanambi,Centro Sul Baiano,BA,Guanambi,Guanambi
2921906,Mucugê,Seabra,Centro Sul Baiano,BA,Seabra,Feira de Santana
2922003,Mucuri,Porto Seguro,Sul Baiano,BA,Teixeira de Freitas,Ilhéus ¿ Itabuna
2922052,Mulungu do Morro,Irecê,Centro Norte Baiano,BA,Irecê,Irecê
2922102,Mundo Novo,Itaberaba,Centro Norte Baiano,BA,Feira de Santana,Feira de Santana
2922201,Muniz Ferreira,Santo Antônio de Jesus,Metropolitana de Salvador,BA,Santo Antônio de Jesus,Santo Antônio de Jesus
2922250,Muquém do São Francisco,Barra,Vale São-Franciscano da Bahia,BA,Xique-Xique ¿ Barra,Irecê
2922300,Muritiba,Santo Antônio de Jesus,Metropolitana de Salvador,BA,Cruz das Almas,Santo Antônio de Jesus
2922409,Mutuípe,Jequié,Centro Sul Baiano,BA,Santo Antônio de Jesus,Santo Antônio de Jesus
2922508,Nazaré,Santo Antônio de Jesus,Metropolitana de Salvador,BA,Nazaré ¿ Maragogipe,Santo Antônio de Jesus
2922607,Nilo Peçanha,Valença,Sul Baiano,BA,Valença,Santo Antônio de Jesus
2922656,Nordestina,Euclides da Cunha,Nordeste Baiano,BA,Conceição do Coité,Feira de Santana
2922706,Nova Canaã,Vitória da Conquista,Centro Sul Baiano,BA,Vitória da Conquista,Vitória da Conquista
2922730,Nova Fátima,Serrinha,Nordeste Baiano,BA,Feira de Santana,Feira de Santana
2922755,Nova Ibiá,Ilhéus-Itabuna,Sul Baiano,BA,Ipiaú,Vitória da Conquista
2922805,Nova Itarana,Jequié,Centro Sul Baiano,BA,Santo Antônio de Jesus,Santo Antônio de Jesus
2922854,Nova Redenção,Seabra,Centro Sul Baiano,BA,Itaberaba,Feira de Santana
2922904,Nova Soure,Ribeira do Pombal,Nordeste Baiano,BA,Ribeira do Pombal,Paulo Afonso
2923001,Nova Viçosa,Porto Seguro,Sul Baiano,BA,Teixeira de Freitas,Ilhéus ¿ Itabuna
2923035,Novo Horizonte,Boquira,Centro Sul Baiano,BA,Seabra,Feira de Santana
2923050,Novo Triunfo,Ribeira do Pombal,Nordeste Baiano,BA,Jeremoabo,Paulo Afonso
2923100,Olindina,Ribeira do Pombal,Nordeste Baiano,BA,Ribeira do Pombal,Paulo Afonso
2923209,Oliveira dos Brejinhos,Boquira,Centro Sul Baiano,BA,Xique-Xique ¿ Barra,Irecê
2923308,Ouriçangas,Feira de Santana,Centro Norte Baiano,BA,Feira de Santana,Feira de Santana
2923357,Ourolândia,Jacobina,Centro Norte Baiano,BA,Jacobina,Feira de Santana
2923407,Palmas de Monte Alto,Guanambi,Centro Sul Baiano,BA,Guanambi,Guanambi
2923506,Palmeiras,Seabra,Centro Sul Baiano,BA,Seabra,Feira de Santana
2923605,Paramirim,Livramento do Brumado,Centro Sul Baiano,BA,Brumado,Vitória da Conquista
2923704,Paratinga,Bom Jesus da Lapa,Vale São-Franciscano da Bahia,BA,Bom Jesus da Lapa,Guanambi
2923803,Paripiranga,Ribeira do Pombal,Nordeste Baiano,BA,Cícero Dantas,Paulo Afonso
2923902,Pau Brasil,Ilhéus-Itabuna,Sul Baiano,BA,Camacan,Ilhéus ¿ Itabuna
2924009,Paulo Afonso,Paulo Afonso,Vale São-Franciscano da Bahia,BA,Paulo Afonso,Paulo Afonso
2924058,Pé de Serra,Serrinha,Nordeste Baiano,BA,Feira de Santana,Feira de Santana
2924108,Pedrão,Feira de Santana,Centro Norte Baiano,BA,Alagoinhas,Salvador
2924207,Pedro Alexandre,Jeremoabo,Nordeste Baiano,BA,Jeremoabo,Paulo Afonso
2924306,Piatã,Seabra,Centro Sul Baiano,BA,Seabra,Feira de Santana
2924405,Pilão Arcado,Juazeiro,Vale São-Franciscano da Bahia,BA,Juazeiro,Juazeiro
2924504,Pindaí,Guanambi,Centro Sul Baiano,BA,Guanambi,Guanambi
2924603,Pindobaçu,Senhor do Bonfim,Centro Norte Baiano,BA,Senhor do Bonfim,Juazeiro
2924652,Pintadas,Feira de Santana,Centro Norte Baiano,BA,Feira de Santana,Feira de Santana
2924678,Piraí do Norte,Valença,Sul Baiano,BA,Ipiaú,Vitória da Conquista
2924702,Piripá,Brumado,Centro Sul Baiano,BA,Vitória da Conquista,Vitória da Conquista
2924801,Piritiba,Jacobina,Centro Norte Baiano,BA,Jacobina,Feira de Santana
2924900,Planaltino,Jequié,Centro Sul Baiano,BA,Jequié,Vitória da Conquista
2925006,Planalto,Vitória da Conquista,Centro Sul Baiano,BA,Vitória da Conquista,Vitória da Conquista
2925105,Poções,Vitória da Conquista,Centro Sul Baiano,BA,Vitória da Conquista,Vitória da Conquista
2925204,Pojuca,Catu,Metropolitana de Salvador,BA,Salvador,Salvador
2925253,Ponto Novo,Jacobina,Centro Norte Baiano,BA,Senhor do Bonfim,Juazeiro
2925303,Porto Seguro,Porto Seguro,Sul Baiano,BA,Eunápolis - Porto Seguro,Ilhéus ¿ Itabuna
2925402,Potiraguá,Itapetinga,Centro Sul Baiano,BA,Itapetinga,Vitória da Conquista
2925501,Prado,Porto Seguro,Sul Baiano,BA,Teixeira de Freitas,Ilhéus ¿ Itabuna
2925600,Presidente Dutra,Irecê,Centro Norte Baiano,BA,Irecê,Irecê
2925709,Presidente Jânio Quadros,Brumado,Centro Sul Baiano,BA,Vitória da Conquista,Vitória da Conquista
2925758,Presidente Tancredo Neves,Valença,Sul Baiano,BA,Valença,Santo Antônio de Jesus
2925808,Queimadas,Euclides da Cunha,Nordeste Baiano,BA,Conceição do Coité,Feira de Santana
2925907,Quijingue,Euclides da Cunha,Nordeste Baiano,BA,Euclides da Cunha,Paulo Afonso
2925931,Quixabeira,Jacobina,Centro Norte Baiano,BA,Jacobina,Feira de Santana
2925956,Rafael Jambeiro,Feira de Santana,Centro Norte Baiano,BA,Feira de Santana,Feira de Santana
2926004,Remanso,Juazeiro,Vale São-Franciscano da Bahia,BA,Juazeiro,Juazeiro
2926103,Retirolândia,Serrinha,Nordeste Baiano,BA,Conceição do Coité,Feira de Santana
2926202,Riachão das Neves,Barreiras,Extremo Oeste Baiano,BA,Barreiras,Barreiras
2926301,Riachão do Jacuípe,Serrinha,Nordeste Baiano,BA,Feira de Santana,Feira de Santana
2926400,Riacho de Santana,Guanambi,Centro Sul Baiano,BA,Guanambi,Guanambi
2926509,Ribeira do Amparo,Ribeira do Pombal,Nordeste Baiano,BA,Ribeira do Pombal,Paulo Afonso
2926608,Ribeira do Pombal,Ribeira do Pombal,Nordeste Baiano,BA,Ribeira do Pombal,Paulo Afonso
2926657,Ribeirão do Largo,Itapetinga,Centro Sul Baiano,BA,Vitória da Conquista,Vitória da Conquista
2926707,Rio de Contas,Seabra,Centro Sul Baiano,BA,Brumado,Vitória da Conquista
2926806,Rio do Antônio,Brumado,Centro Sul Baiano,BA,Guanambi,Guanambi
2926905,Rio do Pires,Livramento do Brumado,Centro Sul Baiano,BA,Brumado,Vitória da Conquista
2927002,Rio Real,Alagoinhas,Nordeste Baiano,BA,Alagoinhas,Salvador
2927101,Rodelas,Paulo Afonso,Vale São-Franciscano da Bahia,BA,Paulo Afonso,Paulo Afonso
2927200,Ruy Barbosa,Itaberaba,Centro Norte Baiano,BA,Itaberaba,Feira de Santana
2927309,Salinas da Margarida,Santo Antônio de Jesus,Metropolitana de Salvador,BA,Nazaré ¿ Maragogipe,Santo Antônio de Jesus
2927408,Salvador,Salvador,Metropolitana de Salvador,BA,Salvador,Salvador
2927507,Santa Bárbara,Feira de Santana,Centro Norte Baiano,BA,Feira de Santana,Feira de Santana
2927606,Santa Brígida,Jeremoabo,Nordeste Baiano,BA,Paulo Afonso,Paulo Afonso
2927705,Santa Cruz Cabrália,Porto Seguro,Sul Baiano,BA,Eunápolis - Porto Seguro,Ilhéus ¿ Itabuna
2927804,Santa Cruz da Vitória,Ilhéus-Itabuna,Sul Baiano,BA,Ilhéus ¿ Itabuna,Ilhéus ¿ Itabuna
2927903,Santa Inês,Jequié,Centro Sul Baiano,BA,Jequié,Vitória da Conquista
2928000,Santaluz,Serrinha,Nordeste Baiano,BA,Conceição do Coité,Feira de Santana
2928059,Santa Luzia,Ilhéus-Itabuna,Sul Baiano,BA,Camacan,Ilhéus ¿ Itabuna
2928109,Santa Maria da Vitória,Santa Maria da Vitória,Extremo Oeste Baiano,BA,Santa Maria da Vitoria,Barreiras
2928208,Santana,Santa Maria da Vitória,Extremo Oeste Baiano,BA,Barreiras,Barreiras
2928307,Santanópolis,Feira de Santana,Centro Norte Baiano,BA,Feira de Santana,Feira de Santana
2928406,Santa Rita de Cássia,Cotegipe,Extremo Oeste Baiano,BA,Barreiras,Barreiras
2928505,Santa Terezinha,Feira de Santana,Centro Norte Baiano,BA,Cruz das Almas,Santo Antônio de Jesus
2928604,Santo Amaro,Santo Antônio de Jesus,Metropolitana de Salvador,BA,Salvador,Salvador
2928703,Santo Antônio de Jesus,Santo Antônio de Jesus,Metropolitana de Salvador,BA,Santo Antônio de Jesus,Santo Antônio de Jesus
2928802,Santo Estêvão,Feira de Santana,Centro Norte Baiano,BA,Feira de Santana,Feira de Santana
2928901,São Desidério,Barreiras,Extremo Oeste Baiano,BA,Barreiras,Barreiras
2928950,São Domingos,Serrinha,Nordeste Baiano,BA,Conceição do Coité,Feira de Santana
2929008,São Félix,Santo Antônio de Jesus,Metropolitana de Salvador,BA,Cruz das Almas,Santo Antônio de Jesus
2929057,São Félix do Coribe,Santa Maria da Vitória,Extremo Oeste Baiano,BA,Santa Maria da Vitoria,Barreiras
2929107,São Felipe,Santo Antônio de Jesus,Metropolitana de Salvador,BA,Cruz das Almas,Santo Antônio de Jesus
2929206,São Francisco do Conde,Salvador,Metropolitana de Salvador,BA,Salvador,Salvador
2929255,São Gabriel,Irecê,Centro Norte Baiano,BA,Irecê,Irecê
2929305,São Gonçalo dos Campos,Feira de Santana,Centro Norte Baiano,BA,Feira de Santana,Feira de Santana
2929354,São José da Vitória,Ilhéus-Itabuna,Sul Baiano,BA,Ilhéus ¿ Itabuna,Ilhéus ¿ Itabuna
2929370,São José do Jacuípe,Jacobina,Centro Norte Baiano,BA,Jacobina,Feira de Santana
2929404,São Miguel das Matas,Jequié,Centro Sul Baiano,BA,Santo Antônio de Jesus,Santo Antônio de Jesus
2929503,São Sebastião do Passé,Catu,Metropolitana de Salvador,BA,Salvador,Salvador
2929602,Sapeaçu,Santo Antônio de Jesus,Metropolitana de Salvador,BA,Cruz das Almas,Santo Antônio de Jesus
2929701,Sátiro Dias,Alagoinhas,Nordeste Baiano,BA,Alagoinhas,Salvador
2929750,Saubara,Santo Antônio de Jesus,Metropolitana de Salvador,BA,Salvador,Salvador
2929800,Saúde,Jacobina,Centro Norte Baiano,BA,Jacobina,Feira de Santana
2929909,Seabra,Seabra,Centro Sul Baiano,BA,Seabra,Feira de Santana
2930006,Sebastião Laranjeiras,Guanambi,Centro Sul Baiano,BA,Guanambi,Guanambi
2930105,Senhor do Bonfim,Senhor do Bonfim,Centro Norte Baiano,BA,Senhor do Bonfim,Juazeiro
2930154,Serra do Ramalho,Bom Jesus da Lapa,Vale São-Franciscano da Bahia,BA,Bom Jesus da Lapa,Guanambi
2930204,Sento Sé,Juazeiro,Vale São-Franciscano da Bahia,BA,Juazeiro,Juazeiro
2930303,Serra Dourada,Santa Maria da Vitória,Extremo Oeste Baiano,BA,Barreiras,Barreiras
2930402,Serra Preta,Feira de Santana,Centro Norte Baiano,BA,Feira de Santana,Feira de Santana
2930501,Serrinha,Serrinha,Nordeste Baiano,BA,Serrinha,Feira de Santana
2930600,Serrolândia,Jacobina,Centro Norte Baiano,BA,Jacobina,Feira de Santana
2930709,Simões Filho,Salvador,Metropolitana de Salvador,BA,Salvador,Salvador
2930758,Sítio do Mato,Bom Jesus da Lapa,Vale São-Franciscano da Bahia,BA,Bom Jesus da Lapa,Guanambi
2930766,Sítio do Quinto,Jeremoabo,Nordeste Baiano,BA,Jeremoabo,Paulo Afonso
2930774,Sobradinho,Juazeiro,Vale São-Franciscano da Bahia,BA,Juazeiro,Juazeiro
2930808,Souto Soares,Irecê,Centro Norte Baiano,BA,Seabra,Feira de Santana
2930907,Tabocas do Brejo Velho,Cotegipe,Extremo Oeste Baiano,BA,Barreiras,Barreiras
2931004,Tanhaçu,Brumado,Centro Sul Baiano,BA,Vitória da Conquista,Vitória da Conquista
2931053,Tanque Novo,Boquira,Centro Sul Baiano,BA,Guanambi,Guanambi
2931103,Tanquinho,Feira de Santana,Centro Norte Baiano,BA,Feira de Santana,Feira de Santana
2931202,Taperoá,Valença,Sul Baiano,BA,Valença,Santo Antônio de Jesus
2931301,Tapiramutá,Itaberaba,Centro Norte Baiano,BA,Jacobina,Feira de Santana
2931350,Teixeira de Freitas,Porto Seguro,Sul Baiano,BA,Teixeira de Freitas,Ilhéus ¿ Itabuna
2931400,Teodoro Sampaio,Feira de Santana,Centro Norte Baiano,BA,Alagoinhas,Salvador
2931509,Teofilândia,Serrinha,Nordeste Baiano,BA,Serrinha,Feira de Santana
2931608,Teolândia,Ilhéus-Itabuna,Sul Baiano,BA,Ipiaú,Vitória da Conquista
2931707,Terra Nova,Catu,Metropolitana de Salvador,BA,Salvador,Salvador
2931806,Tremedal,Brumado,Centro Sul Baiano,BA,Vitória da Conquista,Vitória da Conquista
2931905,Tucano,Euclides da Cunha,Nordeste Baiano,BA,Ribeira do Pombal,Paulo Afonso
2932002,Uauá,Euclides da Cunha,Nordeste Baiano,BA,Juazeiro,Juazeiro
2932101,Ubaíra,Jequié,Centro Sul Baiano,BA,Santo Antônio de Jesus,Santo Antônio de Jesus
2932200,Ubaitaba,Ilhéus-Itabuna,Sul Baiano,BA,Ilhéus ¿ Itabuna,Ilhéus ¿ Itabuna
2932309,Ubatã,Ilhéus-Itabuna,Sul Baiano,BA,Ipiaú,Vitória da Conquista
2932408,Uibaí,Irecê,Centro Norte Baiano,BA,Irecê,Irecê
2932457,Umburanas,Senhor do Bonfim,Centro Norte Baiano,BA,Jacobina,Feira de Santana
2932507,Una,Ilhéus-Itabuna,Sul Baiano,BA,Camacan,Ilhéus ¿ Itabuna
2932606,Urandi,Guanambi,Centro Sul Baiano,BA,Guanambi,Guanambi
2932705,Uruçuca,Ilhéus-Itabuna,Sul Baiano,BA,Ilhéus ¿ Itabuna,Ilhéus ¿ Itabuna
2932804,Utinga,Seabra,Centro Sul Baiano,BA,Itaberaba,Feira de Santana
2932903,Valença,Valença,Sul Baiano,BA,Valença,Santo Antônio de Jesus
2933000,Valente,Serrinha,Nordeste Baiano,BA,Conceição do Coité,Feira de Santana
2933059,Várzea da Roça,Itaberaba,Centro Norte Baiano,BA,Feira de Santana,Feira de Santana
2933109,Várzea do Poço,Jacobina,Centro Norte Baiano,BA,Jacobina,Feira de Santana
2933158,Várzea Nova,Jacobina,Centro Norte Baiano,BA,Jacobina,Feira de Santana
2933174,Varzedo,Santo Antônio de Jesus,Metropolitana de Salvador,BA,Santo Antônio de Jesus,Santo Antônio de Jesus
2933208,Vera Cruz,Salvador,Metropolitana de Salvador,BA,Nazaré ¿ Maragogipe,Santo Antônio de Jesus
2933257,Vereda,Porto Seguro,Sul Baiano,BA,Teixeira de Freitas,Ilhéus ¿ Itabuna
2933307,Vitória da Conquista,Vitória da Conquista,Centro Sul Baiano,BA,Vitória da Conquista,Vitória da Conquista
2933406,Wagner,Seabra,Centro Sul Baiano,BA,Itaberaba,Feira de Santana
2933455,Wanderley,Cotegipe,Extremo Oeste Baiano,BA,Barreiras,Barreiras
2933505,Wenceslau Guimarães,Ilhéus-Itabuna,Sul Baiano,BA,Ipiaú,Vitória da Conquista
2933604,Xique-Xique,Barra,Vale São-Franciscano da Bahia,BA,Xique-Xique ¿ Barra,Irecê
3100104,Abadia dos Dourados,Patrocínio,Triângulo Mineiro/Alto Paranaíba,MG,Monte Carmelo,Uberlândia
3100203,Abaeté,Três Marias,Central Mineira,MG,Abaeté,Divinópolis
3100302,Abre Campo,Manhuaçu,Zona da Mata,MG,Manhuaçu,Juíz de Fora
3100401,Acaiaca,Ponte Nova,Zona da Mata,MG,Ponte Nova,Juíz de Fora
3100500,Açucena,Ipatinga,Vale do Rio Doce,MG,Ipatinga,Ipatinga
3100609,Água Boa,Peçanha,Vale do Rio Doce,MG,Capelinha,Teófilo Otoni
3100708,Água Comprida,Uberaba,Triângulo Mineiro/Alto Paranaíba,MG,Uberaba,Uberaba
3100807,Aguanil,Campo Belo,Oeste de Minas,MG,Campo Belo,Varginha
3100906,Águas Formosas,Nanuque,Vale do Mucuri,MG,Águas Formosas,Teófilo Otoni
3101003,Águas Vermelhas,Salinas,Norte de Minas,MG,Pedra Azul,Teófilo Otoni
3101102,Aimorés,Aimorés,Vale do Rio Doce,MG,Aimorés - Resplendor,Governador Valadares
3101201,Aiuruoca,Andrelândia,Sul/Sudoeste de Minas,MG,Caxambu - Baependi,Pouso Alegre
3101300,Alagoa,São Lourenço,Sul/Sudoeste de Minas,MG,São Lourenço,Pouso Alegre
3101409,Albertina,Poços de Caldas,Sul/Sudoeste de Minas,MG,Pouso Alegre,Pouso Alegre
3101508,Além Paraíba,Cataguases,Zona da Mata,MG,Além Paraíba,Juíz de Fora
3101607,Alfenas,Alfenas,Sul/Sudoeste de Minas,MG,Alfenas,Varginha
3101631,Alfredo Vasconcelos,Barbacena,Campo das Vertentes,MG,Barbacena,Barbacena
3101706,Almenara,Almenara,Jequitinhonha,MG,Almenara,Teófilo Otoni
3101805,Alpercata,Governador Valadares,Vale do Rio Doce,MG,Governador Valadares,Governador Valadares
3101904,Alpinópolis,Passos,Sul/Sudoeste de Minas,MG,Passos,Varginha
3102001,Alterosa,Alfenas,Sul/Sudoeste de Minas,MG,Alfenas,Varginha
3102050,Alto Caparaó,Manhuaçu,Zona da Mata,MG,Manhuaçu,Juíz de Fora
3102100,Alto Rio Doce,Viçosa,Zona da Mata,MG,Barbacena,Barbacena
3102209,Alvarenga,Aimorés,Vale do Rio Doce,MG,Caratinga,Ipatinga
3102308,Alvinópolis,Itabira,Metropolitana de Belo Horizonte,MG,Ponte Nova,Juíz de Fora
3102407,Alvorada de Minas,Conceição do Mato Dentro,Metropolitana de Belo Horizonte,MG,Diamantina,Teófilo Otoni
3102506,Amparo do Serra,Viçosa,Zona da Mata,MG,Ponte Nova,Juíz de Fora
3102605,Andradas,Poços de Caldas,Sul/Sudoeste de Minas,MG,Poços de Caldas,Pouso Alegre
3102704,Cachoeira de Pajeú,Pedra Azul,Jequitinhonha,MG,Pedra Azul,Teófilo Otoni
3102803,Andrelândia,Andrelândia,Sul/Sudoeste de Minas,MG,Juiz de Fora,Juíz de Fora
3102852,Angelândia,Capelinha,Jequitinhonha,MG,Capelinha,Teófilo Otoni
3102902,Antônio Carlos,Barbacena,Campo das Vertentes,MG,Barbacena,Barbacena
3103009,Antônio Dias,Ipatinga,Vale do Rio Doce,MG,Ipatinga,Ipatinga
3103108,Antônio Prado de Minas,Muriaé,Zona da Mata,MG,Muriaé,Juíz de Fora
3103207,Araçaí,Sete Lagoas,Metropolitana de Belo Horizonte,MG,Sete Lagoas,Belo Horizonte
3103306,Aracitaba,Juiz de Fora,Zona da Mata,MG,Juiz de Fora,Juíz de Fora
3103405,Araçuaí,Araçuaí,Jequitinhonha,MG,Araçuaí,Teófilo Otoni
3103504,Araguari,Uberlândia,Triângulo Mineiro/Alto Paranaíba,MG,Uberlândia,Uberlândia
3103603,Arantina,Andrelândia,Sul/Sudoeste de Minas,MG,Juiz de Fora,Juíz de Fora
3103702,Araponga,Viçosa,Zona da Mata,MG,Viçosa,Juíz de Fora
3103751,Araporã,Uberlândia,Triângulo Mineiro/Alto Paranaíba,MG,Uberlândia,Uberlândia
3103801,Arapuá,Patos de Minas,Triângulo Mineiro/Alto Paranaíba,MG,Patos de Minas,Patos de Minas
3103900,Araújos,Bom Despacho,Central Mineira,MG,Divinópolis,Divinópolis
3104007,Araxá,Araxá,Triângulo Mineiro/Alto Paranaíba,MG,Araxá,Uberaba
3104106,Arceburgo,São Sebastião do Paraíso,Sul/Sudoeste de Minas,MG,Guaxupé,Varginha
3104205,Arcos,Formiga,Oeste de Minas,MG,Formiga,Divinópolis
3104304,Areado,Alfenas,Sul/Sudoeste de Minas,MG,Alfenas,Varginha
3104403,Argirita,Cataguases,Zona da Mata,MG,Cataguases,Juíz de Fora
3104452,Aricanduva,Capelinha,Jequitinhonha,MG,Capelinha,Teófilo Otoni
3104502,Arinos,Unaí,Noroeste de Minas,MG,Unaí,Patos de Minas
3104601,Astolfo Dutra,Ubá,Zona da Mata,MG,Cataguases,Juíz de Fora
3104700,Ataléia,Teófilo Otoni,Vale do Mucuri,MG,Teófilo Otoni,Teófilo Otoni
3104809,Augusto de Lima,Curvelo,Central Mineira,MG,Curvelo,Belo Horizonte
3104908,Baependi,São Lourenço,Sul/Sudoeste de Minas,MG,Caxambu - Baependi,Pouso Alegre
3105004,Baldim,Sete Lagoas,Metropolitana de Belo Horizonte,MG,Sete Lagoas,Belo Horizonte
3105103,Bambuí,Piuí,Oeste de Minas,MG,Formiga,Divinópolis
3105202,Bandeira,Almenara,Jequitinhonha,MG,Almenara,Teófilo Otoni
3105301,Bandeira do Sul,Poços de Caldas,Sul/Sudoeste de Minas,MG,Poços de Caldas,Pouso Alegre
3105400,Barão de Cocais,Itabira,Metropolitana de Belo Horizonte,MG,Santa Bárbara - Ouro Preto,Belo Horizonte
3105509,Barão do Monte Alto,Muriaé,Zona da Mata,MG,Muriaé,Juíz de Fora
3105608,Barbacena,Barbacena,Campo das Vertentes,MG,Barbacena,Barbacena
3105707,Barra Longa,Ponte Nova,Zona da Mata,MG,Ponte Nova,Juíz de Fora
3105905,Barroso,Barbacena,Campo das Vertentes,MG,Barbacena,Barbacena
3106002,Bela Vista de Minas,Itabira,Metropolitana de Belo Horizonte,MG,João Monlevade,Ipatinga
3106101,Belmiro Braga,Juiz de Fora,Zona da Mata,MG,Juiz de Fora,Juíz de Fora
3106200,Belo Horizonte,Belo Horizonte,Metropolitana de Belo Horizonte,MG,Belo Horizonte,Belo Horizonte
3106309,Belo Oriente,Ipatinga,Vale do Rio Doce,MG,Ipatinga,Ipatinga
3106408,Belo Vale,Itaguara,Metropolitana de Belo Horizonte,MG,Conselheiro Lafaiete,Barbacena
3106507,Berilo,Capelinha,Jequitinhonha,MG,Araçuaí,Teófilo Otoni
3106606,Bertópolis,Nanuque,Vale do Mucuri,MG,Águas Formosas,Teófilo Otoni
3106655,Berizal,Salinas,Norte de Minas,MG,Salinas,Montes Claros
3106705,Betim,Belo Horizonte,Metropolitana de Belo Horizonte,MG,Belo Horizonte,Belo Horizonte
3106804,Bias Fortes,Juiz de Fora,Zona da Mata,MG,Juiz de Fora,Juíz de Fora
3106903,Bicas,Juiz de Fora,Zona da Mata,MG,São João Nepomuceno - Bicas,Juíz de Fora
3107000,Biquinhas,Três Marias,Central Mineira,MG,Abaeté,Divinópolis
3107109,Boa Esperança,Varginha,Sul/Sudoeste de Minas,MG,Três Pontas - Boa Esperança,Varginha
3107208,Bocaina de Minas,Andrelândia,Sul/Sudoeste de Minas,MG,Juiz de Fora,Juíz de Fora
3107307,Bocaiúva,Bocaiúva,Norte de Minas,MG,Montes Claros,Montes Claros
3107406,Bom Despacho,Bom Despacho,Central Mineira,MG,Dores do Indaiá,Divinópolis
3107505,Bom Jardim de Minas,Andrelândia,Sul/Sudoeste de Minas,MG,Juiz de Fora,Juíz de Fora
3107604,Bom Jesus da Penha,Passos,Sul/Sudoeste de Minas,MG,Passos,Varginha
3107703,Bom Jesus do Amparo,Itabira,Metropolitana de Belo Horizonte,MG,Itabira,Belo Horizonte
3107802,Bom Jesus do Galho,Caratinga,Vale do Rio Doce,MG,Caratinga,Ipatinga
3107901,Bom Repouso,Pouso Alegre,Sul/Sudoeste de Minas,MG,Pouso Alegre,Pouso Alegre
3108008,Bom Sucesso,Oliveira,Oeste de Minas,MG,Lavras,Varginha
3108107,Bonfim,Itaguara,Metropolitana de Belo Horizonte,MG,Oliveira,Divinópolis
3108206,Bonfinópolis de Minas,Unaí,Noroeste de Minas,MG,Unaí,Patos de Minas
3108255,Bonito de Minas,Januária,Norte de Minas,MG,Januária,Montes Claros
3108305,Borda da Mata,Pouso Alegre,Sul/Sudoeste de Minas,MG,Pouso Alegre,Pouso Alegre
3108404,Botelhos,Poços de Caldas,Sul/Sudoeste de Minas,MG,Poços de Caldas,Pouso Alegre
3108503,Botumirim,Grão Mogol,Norte de Minas,MG,Montes Claros,Montes Claros
3108552,Brasilândia de Minas,Paracatu,Noroeste de Minas,MG,Patos de Minas,Patos de Minas
3108602,Brasília de Minas,Montes Claros,Norte de Minas,MG,Montes Claros,Montes Claros
3108701,Brás Pires,Viçosa,Zona da Mata,MG,Ubá,Juíz de Fora
3108800,Braúnas,Guanhães,Vale do Rio Doce,MG,Ipatinga,Ipatinga
3108909,Brazópolis,Itajubá,Sul/Sudoeste de Minas,MG,Itajubá,Pouso Alegre
3109006,Brumadinho,Belo Horizonte,Metropolitana de Belo Horizonte,MG,Belo Horizonte,Belo Horizonte
3109105,Bueno Brandão,Pouso Alegre,Sul/Sudoeste de Minas,MG,Pouso Alegre,Pouso Alegre
3109204,Buenópolis,Curvelo,Central Mineira,MG,Curvelo,Belo Horizonte
3109253,Bugre,Caratinga,Vale do Rio Doce,MG,Ipatinga,Ipatinga
3109303,Buritis,Unaí,Noroeste de Minas,MG,Unaí,Patos de Minas
3109402,Buritizeiro,Pirapora,Norte de Minas,MG,Pirapora,Montes Claros
3109451,Cabeceira Grande,Unaí,Noroeste de Minas,MG,Unaí,Patos de Minas
3109501,Cabo Verde,São Sebastião do Paraíso,Sul/Sudoeste de Minas,MG,Guaxupé,Varginha
3109600,Cachoeira da Prata,Sete Lagoas,Metropolitana de Belo Horizonte,MG,Sete Lagoas,Belo Horizonte
3109709,Cachoeira de Minas,Santa Rita do Sapucaí,Sul/Sudoeste de Minas,MG,Pouso Alegre,Pouso Alegre
3109808,Cachoeira Dourada,Ituiutaba,Triângulo Mineiro/Alto Paranaíba,MG,Ituiutaba,Uberlândia
3109907,Caetanópolis,Sete Lagoas,Metropolitana de Belo Horizonte,MG,Sete Lagoas,Belo Horizonte
3110004,Caeté,Belo Horizonte,Metropolitana de Belo Horizonte,MG,Belo Horizonte,Belo Horizonte
3110103,Caiana,Muriaé,Zona da Mata,MG,Carangola,Juíz de Fora
3110202,Cajuri,Viçosa,Zona da Mata,MG,Viçosa,Juíz de Fora
3110301,Caldas,Poços de Caldas,Sul/Sudoeste de Minas,MG,Poços de Caldas,Pouso Alegre
3110400,Camacho,Formiga,Oeste de Minas,MG,Divinópolis,Divinópolis
3110509,Camanducaia,Pouso Alegre,Sul/Sudoeste de Minas,MG,Pouso Alegre,Pouso Alegre
3110608,Cambuí,Pouso Alegre,Sul/Sudoeste de Minas,MG,Pouso Alegre,Pouso Alegre
3110707,Cambuquira,São Lourenço,Sul/Sudoeste de Minas,MG,Três Corações,Varginha
3110806,Campanário,Governador Valadares,Vale do Rio Doce,MG,Teófilo Otoni,Teófilo Otoni
3110905,Campanha,Varginha,Sul/Sudoeste de Minas,MG,Três Corações,Varginha
3111002,Campestre,Poços de Caldas,Sul/Sudoeste de Minas,MG,Poços de Caldas,Pouso Alegre
3111101,Campina Verde,Frutal,Triângulo Mineiro/Alto Paranaíba,MG,Uberlândia,Uberlândia
3111150,Campo Azul,Montes Claros,Norte de Minas,MG,Montes Claros,Montes Claros
3111200,Campo Belo,Campo Belo,Oeste de Minas,MG,Campo Belo,Varginha
3111309,Campo do Meio,Varginha,Sul/Sudoeste de Minas,MG,Alfenas,Varginha
3111408,Campo Florido,Uberaba,Triângulo Mineiro/Alto Paranaíba,MG,Uberaba,Uberaba
3111507,Campos Altos,Araxá,Triângulo Mineiro/Alto Paranaíba,MG,Araxá,Uberaba
3111606,Campos Gerais,Varginha,Sul/Sudoeste de Minas,MG,Alfenas,Varginha
3111705,Canaã,Viçosa,Zona da Mata,MG,Viçosa,Juíz de Fora
3111804,Canápolis,Uberlândia,Triângulo Mineiro/Alto Paranaíba,MG,Uberlândia,Uberlândia
3111903,Cana Verde,Campo Belo,Oeste de Minas,MG,Lavras,Varginha
3112000,Candeias,Campo Belo,Oeste de Minas,MG,Campo Belo,Varginha
3112059,Cantagalo,Peçanha,Vale do Rio Doce,MG,Guanhães,Governador Valadares
3112109,Caparaó,Manhuaçu,Zona da Mata,MG,Manhuaçu,Juíz de Fora
3112208,Capela Nova,Barbacena,Campo das Vertentes,MG,Conselheiro Lafaiete,Barbacena
3112307,Capelinha,Capelinha,Jequitinhonha,MG,Capelinha,Teófilo Otoni
3112406,Capetinga,Passos,Sul/Sudoeste de Minas,MG,Passos,Varginha
3112505,Capim Branco,Sete Lagoas,Metropolitana de Belo Horizonte,MG,Sete Lagoas,Belo Horizonte
3112604,Capinópolis,Ituiutaba,Triângulo Mineiro/Alto Paranaíba,MG,Ituiutaba,Uberlândia
3112653,Capitão Andrade,Governador Valadares,Vale do Rio Doce,MG,Governador Valadares,Governador Valadares
3112703,Capitão Enéas,Montes Claros,Norte de Minas,MG,Montes Claros,Montes Claros
3112802,Capitólio,Passos,Sul/Sudoeste de Minas,MG,Piumhi,Varginha
3112901,Caputira,Manhuaçu,Zona da Mata,MG,Manhuaçu,Juíz de Fora
3113008,Caraí,Araçuaí,Jequitinhonha,MG,Teófilo Otoni,Teófilo Otoni
3113107,Caranaíba,Barbacena,Campo das Vertentes,MG,Conselheiro Lafaiete,Barbacena
3113206,Carandaí,Barbacena,Campo das Vertentes,MG,Conselheiro Lafaiete,Barbacena
3113305,Carangola,Muriaé,Zona da Mata,MG,Carangola,Juíz de Fora
3113404,Caratinga,Caratinga,Vale do Rio Doce,MG,Caratinga,Ipatinga
3113503,Carbonita,Capelinha,Jequitinhonha,MG,Diamantina,Teófilo Otoni
3113602,Careaçu,Santa Rita do Sapucaí,Sul/Sudoeste de Minas,MG,Pouso Alegre,Pouso Alegre
3113701,Carlos Chagas,Nanuque,Vale do Mucuri,MG,Teófilo Otoni,Teófilo Otoni
3113800,Carmésia,Guanhães,Vale do Rio Doce,MG,Itabira,Belo Horizonte
3113909,Carmo da Cachoeira,Varginha,Sul/Sudoeste de Minas,MG,Três Corações,Varginha
3114006,Carmo da Mata,Oliveira,Oeste de Minas,MG,Divinópolis,Divinópolis
3114105,Carmo de Minas,São Lourenço,Sul/Sudoeste de Minas,MG,São Lourenço,Pouso Alegre
3114204,Carmo do Cajuru,Divinópolis,Oeste de Minas,MG,Divinópolis,Divinópolis
3114303,Carmo do Paranaíba,Patos de Minas,Triângulo Mineiro/Alto Paranaíba,MG,Patos de Minas,Patos de Minas
3114402,Carmo do Rio Claro,Alfenas,Sul/Sudoeste de Minas,MG,Passos,Varginha
3114501,Carmópolis de Minas,Oliveira,Oeste de Minas,MG,Oliveira,Divinópolis
3114550,Carneirinho,Frutal,Triângulo Mineiro/Alto Paranaíba,MG,Iturama,Uberaba
3114600,Carrancas,Lavras,Campo das Vertentes,MG,Lavras,Varginha
3114709,Carvalhópolis,Alfenas,Sul/Sudoeste de Minas,MG,Alfenas,Varginha
3114808,Carvalhos,Andrelândia,Sul/Sudoeste de Minas,MG,Caxambu - Baependi,Pouso Alegre
3114907,Casa Grande,Conselheiro Lafaiete,Metropolitana de Belo Horizonte,MG,Conselheiro Lafaiete,Barbacena
3115003,Cascalho Rico,Uberlândia,Triângulo Mineiro/Alto Paranaíba,MG,Uberlândia,Uberlândia
3115102,Cássia,Passos,Sul/Sudoeste de Minas,MG,Passos,Varginha
3115201,Conceição da Barra de Minas,São João Del Rei,Campo das Vertentes,MG,São João del Rei,Barbacena
3115300,Cataguases,Cataguases,Zona da Mata,MG,Cataguases,Juíz de Fora
3115359,Catas Altas,Itabira,Metropolitana de Belo Horizonte,MG,Santa Bárbara - Ouro Preto,Belo Horizonte
3115409,Catas Altas da Noruega,Conselheiro Lafaiete,Metropolitana de Belo Horizonte,MG,Conselheiro Lafaiete,Barbacena
3115458,Catuji,Teófilo Otoni,Vale do Mucuri,MG,Teófilo Otoni,Teófilo Otoni
3115474,Catuti,Janaúba,Norte de Minas,MG,Espinosa,Montes Claros
3115508,Caxambu,São Lourenço,Sul/Sudoeste de Minas,MG,Caxambu - Baependi,Pouso Alegre
3115607,Cedro do Abaeté,Três Marias,Central Mineira,MG,Abaeté,Divinópolis
3115706,Central de Minas,Mantena,Vale do Rio Doce,MG,Mantena,Governador Valadares
3115805,Centralina,Uberlândia,Triângulo Mineiro/Alto Paranaíba,MG,Uberlândia,Uberlândia
3115904,Chácara,Juiz de Fora,Zona da Mata,MG,Juiz de Fora,Juíz de Fora
3116001,Chalé,Manhuaçu,Zona da Mata,MG,Manhuaçu,Juíz de Fora
3116100,Chapada do Norte,Capelinha,Jequitinhonha,MG,Capelinha,Teófilo Otoni
3116159,Chapada Gaúcha,Januária,Norte de Minas,MG,São Francisco,Montes Claros
3116209,Chiador,Juiz de Fora,Zona da Mata,MG,Juiz de Fora,Juíz de Fora
3116308,Cipotânea,Viçosa,Zona da Mata,MG,Barbacena,Barbacena
3116407,Claraval,Passos,Sul/Sudoeste de Minas,MG,Passos,Varginha
3116506,Claro dos Poções,Montes Claros,Norte de Minas,MG,Montes Claros,Montes Claros
3116605,Cláudio,Divinópolis,Oeste de Minas,MG,Divinópolis,Divinópolis
3116704,Coimbra,Viçosa,Zona da Mata,MG,Viçosa,Juíz de Fora
3116803,Coluna,Guanhães,Vale do Rio Doce,MG,Guanhães,Governador Valadares
3116902,Comendador Gomes,Frutal,Triângulo Mineiro/Alto Paranaíba,MG,Frutal,Uberaba
3117009,Comercinho,Pedra Azul,Jequitinhonha,MG,Pedra Azul,Teófilo Otoni
3117108,Conceição da Aparecida,Alfenas,Sul/Sudoeste de Minas,MG,Alfenas,Varginha
3117207,Conceição das Pedras,Santa Rita do Sapucaí,Sul/Sudoeste de Minas,MG,Itajubá,Pouso Alegre
3117306,Conceição das Alagoas,Uberaba,Triângulo Mineiro/Alto Paranaíba,MG,Uberaba,Uberaba
3117405,Conceição de Ipanema,Aimorés,Vale do Rio Doce,MG,Manhuaçu,Juíz de Fora
3117504,Conceição do Mato Dentro,Conceição do Mato Dentro,Metropolitana de Belo Horizonte,MG,Sete Lagoas,Belo Horizonte
3117603,Conceição do Pará,Divinópolis,Oeste de Minas,MG,Divinópolis,Divinópolis
3117702,Conceição do Rio Verde,São Lourenço,Sul/Sudoeste de Minas,MG,São Lourenço,Pouso Alegre
3117801,Conceição dos Ouros,Santa Rita do Sapucaí,Sul/Sudoeste de Minas,MG,Pouso Alegre,Pouso Alegre
3117836,Cônego Marinho,Januária,Norte de Minas,MG,Januária,Montes Claros
3117876,Confins,Belo Horizonte,Metropolitana de Belo Horizonte,MG,Belo Horizonte,Belo Horizonte
3117900,Congonhal,Pouso Alegre,Sul/Sudoeste de Minas,MG,Pouso Alegre,Pouso Alegre
3118007,Congonhas,Conselheiro Lafaiete,Metropolitana de Belo Horizonte,MG,Conselheiro Lafaiete,Barbacena
3118106,Congonhas do Norte,Conceição do Mato Dentro,Metropolitana de Belo Horizonte,MG,Sete Lagoas,Belo Horizonte
3118205,Conquista,Uberaba,Triângulo Mineiro/Alto Paranaíba,MG,Uberaba,Uberaba
3118304,Conselheiro Lafaiete,Conselheiro Lafaiete,Metropolitana de Belo Horizonte,MG,Conselheiro Lafaiete,Barbacena
3118403,Conselheiro Pena,Aimorés,Vale do Rio Doce,MG,Governador Valadares,Governador Valadares
3118502,Consolação,Itajubá,Sul/Sudoeste de Minas,MG,Pouso Alegre,Pouso Alegre
3118601,Contagem,Belo Horizonte,Metropolitana de Belo Horizonte,MG,Belo Horizonte,Belo Horizonte
3118700,Coqueiral,Varginha,Sul/Sudoeste de Minas,MG,Três Pontas - Boa Esperança,Varginha
3118809,Coração de Jesus,Montes Claros,Norte de Minas,MG,Montes Claros,Montes Claros
3118908,Cordisburgo,Sete Lagoas,Metropolitana de Belo Horizonte,MG,Sete Lagoas,Belo Horizonte
3119005,Cordislândia,Santa Rita do Sapucaí,Sul/Sudoeste de Minas,MG,Varginha,Varginha
3119104,Corinto,Curvelo,Central Mineira,MG,Curvelo,Belo Horizonte
3119203,Coroaci,Governador Valadares,Vale do Rio Doce,MG,Governador Valadares,Governador Valadares
3119302,Coromandel,Patrocínio,Triângulo Mineiro/Alto Paranaíba,MG,Patrocínio,Patos de Minas
3119401,Coronel Fabriciano,Ipatinga,Vale do Rio Doce,MG,Ipatinga,Ipatinga
3119500,Coronel Murta,Araçuaí,Jequitinhonha,MG,Araçuaí,Teófilo Otoni
3119609,Coronel Pacheco,Juiz de Fora,Zona da Mata,MG,Juiz de Fora,Juíz de Fora
3119708,Coronel Xavier Chaves,São João Del Rei,Campo das Vertentes,MG,São João del Rei,Barbacena
3119807,Córrego Danta,Piuí,Oeste de Minas,MG,Formiga,Divinópolis
3119906,Córrego do Bom Jesus,Pouso Alegre,Sul/Sudoeste de Minas,MG,Pouso Alegre,Pouso Alegre
3119955,Córrego Fundo,Formiga,Oeste de Minas,MG,Formiga,Divinópolis
3120003,Córrego Novo,Caratinga,Vale do Rio Doce,MG,Caratinga,Ipatinga
3120102,Couto de Magalhães de Minas,Diamantina,Jequitinhonha,MG,Diamantina,Teófilo Otoni
3120151,Crisólita,Nanuque,Vale do Mucuri,MG,Águas Formosas,Teófilo Otoni
3120201,Cristais,Campo Belo,Oeste de Minas,MG,Campo Belo,Varginha
3120300,Cristália,Grão Mogol,Norte de Minas,MG,Montes Claros,Montes Claros
3120409,Cristiano Otoni,Conselheiro Lafaiete,Metropolitana de Belo Horizonte,MG,Conselheiro Lafaiete,Barbacena
3120508,Cristina,Itajubá,Sul/Sudoeste de Minas,MG,São Lourenço,Pouso Alegre
3120607,Crucilândia,Itaguara,Metropolitana de Belo Horizonte,MG,Oliveira,Divinópolis
3120706,Cruzeiro da Fortaleza,Patrocínio,Triângulo Mineiro/Alto Paranaíba,MG,Patrocínio,Patos de Minas
3120805,Cruzília,Andrelândia,Sul/Sudoeste de Minas,MG,Caxambu - Baependi,Pouso Alegre
3120839,Cuparaque,Aimorés,Vale do Rio Doce,MG,Aimorés - Resplendor,Governador Valadares
3120870,Curral de Dentro,Salinas,Norte de Minas,MG,Salinas,Montes Claros
3120904,Curvelo,Curvelo,Central Mineira,MG,Curvelo,Belo Horizonte
3121001,Datas,Diamantina,Jequitinhonha,MG,Diamantina,Teófilo Otoni
3121100,Delfim Moreira,Itajubá,Sul/Sudoeste de Minas,MG,Itajubá,Pouso Alegre
3121209,Delfinópolis,Passos,Sul/Sudoeste de Minas,MG,Passos,Varginha
3121258,Delta,Uberaba,Triângulo Mineiro/Alto Paranaíba,MG,Uberaba,Uberaba
3121308,Descoberto,Juiz de Fora,Zona da Mata,MG,São João Nepomuceno - Bicas,Juíz de Fora
3121407,Desterro de Entre Rios,Conselheiro Lafaiete,Metropolitana de Belo Horizonte,MG,Conselheiro Lafaiete,Barbacena
3121506,Desterro do Melo,Barbacena,Campo das Vertentes,MG,Barbacena,Barbacena
3121605,Diamantina,Diamantina,Jequitinhonha,MG,Diamantina,Teófilo Otoni
3121704,Diogo de Vasconcelos,Ouro Preto,Metropolitana de Belo Horizonte,MG,Ponte Nova,Juíz de Fora
3121803,Dionísio,Itabira,Metropolitana de Belo Horizonte,MG,Ipatinga,Ipatinga
3121902,Divinésia,Ubá,Zona da Mata,MG,Ubá,Juíz de Fora
3122009,Divino,Muriaé,Zona da Mata,MG,Carangola,Juíz de Fora
3122108,Divino das Laranjeiras,Governador Valadares,Vale do Rio Doce,MG,Governador Valadares,Governador Valadares
3122207,Divinolândia de Minas,Guanhães,Vale do Rio Doce,MG,Guanhães,Governador Valadares
3122306,Divinópolis,Divinópolis,Oeste de Minas,MG,Divinópolis,Divinópolis
3122355,Divisa Alegre,Salinas,Norte de Minas,MG,Pedra Azul,Teófilo Otoni
3122405,Divisa Nova,Alfenas,Sul/Sudoeste de Minas,MG,Alfenas,Varginha
3122454,Divisópolis,Almenara,Jequitinhonha,MG,Pedra Azul,Teófilo Otoni
3122470,Dom Bosco,Unaí,Noroeste de Minas,MG,Unaí,Patos de Minas
3122504,Dom Cavati,Caratinga,Vale do Rio Doce,MG,Ipatinga,Ipatinga
3122603,Dom Joaquim,Conceição do Mato Dentro,Metropolitana de Belo Horizonte,MG,Guanhães,Governador Valadares
3122702,Dom Silvério,Ponte Nova,Zona da Mata,MG,Ponte Nova,Juíz de Fora
3122801,Dom Viçoso,Itajubá,Sul/Sudoeste de Minas,MG,São Lourenço,Pouso Alegre
3122900,Dona Euzébia,Cataguases,Zona da Mata,MG,Cataguases,Juíz de Fora
3123007,Dores de Campos,São João Del Rei,Campo das Vertentes,MG,Barbacena,Barbacena
3123106,Dores de Guanhães,Guanhães,Vale do Rio Doce,MG,Guanhães,Governador Valadares
3123205,Dores do Indaiá,Bom Despacho,Central Mineira,MG,Dores do Indaiá,Divinópolis
3123304,Dores do Turvo,Ubá,Zona da Mata,MG,Ubá,Juíz de Fora
3123403,Doresópolis,Piuí,Oeste de Minas,MG,Piumhi,Varginha
3123502,Douradoquara,Patrocínio,Triângulo Mineiro/Alto Paranaíba,MG,Monte Carmelo,Uberlândia
3123528,Durandé,Manhuaçu,Zona da Mata,MG,Manhuaçu,Juíz de Fora
3123601,Elói Mendes,Varginha,Sul/Sudoeste de Minas,MG,Varginha,Varginha
3123700,Engenheiro Caldas,Governador Valadares,Vale do Rio Doce,MG,Governador Valadares,Governador Valadares
3123809,Engenheiro Navarro,Bocaiúva,Norte de Minas,MG,Montes Claros,Montes Claros
3123858,Entre Folhas,Caratinga,Vale do Rio Doce,MG,Caratinga,Ipatinga
3123908,Entre Rios de Minas,Conselheiro Lafaiete,Metropolitana de Belo Horizonte,MG,Conselheiro Lafaiete,Barbacena
3124005,Ervália,Viçosa,Zona da Mata,MG,Viçosa,Juíz de Fora
3124104,Esmeraldas,Belo Horizonte,Metropolitana de Belo Horizonte,MG,Belo Horizonte,Belo Horizonte
3124203,Espera Feliz,Muriaé,Zona da Mata,MG,Carangola,Juíz de Fora
3124302,Espinosa,Janaúba,Norte de Minas,MG,Espinosa,Montes Claros
3124401,Espírito Santo do Dourado,Pouso Alegre,Sul/Sudoeste de Minas,MG,Pouso Alegre,Pouso Alegre
3124500,Estiva,Pouso Alegre,Sul/Sudoeste de Minas,MG,Pouso Alegre,Pouso Alegre
3124609,Estrela Dalva,Cataguases,Zona da Mata,MG,Além Paraíba,Juíz de Fora
3124708,Estrela do Indaiá,Bom Despacho,Central Mineira,MG,Dores do Indaiá,Divinópolis
3124807,Estrela do Sul,Patrocínio,Triângulo Mineiro/Alto Paranaíba,MG,Monte Carmelo,Uberlândia
3124906,Eugenópolis,Muriaé,Zona da Mata,MG,Muriaé,Juíz de Fora
3125002,Ewbank da Câmara,Juiz de Fora,Zona da Mata,MG,Juiz de Fora,Juíz de Fora
3125101,Extrema,Pouso Alegre,Sul/Sudoeste de Minas,MG,Pouso Alegre,Pouso Alegre
3125200,Fama,Alfenas,Sul/Sudoeste de Minas,MG,Alfenas,Varginha
3125309,Faria Lemos,Muriaé,Zona da Mata,MG,Carangola,Juíz de Fora
3125408,Felício dos Santos,Diamantina,Jequitinhonha,MG,Diamantina,Teófilo Otoni
3125507,São Gonçalo do Rio Preto,Diamantina,Jequitinhonha,MG,Diamantina,Teófilo Otoni
3125606,Felisburgo,Almenara,Jequitinhonha,MG,Almenara,Teófilo Otoni
3125705,Felixlândia,Curvelo,Central Mineira,MG,Curvelo,Belo Horizonte
3125804,Fernandes Tourinho,Governador Valadares,Vale do Rio Doce,MG,Governador Valadares,Governador Valadares
3125903,Ferros,Itabira,Metropolitana de Belo Horizonte,MG,Itabira,Belo Horizonte
3125952,Fervedouro,Muriaé,Zona da Mata,MG,Muriaé,Juíz de Fora
3126000,Florestal,Pará de Minas,Metropolitana de Belo Horizonte,MG,Belo Horizonte,Belo Horizonte
3126109,Formiga,Formiga,Oeste de Minas,MG,Formiga,Divinópolis
3126208,Formoso,Unaí,Noroeste de Minas,MG,Unaí,Patos de Minas
3126307,Fortaleza de Minas,Passos,Sul/Sudoeste de Minas,MG,Passos,Varginha
3126406,Fortuna de Minas,Sete Lagoas,Metropolitana de Belo Horizonte,MG,Sete Lagoas,Belo Horizonte
3126505,Francisco Badaró,Capelinha,Jequitinhonha,MG,Araçuaí,Teófilo Otoni
3126604,Francisco Dumont,Bocaiúva,Norte de Minas,MG,Montes Claros,Montes Claros
3126703,Francisco Sá,Montes Claros,Norte de Minas,MG,Montes Claros,Montes Claros
3126752,Franciscópolis,Teófilo Otoni,Vale do Mucuri,MG,Teófilo Otoni,Teófilo Otoni
3126802,Frei Gaspar,Teófilo Otoni,Vale do Mucuri,MG,Teófilo Otoni,Teófilo Otoni
3126901,Frei Inocêncio,Governador Valadares,Vale do Rio Doce,MG,Governador Valadares,Governador Valadares
3126950,Frei Lagonegro,Peçanha,Vale do Rio Doce,MG,Guanhães,Governador Valadares
3127008,Fronteira,Frutal,Triângulo Mineiro/Alto Paranaíba,MG,Frutal,Uberaba
3127057,Fronteira dos Vales,Nanuque,Vale do Mucuri,MG,Águas Formosas,Teófilo Otoni
3127073,Fruta de Leite,Salinas,Norte de Minas,MG,Salinas,Montes Claros
3127107,Frutal,Frutal,Triângulo Mineiro/Alto Paranaíba,MG,Frutal,Uberaba
3127206,Funilândia,Sete Lagoas,Metropolitana de Belo Horizonte,MG,Sete Lagoas,Belo Horizonte
3127305,Galiléia,Governador Valadares,Vale do Rio Doce,MG,Governador Valadares,Governador Valadares
3127339,Gameleiras,Janaúba,Norte de Minas,MG,Espinosa,Montes Claros
3127354,Glaucilândia,Montes Claros,Norte de Minas,MG,Montes Claros,Montes Claros
3127370,Goiabeira,Aimorés,Vale do Rio Doce,MG,Governador Valadares,Governador Valadares
3127388,Goianá,Juiz de Fora,Zona da Mata,MG,Juiz de Fora,Juíz de Fora
3127404,Gonçalves,Pouso Alegre,Sul/Sudoeste de Minas,MG,Itajubá,Pouso Alegre
3127503,Gonzaga,Guanhães,Vale do Rio Doce,MG,Governador Valadares,Governador Valadares
3127602,Gouveia,Diamantina,Jequitinhonha,MG,Diamantina,Teófilo Otoni
3127701,Governador Valadares,Governador Valadares,Vale do Rio Doce,MG,Governador Valadares,Governador Valadares
3127800,Grão Mogol,Grão Mogol,Norte de Minas,MG,Montes Claros,Montes Claros
3127909,Grupiara,Patrocínio,Triângulo Mineiro/Alto Paranaíba,MG,Monte Carmelo,Uberlândia
3128006,Guanhães,Guanhães,Vale do Rio Doce,MG,Guanhães,Governador Valadares
3128105,Guapé,Varginha,Sul/Sudoeste de Minas,MG,Passos,Varginha
3128204,Guaraciaba,Ponte Nova,Zona da Mata,MG,Ponte Nova,Juíz de Fora
3128253,Guaraciama,Bocaiúva,Norte de Minas,MG,Montes Claros,Montes Claros
3128303,Guaranésia,São Sebastião do Paraíso,Sul/Sudoeste de Minas,MG,Guaxupé,Varginha
3128402,Guarani,Ubá,Zona da Mata,MG,Ubá,Juíz de Fora
3128501,Guarará,Juiz de Fora,Zona da Mata,MG,São João Nepomuceno - Bicas,Juíz de Fora
3128600,Guarda-Mor,Paracatu,Noroeste de Minas,MG,Patos de Minas,Patos de Minas
3128709,Guaxupé,São Sebastião do Paraíso,Sul/Sudoeste de Minas,MG,Guaxupé,Varginha
3128808,Guidoval,Ubá,Zona da Mata,MG,Ubá,Juíz de Fora
3128907,Guimarânia,Patos de Minas,Triângulo Mineiro/Alto Paranaíba,MG,Patrocínio,Patos de Minas
3129004,Guiricema,Ubá,Zona da Mata,MG,Ubá,Juíz de Fora
3129103,Gurinhatã,Ituiutaba,Triângulo Mineiro/Alto Paranaíba,MG,Ituiutaba,Uberlândia
3129202,Heliodora,Santa Rita do Sapucaí,Sul/Sudoeste de Minas,MG,Pouso Alegre,Pouso Alegre
3129301,Iapu,Caratinga,Vale do Rio Doce,MG,Ipatinga,Ipatinga
3129400,Ibertioga,Barbacena,Campo das Vertentes,MG,Barbacena,Barbacena
3129509,Ibiá,Araxá,Triângulo Mineiro/Alto Paranaíba,MG,Araxá,Uberaba
3129608,Ibiaí,Pirapora,Norte de Minas,MG,Pirapora,Montes Claros
3129657,Ibiracatu,Montes Claros,Norte de Minas,MG,Montes Claros,Montes Claros
3129707,Ibiraci,Passos,Sul/Sudoeste de Minas,MG,Passos,Varginha
3129806,Ibirité,Belo Horizonte,Metropolitana de Belo Horizonte,MG,Belo Horizonte,Belo Horizonte
3129905,Ibitiúra de Minas,Poços de Caldas,Sul/Sudoeste de Minas,MG,Poços de Caldas,Pouso Alegre
3130002,Ibituruna,Oliveira,Oeste de Minas,MG,Lavras,Varginha
3130051,Icaraí de Minas,Januária,Norte de Minas,MG,São Francisco,Montes Claros
3130101,Igarapé,Belo Horizonte,Metropolitana de Belo Horizonte,MG,Belo Horizonte,Belo Horizonte
3130200,Igaratinga,Divinópolis,Oeste de Minas,MG,Pará de Minas,Divinópolis
3130309,Iguatama,Piuí,Oeste de Minas,MG,Formiga,Divinópolis
3130408,Ijaci,Lavras,Campo das Vertentes,MG,Lavras,Varginha
3130507,Ilicínea,Varginha,Sul/Sudoeste de Minas,MG,Três Pontas - Boa Esperança,Varginha
3130556,Imbé de Minas,Caratinga,Vale do Rio Doce,MG,Caratinga,Ipatinga
3130606,Inconfidentes,Poços de Caldas,Sul/Sudoeste de Minas,MG,Pouso Alegre,Pouso Alegre
3130655,Indaiabira,Salinas,Norte de Minas,MG,Salinas,Montes Claros
3130705,Indianópolis,Uberlândia,Triângulo Mineiro/Alto Paranaíba,MG,Uberlândia,Uberlândia
3130804,Ingaí,Lavras,Campo das Vertentes,MG,Lavras,Varginha
3130903,Inhapim,Caratinga,Vale do Rio Doce,MG,Caratinga,Ipatinga
3131000,Inhaúma,Sete Lagoas,Metropolitana de Belo Horizonte,MG,Sete Lagoas,Belo Horizonte
3131109,Inimutaba,Curvelo,Central Mineira,MG,Curvelo,Belo Horizonte
3131158,Ipaba,Caratinga,Vale do Rio Doce,MG,Ipatinga,Ipatinga
3131208,Ipanema,Aimorés,Vale do Rio Doce,MG,Manhuaçu,Juíz de Fora
3131307,Ipatinga,Ipatinga,Vale do Rio Doce,MG,Ipatinga,Ipatinga
3131406,Ipiaçu,Ituiutaba,Triângulo Mineiro/Alto Paranaíba,MG,Ituiutaba,Uberlândia
3131505,Ipuiúna,Pouso Alegre,Sul/Sudoeste de Minas,MG,Pouso Alegre,Pouso Alegre
3131604,Iraí de Minas,Patrocínio,Triângulo Mineiro/Alto Paranaíba,MG,Monte Carmelo,Uberlândia
3131703,Itabira,Itabira,Metropolitana de Belo Horizonte,MG,Itabira,Belo Horizonte
3131802,Itabirinha,Mantena,Vale do Rio Doce,MG,Mantena,Governador Valadares
3131901,Itabirito,Ouro Preto,Metropolitana de Belo Horizonte,MG,Santa Bárbara - Ouro Preto,Belo Horizonte
3132008,Itacambira,Grão Mogol,Norte de Minas,MG,Montes Claros,Montes Claros
3132107,Itacarambi,Januária,Norte de Minas,MG,Januária,Montes Claros
3132206,Itaguara,Itaguara,Metropolitana de Belo Horizonte,MG,Oliveira,Divinópolis
3132305,Itaipé,Teófilo Otoni,Vale do Mucuri,MG,Teófilo Otoni,Teófilo Otoni
3132404,Itajubá,Itajubá,Sul/Sudoeste de Minas,MG,Itajubá,Pouso Alegre
3132503,Itamarandiba,Capelinha,Jequitinhonha,MG,Capelinha,Teófilo Otoni
3132602,Itamarati de Minas,Cataguases,Zona da Mata,MG,Cataguases,Juíz de Fora
3132701,Itambacuri,Governador Valadares,Vale do Rio Doce,MG,Teófilo Otoni,Teófilo Otoni
3132800,Itambé do Mato Dentro,Conceição do Mato Dentro,Metropolitana de Belo Horizonte,MG,Itabira,Belo Horizonte
3132909,Itamogi,São Sebastião do Paraíso,Sul/Sudoeste de Minas,MG,São Sebastião do Paraíso,Varginha
3133006,Itamonte,São Lourenço,Sul/Sudoeste de Minas,MG,São Lourenço,Pouso Alegre
3133105,Itanhandu,São Lourenço,Sul/Sudoeste de Minas,MG,São Lourenço,Pouso Alegre
3133204,Itanhomi,Governador Valadares,Vale do Rio Doce,MG,Governador Valadares,Governador Valadares
3133303,Itaobim,Pedra Azul,Jequitinhonha,MG,Teófilo Otoni,Teófilo Otoni
3133402,Itapagipe,Frutal,Triângulo Mineiro/Alto Paranaíba,MG,Frutal,Uberaba
3133501,Itapecerica,Formiga,Oeste de Minas,MG,Divinópolis,Divinópolis
3133600,Itapeva,Pouso Alegre,Sul/Sudoeste de Minas,MG,Pouso Alegre,Pouso Alegre
3133709,Itatiaiuçu,Itaguara,Metropolitana de Belo Horizonte,MG,Divinópolis,Divinópolis
3133758,Itaú de Minas,Passos,Sul/Sudoeste de Minas,MG,Passos,Varginha
3133808,Itaúna,Divinópolis,Oeste de Minas,MG,Divinópolis,Divinópolis
3133907,Itaverava,Conselheiro Lafaiete,Metropolitana de Belo Horizonte,MG,Conselheiro Lafaiete,Barbacena
3134004,Itinga,Araçuaí,Jequitinhonha,MG,Araçuaí,Teófilo Otoni
3134103,Itueta,Aimorés,Vale do Rio Doce,MG,Aimorés - Resplendor,Governador Valadares
3134202,Ituiutaba,Ituiutaba,Triângulo Mineiro/Alto Paranaíba,MG,Ituiutaba,Uberlândia
3134301,Itumirim,Lavras,Campo das Vertentes,MG,Lavras,Varginha
3134400,Iturama,Frutal,Triângulo Mineiro/Alto Paranaíba,MG,Iturama,Uberaba
3134509,Itutinga,Lavras,Campo das Vertentes,MG,Lavras,Varginha
3134608,Jaboticatubas,Sete Lagoas,Metropolitana de Belo Horizonte,MG,Belo Horizonte,Belo Horizonte
3134707,Jacinto,Almenara,Jequitinhonha,MG,Almenara,Teófilo Otoni
3134806,Jacuí,São Sebastião do Paraíso,Sul/Sudoeste de Minas,MG,São Sebastião do Paraíso,Varginha
3134905,Jacutinga,Poços de Caldas,Sul/Sudoeste de Minas,MG,Pouso Alegre,Pouso Alegre
3135001,Jaguaraçu,Ipatinga,Vale do Rio Doce,MG,Ipatinga,Ipatinga
3135050,Jaíba,Janaúba,Norte de Minas,MG,Janaúba,Montes Claros
3135076,Jampruca,Governador Valadares,Vale do Rio Doce,MG,Governador Valadares,Governador Valadares
3135100,Janaúba,Janaúba,Norte de Minas,MG,Janaúba,Montes Claros
3135209,Januária,Januária,Norte de Minas,MG,Januária,Montes Claros
3135308,Japaraíba,Bom Despacho,Central Mineira,MG,Divinópolis,Divinópolis
3135357,Japonvar,Montes Claros,Norte de Minas,MG,Montes Claros,Montes Claros
3135407,Jeceaba,Itaguara,Metropolitana de Belo Horizonte,MG,Conselheiro Lafaiete,Barbacena
3135456,Jenipapo de Minas,Capelinha,Jequitinhonha,MG,Araçuaí,Teófilo Otoni
3135506,Jequeri,Ponte Nova,Zona da Mata,MG,Ponte Nova,Juíz de Fora
3135605,Jequitaí,Pirapora,Norte de Minas,MG,Montes Claros,Montes Claros
3135704,Jequitibá,Sete Lagoas,Metropolitana de Belo Horizonte,MG,Sete Lagoas,Belo Horizonte
3135803,Jequitinhonha,Almenara,Jequitinhonha,MG,Almenara,Teófilo Otoni
3135902,Jesuânia,São Lourenço,Sul/Sudoeste de Minas,MG,São Lourenço,Pouso Alegre
3136009,Joaíma,Almenara,Jequitinhonha,MG,Almenara,Teófilo Otoni
3136108,Joanésia,Ipatinga,Vale do Rio Doce,MG,Ipatinga,Ipatinga
3136207,João Monlevade,Itabira,Metropolitana de Belo Horizonte,MG,João Monlevade,Ipatinga
3136306,João Pinheiro,Paracatu,Noroeste de Minas,MG,Patos de Minas,Patos de Minas
3136405,Joaquim Felício,Curvelo,Central Mineira,MG,Montes Claros,Montes Claros
3136504,Jordânia,Almenara,Jequitinhonha,MG,Almenara,Teófilo Otoni
3136520,José Gonçalves de Minas,Capelinha,Jequitinhonha,MG,Araçuaí,Teófilo Otoni
3136553,José Raydan,Peçanha,Vale do Rio Doce,MG,Guanhães,Governador Valadares
3136579,Josenópolis,Grão Mogol,Norte de Minas,MG,Montes Claros,Montes Claros
3136603,Nova União,Itabira,Metropolitana de Belo Horizonte,MG,Belo Horizonte,Belo Horizonte
3136652,Juatuba,Belo Horizonte,Metropolitana de Belo Horizonte,MG,Belo Horizonte,Belo Horizonte
3136702,Juiz de Fora,Juiz de Fora,Zona da Mata,MG,Juiz de Fora,Juíz de Fora
3136801,Juramento,Montes Claros,Norte de Minas,MG,Montes Claros,Montes Claros
3136900,Juruaia,São Sebastião do Paraíso,Sul/Sudoeste de Minas,MG,Guaxupé,Varginha
3136959,Juvenília,Januária,Norte de Minas,MG,Januária,Montes Claros
3137007,Ladainha,Teófilo Otoni,Vale do Mucuri,MG,Teófilo Otoni,Teófilo Otoni
3137106,Lagamar,Paracatu,Noroeste de Minas,MG,Patos de Minas,Patos de Minas
3137205,Lagoa da Prata,Bom Despacho,Central Mineira,MG,Divinópolis,Divinópolis
3137304,Lagoa dos Patos,Pirapora,Norte de Minas,MG,Montes Claros,Montes Claros
3137403,Lagoa Dourada,São João Del Rei,Campo das Vertentes,MG,São João del Rei,Barbacena
3137502,Lagoa Formosa,Patos de Minas,Triângulo Mineiro/Alto Paranaíba,MG,Patos de Minas,Patos de Minas
3137536,Lagoa Grande,Paracatu,Noroeste de Minas,MG,Patos de Minas,Patos de Minas
3137601,Lagoa Santa,Belo Horizonte,Metropolitana de Belo Horizonte,MG,Belo Horizonte,Belo Horizonte
3137700,Lajinha,Manhuaçu,Zona da Mata,MG,Manhuaçu,Juíz de Fora
3137809,Lambari,São Lourenço,Sul/Sudoeste de Minas,MG,São Lourenço,Pouso Alegre
3137908,Lamim,Viçosa,Zona da Mata,MG,Conselheiro Lafaiete,Barbacena
3138005,Laranjal,Cataguases,Zona da Mata,MG,Cataguases,Juíz de Fora
3138104,Lassance,Pirapora,Norte de Minas,MG,Pirapora,Montes Claros
3138203,Lavras,Lavras,Campo das Vertentes,MG,Lavras,Varginha
3138302,Leandro Ferreira,Bom Despacho,Central Mineira,MG,Divinópolis,Divinópolis
3138351,Leme do Prado,Capelinha,Jequitinhonha,MG,Capelinha,Teófilo Otoni
3138401,Leopoldina,Cataguases,Zona da Mata,MG,Cataguases,Juíz de Fora
3138500,Liberdade,Andrelândia,Sul/Sudoeste de Minas,MG,Juiz de Fora,Juíz de Fora
3138609,Lima Duarte,Juiz de Fora,Zona da Mata,MG,Juiz de Fora,Juíz de Fora
3138625,Limeira do Oeste,Frutal,Triângulo Mineiro/Alto Paranaíba,MG,Iturama,Uberaba
3138658,Lontra,Montes Claros,Norte de Minas,MG,Montes Claros,Montes Claros
3138674,Luisburgo,Manhuaçu,Zona da Mata,MG,Manhuaçu,Juíz de Fora
3138682,Luislândia,Montes Claros,Norte de Minas,MG,Montes Claros,Montes Claros
3138708,Luminárias,Lavras,Campo das Vertentes,MG,Lavras,Varginha
3138807,Luz,Bom Despacho,Central Mineira,MG,Dores do Indaiá,Divinópolis
3138906,Machacalis,Nanuque,Vale do Mucuri,MG,Águas Formosas,Teófilo Otoni
3139003,Machado,Alfenas,Sul/Sudoeste de Minas,MG,Alfenas,Varginha
3139102,Madre de Deus de Minas,São João Del Rei,Campo das Vertentes,MG,São João del Rei,Barbacena
3139201,Malacacheta,Teófilo Otoni,Vale do Mucuri,MG,Teófilo Otoni,Teófilo Otoni
3139250,Mamonas,Janaúba,Norte de Minas,MG,Espinosa,Montes Claros
3139300,Manga,Januária,Norte de Minas,MG,Janaúba,Montes Claros
3139409,Manhuaçu,Manhuaçu,Zona da Mata,MG,Manhuaçu,Juíz de Fora
3139508,Manhumirim,Manhuaçu,Zona da Mata,MG,Manhuaçu,Juíz de Fora
3139607,Mantena,Mantena,Vale do Rio Doce,MG,Mantena,Governador Valadares
3139706,Maravilhas,Sete Lagoas,Metropolitana de Belo Horizonte,MG,Pará de Minas,Divinópolis
3139805,Mar de Espanha,Juiz de Fora,Zona da Mata,MG,São João Nepomuceno - Bicas,Juíz de Fora
3139904,Maria da Fé,Itajubá,Sul/Sudoeste de Minas,MG,Itajubá,Pouso Alegre
3140001,Mariana,Ouro Preto,Metropolitana de Belo Horizonte,MG,Santa Bárbara - Ouro Preto,Belo Horizonte
3140100,Marilac,Governador Valadares,Vale do Rio Doce,MG,Governador Valadares,Governador Valadares
3140159,Mário Campos,Belo Horizonte,Metropolitana de Belo Horizonte,MG,Belo Horizonte,Belo Horizonte
3140209,Maripá de Minas,Juiz de Fora,Zona da Mata,MG,São João Nepomuceno - Bicas,Juíz de Fora
3140308,Marliéria,Ipatinga,Vale do Rio Doce,MG,Ipatinga,Ipatinga
3140407,Marmelópolis,Itajubá,Sul/Sudoeste de Minas,MG,Itajubá,Pouso Alegre
3140506,Martinho Campos,Bom Despacho,Central Mineira,MG,Dores do Indaiá,Divinópolis
3140530,Martins Soares,Manhuaçu,Zona da Mata,MG,Manhuaçu,Juíz de Fora
3140555,Mata Verde,Almenara,Jequitinhonha,MG,Almenara,Teófilo Otoni
3140605,Materlândia,Guanhães,Vale do Rio Doce,MG,Guanhães,Governador Valadares
3140704,Mateus Leme,Belo Horizonte,Metropolitana de Belo Horizonte,MG,Belo Horizonte,Belo Horizonte
3140803,Matias Barbosa,Juiz de Fora,Zona da Mata,MG,Juiz de Fora,Juíz de Fora
3140852,Matias Cardoso,Januária,Norte de Minas,MG,Janaúba,Montes Claros
3140902,Matipó,Manhuaçu,Zona da Mata,MG,Manhuaçu,Juíz de Fora
3141009,Mato Verde,Janaúba,Norte de Minas,MG,Espinosa,Montes Claros
3141108,Matozinhos,Sete Lagoas,Metropolitana de Belo Horizonte,MG,Sete Lagoas,Belo Horizonte
3141207,Matutina,Patos de Minas,Triângulo Mineiro/Alto Paranaíba,MG,Patos de Minas,Patos de Minas
3141306,Medeiros,Piuí,Oeste de Minas,MG,Formiga,Divinópolis
3141405,Medina,Pedra Azul,Jequitinhonha,MG,Pedra Azul,Teófilo Otoni
3141504,Mendes Pimentel,Mantena,Vale do Rio Doce,MG,Mantena,Governador Valadares
3141603,Mercês,Ubá,Zona da Mata,MG,Ubá,Juíz de Fora
3141702,Mesquita,Ipatinga,Vale do Rio Doce,MG,Ipatinga,Ipatinga
3141801,Minas Novas,Capelinha,Jequitinhonha,MG,Capelinha,Teófilo Otoni
3141900,Minduri,Andrelândia,Sul/Sudoeste de Minas,MG,Caxambu - Baependi,Pouso Alegre
3142007,Mirabela,Montes Claros,Norte de Minas,MG,Montes Claros,Montes Claros
3142106,Miradouro,Muriaé,Zona da Mata,MG,Muriaé,Juíz de Fora
3142205,Miraí,Muriaé,Zona da Mata,MG,Muriaé,Juíz de Fora
3142254,Miravânia,Januária,Norte de Minas,MG,Janaúba,Montes Claros
3142304,Moeda,Itaguara,Metropolitana de Belo Horizonte,MG,Belo Horizonte,Belo Horizonte
3142403,Moema,Bom Despacho,Central Mineira,MG,Dores do Indaiá,Divinópolis
3142502,Monjolos,Curvelo,Central Mineira,MG,Curvelo,Belo Horizonte
3142601,Monsenhor Paulo,Varginha,Sul/Sudoeste de Minas,MG,Varginha,Varginha
3142700,Montalvânia,Januária,Norte de Minas,MG,Januária,Montes Claros
3142809,Monte Alegre de Minas,Uberlândia,Triângulo Mineiro/Alto Paranaíba,MG,Uberlândia,Uberlândia
3142908,Monte Azul,Janaúba,Norte de Minas,MG,Espinosa,Montes Claros
3143005,Monte Belo,São Sebastião do Paraíso,Sul/Sudoeste de Minas,MG,Guaxupé,Varginha
3143104,Monte Carmelo,Patrocínio,Triângulo Mineiro/Alto Paranaíba,MG,Monte Carmelo,Uberlândia
3143153,Monte Formoso,Almenara,Jequitinhonha,MG,Teófilo Otoni,Teófilo Otoni
3143203,Monte Santo de Minas,São Sebastião do Paraíso,Sul/Sudoeste de Minas,MG,São Sebastião do Paraíso,Varginha
3143302,Montes Claros,Montes Claros,Norte de Minas,MG,Montes Claros,Montes Claros
3143401,Monte Sião,Poços de Caldas,Sul/Sudoeste de Minas,MG,Pouso Alegre,Pouso Alegre
3143450,Montezuma,Salinas,Norte de Minas,MG,Espinosa,Montes Claros
3143500,Morada Nova de Minas,Três Marias,Central Mineira,MG,Abaeté,Divinópolis
3143609,Morro da Garça,Curvelo,Central Mineira,MG,Curvelo,Belo Horizonte
3143708,Morro do Pilar,Conceição do Mato Dentro,Metropolitana de Belo Horizonte,MG,Sete Lagoas,Belo Horizonte
3143807,Munhoz,Pouso Alegre,Sul/Sudoeste de Minas,MG,Pouso Alegre,Pouso Alegre
3143906,Muriaé,Muriaé,Zona da Mata,MG,Muriaé,Juíz de Fora
3144003,Mutum,Aimorés,Vale do Rio Doce,MG,Manhuaçu,Juíz de Fora
3144102,Muzambinho,São Sebastião do Paraíso,Sul/Sudoeste de Minas,MG,Guaxupé,Varginha
3144201,Nacip Raydan,Governador Valadares,Vale do Rio Doce,MG,Governador Valadares,Governador Valadares
3144300,Nanuque,Nanuque,Vale do Mucuri,MG,Teófilo Otoni,Teófilo Otoni
3144359,Naque,Ipatinga,Vale do Rio Doce,MG,Ipatinga,Ipatinga
3144375,Natalândia,Unaí,Noroeste de Minas,MG,Unaí,Patos de Minas
3144409,Natércia,Santa Rita do Sapucaí,Sul/Sudoeste de Minas,MG,Pouso Alegre,Pouso Alegre
3144508,Nazareno,São João Del Rei,Campo das Vertentes,MG,São João del Rei,Barbacena
3144607,Nepomuceno,Lavras,Campo das Vertentes,MG,Lavras,Varginha
3144656,Ninheira,Salinas,Norte de Minas,MG,Salinas,Montes Claros
3144672,Nova Belém,Mantena,Vale do Rio Doce,MG,Mantena,Governador Valadares
3144706,Nova Era,Itabira,Metropolitana de Belo Horizonte,MG,João Monlevade,Ipatinga
3144805,Nova Lima,Belo Horizonte,Metropolitana de Belo Horizonte,MG,Belo Horizonte,Belo Horizonte
3144904,Nova Módica,Governador Valadares,Vale do Rio Doce,MG,Teófilo Otoni,Teófilo Otoni
3145000,Nova Ponte,Araxá,Triângulo Mineiro/Alto Paranaíba,MG,Uberaba,Uberaba
3145059,Nova Porteirinha,Janaúba,Norte de Minas,MG,Janaúba,Montes Claros
3145109,Nova Resende,São Sebastião do Paraíso,Sul/Sudoeste de Minas,MG,Guaxupé,Varginha
3145208,Nova Serrana,Divinópolis,Oeste de Minas,MG,Divinópolis,Divinópolis
3145307,Novo Cruzeiro,Araçuaí,Jequitinhonha,MG,Teófilo Otoni,Teófilo Otoni
3145356,Novo Oriente de Minas,Teófilo Otoni,Vale do Mucuri,MG,Teófilo Otoni,Teófilo Otoni
3145372,Novorizonte,Salinas,Norte de Minas,MG,Salinas,Montes Claros
3145406,Olaria,Juiz de Fora,Zona da Mata,MG,Juiz de Fora,Juíz de Fora
3145455,Olhos-d'Água,Bocaiúva,Norte de Minas,MG,Montes Claros,Montes Claros
3145505,Olímpio Noronha,São Lourenço,Sul/Sudoeste de Minas,MG,São Lourenço,Pouso Alegre
3145604,Oliveira,Oliveira,Oeste de Minas,MG,Oliveira,Divinópolis
3145703,Oliveira Fortes,Juiz de Fora,Zona da Mata,MG,Juiz de Fora,Juíz de Fora
3145802,Onça de Pitangui,Pará de Minas,Metropolitana de Belo Horizonte,MG,Pará de Minas,Divinópolis
3145851,Oratórios,Ponte Nova,Zona da Mata,MG,Ponte Nova,Juíz de Fora
3145877,Orizânia,Muriaé,Zona da Mata,MG,Carangola,Juíz de Fora
3145901,Ouro Branco,Conselheiro Lafaiete,Metropolitana de Belo Horizonte,MG,Conselheiro Lafaiete,Barbacena
3146008,Ouro Fino,Poços de Caldas,Sul/Sudoeste de Minas,MG,Pouso Alegre,Pouso Alegre
3146107,Ouro Preto,Ouro Preto,Metropolitana de Belo Horizonte,MG,Santa Bárbara - Ouro Preto,Belo Horizonte
3146206,Ouro Verde de Minas,Teófilo Otoni,Vale do Mucuri,MG,Teófilo Otoni,Teófilo Otoni
3146255,Padre Carvalho,Grão Mogol,Norte de Minas,MG,Salinas,Montes Claros
3146305,Padre Paraíso,Araçuaí,Jequitinhonha,MG,Teófilo Otoni,Teófilo Otoni
3146404,Paineiras,Três Marias,Central Mineira,MG,Abaeté,Divinópolis
3146503,Pains,Formiga,Oeste de Minas,MG,Formiga,Divinópolis
3146552,Pai Pedro,Janaúba,Norte de Minas,MG,Janaúba,Montes Claros
3146602,Paiva,Juiz de Fora,Zona da Mata,MG,Juiz de Fora,Juíz de Fora
3146701,Palma,Cataguases,Zona da Mata,MG,Cataguases,Juíz de Fora
3146750,Palmópolis,Almenara,Jequitinhonha,MG,Almenara,Teófilo Otoni
3146909,Papagaios,Sete Lagoas,Metropolitana de Belo Horizonte,MG,Pará de Minas,Divinópolis
3147006,Paracatu,Paracatu,Noroeste de Minas,MG,Patos de Minas,Patos de Minas
3147105,Pará de Minas,Pará de Minas,Metropolitana de Belo Horizonte,MG,Pará de Minas,Divinópolis
3147204,Paraguaçu,Alfenas,Sul/Sudoeste de Minas,MG,Alfenas,Varginha
3147303,Paraisópolis,Itajubá,Sul/Sudoeste de Minas,MG,Itajubá,Pouso Alegre
3147402,Paraopeba,Sete Lagoas,Metropolitana de Belo Horizonte,MG,Sete Lagoas,Belo Horizonte
3147501,Passabém,Conceição do Mato Dentro,Metropolitana de Belo Horizonte,MG,Itabira,Belo Horizonte
3147600,Passa Quatro,São Lourenço,Sul/Sudoeste de Minas,MG,São Lourenço,Pouso Alegre
3147709,Passa Tempo,Oliveira,Oeste de Minas,MG,Oliveira,Divinópolis
3147808,Passa Vinte,Andrelândia,Sul/Sudoeste de Minas,MG,Juiz de Fora,Juíz de Fora
3147907,Passos,Passos,Sul/Sudoeste de Minas,MG,Passos,Varginha
3147956,Patis,Montes Claros,Norte de Minas,MG,Montes Claros,Montes Claros
3148004,Patos de Minas,Patos de Minas,Triângulo Mineiro/Alto Paranaíba,MG,Patos de Minas,Patos de Minas
3148103,Patrocínio,Patrocínio,Triângulo Mineiro/Alto Paranaíba,MG,Patrocínio,Patos de Minas
3148202,Patrocínio do Muriaé,Muriaé,Zona da Mata,MG,Muriaé,Juíz de Fora
3148301,Paula Cândido,Viçosa,Zona da Mata,MG,Viçosa,Juíz de Fora
3148400,Paulistas,Guanhães,Vale do Rio Doce,MG,Guanhães,Governador Valadares
3148509,Pavão,Teófilo Otoni,Vale do Mucuri,MG,Teófilo Otoni,Teófilo Otoni
3148608,Peçanha,Peçanha,Vale do Rio Doce,MG,Guanhães,Governador Valadares
3148707,Pedra Azul,Pedra Azul,Jequitinhonha,MG,Pedra Azul,Teófilo Otoni
3148756,Pedra Bonita,Manhuaçu,Zona da Mata,MG,Carangola,Juíz de Fora
3148806,Pedra do Anta,Viçosa,Zona da Mata,MG,Viçosa,Juíz de Fora
3148905,Pedra do Indaiá,Formiga,Oeste de Minas,MG,Divinópolis,Divinópolis
3149002,Pedra Dourada,Muriaé,Zona da Mata,MG,Carangola,Juíz de Fora
3149101,Pedralva,Santa Rita do Sapucaí,Sul/Sudoeste de Minas,MG,Itajubá,Pouso Alegre
3149150,Pedras de Maria da Cruz,Januária,Norte de Minas,MG,Januária,Montes Claros
3149200,Pedrinópolis,Araxá,Triângulo Mineiro/Alto Paranaíba,MG,Araxá,Uberaba
3149309,Pedro Leopoldo,Belo Horizonte,Metropolitana de Belo Horizonte,MG,Belo Horizonte,Belo Horizonte
3149408,Pedro Teixeira,Juiz de Fora,Zona da Mata,MG,Juiz de Fora,Juíz de Fora
3149507,Pequeri,Juiz de Fora,Zona da Mata,MG,São João Nepomuceno - Bicas,Juíz de Fora
3149606,Pequi,Sete Lagoas,Metropolitana de Belo Horizonte,MG,Pará de Minas,Divinópolis
3149705,Perdigão,Divinópolis,Oeste de Minas,MG,Divinópolis,Divinópolis
3149804,Perdizes,Araxá,Triângulo Mineiro/Alto Paranaíba,MG,Araxá,Uberaba
3149903,Perdões,Campo Belo,Oeste de Minas,MG,Lavras,Varginha
3149952,Periquito,Ipatinga,Vale do Rio Doce,MG,Ipatinga,Ipatinga
3150000,Pescador,Governador Valadares,Vale do Rio Doce,MG,Teófilo Otoni,Teófilo Otoni
3150109,Piau,Juiz de Fora,Zona da Mata,MG,Juiz de Fora,Juíz de Fora
3150158,Piedade de Caratinga,Caratinga,Vale do Rio Doce,MG,Caratinga,Ipatinga
3150208,Piedade de Ponte Nova,Ponte Nova,Zona da Mata,MG,Ponte Nova,Juíz de Fora
3150307,Piedade do Rio Grande,São João Del Rei,Campo das Vertentes,MG,São João del Rei,Barbacena
3150406,Piedade dos Gerais,Itaguara,Metropolitana de Belo Horizonte,MG,Oliveira,Divinópolis
3150505,Pimenta,Formiga,Oeste de Minas,MG,Formiga,Divinópolis
3150539,Pingo-d'Água,Caratinga,Vale do Rio Doce,MG,Ipatinga,Ipatinga
3150570,Pintópolis,Januária,Norte de Minas,MG,São Francisco,Montes Claros
3150604,Piracema,Oliveira,Oeste de Minas,MG,Oliveira,Divinópolis
3150703,Pirajuba,Frutal,Triângulo Mineiro/Alto Paranaíba,MG,Frutal,Uberaba
3150802,Piranga,Viçosa,Zona da Mata,MG,Conselheiro Lafaiete,Barbacena
3150901,Piranguçu,Itajubá,Sul/Sudoeste de Minas,MG,Itajubá,Pouso Alegre
3151008,Piranguinho,Itajubá,Sul/Sudoeste de Minas,MG,Itajubá,Pouso Alegre
3151107,Pirapetinga,Cataguases,Zona da Mata,MG,Além Paraíba,Juíz de Fora
3151206,Pirapora,Pirapora,Norte de Minas,MG,Pirapora,Montes Claros
3151305,Piraúba,Ubá,Zona da Mata,MG,Ubá,Juíz de Fora
3151404,Pitangui,Pará de Minas,Metropolitana de Belo Horizonte,MG,Divinópolis,Divinópolis
3151503,Piumhi,Piuí,Oeste de Minas,MG,Piumhi,Varginha
3151602,Planura,Frutal,Triângulo Mineiro/Alto Paranaíba,MG,Frutal,Uberaba
3151701,Poço Fundo,Alfenas,Sul/Sudoeste de Minas,MG,Alfenas,Varginha
3151800,Poços de Caldas,Poços de Caldas,Sul/Sudoeste de Minas,MG,Poços de Caldas,Pouso Alegre
3151909,Pocrane,Aimorés,Vale do Rio Doce,MG,Manhuaçu,Juíz de Fora
3152006,Pompéu,Três Marias,Central Mineira,MG,Dores do Indaiá,Divinópolis
3152105,Ponte Nova,Ponte Nova,Zona da Mata,MG,Ponte Nova,Juíz de Fora
3152131,Ponto Chique,Montes Claros,Norte de Minas,MG,Pirapora,Montes Claros
3152170,Ponto dos Volantes,Araçuaí,Jequitinhonha,MG,Teófilo Otoni,Teófilo Otoni
3152204,Porteirinha,Janaúba,Norte de Minas,MG,Janaúba,Montes Claros
3152303,Porto Firme,Viçosa,Zona da Mata,MG,Viçosa,Juíz de Fora
3152402,Poté,Teófilo Otoni,Vale do Mucuri,MG,Teófilo Otoni,Teófilo Otoni
3152501,Pouso Alegre,Pouso Alegre,Sul/Sudoeste de Minas,MG,Pouso Alegre,Pouso Alegre
3152600,Pouso Alto,São Lourenço,Sul/Sudoeste de Minas,MG,São Lourenço,Pouso Alegre
3152709,Prados,São João Del Rei,Campo das Vertentes,MG,São João del Rei,Barbacena
3152808,Prata,Uberlândia,Triângulo Mineiro/Alto Paranaíba,MG,Uberlândia,Uberlândia
3152907,Pratápolis,Passos,Sul/Sudoeste de Minas,MG,Passos,Varginha
3153004,Pratinha,Araxá,Triângulo Mineiro/Alto Paranaíba,MG,Araxá,Uberaba
3153103,Presidente Bernardes,Viçosa,Zona da Mata,MG,Viçosa,Juíz de Fora
3153202,Presidente Juscelino,Curvelo,Central Mineira,MG,Curvelo,Belo Horizonte
3153301,Presidente Kubitschek,Diamantina,Jequitinhonha,MG,Diamantina,Teófilo Otoni
3153400,Presidente Olegário,Paracatu,Noroeste de Minas,MG,Patos de Minas,Patos de Minas
3153509,Alto Jequitibá,Manhuaçu,Zona da Mata,MG,Manhuaçu,Juíz de Fora
3153608,Prudente de Morais,Sete Lagoas,Metropolitana de Belo Horizonte,MG,Sete Lagoas,Belo Horizonte
3153707,Quartel Geral,Bom Despacho,Central Mineira,MG,Dores do Indaiá,Divinópolis
3153806,Queluzito,Conselheiro Lafaiete,Metropolitana de Belo Horizonte,MG,Conselheiro Lafaiete,Barbacena
3153905,Raposos,Belo Horizonte,Metropolitana de Belo Horizonte,MG,Belo Horizonte,Belo Horizonte
3154002,Raul Soares,Ponte Nova,Zona da Mata,MG,Caratinga,Ipatinga
3154101,Recreio,Cataguases,Zona da Mata,MG,Cataguases,Juíz de Fora
3154150,Reduto,Manhuaçu,Zona da Mata,MG,Manhuaçu,Juíz de Fora
3154200,Resende Costa,São João Del Rei,Campo das Vertentes,MG,São João del Rei,Barbacena
3154309,Resplendor,Aimorés,Vale do Rio Doce,MG,Aimorés - Resplendor,Governador Valadares
3154408,Ressaquinha,Barbacena,Campo das Vertentes,MG,Barbacena,Barbacena
3154457,Riachinho,Pirapora,Norte de Minas,MG,Unaí,Patos de Minas
3154507,Riacho dos Machados,Janaúba,Norte de Minas,MG,Janaúba,Montes Claros
3154606,Ribeirão das Neves,Belo Horizonte,Metropolitana de Belo Horizonte,MG,Belo Horizonte,Belo Horizonte
3154705,Ribeirão Vermelho,Lavras,Campo das Vertentes,MG,Lavras,Varginha
3154804,Rio Acima,Belo Horizonte,Metropolitana de Belo Horizonte,MG,Belo Horizonte,Belo Horizonte
3154903,Rio Casca,Ponte Nova,Zona da Mata,MG,Ponte Nova,Juíz de Fora
3155009,Rio Doce,Ponte Nova,Zona da Mata,MG,Ponte Nova,Juíz de Fora
3155108,Rio do Prado,Almenara,Jequitinhonha,MG,Almenara,Teófilo Otoni
3155207,Rio Espera,Viçosa,Zona da Mata,MG,Conselheiro Lafaiete,Barbacena
3155306,Rio Manso,Itaguara,Metropolitana de Belo Horizonte,MG,Oliveira,Divinópolis
3155405,Rio Novo,Juiz de Fora,Zona da Mata,MG,Juiz de Fora,Juíz de Fora
3155504,Rio Paranaíba,Patos de Minas,Triângulo Mineiro/Alto Paranaíba,MG,Patos de Minas,Patos de Minas
3155603,Rio Pardo de Minas,Salinas,Norte de Minas,MG,Salinas,Montes Claros
3155702,Rio Piracicaba,Itabira,Metropolitana de Belo Horizonte,MG,João Monlevade,Ipatinga
3155801,Rio Pomba,Ubá,Zona da Mata,MG,Ubá,Juíz de Fora
3155900,Rio Preto,Juiz de Fora,Zona da Mata,MG,Juiz de Fora,Juíz de Fora
3156007,Rio Vermelho,Conceição do Mato Dentro,Metropolitana de Belo Horizonte,MG,Guanhães,Governador Valadares
3156106,Ritápolis,São João Del Rei,Campo das Vertentes,MG,São João del Rei,Barbacena
3156205,Rochedo de Minas,Juiz de Fora,Zona da Mata,MG,São João Nepomuceno - Bicas,Juíz de Fora
3156304,Rodeiro,Ubá,Zona da Mata,MG,Ubá,Juíz de Fora
3156403,Romaria,Patrocínio,Triângulo Mineiro/Alto Paranaíba,MG,Monte Carmelo,Uberlândia
3156452,Rosário da Limeira,Muriaé,Zona da Mata,MG,Muriaé,Juíz de Fora
3156502,Rubelita,Salinas,Norte de Minas,MG,Salinas,Montes Claros
3156601,Rubim,Almenara,Jequitinhonha,MG,Almenara,Teófilo Otoni
3156700,Sabará,Belo Horizonte,Metropolitana de Belo Horizonte,MG,Belo Horizonte,Belo Horizonte
3156809,Sabinópolis,Guanhães,Vale do Rio Doce,MG,Guanhães,Governador Valadares
3156908,Sacramento,Araxá,Triângulo Mineiro/Alto Paranaíba,MG,Uberaba,Uberaba
3157005,Salinas,Salinas,Norte de Minas,MG,Salinas,Montes Claros
3157104,Salto da Divisa,Almenara,Jequitinhonha,MG,Almenara,Teófilo Otoni
3157203,Santa Bárbara,Itabira,Metropolitana de Belo Horizonte,MG,Santa Bárbara - Ouro Preto,Belo Horizonte
3157252,Santa Bárbara do Leste,Caratinga,Vale do Rio Doce,MG,Caratinga,Ipatinga
3157278,Santa Bárbara do Monte Verde,Juiz de Fora,Zona da Mata,MG,Juiz de Fora,Juíz de Fora
3157302,Santa Bárbara do Tugúrio,Barbacena,Campo das Vertentes,MG,Barbacena,Barbacena
3157336,Santa Cruz de Minas,São João Del Rei,Campo das Vertentes,MG,São João del Rei,Barbacena
3157377,Santa Cruz de Salinas,Salinas,Norte de Minas,MG,Salinas,Montes Claros
3157401,Santa Cruz do Escalvado,Ponte Nova,Zona da Mata,MG,Ponte Nova,Juíz de Fora
3157500,Santa Efigênia de Minas,Guanhães,Vale do Rio Doce,MG,Governador Valadares,Governador Valadares
3157609,Santa Fé de Minas,Pirapora,Norte de Minas,MG,Pirapora,Montes Claros
3157658,Santa Helena de Minas,Nanuque,Vale do Mucuri,MG,Águas Formosas,Teófilo Otoni
3157708,Santa Juliana,Araxá,Triângulo Mineiro/Alto Paranaíba,MG,Uberaba,Uberaba
3157807,Santa Luzia,Belo Horizonte,Metropolitana de Belo Horizonte,MG,Belo Horizonte,Belo Horizonte
3157906,Santa Margarida,Manhuaçu,Zona da Mata,MG,Manhuaçu,Juíz de Fora
3158003,Santa Maria de Itabira,Itabira,Metropolitana de Belo Horizonte,MG,Itabira,Belo Horizonte
3158102,Santa Maria do Salto,Almenara,Jequitinhonha,MG,Almenara,Teófilo Otoni
3158201,Santa Maria do Suaçuí,Peçanha,Vale do Rio Doce,MG,Guanhães,Governador Valadares
3158300,Santana da Vargem,Varginha,Sul/Sudoeste de Minas,MG,Três Pontas - Boa Esperança,Varginha
3158409,Santana de Cataguases,Cataguases,Zona da Mata,MG,Cataguases,Juíz de Fora
3158508,Santana de Pirapama,Sete Lagoas,Metropolitana de Belo Horizonte,MG,Sete Lagoas,Belo Horizonte
3158607,Santana do Deserto,Juiz de Fora,Zona da Mata,MG,Juiz de Fora,Juíz de Fora
3158706,Santana do Garambéu,São João Del Rei,Campo das Vertentes,MG,Barbacena,Barbacena
3158805,Santana do Jacaré,Campo Belo,Oeste de Minas,MG,Campo Belo,Varginha
3158904,Santana do Manhuaçu,Manhuaçu,Zona da Mata,MG,Manhuaçu,Juíz de Fora
3158953,Santana do Paraíso,Ipatinga,Vale do Rio Doce,MG,Ipatinga,Ipatinga
3159001,Santana do Riacho,Sete Lagoas,Metropolitana de Belo Horizonte,MG,Sete Lagoas,Belo Horizonte
3159100,Santana dos Montes,Conselheiro Lafaiete,Metropolitana de Belo Horizonte,MG,Conselheiro Lafaiete,Barbacena
3159209,Santa Rita de Caldas,Poços de Caldas,Sul/Sudoeste de Minas,MG,Poços de Caldas,Pouso Alegre
3159308,Santa Rita de Jacutinga,Juiz de Fora,Zona da Mata,MG,Juiz de Fora,Juíz de Fora
3159357,Santa Rita de Minas,Caratinga,Vale do Rio Doce,MG,Caratinga,Ipatinga
3159407,Santa Rita de Ibitipoca,Juiz de Fora,Zona da Mata,MG,Barbacena,Barbacena
3159506,Santa Rita do Itueto,Aimorés,Vale do Rio Doce,MG,Aimorés - Resplendor,Governador Valadares
3159605,Santa Rita do Sapucaí,Santa Rita do Sapucaí,Sul/Sudoeste de Minas,MG,Pouso Alegre,Pouso Alegre
3159704,Santa Rosa da Serra,Patos de Minas,Triângulo Mineiro/Alto Paranaíba,MG,Araxá,Uberaba
3159803,Santa Vitória,Ituiutaba,Triângulo Mineiro/Alto Paranaíba,MG,Ituiutaba,Uberlândia
3159902,Santo Antônio do Amparo,Oliveira,Oeste de Minas,MG,Lavras,Varginha
3160009,Santo Antônio do Aventureiro,Cataguases,Zona da Mata,MG,Além Paraíba,Juíz de Fora
3160108,Santo Antônio do Grama,Ponte Nova,Zona da Mata,MG,Ponte Nova,Juíz de Fora
3160207,Santo Antônio do Itambé,Conceição do Mato Dentro,Metropolitana de Belo Horizonte,MG,Diamantina,Teófilo Otoni
3160306,Santo Antônio do Jacinto,Almenara,Jequitinhonha,MG,Almenara,Teófilo Otoni
3160405,Santo Antônio do Monte,Divinópolis,Oeste de Minas,MG,Divinópolis,Divinópolis
3160454,Santo Antônio do Retiro,Salinas,Norte de Minas,MG,Espinosa,Montes Claros
3160504,Santo Antônio do Rio Abaixo,Conceição do Mato Dentro,Metropolitana de Belo Horizonte,MG,Itabira,Belo Horizonte
3160603,Santo Hipólito,Curvelo,Central Mineira,MG,Curvelo,Belo Horizonte
3160702,Santos Dumont,Juiz de Fora,Zona da Mata,MG,Juiz de Fora,Juíz de Fora
3160801,São Bento Abade,Varginha,Sul/Sudoeste de Minas,MG,Três Corações,Varginha
3160900,São Brás do Suaçuí,Conselheiro Lafaiete,Metropolitana de Belo Horizonte,MG,Conselheiro Lafaiete,Barbacena
3160959,São Domingos das Dores,Caratinga,Vale do Rio Doce,MG,Caratinga,Ipatinga
3161007,São Domingos do Prata,Itabira,Metropolitana de Belo Horizonte,MG,João Monlevade,Ipatinga
3161056,São Félix de Minas,Mantena,Vale do Rio Doce,MG,Mantena,Governador Valadares
3161106,São Francisco,Januária,Norte de Minas,MG,São Francisco,Montes Claros
3161205,São Francisco de Paula,Oliveira,Oeste de Minas,MG,Oliveira,Divinópolis
3161304,São Francisco de Sales,Frutal,Triângulo Mineiro/Alto Paranaíba,MG,Iturama,Uberaba
3161403,São Francisco do Glória,Muriaé,Zona da Mata,MG,Muriaé,Juíz de Fora
3161502,São Geraldo,Ubá,Zona da Mata,MG,Ubá,Juíz de Fora
3161601,São Geraldo da Piedade,Governador Valadares,Vale do Rio Doce,MG,Governador Valadares,Governador Valadares
3161650,São Geraldo do Baixio,Governador Valadares,Vale do Rio Doce,MG,Governador Valadares,Governador Valadares
3161700,São Gonçalo do Abaeté,Paracatu,Noroeste de Minas,MG,Patos de Minas,Patos de Minas
3161809,São Gonçalo do Pará,Divinópolis,Oeste de Minas,MG,Divinópolis,Divinópolis
3161908,São Gonçalo do Rio Abaixo,Itabira,Metropolitana de Belo Horizonte,MG,João Monlevade,Ipatinga
3162005,São Gonçalo do Sapucaí,Santa Rita do Sapucaí,Sul/Sudoeste de Minas,MG,Varginha,Varginha
3162104,São Gotardo,Patos de Minas,Triângulo Mineiro/Alto Paranaíba,MG,Patos de Minas,Patos de Minas
3162203,São João Batista do Glória,Passos,Sul/Sudoeste de Minas,MG,Passos,Varginha
3162252,São João da Lagoa,Montes Claros,Norte de Minas,MG,Montes Claros,Montes Claros
3162302,São João da Mata,Santa Rita do Sapucaí,Sul/Sudoeste de Minas,MG,Pouso Alegre,Pouso Alegre
3162401,São João da Ponte,Montes Claros,Norte de Minas,MG,Montes Claros,Montes Claros
3162450,São João das Missões,Januária,Norte de Minas,MG,Januária,Montes Claros
3162500,São João del Rei,São João Del Rei,Campo das Vertentes,MG,São João del Rei,Barbacena
3162559,São João do Manhuaçu,Manhuaçu,Zona da Mata,MG,Manhuaçu,Juíz de Fora
3162575,São João do Manteninha,Mantena,Vale do Rio Doce,MG,Mantena,Governador Valadares
3162609,São João do Oriente,Caratinga,Vale do Rio Doce,MG,Ipatinga,Ipatinga
3162658,São João do Pacuí,Montes Claros,Norte de Minas,MG,Montes Claros,Montes Claros
3162708,São João do Paraíso,Salinas,Norte de Minas,MG,Salinas,Montes Claros
3162807,São João Evangelista,Guanhães,Vale do Rio Doce,MG,Guanhães,Governador Valadares
3162906,São João Nepomuceno,Juiz de Fora,Zona da Mata,MG,São João Nepomuceno - Bicas,Juíz de Fora
3162922,São Joaquim de Bicas,Belo Horizonte,Metropolitana de Belo Horizonte,MG,Belo Horizonte,Belo Horizonte
3162948,São José da Barra,Passos,Sul/Sudoeste de Minas,MG,Passos,Varginha
3162955,São José da Lapa,Belo Horizonte,Metropolitana de Belo Horizonte,MG,Belo Horizonte,Belo Horizonte
3163003,São José da Safira,Governador Valadares,Vale do Rio Doce,MG,Governador Valadares,Governador Valadares
3163102,São José da Varginha,Pará de Minas,Metropolitana de Belo Horizonte,MG,Pará de Minas,Divinópolis
3163201,São José do Alegre,Santa Rita do Sapucaí,Sul/Sudoeste de Minas,MG,Itajubá,Pouso Alegre
3163300,São José do Divino,Governador Valadares,Vale do Rio Doce,MG,Teófilo Otoni,Teófilo Otoni
3163409,São José do Goiabal,Itabira,Metropolitana de Belo Horizonte,MG,Ipatinga,Ipatinga
3163508,São José do Jacuri,Peçanha,Vale do Rio Doce,MG,Guanhães,Governador Valadares
3163607,São José do Mantimento,Manhuaçu,Zona da Mata,MG,Manhuaçu,Juíz de Fora
3163706,São Lourenço,São Lourenço,Sul/Sudoeste de Minas,MG,São Lourenço,Pouso Alegre
3163805,São Miguel do Anta,Viçosa,Zona da Mata,MG,Viçosa,Juíz de Fora
3163904,São Pedro da União,São Sebastião do Paraíso,Sul/Sudoeste de Minas,MG,Guaxupé,Varginha
3164001,São Pedro dos Ferros,Ponte Nova,Zona da Mata,MG,Ponte Nova,Juíz de Fora
3164100,São Pedro do Suaçuí,Peçanha,Vale do Rio Doce,MG,Guanhães,Governador Valadares
3164209,São Romão,Pirapora,Norte de Minas,MG,São Francisco,Montes Claros
3164308,São Roque de Minas,Piuí,Oeste de Minas,MG,Piumhi,Varginha
3164407,São Sebastião da Bela Vista,Santa Rita do Sapucaí,Sul/Sudoeste de Minas,MG,Pouso Alegre,Pouso Alegre
3164431,São Sebastião da Vargem Alegre,Muriaé,Zona da Mata,MG,Muriaé,Juíz de Fora
3164472,São Sebastião do Anta,Caratinga,Vale do Rio Doce,MG,Caratinga,Ipatinga
3164506,São Sebastião do Maranhão,Peçanha,Vale do Rio Doce,MG,Guanhães,Governador Valadares
3164605,São Sebastião do Oeste,Divinópolis,Oeste de Minas,MG,Divinópolis,Divinópolis
3164704,São Sebastião do Paraíso,São Sebastião do Paraíso,Sul/Sudoeste de Minas,MG,São Sebastião do Paraíso,Varginha
3164803,São Sebastião do Rio Preto,Conceição do Mato Dentro,Metropolitana de Belo Horizonte,MG,Itabira,Belo Horizonte
3164902,São Sebastião do Rio Verde,São Lourenço,Sul/Sudoeste de Minas,MG,São Lourenço,Pouso Alegre
3165008,São Tiago,São João Del Rei,Campo das Vertentes,MG,São João del Rei,Barbacena
3165107,São Tomás de Aquino,São Sebastião do Paraíso,Sul/Sudoeste de Minas,MG,São Sebastião do Paraíso,Varginha
3165206,São Tomé das Letras,Varginha,Sul/Sudoeste de Minas,MG,Três Corações,Varginha
3165305,São Vicente de Minas,Andrelândia,Sul/Sudoeste de Minas,MG,São João del Rei,Barbacena
3165404,Sapucaí-Mirim,Pouso Alegre,Sul/Sudoeste de Minas,MG,Itajubá,Pouso Alegre
3165503,Sardoá,Guanhães,Vale do Rio Doce,MG,Governador Valadares,Governador Valadares
3165537,Sarzedo,Belo Horizonte,Metropolitana de Belo Horizonte,MG,Belo Horizonte,Belo Horizonte
3165552,Setubinha,Teófilo Otoni,Vale do Mucuri,MG,Teófilo Otoni,Teófilo Otoni
3165560,Sem-Peixe,Ponte Nova,Zona da Mata,MG,Ponte Nova,Juíz de Fora
3165578,Senador Amaral,Pouso Alegre,Sul/Sudoeste de Minas,MG,Pouso Alegre,Pouso Alegre
3165602,Senador Cortes,Juiz de Fora,Zona da Mata,MG,São João Nepomuceno - Bicas,Juíz de Fora
3165701,Senador Firmino,Ubá,Zona da Mata,MG,Ubá,Juíz de Fora
3165800,Senador José Bento,Pouso Alegre,Sul/Sudoeste de Minas,MG,Pouso Alegre,Pouso Alegre
3165909,Senador Modestino Gonçalves,Diamantina,Jequitinhonha,MG,Diamantina,Teófilo Otoni
3166006,Senhora de Oliveira,Viçosa,Zona da Mata,MG,Conselheiro Lafaiete,Barbacena
3166105,Senhora do Porto,Guanhães,Vale do Rio Doce,MG,Guanhães,Governador Valadares
3166204,Senhora dos Remédios,Barbacena,Campo das Vertentes,MG,Barbacena,Barbacena
3166303,Sericita,Ponte Nova,Zona da Mata,MG,Ponte Nova,Juíz de Fora
3166402,Seritinga,Andrelândia,Sul/Sudoeste de Minas,MG,Caxambu - Baependi,Pouso Alegre
3166501,Serra Azul de Minas,Conceição do Mato Dentro,Metropolitana de Belo Horizonte,MG,Diamantina,Teófilo Otoni
3166600,Serra da Saudade,Bom Despacho,Central Mineira,MG,Dores do Indaiá,Divinópolis
3166709,Serra dos Aimorés,Nanuque,Vale do Mucuri,MG,Teófilo Otoni,Teófilo Otoni
3166808,Serra do Salitre,Patrocínio,Triângulo Mineiro/Alto Paranaíba,MG,Patrocínio,Patos de Minas
3166907,Serrania,Alfenas,Sul/Sudoeste de Minas,MG,Alfenas,Varginha
3166956,Serranópolis de Minas,Janaúba,Norte de Minas,MG,Janaúba,Montes Claros
3167004,Serranos,Andrelândia,Sul/Sudoeste de Minas,MG,Caxambu - Baependi,Pouso Alegre
3167103,Serro,Conceição do Mato Dentro,Metropolitana de Belo Horizonte,MG,Diamantina,Teófilo Otoni
3167202,Sete Lagoas,Sete Lagoas,Metropolitana de Belo Horizonte,MG,Sete Lagoas,Belo Horizonte
3167301,Silveirânia,Ubá,Zona da Mata,MG,Ubá,Juíz de Fora
3167400,Silvianópolis,Santa Rita do Sapucaí,Sul/Sudoeste de Minas,MG,Pouso Alegre,Pouso Alegre
3167509,Simão Pereira,Juiz de Fora,Zona da Mata,MG,Juiz de Fora,Juíz de Fora
3167608,Simonésia,Manhuaçu,Zona da Mata,MG,Manhuaçu,Juíz de Fora
3167707,Sobrália,Governador Valadares,Vale do Rio Doce,MG,Governador Valadares,Governador Valadares
3167806,Soledade de Minas,São Lourenço,Sul/Sudoeste de Minas,MG,São Lourenço,Pouso Alegre
3167905,Tabuleiro,Ubá,Zona da Mata,MG,Ubá,Juíz de Fora
3168002,Taiobeiras,Salinas,Norte de Minas,MG,Salinas,Montes Claros
3168051,Taparuba,Aimorés,Vale do Rio Doce,MG,Manhuaçu,Juíz de Fora
3168101,Tapira,Araxá,Triângulo Mineiro/Alto Paranaíba,MG,Araxá,Uberaba
3168200,Tapiraí,Piuí,Oeste de Minas,MG,Formiga,Divinópolis
3168309,Taquaraçu de Minas,Itabira,Metropolitana de Belo Horizonte,MG,Belo Horizonte,Belo Horizonte
3168408,Tarumirim,Caratinga,Vale do Rio Doce,MG,Governador Valadares,Governador Valadares
3168507,Teixeiras,Viçosa,Zona da Mata,MG,Viçosa,Juíz de Fora
3168606,Teófilo Otoni,Teófilo Otoni,Vale do Mucuri,MG,Teófilo Otoni,Teófilo Otoni
3168705,Timóteo,Ipatinga,Vale do Rio Doce,MG,Ipatinga,Ipatinga
3168804,Tiradentes,São João Del Rei,Campo das Vertentes,MG,São João del Rei,Barbacena
3168903,Tiros,Patos de Minas,Triângulo Mineiro/Alto Paranaíba,MG,Patos de Minas,Patos de Minas
3169000,Tocantins,Ubá,Zona da Mata,MG,Ubá,Juíz de Fora
3169059,Tocos do Moji,Pouso Alegre,Sul/Sudoeste de Minas,MG,Pouso Alegre,Pouso Alegre
3169109,Toledo,Pouso Alegre,Sul/Sudoeste de Minas,MG,Pouso Alegre,Pouso Alegre
3169208,Tombos,Muriaé,Zona da Mata,MG,Carangola,Juíz de Fora
3169307,Três Corações,Varginha,Sul/Sudoeste de Minas,MG,Três Corações,Varginha
3169356,Três Marias,Três Marias,Central Mineira,MG,Curvelo,Belo Horizonte
3169406,Três Pontas,Varginha,Sul/Sudoeste de Minas,MG,Três Pontas - Boa Esperança,Varginha
3169505,Tumiritinga,Governador Valadares,Vale do Rio Doce,MG,Governador Valadares,Governador Valadares
3169604,Tupaciguara,Uberlândia,Triângulo Mineiro/Alto Paranaíba,MG,Uberlândia,Uberlândia
3169703,Turmalina,Capelinha,Jequitinhonha,MG,Capelinha,Teófilo Otoni
3169802,Turvolândia,Santa Rita do Sapucaí,Sul/Sudoeste de Minas,MG,Pouso Alegre,Pouso Alegre
3169901,Ubá,Ubá,Zona da Mata,MG,Ubá,Juíz de Fora
3170008,Ubaí,Montes Claros,Norte de Minas,MG,São Francisco,Montes Claros
3170057,Ubaporanga,Caratinga,Vale do Rio Doce,MG,Caratinga,Ipatinga
3170107,Uberaba,Uberaba,Triângulo Mineiro/Alto Paranaíba,MG,Uberaba,Uberaba
3170206,Uberlândia,Uberlândia,Triângulo Mineiro/Alto Paranaíba,MG,Uberlândia,Uberlândia
3170305,Umburatiba,Nanuque,Vale do Mucuri,MG,Águas Formosas,Teófilo Otoni
3170404,Unaí,Unaí,Noroeste de Minas,MG,Unaí,Patos de Minas
3170438,União de Minas,Frutal,Triângulo Mineiro/Alto Paranaíba,MG,Iturama,Uberaba
3170479,Uruana de Minas,Unaí,Noroeste de Minas,MG,Unaí,Patos de Minas
3170503,Urucânia,Ponte Nova,Zona da Mata,MG,Ponte Nova,Juíz de Fora
3170529,Urucuia,Januária,Norte de Minas,MG,Unaí,Patos de Minas
3170578,Vargem Alegre,Caratinga,Vale do Rio Doce,MG,Caratinga,Ipatinga
3170602,Vargem Bonita,Piuí,Oeste de Minas,MG,Piumhi,Varginha
3170651,Vargem Grande do Rio Pardo,Salinas,Norte de Minas,MG,Salinas,Montes Claros
3170701,Varginha,Varginha,Sul/Sudoeste de Minas,MG,Varginha,Varginha
3170750,Varjão de Minas,Paracatu,Noroeste de Minas,MG,Patos de Minas,Patos de Minas
3170800,Várzea da Palma,Pirapora,Norte de Minas,MG,Pirapora,Montes Claros
3170909,Varzelândia,Montes Claros,Norte de Minas,MG,Montes Claros,Montes Claros
3171006,Vazante,Paracatu,Noroeste de Minas,MG,Patos de Minas,Patos de Minas
3171030,Verdelândia,Montes Claros,Norte de Minas,MG,Janaúba,Montes Claros
3171071,Veredinha,Capelinha,Jequitinhonha,MG,Capelinha,Teófilo Otoni
3171105,Veríssimo,Uberaba,Triângulo Mineiro/Alto Paranaíba,MG,Uberaba,Uberaba
3171154,Vermelho Novo,Ponte Nova,Zona da Mata,MG,Caratinga,Ipatinga
3171204,Vespasiano,Belo Horizonte,Metropolitana de Belo Horizonte,MG,Belo Horizonte,Belo Horizonte
3171303,Viçosa,Viçosa,Zona da Mata,MG,Viçosa,Juíz de Fora
3171402,Vieiras,Muriaé,Zona da Mata,MG,Muriaé,Juíz de Fora
3171501,Mathias Lobato,Governador Valadares,Vale do Rio Doce,MG,Governador Valadares,Governador Valadares
3171600,Virgem da Lapa,Araçuaí,Jequitinhonha,MG,Araçuaí,Teófilo Otoni
3171709,Virgínia,Itajubá,Sul/Sudoeste de Minas,MG,São Lourenço,Pouso Alegre
3171808,Virginópolis,Guanhães,Vale do Rio Doce,MG,Guanhães,Governador Valadares
3171907,Virgolândia,Governador Valadares,Vale do Rio Doce,MG,Governador Valadares,Governador Valadares
3172004,Visconde do Rio Branco,Ubá,Zona da Mata,MG,Ubá,Juíz de Fora
3172103,Volta Grande,Cataguases,Zona da Mata,MG,Além Paraíba,Juíz de Fora
3172202,Wenceslau Braz,Itajubá,Sul/Sudoeste de Minas,MG,Itajubá,Pouso Alegre
3200102,Afonso Cláudio,Afonso Cláudio,Central Espírito-santense,ES,Afonso Cláudio - Venda Nova do Imigrante - Santa Maria de Jetibá,Vitória
3200136,Águia Branca,Nova Venécia,Noroeste Espírito-santense,ES,Colatina,Colatina
3200169,Água Doce do Norte,Barra de São Francisco,Noroeste Espírito-santense,ES,Nova Venécia,Colatina
3200201,Alegre,Alegre,Sul Espírito-santense,ES,Alegre,Cachoeiro do Itapemirim
3200300,Alfredo Chaves,Guarapari,Central Espírito-santense,ES,Vitória,Vitória
3200359,Alto Rio Novo,Colatina,Noroeste Espírito-santense,ES,Colatina,Colatina
3200409,Anchieta,Guarapari,Central Espírito-santense,ES,Vitória,Vitória
3200508,Apiacá,Cachoeiro de Itapemirim,Sul Espírito-santense,ES,Alegre,Cachoeiro do Itapemirim
3200607,Aracruz,Linhares,Litoral Norte Espírito-santense,ES,Linhares,São Mateus
3200706,Atílio Vivácqua,Cachoeiro de Itapemirim,Sul Espírito-santense,ES,Cachoeiro de Itapemirim,Cachoeiro do Itapemirim
3200805,Baixo Guandu,Colatina,Noroeste Espírito-santense,ES,Colatina,Colatina
3200904,Barra de São Francisco,Barra de São Francisco,Noroeste Espírito-santense,ES,Nova Venécia,Colatina
3201001,Boa Esperança,Nova Venécia,Noroeste Espírito-santense,ES,São Mateus,São Mateus
3201100,Bom Jesus do Norte,Cachoeiro de Itapemirim,Sul Espírito-santense,ES,Alegre,Cachoeiro do Itapemirim
3201159,Brejetuba,Afonso Cláudio,Central Espírito-santense,ES,Afonso Cláudio - Venda Nova do Imigrante - Santa Maria de Jetibá,Vitória
3201209,Cachoeiro de Itapemirim,Cachoeiro de Itapemirim,Sul Espírito-santense,ES,Cachoeiro de Itapemirim,Cachoeiro do Itapemirim
3201308,Cariacica,Vitória,Central Espírito-santense,ES,Vitória,Vitória
3201407,Castelo,Cachoeiro de Itapemirim,Sul Espírito-santense,ES,Cachoeiro de Itapemirim,Cachoeiro do Itapemirim
3201506,Colatina,Colatina,Noroeste Espírito-santense,ES,Colatina,Colatina
3201605,Conceição da Barra,São Mateus,Litoral Norte Espírito-santense,ES,São Mateus,São Mateus
3201704,Conceição do Castelo,Afonso Cláudio,Central Espírito-santense,ES,Afonso Cláudio - Venda Nova do Imigrante - Santa Maria de Jetibá,Vitória
3201803,Divino de São Lourenço,Alegre,Sul Espírito-santense,ES,Alegre,Cachoeiro do Itapemirim
3201902,Domingos Martins,Afonso Cláudio,Central Espírito-santense,ES,Afonso Cláudio - Venda Nova do Imigrante - Santa Maria de Jetibá,Vitória
3202009,Dores do Rio Preto,Alegre,Sul Espírito-santense,ES,Alegre,Cachoeiro do Itapemirim
3202108,Ecoporanga,Barra de São Francisco,Noroeste Espírito-santense,ES,Nova Venécia,Colatina
3202207,Fundão,Linhares,Litoral Norte Espírito-santense,ES,Vitória,Vitória
3202256,Governador Lindenberg,Colatina,Noroeste Espírito-santense,ES,Colatina,Colatina
3202306,Guaçuí,Alegre,Sul Espírito-santense,ES,Alegre,Cachoeiro do Itapemirim
3202405,Guarapari,Guarapari,Central Espírito-santense,ES,Vitória,Vitória
3202454,Ibatiba,Alegre,Sul Espírito-santense,ES,Alegre,Cachoeiro do Itapemirim
3202504,Ibiraçu,Linhares,Litoral Norte Espírito-santense,ES,Linhares,São Mateus
3202553,Ibitirama,Alegre,Sul Espírito-santense,ES,Alegre,Cachoeiro do Itapemirim
3202603,Iconha,Guarapari,Central Espírito-santense,ES,Cachoeiro de Itapemirim,Cachoeiro do Itapemirim
3202652,Irupi,Alegre,Sul Espírito-santense,ES,Alegre,Cachoeiro do Itapemirim
3202702,Itaguaçu,Santa Teresa,Central Espírito-santense,ES,Colatina,Colatina
3202801,Itapemirim,Itapemirim,Sul Espírito-santense,ES,Cachoeiro de Itapemirim,Cachoeiro do Itapemirim
3202900,Itarana,Santa Teresa,Central Espírito-santense,ES,Afonso Cláudio - Venda Nova do Imigrante - Santa Maria de Jetibá,Vitória
3203007,Iúna,Alegre,Sul Espírito-santense,ES,Alegre,Cachoeiro do Itapemirim
3203056,Jaguaré,São Mateus,Litoral Norte Espírito-santense,ES,São Mateus,São Mateus
3203106,Jerônimo Monteiro,Cachoeiro de Itapemirim,Sul Espírito-santense,ES,Cachoeiro de Itapemirim,Cachoeiro do Itapemirim
3203130,João Neiva,Linhares,Litoral Norte Espírito-santense,ES,Linhares,São Mateus
3203163,Laranja da Terra,Afonso Cláudio,Central Espírito-santense,ES,Afonso Cláudio - Venda Nova do Imigrante - Santa Maria de Jetibá,Vitória
3203205,Linhares,Linhares,Litoral Norte Espírito-santense,ES,Linhares,São Mateus
3203304,Mantenópolis,Barra de São Francisco,Noroeste Espírito-santense,ES,Colatina,Colatina
3203320,Marataízes,Itapemirim,Sul Espírito-santense,ES,Cachoeiro de Itapemirim,Cachoeiro do Itapemirim
3203346,Marechal Floriano,Afonso Cláudio,Central Espírito-santense,ES,Afonso Cláudio - Venda Nova do Imigrante - Santa Maria de Jetibá,Vitória
3203353,Marilândia,Colatina,Noroeste Espírito-santense,ES,Colatina,Colatina
3203403,Mimoso do Sul,Cachoeiro de Itapemirim,Sul Espírito-santense,ES,Cachoeiro de Itapemirim,Cachoeiro do Itapemirim
3203502,Montanha,Montanha,Litoral Norte Espírito-santense,ES,São Mateus,São Mateus
3203601,Mucurici,Montanha,Litoral Norte Espírito-santense,ES,São Mateus,São Mateus
3203700,Muniz Freire,Alegre,Sul Espírito-santense,ES,Alegre,Cachoeiro do Itapemirim
3203809,Muqui,Cachoeiro de Itapemirim,Sul Espírito-santense,ES,Cachoeiro de Itapemirim,Cachoeiro do Itapemirim
3203908,Nova Venécia,Nova Venécia,Noroeste Espírito-santense,ES,Nova Venécia,Colatina
3204005,Pancas,Colatina,Noroeste Espírito-santense,ES,Colatina,Colatina
3204054,Pedro Canário,São Mateus,Litoral Norte Espírito-santense,ES,São Mateus,São Mateus
3204104,Pinheiros,Montanha,Litoral Norte Espírito-santense,ES,São Mateus,São Mateus
3204203,Piúma,Guarapari,Central Espírito-santense,ES,Vitória,Vitória
3204252,Ponto Belo,Montanha,Litoral Norte Espírito-santense,ES,São Mateus,São Mateus
3204302,Presidente Kennedy,Itapemirim,Sul Espírito-santense,ES,Cachoeiro de Itapemirim,Cachoeiro do Itapemirim
3204351,Rio Bananal,Linhares,Litoral Norte Espírito-santense,ES,Linhares,São Mateus
3204401,Rio Novo do Sul,Guarapari,Central Espírito-santense,ES,Cachoeiro de Itapemirim,Cachoeiro do Itapemirim
3204500,Santa Leopoldina,Santa Teresa,Central Espírito-santense,ES,Afonso Cláudio - Venda Nova do Imigrante - Santa Maria de Jetibá,Vitória
3204559,Santa Maria de Jetibá,Santa Teresa,Central Espírito-santense,ES,Afonso Cláudio - Venda Nova do Imigrante - Santa Maria de Jetibá,Vitória
3204609,Santa Teresa,Santa Teresa,Central Espírito-santense,ES,Afonso Cláudio - Venda Nova do Imigrante - Santa Maria de Jetibá,Vitória
3204658,São Domingos do Norte,Colatina,Noroeste Espírito-santense,ES,Colatina,Colatina
3204708,São Gabriel da Palha,Nova Venécia,Noroeste Espírito-santense,ES,Colatina,Colatina
3204807,São José do Calçado,Cachoeiro de Itapemirim,Sul Espírito-santense,ES,Alegre,Cachoeiro do Itapemirim
3204906,São Mateus,São Mateus,Litoral Norte Espírito-santense,ES,São Mateus,São Mateus
3204955,São Roque do Canaã,Santa Teresa,Central Espírito-santense,ES,Colatina,Colatina
3205002,Serra,Vitória,Central Espírito-santense,ES,Vitória,Vitória
3205010,Sooretama,Linhares,Litoral Norte Espírito-santense,ES,Linhares,São Mateus
3205036,Vargem Alta,Cachoeiro de Itapemirim,Sul Espírito-santense,ES,Cachoeiro de Itapemirim,Cachoeiro do Itapemirim
3205069,Venda Nova do Imigrante,Afonso Cláudio,Central Espírito-santense,ES,Afonso Cláudio - Venda Nova do Imigrante - Santa Maria de Jetibá,Vitória
3205101,Viana,Vitória,Central Espírito-santense,ES,Vitória,Vitória
3205150,Vila Pavão,Nova Venécia,Noroeste Espírito-santense,ES,Nova Venécia,Colatina
3205176,Vila Valério,Nova Venécia,Noroeste Espírito-santense,ES,Colatina,Colatina
3205200,Vila Velha,Vitória,Central Espírito-santense,ES,Vitória,Vitória
3205309,Vitória,Vitória,Central Espírito-santense,ES,Vitória,Vitória
3300100,Angra dos Reis,Baía da Ilha Grande,Sul Fluminense,RJ,Angra dos Reis,Rio de Janeiro
3300159,Aperibé,Santo Antônio de Pádua,Noroeste Fluminense,RJ,Santo Antônio de Pádua,Campos dos Goytacazes
3300209,Araruama,Lagos,Baixadas,RJ,Cabo Frio,Macaé - Rio das Ostras - Cabo Frio
3300225,Areal,Três Rios,Centro Fluminense,RJ,Petrópolis,Petrópolis
3300233,Armação dos Búzios,Lagos,Baixadas,RJ,Cabo Frio,Macaé - Rio das Ostras - Cabo Frio
3300258,Arraial do Cabo,Lagos,Baixadas,RJ,Cabo Frio,Macaé - Rio das Ostras - Cabo Frio
3300308,Barra do Piraí,Barra do Piraí,Sul Fluminense,RJ,Volta Redonda - Barra Mansa,Volta Redonda - Barra Mansa
3300407,Barra Mansa,Vale do Paraíba Fluminense,Sul Fluminense,RJ,Volta Redonda - Barra Mansa,Volta Redonda - Barra Mansa
3300456,Belford Roxo,Rio de Janeiro,Metropolitana do Rio de Janeiro,RJ,Rio de Janeiro,Rio de Janeiro
3300506,Bom Jardim,Nova Friburgo,Centro Fluminense,RJ,Nova Friburgo,Petrópolis
3300605,Bom Jesus do Itabapoana,Itaperuna,Noroeste Fluminense,RJ,Itaperuna,Campos dos Goytacazes
3300704,Cabo Frio,Lagos,Baixadas,RJ,Cabo Frio,Macaé - Rio das Ostras - Cabo Frio
3300803,Cachoeiras de Macacu,Macacu-Caceribu,Metropolitana do Rio de Janeiro,RJ,Rio Bonito,Rio de Janeiro
3300902,Cambuci,Santo Antônio de Pádua,Noroeste Fluminense,RJ,Santo Antônio de Pádua,Campos dos Goytacazes
3300936,Carapebus,Macaé,Norte Fluminense,RJ,Macaé - Rio das Ostras,Macaé - Rio das Ostras - Cabo Frio
3300951,Comendador Levy Gasparian,Três Rios,Centro Fluminense,RJ,Três Rios - Paraíba do Sul,Petrópolis
3301009,Campos dos Goytacazes,Campos dos Goytacazes,Norte Fluminense,RJ,Campos dos Goytacazes,Campos dos Goytacazes
3301108,Cantagalo,Cantagalo-Cordeiro,Centro Fluminense,RJ,Nova Friburgo,Petrópolis
3301157,Cardoso Moreira,Campos dos Goytacazes,Norte Fluminense,RJ,Campos dos Goytacazes,Campos dos Goytacazes
3301207,Carmo,Cantagalo-Cordeiro,Centro Fluminense,RJ,Nova Friburgo,Petrópolis
3301306,Casimiro de Abreu,Bacia de São João,Baixadas,RJ,Macaé - Rio das Ostras,Macaé - Rio das Ostras - Cabo Frio
3301405,Conceição de Macabu,Macaé,Norte Fluminense,RJ,Macaé - Rio das Ostras,Macaé - Rio das Ostras - Cabo Frio
3301504,Cordeiro,Cantagalo-Cordeiro,Centro Fluminense,RJ,Nova Friburgo,Petrópolis
3301603,Duas Barras,Nova Friburgo,Centro Fluminense,RJ,Nova Friburgo,Petrópolis
3301702,Duque de Caxias,Rio de Janeiro,Metropolitana do Rio de Janeiro,RJ,Rio de Janeiro,Rio de Janeiro
3301801,Engenheiro Paulo de Frontin,Vassouras,Metropolitana do Rio de Janeiro,RJ,Volta Redonda - Barra Mansa,Volta Redonda - Barra Mansa
3301850,Guapimirim,Rio de Janeiro,Metropolitana do Rio de Janeiro,RJ,Rio de Janeiro,Rio de Janeiro
3301876,Iguaba Grande,Lagos,Baixadas,RJ,Cabo Frio,Macaé - Rio das Ostras - Cabo Frio
3301900,Itaboraí,Rio de Janeiro,Metropolitana do Rio de Janeiro,RJ,Rio de Janeiro,Rio de Janeiro
3302007,Itaguaí,Itaguaí,Metropolitana do Rio de Janeiro,RJ,Rio de Janeiro,Rio de Janeiro
3302056,Italva,Itaperuna,Noroeste Fluminense,RJ,Campos dos Goytacazes,Campos dos Goytacazes
3302106,Itaocara,Santo Antônio de Pádua,Noroeste Fluminense,RJ,Santo Antônio de Pádua,Campos dos Goytacazes
3302205,Itaperuna,Itaperuna,Noroeste Fluminense,RJ,Itaperuna,Campos dos Goytacazes
3302254,Itatiaia,Vale do Paraíba Fluminense,Sul Fluminense,RJ,Resende,Volta Redonda - Barra Mansa
3302270,Japeri,Rio de Janeiro,Metropolitana do Rio de Janeiro,RJ,Rio de Janeiro,Rio de Janeiro
3302304,Laje do Muriaé,Itaperuna,Noroeste Fluminense,RJ,Itaperuna,Campos dos Goytacazes
3302403,Macaé,Macaé,Norte Fluminense,RJ,Macaé - Rio das Ostras,Macaé - Rio das Ostras - Cabo Frio
3302452,Macuco,Cantagalo-Cordeiro,Centro Fluminense,RJ,Nova Friburgo,Petrópolis
3302502,Magé,Rio de Janeiro,Metropolitana do Rio de Janeiro,RJ,Rio de Janeiro,Rio de Janeiro
3302601,Mangaratiba,Itaguaí,Metropolitana do Rio de Janeiro,RJ,Rio de Janeiro,Rio de Janeiro
3302700,Maricá,Rio de Janeiro,Metropolitana do Rio de Janeiro,RJ,Rio de Janeiro,Rio de Janeiro
3302809,Mendes,Vassouras,Metropolitana do Rio de Janeiro,RJ,Volta Redonda - Barra Mansa,Volta Redonda - Barra Mansa
3302858,Mesquita,Rio de Janeiro,Metropolitana do Rio de Janeiro,RJ,Rio de Janeiro,Rio de Janeiro
3302908,Miguel Pereira,Vassouras,Metropolitana do Rio de Janeiro,RJ,Valença,Volta Redonda - Barra Mansa
3303005,Miracema,Santo Antônio de Pádua,Noroeste Fluminense,RJ,Santo Antônio de Pádua,Campos dos Goytacazes
3303104,Natividade,Itaperuna,Noroeste Fluminense,RJ,Itaperuna,Campos dos Goytacazes
3303203,Nilópolis,Rio de Janeiro,Metropolitana do Rio de Janeiro,RJ,Rio de Janeiro,Rio de Janeiro
3303302,Niterói,Rio de Janeiro,Metropolitana do Rio de Janeiro,RJ,Rio de Janeiro,Rio de Janeiro
3303401,Nova Friburgo,Nova Friburgo,Centro Fluminense,RJ,Nova Friburgo,Petrópolis
3303500,Nova Iguaçu,Rio de Janeiro,Metropolitana do Rio de Janeiro,RJ,Rio de Janeiro,Rio de Janeiro
3303609,Paracambi,Vassouras,Metropolitana do Rio de Janeiro,RJ,Rio de Janeiro,Rio de Janeiro
3303708,Paraíba do Sul,Três Rios,Centro Fluminense,RJ,Três Rios - Paraíba do Sul,Petrópolis
3303807,Paraty,Baía da Ilha Grande,Sul Fluminense,RJ,Angra dos Reis,Rio de Janeiro
3303856,Paty do Alferes,Vassouras,Metropolitana do Rio de Janeiro,RJ,Valença,Volta Redonda - Barra Mansa
3303906,Petrópolis,Serrana,Metropolitana do Rio de Janeiro,RJ,Petrópolis,Petrópolis
3303955,Pinheiral,Vale do Paraíba Fluminense,Sul Fluminense,RJ,Volta Redonda - Barra Mansa,Volta Redonda - Barra Mansa
3304003,Piraí,Vale do Paraíba Fluminense,Sul Fluminense,RJ,Volta Redonda - Barra Mansa,Volta Redonda - Barra Mansa
3304102,Porciúncula,Itaperuna,Noroeste Fluminense,RJ,Itaperuna,Campos dos Goytacazes
3304110,Porto Real,Vale do Paraíba Fluminense,Sul Fluminense,RJ,Resende,Volta Redonda - Barra Mansa
3304128,Quatis,Vale do Paraíba Fluminense,Sul Fluminense,RJ,Resende,Volta Redonda - Barra Mansa
3304144,Queimados,Rio de Janeiro,Metropolitana do Rio de Janeiro,RJ,Rio de Janeiro,Rio de Janeiro
3304151,Quissamã,Macaé,Norte Fluminense,RJ,Macaé - Rio das Ostras,Macaé - Rio das Ostras - Cabo Frio
3304201,Resende,Vale do Paraíba Fluminense,Sul Fluminense,RJ,Resende,Volta Redonda - Barra Mansa
3304300,Rio Bonito,Macacu-Caceribu,Metropolitana do Rio de Janeiro,RJ,Rio Bonito,Rio de Janeiro
3304409,Rio Claro,Vale do Paraíba Fluminense,Sul Fluminense,RJ,Volta Redonda - Barra Mansa,Volta Redonda - Barra Mansa
3304508,Rio das Flores,Barra do Piraí,Sul Fluminense,RJ,Valença,Volta Redonda - Barra Mansa
3304524,Rio das Ostras,Bacia de São João,Baixadas,RJ,Macaé - Rio das Ostras,Macaé - Rio das Ostras - Cabo Frio
3304557,Rio de Janeiro,Rio de Janeiro,Metropolitana do Rio de Janeiro,RJ,Rio de Janeiro,Rio de Janeiro
3304607,Santa Maria Madalena,Santa Maria Madalena,Centro Fluminense,RJ,Nova Friburgo,Petrópolis
3304706,Santo Antônio de Pádua,Santo Antônio de Pádua,Noroeste Fluminense,RJ,Santo Antônio de Pádua,Campos dos Goytacazes
3304755,São Francisco de Itabapoana,Campos dos Goytacazes,Norte Fluminense,RJ,Campos dos Goytacazes,Campos dos Goytacazes
3304805,São Fidélis,Campos dos Goytacazes,Norte Fluminense,RJ,Campos dos Goytacazes,Campos dos Goytacazes
3304904,São Gonçalo,Rio de Janeiro,Metropolitana do Rio de Janeiro,RJ,Rio de Janeiro,Rio de Janeiro
3305000,São João da Barra,Campos dos Goytacazes,Norte Fluminense,RJ,Campos dos Goytacazes,Campos dos Goytacazes
3305109,São João de Meriti,Rio de Janeiro,Metropolitana do Rio de Janeiro,RJ,Rio de Janeiro,Rio de Janeiro
3305133,São José de Ubá,Santo Antônio de Pádua,Noroeste Fluminense,RJ,Itaperuna,Campos dos Goytacazes
3305158,São José do Vale do Rio Preto,Serrana,Metropolitana do Rio de Janeiro,RJ,Petrópolis,Petrópolis
3305208,São Pedro da Aldeia,Lagos,Baixadas,RJ,Cabo Frio,Macaé - Rio das Ostras - Cabo Frio
3305307,São Sebastião do Alto,Santa Maria Madalena,Centro Fluminense,RJ,Nova Friburgo,Petrópolis
3305406,Sapucaia,Três Rios,Centro Fluminense,RJ,Três Rios - Paraíba do Sul,Petrópolis
3305505,Saquarema,Lagos,Baixadas,RJ,Rio de Janeiro,Rio de Janeiro
3305554,Seropédica,Itaguaí,Metropolitana do Rio de Janeiro,RJ,Rio de Janeiro,Rio de Janeiro
3305604,Silva Jardim,Bacia de São João,Baixadas,RJ,Rio Bonito,Rio de Janeiro
3305703,Sumidouro,Nova Friburgo,Centro Fluminense,RJ,Nova Friburgo,Petrópolis
3305752,Tanguá,Rio de Janeiro,Metropolitana do Rio de Janeiro,RJ,Rio de Janeiro,Rio de Janeiro
3305802,Teresópolis,Serrana,Metropolitana do Rio de Janeiro,RJ,Petrópolis,Petrópolis
3305901,Trajano de Moraes,Santa Maria Madalena,Centro Fluminense,RJ,Nova Friburgo,Petrópolis
3306008,Três Rios,Três Rios,Centro Fluminense,RJ,Três Rios - Paraíba do Sul,Petrópolis
3306107,Valença,Barra do Piraí,Sul Fluminense,RJ,Valença,Volta Redonda - Barra Mansa
3306156,Varre-Sai,Itaperuna,Noroeste Fluminense,RJ,Itaperuna,Campos dos Goytacazes
3306206,Vassouras,Vassouras,Metropolitana do Rio de Janeiro,RJ,Valença,Volta Redonda - Barra Mansa
3306305,Volta Redonda,Vale do Paraíba Fluminense,Sul Fluminense,RJ,Volta Redonda - Barra Mansa,Volta Redonda - Barra Mansa
3500105,Adamantina,Adamantina,Presidente Prudente,SP,Adamantina - Lucélia,Presidente Prudente
3500204,Adolfo,São José do Rio Preto,São José do Rio Preto,SP,São José do Rio Preto,São José do Rio Preto
3500303,Aguaí,Pirassununga,Campinas,SP,São João da Boa Vista,Campinas
3500402,Águas da Prata,São João da Boa Vista,Campinas,SP,São João da Boa Vista,Campinas
3500501,Águas de Lindóia,Amparo,Campinas,SP,Amparo,Campinas
3500550,Águas de Santa Bárbara,Avaré,Bauru,SP,Avaré,Sorocaba
3500600,Águas de São Pedro,Piracicaba,Piracicaba,SP,Piracicaba,Campinas
3500709,Agudos,Bauru,Bauru,SP,Bauru,Bauru
3500758,Alambari,Itapetininga,Itapetininga,SP,Itapetininga,Sorocaba
3500808,Alfredo Marcondes,Presidente Prudente,Presidente Prudente,SP,Presidente Prudente,Presidente Prudente
3500907,Altair,São José do Rio Preto,São José do Rio Preto,SP,São José do Rio Preto,São José do Rio Preto
3501004,Altinópolis,Batatais,Ribeirão Preto,SP,Ribeirão Preto,Ribeirão Preto
3501103,Alto Alegre,Birigui,Araçatuba,SP,Birigui - Penápolis,Araçatuba
3501152,Alumínio,Sorocaba,Macro Metropolitana Paulista,SP,Sorocaba,Sorocaba
3501202,Álvares Florence,Votuporanga,São José do Rio Preto,SP,Votuporanga,São José do Rio Preto
3501301,Álvares Machado,Presidente Prudente,Presidente Prudente,SP,Presidente Prudente,Presidente Prudente
3501400,Álvaro de Carvalho,Marília,Marília,SP,Marília,Marília
3501509,Alvinlândia,Marília,Marília,SP,Marília,Marília
3501608,Americana,Campinas,Campinas,SP,Campinas,Campinas
3501707,Américo Brasiliense,Araraquara,Araraquara,SP,Araraquara,Araraquara
3501806,Américo de Campos,Votuporanga,São José do Rio Preto,SP,Votuporanga,São José do Rio Preto
3501905,Amparo,Amparo,Campinas,SP,Amparo,Campinas
3502002,Analândia,São Carlos,Araraquara,SP,Rio Claro,Campinas
3502101,Andradina,Andradina,Araçatuba,SP,Andradina,Araçatuba
3502200,Angatuba,Itapetininga,Itapetininga,SP,Itapetininga,Sorocaba
3502309,Anhembi,Botucatu,Bauru,SP,Botucatu,Bauru
3502408,Anhumas,Presidente Prudente,Presidente Prudente,SP,Presidente Prudente,Presidente Prudente
3502507,Aparecida,Guaratinguetá,Vale do Paraíba Paulista,SP,Guaratinguetá,São José dos Campos
3502606,Aparecida d'Oeste,Jales,São José do Rio Preto,SP,Jales,São José do Rio Preto
3502705,Apiaí,Capão Bonito,Itapetininga,SP,Itapeva,Sorocaba
3502754,Araçariguama,Sorocaba,Macro Metropolitana Paulista,SP,Sorocaba,Sorocaba
3502804,Araçatuba,Araçatuba,Araçatuba,SP,Araçatuba,Araçatuba
3502903,Araçoiaba da Serra,Sorocaba,Macro Metropolitana Paulista,SP,Sorocaba,Sorocaba
3503000,Aramina,Ituverava,Ribeirão Preto,SP,Ituverava,Ribeirão Preto
3503109,Arandu,Avaré,Bauru,SP,Avaré,Sorocaba
3503158,Arapeí,Bananal,Vale do Paraíba Paulista,SP,Cruzeiro,São José dos Campos
3503208,Araraquara,Araraquara,Araraquara,SP,Araraquara,Araraquara
3503307,Araras,Limeira,Piracicaba,SP,Araras,Campinas
3503356,Arco-Íris,Tupã,Marília,SP,Tupã,Marília
3503406,Arealva,Bauru,Bauru,SP,Bauru,Bauru
3503505,Areias,Bananal,Vale do Paraíba Paulista,SP,Cruzeiro,São José dos Campos
3503604,Areiópolis,Bauru,Bauru,SP,Botucatu,Bauru
3503703,Ariranha,Catanduva,São José do Rio Preto,SP,Catanduva,São José do Rio Preto
3503802,Artur Nogueira,Mogi Mirim,Campinas,SP,Campinas,Campinas
3503901,Arujá,Guarulhos,Metropolitana de São Paulo,SP,São Paulo,São Paulo
3503950,Aspásia,Jales,São José do Rio Preto,SP,Jales,São José do Rio Preto
3504008,Assis,Assis,Assis,SP,Assis,Marília
3504107,Atibaia,Bragança Paulista,Macro Metropolitana Paulista,SP,Bragança Paulista,Campinas
3504206,Auriflama,Auriflama,São José do Rio Preto,SP,Araçatuba,Araçatuba
3504305,Avaí,Bauru,Bauru,SP,Bauru,Bauru
3504404,Avanhandava,Birigui,Araçatuba,SP,Birigui - Penápolis,Araçatuba
3504503,Avaré,Avaré,Bauru,SP,Avaré,Sorocaba
3504602,Bady Bassitt,São José do Rio Preto,São José do Rio Preto,SP,São José do Rio Preto,São José do Rio Preto
3504701,Balbinos,Bauru,Bauru,SP,Bauru,Bauru
3504800,Bálsamo,São José do Rio Preto,São José do Rio Preto,SP,São José do Rio Preto,São José do Rio Preto
3504909,Bananal,Bananal,Vale do Paraíba Paulista,SP,Cruzeiro,São José dos Campos
3505005,Barão de Antonina,Itapeva,Itapetininga,SP,Itapeva,Sorocaba
3505104,Barbosa,Birigui,Araçatuba,SP,Birigui - Penápolis,Araçatuba
3505203,Bariri,Jaú,Bauru,SP,Jaú,Bauru
3505302,Barra Bonita,Jaú,Bauru,SP,Jaú,Bauru
3505351,Barra do Chapéu,Capão Bonito,Itapetininga,SP,Itapeva,Sorocaba
3505401,Barra do Turvo,Registro,Litoral Sul Paulista,SP,Registro,Sorocaba
3505500,Barretos,Barretos,Ribeirão Preto,SP,Barretos,Ribeirão Preto
3505609,Barrinha,Ribeirão Preto,Ribeirão Preto,SP,Ribeirão Preto,Ribeirão Preto
3505708,Barueri,Osasco,Metropolitana de São Paulo,SP,São Paulo,São Paulo
3505807,Bastos,Tupã,Marília,SP,Tupã,Marília
3505906,Batatais,Batatais,Ribeirão Preto,SP,Ribeirão Preto,Ribeirão Preto
3506003,Bauru,Bauru,Bauru,SP,Bauru,Bauru
3506102,Bebedouro,Jaboticabal,Ribeirão Preto,SP,Barretos,Ribeirão Preto
3506201,Bento de Abreu,Araçatuba,Araçatuba,SP,Araçatuba,Araçatuba
3506300,Bernardino de Campos,Ourinhos,Assis,SP,Ourinhos,Marília
3506359,Bertioga,Santos,Metropolitana de São Paulo,SP,Santos,São Paulo
3506409,Bilac,Birigui,Araçatuba,SP,Birigui - Penápolis,Araçatuba
3506508,Birigui,Birigui,Araçatuba,SP,Birigui - Penápolis,Araçatuba
3506607,Biritiba Mirim,Mogi das Cruzes,Metropolitana de São Paulo,SP,São Paulo,São Paulo
3506706,Boa Esperança do Sul,Araraquara,Araraquara,SP,Araraquara,Araraquara
3506805,Bocaina,Jaú,Bauru,SP,Jaú,Bauru
3506904,Bofete,Botucatu,Bauru,SP,Botucatu,Bauru
3507001,Boituva,Tatuí,Itapetininga,SP,Sorocaba,Sorocaba
3507100,Bom Jesus dos Perdões,Bragança Paulista,Macro Metropolitana Paulista,SP,Bragança Paulista,Campinas
3507159,Bom Sucesso de Itararé,Itapeva,Itapetininga,SP,Itapeva,Sorocaba
3507209,Borá,Assis,Assis,SP,Assis,Marília
3507308,Boracéia,Jaú,Bauru,SP,Jaú,Bauru
3507407,Borborema,Araraquara,Araraquara,SP,Araraquara,Araraquara
3507456,Borebi,Bauru,Bauru,SP,Bauru,Bauru
3507506,Botucatu,Botucatu,Bauru,SP,Botucatu,Bauru
3507605,Bragança Paulista,Bragança Paulista,Macro Metropolitana Paulista,SP,Bragança Paulista,Campinas
3507704,Braúna,Birigui,Araçatuba,SP,Birigui - Penápolis,Araçatuba
3507753,Brejo Alegre,Birigui,Araçatuba,SP,Birigui - Penápolis,Araçatuba
3507803,Brodowski,Ribeirão Preto,Ribeirão Preto,SP,Ribeirão Preto,Ribeirão Preto
3507902,Brotas,Rio Claro,Piracicaba,SP,Jaú,Bauru
3508009,Buri,Itapeva,Itapetininga,SP,Itapeva,Sorocaba
3508108,Buritama,Birigui,Araçatuba,SP,Birigui - Penápolis,Araçatuba
3508207,Buritizal,Ituverava,Ribeirão Preto,SP,Ituverava,Ribeirão Preto
3508306,Cabrália Paulista,Bauru,Bauru,SP,Bauru,Bauru
3508405,Cabreúva,Sorocaba,Macro Metropolitana Paulista,SP,Jundiaí,Campinas
3508504,Caçapava,São José dos Campos,Vale do Paraíba Paulista,SP,São José dos Campos,São José dos Campos
3508603,Cachoeira Paulista,Guaratinguetá,Vale do Paraíba Paulista,SP,Cruzeiro,São José dos Campos
3508702,Caconde,São João da Boa Vista,Campinas,SP,São José do Rio Pardo - Mococa,Campinas
3508801,Cafelândia,Lins,Bauru,SP,Lins,Bauru
3508900,Caiabu,Presidente Prudente,Presidente Prudente,SP,Presidente Prudente,Presidente Prudente
3509007,Caieiras,Franco da Rocha,Metropolitana de São Paulo,SP,São Paulo,São Paulo
3509106,Caiuá,Presidente Prudente,Presidente Prudente,SP,Presidente Epitácio-Presidente Venceslau,Presidente Prudente
3509205,Cajamar,Osasco,Metropolitana de São Paulo,SP,São Paulo,São Paulo
3509254,Cajati,Registro,Litoral Sul Paulista,SP,Registro,Sorocaba
3509304,Cajobi,Catanduva,São José do Rio Preto,SP,Barretos,Ribeirão Preto
3509403,Cajuru,Batatais,Ribeirão Preto,SP,Ribeirão Preto,Ribeirão Preto
3509452,Campina do Monte Alegre,Itapetininga,Itapetininga,SP,Itapetininga,Sorocaba
3509502,Campinas,Campinas,Campinas,SP,Campinas,Campinas
3509601,Campo Limpo Paulista,Jundiaí,Macro Metropolitana Paulista,SP,Jundiaí,Campinas
3509700,Campos do Jordão,Campos do Jordão,Vale do Paraíba Paulista,SP,Taubaté - Pindamonhangaba,São José dos Campos
3509809,Campos Novos Paulista,Assis,Assis,SP,Marília,Marília
3509908,Cananéia,Registro,Litoral Sul Paulista,SP,Registro,Sorocaba
3509957,Canas,Guaratinguetá,Vale do Paraíba Paulista,SP,Guaratinguetá,São José dos Campos
3510005,Cândido Mota,Assis,Assis,SP,Assis,Marília
3510104,Cândido Rodrigues,Jaboticabal,Ribeirão Preto,SP,Araraquara,Araraquara
3510153,Canitar,Ourinhos,Assis,SP,Ourinhos,Marília
3510203,Capão Bonito,Capão Bonito,Itapetininga,SP,Itapeva,Sorocaba
3510302,Capela do Alto,Sorocaba,Macro Metropolitana Paulista,SP,Sorocaba,Sorocaba
3510401,Capivari,Piracicaba,Piracicaba,SP,Piracicaba,Campinas
3510500,Caraguatatuba,Caraguatatuba,Vale do Paraíba Paulista,SP,Caraguatatuba - Ubatuba - São Sebastião,São José dos Campos
3510609,Carapicuíba,Osasco,Metropolitana de São Paulo,SP,São Paulo,São Paulo
3510708,Cardoso,Votuporanga,São José do Rio Preto,SP,Votuporanga,São José do Rio Preto
3510807,Casa Branca,São João da Boa Vista,Campinas,SP,São João da Boa Vista,Campinas
3510906,Cássia dos Coqueiros,Batatais,Ribeirão Preto,SP,Ribeirão Preto,Ribeirão Preto
3511003,Castilho,Andradina,Araçatuba,SP,Andradina,Araçatuba
3511102,Catanduva,Catanduva,São José do Rio Preto,SP,Catanduva,São José do Rio Preto
3511201,Catiguá,Catanduva,São José do Rio Preto,SP,Catanduva,São José do Rio Preto
3511300,Cedral,São José do Rio Preto,São José do Rio Preto,SP,São José do Rio Preto,São José do Rio Preto
3511409,Cerqueira César,Avaré,Bauru,SP,Avaré,Sorocaba
3511508,Cerquilho,Tatuí,Itapetininga,SP,Sorocaba,Sorocaba
3511607,Cesário Lange,Tatuí,Itapetininga,SP,Tatuí,Sorocaba
3511706,Charqueada,Piracicaba,Piracicaba,SP,Piracicaba,Campinas
3511904,Clementina,Birigui,Araçatuba,SP,Birigui - Penápolis,Araçatuba
3512001,Colina,Barretos,Ribeirão Preto,SP,Barretos,Ribeirão Preto
3512100,Colômbia,Barretos,Ribeirão Preto,SP,Barretos,Ribeirão Preto
3512209,Conchal,Limeira,Piracicaba,SP,Araras,Campinas
3512308,Conchas,Botucatu,Bauru,SP,Botucatu,Bauru
3512407,Cordeirópolis,Limeira,Piracicaba,SP,Limeira,Campinas
3512506,Coroados,Birigui,Araçatuba,SP,Birigui - Penápolis,Araçatuba
3512605,Coronel Macedo,Itapeva,Itapetininga,SP,Avaré,Sorocaba
3512704,Corumbataí,Rio Claro,Piracicaba,SP,Rio Claro,Campinas
3512803,Cosmópolis,Campinas,Campinas,SP,Campinas,Campinas
3512902,Cosmorama,Votuporanga,São José do Rio Preto,SP,Votuporanga,São José do Rio Preto
3513009,Cotia,Itapecerica da Serra,Metropolitana de São Paulo,SP,São Paulo,São Paulo
3513108,Cravinhos,Ribeirão Preto,Ribeirão Preto,SP,Ribeirão Preto,Ribeirão Preto
3513207,Cristais Paulista,Franca,Ribeirão Preto,SP,Franca,Ribeirão Preto
3513306,Cruzália,Assis,Assis,SP,Assis,Marília
3513405,Cruzeiro,Guaratinguetá,Vale do Paraíba Paulista,SP,Cruzeiro,São José dos Campos
3513504,Cubatão,Santos,Metropolitana de São Paulo,SP,Santos,São Paulo
3513603,Cunha,Paraibuna/Paraitinga,Vale do Paraíba Paulista,SP,Guaratinguetá,São José dos Campos
3513702,Descalvado,São Carlos,Araraquara,SP,São Carlos,Araraquara
3513801,Diadema,São Paulo,Metropolitana de São Paulo,SP,São Paulo,São Paulo
3513850,Dirce Reis,Jales,São José do Rio Preto,SP,Jales,São José do Rio Preto
3513900,Divinolândia,São João da Boa Vista,Campinas,SP,São José do Rio Pardo - Mococa,Campinas
3514007,Dobrada,Araraquara,Araraquara,SP,Araraquara,Araraquara
3514106,Dois Córregos,Jaú,Bauru,SP,Jaú,Bauru
3514205,Dolcinópolis,Jales,São José do Rio Preto,SP,Jales,São José do Rio Preto
3514304,Dourado,São Carlos,Araraquara,SP,São Carlos,Araraquara
3514403,Dracena,Dracena,Presidente Prudente,SP,Dracena,Presidente Prudente
3514502,Duartina,Bauru,Bauru,SP,Bauru,Bauru
3514601,Dumont,Ribeirão Preto,Ribeirão Preto,SP,Ribeirão Preto,Ribeirão Preto
3514700,Echaporã,Marília,Marília,SP,Marília,Marília
3514809,Eldorado,Registro,Litoral Sul Paulista,SP,Registro,Sorocaba
3514908,Elias Fausto,Campinas,Campinas,SP,Campinas,Campinas
3514924,Elisiário,Catanduva,São José do Rio Preto,SP,Catanduva,São José do Rio Preto
3514957,Embaúba,Catanduva,São José do Rio Preto,SP,Catanduva,São José do Rio Preto
3515004,Embu das Artes,Itapecerica da Serra,Metropolitana de São Paulo,SP,São Paulo,São Paulo
3515103,Embu-Guaçu,Itapecerica da Serra,Metropolitana de São Paulo,SP,São Paulo,São Paulo
3515129,Emilianópolis,Presidente Prudente,Presidente Prudente,SP,Presidente Prudente,Presidente Prudente
3515152,Engenheiro Coelho,Mogi Mirim,Campinas,SP,Limeira,Campinas
3515186,Espírito Santo do Pinhal,São João da Boa Vista,Campinas,SP,São João da Boa Vista,Campinas
3515194,Espírito Santo do Turvo,Ourinhos,Assis,SP,Ourinhos,Marília
3515202,Estrela d'Oeste,Fernandópolis,São José do Rio Preto,SP,Fernandópolis,São José do Rio Preto
3515301,Estrela do Norte,Presidente Prudente,Presidente Prudente,SP,Presidente Prudente,Presidente Prudente
3515350,Euclides da Cunha Paulista,Presidente Prudente,Presidente Prudente,SP,Presidente Prudente,Presidente Prudente
3515400,Fartura,Ourinhos,Assis,SP,Piraju,Marília
3515509,Fernandópolis,Fernandópolis,São José do Rio Preto,SP,Fernandópolis,São José do Rio Preto
3515608,Fernando Prestes,Jaboticabal,Ribeirão Preto,SP,Catanduva,São José do Rio Preto
3515657,Fernão,Marília,Marília,SP,Marília,Marília
3515707,Ferraz de Vasconcelos,Mogi das Cruzes,Metropolitana de São Paulo,SP,São Paulo,São Paulo
3515806,Flora Rica,Adamantina,Presidente Prudente,SP,Dracena,Presidente Prudente
3515905,Floreal,Auriflama,São José do Rio Preto,SP,Votuporanga,São José do Rio Preto
3516002,Flórida Paulista,Adamantina,Presidente Prudente,SP,Adamantina - Lucélia,Presidente Prudente
3516101,Florínea,Assis,Assis,SP,Assis,Marília
3516200,Franca,Franca,Ribeirão Preto,SP,Franca,Ribeirão Preto
3516309,Francisco Morato,Franco da Rocha,Metropolitana de São Paulo,SP,São Paulo,São Paulo
3516408,Franco da Rocha,Franco da Rocha,Metropolitana de São Paulo,SP,São Paulo,São Paulo
3516507,Gabriel Monteiro,Birigui,Araçatuba,SP,Birigui - Penápolis,Araçatuba
3516606,Gália,Marília,Marília,SP,Marília,Marília
3516705,Garça,Marília,Marília,SP,Marília,Marília
3516804,Gastão Vidigal,Auriflama,São José do Rio Preto,SP,Araçatuba,Araçatuba
3516853,Gavião Peixoto,Araraquara,Araraquara,SP,Araraquara,Araraquara
3516903,General Salgado,Auriflama,São José do Rio Preto,SP,Araçatuba,Araçatuba
3517000,Getulina,Lins,Bauru,SP,Marília,Marília
3517109,Glicério,Birigui,Araçatuba,SP,Birigui - Penápolis,Araçatuba
3517208,Guaiçara,Lins,Bauru,SP,Lins,Bauru
3517307,Guaimbê,Lins,Bauru,SP,Marília,Marília
3517406,Guaíra,São Joaquim da Barra,Ribeirão Preto,SP,Barretos,Ribeirão Preto
3517505,Guapiaçu,São José do Rio Preto,São José do Rio Preto,SP,São José do Rio Preto,São José do Rio Preto
3517604,Guapiara,Capão Bonito,Itapetininga,SP,Itapeva,Sorocaba
3517703,Guará,Ituverava,Ribeirão Preto,SP,Ituverava,Ribeirão Preto
3517802,Guaraçaí,Andradina,Araçatuba,SP,Andradina,Araçatuba
3517901,Guaraci,São José do Rio Preto,São José do Rio Preto,SP,Barretos,Ribeirão Preto
3518008,Guarani d'Oeste,Fernandópolis,São José do Rio Preto,SP,Fernandópolis,São José do Rio Preto
3518107,Guarantã,Bauru,Bauru,SP,Lins,Bauru
3518206,Guararapes,Araçatuba,Araçatuba,SP,Araçatuba,Araçatuba
3518305,Guararema,Mogi das Cruzes,Metropolitana de São Paulo,SP,São Paulo,São Paulo
3518404,Guaratinguetá,Guaratinguetá,Vale do Paraíba Paulista,SP,Guaratinguetá,São José dos Campos
3518503,Guareí,Itapetininga,Itapetininga,SP,Itapetininga,Sorocaba
3518602,Guariba,Jaboticabal,Ribeirão Preto,SP,Ribeirão Preto,Ribeirão Preto
3518701,Guarujá,Santos,Metropolitana de São Paulo,SP,Santos,São Paulo
3518800,Guarulhos,Guarulhos,Metropolitana de São Paulo,SP,São Paulo,São Paulo
3518859,Guatapará,Ribeirão Preto,Ribeirão Preto,SP,Ribeirão Preto,Ribeirão Preto
3518909,Guzolândia,Auriflama,São José do Rio Preto,SP,Araçatuba,Araçatuba
3519006,Herculândia,Tupã,Marília,SP,Tupã,Marília
3519055,Holambra,Campinas,Campinas,SP,Campinas,Campinas
3519071,Hortolândia,Campinas,Campinas,SP,Campinas,Campinas
3519105,Iacanga,Bauru,Bauru,SP,Bauru,Bauru
3519204,Iacri,Tupã,Marília,SP,Tupã,Marília
3519253,Iaras,Avaré,Bauru,SP,Avaré,Sorocaba
3519303,Ibaté,São Carlos,Araraquara,SP,São Carlos,Araraquara
3519402,Ibirá,São José do Rio Preto,São José do Rio Preto,SP,São José do Rio Preto,São José do Rio Preto
3519501,Ibirarema,Assis,Assis,SP,Ourinhos,Marília
3519600,Ibitinga,Araraquara,Araraquara,SP,Araraquara,Araraquara
3519709,Ibiúna,Piedade,Macro Metropolitana Paulista,SP,Sorocaba,Sorocaba
3519808,Icém,São José do Rio Preto,São José do Rio Preto,SP,São José do Rio Preto,São José do Rio Preto
3519907,Iepê,Assis,Assis,SP,Presidente Prudente,Presidente Prudente
3520004,Igaraçu do Tietê,Jaú,Bauru,SP,Jaú,Bauru
3520103,Igarapava,Ituverava,Ribeirão Preto,SP,Ituverava,Ribeirão Preto
3520202,Igaratá,São José dos Campos,Vale do Paraíba Paulista,SP,São José dos Campos,São José dos Campos
3520301,Iguape,Registro,Litoral Sul Paulista,SP,Registro,Sorocaba
3520400,Ilhabela,Caraguatatuba,Vale do Paraíba Paulista,SP,Caraguatatuba - Ubatuba - São Sebastião,São José dos Campos
3520426,Ilha Comprida,Registro,Litoral Sul Paulista,SP,Registro,Sorocaba
3520442,Ilha Solteira,Andradina,Araçatuba,SP,Andradina,Araçatuba
3520509,Indaiatuba,Campinas,Campinas,SP,Campinas,Campinas
3520608,Indiana,Presidente Prudente,Presidente Prudente,SP,Presidente Prudente,Presidente Prudente
3520707,Indiaporã,Fernandópolis,São José do Rio Preto,SP,Fernandópolis,São José do Rio Preto
3520806,Inúbia Paulista,Adamantina,Presidente Prudente,SP,Adamantina - Lucélia,Presidente Prudente
3520905,Ipaussu,Ourinhos,Assis,SP,Ourinhos,Marília
3521002,Iperó,Sorocaba,Macro Metropolitana Paulista,SP,Sorocaba,Sorocaba
3521101,Ipeúna,Rio Claro,Piracicaba,SP,Rio Claro,Campinas
3521150,Ipiguá,São José do Rio Preto,São José do Rio Preto,SP,São José do Rio Preto,São José do Rio Preto
3521200,Iporanga,Capão Bonito,Itapetininga,SP,Registro,Sorocaba
3521309,Ipuã,São Joaquim da Barra,Ribeirão Preto,SP,São Joaquim da Barra ¿ Orlândia,Ribeirão Preto
3521408,Iracemápolis,Limeira,Piracicaba,SP,Limeira,Campinas
3521507,Irapuã,Novo Horizonte,São José do Rio Preto,SP,São José do Rio Preto,São José do Rio Preto
3521606,Irapuru,Adamantina,Presidente Prudente,SP,Dracena,Presidente Prudente
3521705,Itaberá,Itapeva,Itapetininga,SP,Itapeva,Sorocaba
3521804,Itaí,Avaré,Bauru,SP,Avaré,Sorocaba
3521903,Itajobi,Novo Horizonte,São José do Rio Preto,SP,Catanduva,São José do Rio Preto
3522000,Itaju,Jaú,Bauru,SP,Jaú,Bauru
3522109,Itanhaém,Itanhaém,Litoral Sul Paulista,SP,Santos,São Paulo
3522158,Itaoca,Capão Bonito,Itapetininga,SP,Itapeva,Sorocaba
3522208,Itapecerica da Serra,Itapecerica da Serra,Metropolitana de São Paulo,SP,São Paulo,São Paulo
3522307,Itapetininga,Itapetininga,Itapetininga,SP,Itapetininga,Sorocaba
3522406,Itapeva,Itapeva,Itapetininga,SP,Itapeva,Sorocaba
3522505,Itapevi,Osasco,Metropolitana de São Paulo,SP,São Paulo,São Paulo
3522604,Itapira,Mogi Mirim,Campinas,SP,Mogi Guaçu,Campinas
3522653,Itapirapuã Paulista,Capão Bonito,Itapetininga,SP,Itapeva,Sorocaba
3522703,Itápolis,Araraquara,Araraquara,SP,Araraquara,Araraquara
3522802,Itaporanga,Itapeva,Itapetininga,SP,Itapeva,Sorocaba
3522901,Itapuí,Jaú,Bauru,SP,Jaú,Bauru
3523008,Itapura,Andradina,Araçatuba,SP,Andradina,Araçatuba
3523107,Itaquaquecetuba,Mogi das Cruzes,Metropolitana de São Paulo,SP,São Paulo,São Paulo
3523206,Itararé,Itapeva,Itapetininga,SP,Itapeva,Sorocaba
3523305,Itariri,Itanhaém,Litoral Sul Paulista,SP,Santos,São Paulo
3523404,Itatiba,Bragança Paulista,Macro Metropolitana Paulista,SP,Jundiaí,Campinas
3523503,Itatinga,Avaré,Bauru,SP,Botucatu,Bauru
3523602,Itirapina,Rio Claro,Piracicaba,SP,São Carlos,Araraquara
3523701,Itirapuã,Franca,Ribeirão Preto,SP,Franca,Ribeirão Preto
3523800,Itobi,São João da Boa Vista,Campinas,SP,São José do Rio Pardo - Mococa,Campinas
3523909,Itu,Sorocaba,Macro Metropolitana Paulista,SP,Sorocaba,Sorocaba
3524006,Itupeva,Jundiaí,Macro Metropolitana Paulista,SP,Jundiaí,Campinas
3524105,Ituverava,Ituverava,Ribeirão Preto,SP,Ituverava,Ribeirão Preto
3524204,Jaborandi,São Joaquim da Barra,Ribeirão Preto,SP,Barretos,Ribeirão Preto
3524303,Jaboticabal,Jaboticabal,Ribeirão Preto,SP,Ribeirão Preto,Ribeirão Preto
3524402,Jacareí,São José dos Campos,Vale do Paraíba Paulista,SP,São José dos Campos,São José dos Campos
3524501,Jaci,São José do Rio Preto,São José do Rio Preto,SP,São José do Rio Preto,São José do Rio Preto
3524600,Jacupiranga,Registro,Litoral Sul Paulista,SP,Registro,Sorocaba
3524709,Jaguariúna,Campinas,Campinas,SP,Campinas,Campinas
3524808,Jales,Jales,São José do Rio Preto,SP,Jales,São José do Rio Preto
3524907,Jambeiro,Paraibuna/Paraitinga,Vale do Paraíba Paulista,SP,São José dos Campos,São José dos Campos
3525003,Jandira,Osasco,Metropolitana de São Paulo,SP,São Paulo,São Paulo
3525102,Jardinópolis,Ribeirão Preto,Ribeirão Preto,SP,Ribeirão Preto,Ribeirão Preto
3525201,Jarinu,Bragança Paulista,Macro Metropolitana Paulista,SP,Jundiaí,Campinas
3525300,Jaú,Jaú,Bauru,SP,Jaú,Bauru
3525409,Jeriquara,Franca,Ribeirão Preto,SP,Franca,Ribeirão Preto
3525508,Joanópolis,Bragança Paulista,Macro Metropolitana Paulista,SP,Bragança Paulista,Campinas
3525607,João Ramalho,Presidente Prudente,Presidente Prudente,SP,Presidente Prudente,Presidente Prudente
3525706,José Bonifácio,São José do Rio Preto,São José do Rio Preto,SP,São José do Rio Preto,São José do Rio Preto
3525805,Júlio Mesquita,Lins,Bauru,SP,Marília,Marília
3525854,Jumirim,Piracicaba,Piracicaba,SP,Sorocaba,Sorocaba
3525904,Jundiaí,Jundiaí,Macro Metropolitana Paulista,SP,Jundiaí,Campinas
3526001,Junqueirópolis,Dracena,Presidente Prudente,SP,Dracena,Presidente Prudente
3526100,Juquiá,Registro,Litoral Sul Paulista,SP,Registro,Sorocaba
3526209,Juquitiba,Itapecerica da Serra,Metropolitana de São Paulo,SP,São Paulo,São Paulo
3526308,Lagoinha,Paraibuna/Paraitinga,Vale do Paraíba Paulista,SP,Taubaté - Pindamonhangaba,São José dos Campos
3526407,Laranjal Paulista,Tatuí,Itapetininga,SP,Piracicaba,Campinas
3526506,Lavínia,Araçatuba,Araçatuba,SP,Andradina,Araçatuba
3526605,Lavrinhas,Guaratinguetá,Vale do Paraíba Paulista,SP,Cruzeiro,São José dos Campos
3526704,Leme,Limeira,Piracicaba,SP,Araras,Campinas
3526803,Lençóis Paulista,Bauru,Bauru,SP,Bauru,Bauru
3526902,Limeira,Limeira,Piracicaba,SP,Limeira,Campinas
3527009,Lindóia,Amparo,Campinas,SP,Amparo,Campinas
3527108,Lins,Lins,Bauru,SP,Lins,Bauru
3527207,Lorena,Guaratinguetá,Vale do Paraíba Paulista,SP,Guaratinguetá,São José dos Campos
3527256,Lourdes,Birigui,Araçatuba,SP,Birigui - Penápolis,Araçatuba
3527306,Louveira,Jundiaí,Macro Metropolitana Paulista,SP,Jundiaí,Campinas
3527405,Lucélia,Adamantina,Presidente Prudente,SP,Adamantina - Lucélia,Presidente Prudente
3527504,Lucianópolis,Bauru,Bauru,SP,Bauru,Bauru
3527603,Luís Antônio,Ribeirão Preto,Ribeirão Preto,SP,Ribeirão Preto,Ribeirão Preto
3527702,Luiziânia,Birigui,Araçatuba,SP,Birigui - Penápolis,Araçatuba
3527801,Lupércio,Marília,Marília,SP,Marília,Marília
3527900,Lutécia,Assis,Assis,SP,Assis,Marília
3528007,Macatuba,Jaú,Bauru,SP,Bauru,Bauru
3528106,Macaubal,Nhandeara,São José do Rio Preto,SP,São José do Rio Preto,São José do Rio Preto
3528205,Macedônia,Fernandópolis,São José do Rio Preto,SP,Fernandópolis,São José do Rio Preto
3528304,Magda,Auriflama,São José do Rio Preto,SP,Araçatuba,Araçatuba
3528403,Mairinque,Sorocaba,Macro Metropolitana Paulista,SP,Sorocaba,Sorocaba
3528502,Mairiporã,Franco da Rocha,Metropolitana de São Paulo,SP,São Paulo,São Paulo
3528601,Manduri,Ourinhos,Assis,SP,Avaré,Sorocaba
3528700,Marabá Paulista,Presidente Prudente,Presidente Prudente,SP,Presidente Epitácio-Presidente Venceslau,Presidente Prudente
3528809,Maracaí,Assis,Assis,SP,Assis,Marília
3528858,Marapoama,Novo Horizonte,São José do Rio Preto,SP,Catanduva,São José do Rio Preto
3528908,Mariápolis,Adamantina,Presidente Prudente,SP,Adamantina - Lucélia,Presidente Prudente
3529005,Marília,Marília,Marília,SP,Marília,Marília
3529104,Marinópolis,Jales,São José do Rio Preto,SP,Jales,São José do Rio Preto
3529203,Martinópolis,Presidente Prudente,Presidente Prudente,SP,Presidente Prudente,Presidente Prudente
3529302,Matão,Araraquara,Araraquara,SP,Araraquara,Araraquara
3529401,Mauá,São Paulo,Metropolitana de São Paulo,SP,São Paulo,São Paulo
3529500,Mendonça,São José do Rio Preto,São José do Rio Preto,SP,São José do Rio Preto,São José do Rio Preto
3529609,Meridiano,Fernandópolis,São José do Rio Preto,SP,Fernandópolis,São José do Rio Preto
3529658,Mesópolis,Jales,São José do Rio Preto,SP,Jales,São José do Rio Preto
3529708,Miguelópolis,São Joaquim da Barra,Ribeirão Preto,SP,Ituverava,Ribeirão Preto
3529807,Mineiros do Tietê,Jaú,Bauru,SP,Jaú,Bauru
3529906,Miracatu,Registro,Litoral Sul Paulista,SP,Registro,Sorocaba
3530003,Mira Estrela,Fernandópolis,São José do Rio Preto,SP,Fernandópolis,São José do Rio Preto
3530102,Mirandópolis,Andradina,Araçatuba,SP,Andradina,Araçatuba
3530201,Mirante do Paranapanema,Presidente Prudente,Presidente Prudente,SP,Presidente Prudente,Presidente Prudente
3530300,Mirassol,São José do Rio Preto,São José do Rio Preto,SP,São José do Rio Preto,São José do Rio Preto
3530409,Mirassolândia,São José do Rio Preto,São José do Rio Preto,SP,São José do Rio Preto,São José do Rio Preto
3530508,Mococa,São João da Boa Vista,Campinas,SP,São José do Rio Pardo - Mococa,Campinas
3530607,Mogi das Cruzes,Mogi das Cruzes,Metropolitana de São Paulo,SP,São Paulo,São Paulo
3530706,Mogi Guaçu,Mogi Mirim,Campinas,SP,Mogi Guaçu,Campinas
3530805,Mogi Mirim,Mogi Mirim,Campinas,SP,Mogi Guaçu,Campinas
3530904,Mombuca,Piracicaba,Piracicaba,SP,Piracicaba,Campinas
3531001,Monções,Nhandeara,São José do Rio Preto,SP,Araçatuba,Araçatuba
3531100,Mongaguá,Itanhaém,Litoral Sul Paulista,SP,Santos,São Paulo
3531209,Monte Alegre do Sul,Amparo,Campinas,SP,Amparo,Campinas
3531308,Monte Alto,Jaboticabal,Ribeirão Preto,SP,Ribeirão Preto,Ribeirão Preto
3531407,Monte Aprazível,Nhandeara,São José do Rio Preto,SP,São José do Rio Preto,São José do Rio Preto
3531506,Monte Azul Paulista,Jaboticabal,Ribeirão Preto,SP,Barretos,Ribeirão Preto
3531605,Monte Castelo,Dracena,Presidente Prudente,SP,Dracena,Presidente Prudente
3531704,Monteiro Lobato,Campos do Jordão,Vale do Paraíba Paulista,SP,São José dos Campos,São José dos Campos
3531803,Monte Mor,Campinas,Campinas,SP,Campinas,Campinas
3531902,Morro Agudo,São Joaquim da Barra,Ribeirão Preto,SP,São Joaquim da Barra ¿ Orlândia,Ribeirão Preto
3532009,Morungaba,Bragança Paulista,Macro Metropolitana Paulista,SP,Jundiaí,Campinas
3532058,Motuca,Araraquara,Araraquara,SP,Araraquara,Araraquara
3532108,Murutinga do Sul,Andradina,Araçatuba,SP,Andradina,Araçatuba
3532157,Nantes,Assis,Assis,SP,Presidente Prudente,Presidente Prudente
3532207,Narandiba,Presidente Prudente,Presidente Prudente,SP,Presidente Prudente,Presidente Prudente
3532306,Natividade da Serra,Paraibuna/Paraitinga,Vale do Paraíba Paulista,SP,Taubaté - Pindamonhangaba,São José dos Campos
3532405,Nazaré Paulista,Bragança Paulista,Macro Metropolitana Paulista,SP,Bragança Paulista,Campinas
3532504,Neves Paulista,Nhandeara,São José do Rio Preto,SP,São José do Rio Preto,São José do Rio Preto
3532603,Nhandeara,Nhandeara,São José do Rio Preto,SP,Votuporanga,São José do Rio Preto
3532702,Nipoã,Nhandeara,São José do Rio Preto,SP,São José do Rio Preto,São José do Rio Preto
3532801,Nova Aliança,São José do Rio Preto,São José do Rio Preto,SP,São José do Rio Preto,São José do Rio Preto
3532827,Nova Campina,Itapeva,Itapetininga,SP,Itapeva,Sorocaba
3532843,Nova Canaã Paulista,Jales,São José do Rio Preto,SP,Santa Fé do Sul,São José do Rio Preto
3532868,Nova Castilho,Auriflama,São José do Rio Preto,SP,Araçatuba,Araçatuba
3532900,Nova Europa,Araraquara,Araraquara,SP,Araraquara,Araraquara
3533007,Nova Granada,São José do Rio Preto,São José do Rio Preto,SP,São José do Rio Preto,São José do Rio Preto
3533106,Nova Guataporanga,Dracena,Presidente Prudente,SP,Dracena,Presidente Prudente
3533205,Nova Independência,Andradina,Araçatuba,SP,Andradina,Araçatuba
3533254,Novais,Catanduva,São José do Rio Preto,SP,Catanduva,São José do Rio Preto
3533304,Nova Luzitânia,Auriflama,São José do Rio Preto,SP,Araçatuba,Araçatuba
3533403,Nova Odessa,Campinas,Campinas,SP,Campinas,Campinas
3533502,Novo Horizonte,Novo Horizonte,São José do Rio Preto,SP,São José do Rio Preto,São José do Rio Preto
3533601,Nuporanga,São Joaquim da Barra,Ribeirão Preto,SP,São Joaquim da Barra ¿ Orlândia,Ribeirão Preto
3533700,Ocauçu,Marília,Marília,SP,Marília,Marília
3533809,Óleo,Ourinhos,Assis,SP,Avaré,Sorocaba
3533908,Olímpia,São José do Rio Preto,São José do Rio Preto,SP,Barretos,Ribeirão Preto
3534005,Onda Verde,São José do Rio Preto,São José do Rio Preto,SP,São José do Rio Preto,São José do Rio Preto
3534104,Oriente,Marília,Marília,SP,Marília,Marília
3534203,Orindiúva,São José do Rio Preto,São José do Rio Preto,SP,São José do Rio Preto,São José do Rio Preto
3534302,Orlândia,São Joaquim da Barra,Ribeirão Preto,SP,São Joaquim da Barra ¿ Orlândia,Ribeirão Preto
3534401,Osasco,Osasco,Metropolitana de São Paulo,SP,São Paulo,São Paulo
3534500,Oscar Bressane,Marília,Marília,SP,Marília,Marília
3534609,Osvaldo Cruz,Adamantina,Presidente Prudente,SP,Adamantina - Lucélia,Presidente Prudente
3534708,Ourinhos,Ourinhos,Assis,SP,Ourinhos,Marília
3534757,Ouroeste,Fernandópolis,São José do Rio Preto,SP,Fernandópolis,São José do Rio Preto
3534807,Ouro Verde,Dracena,Presidente Prudente,SP,Dracena,Presidente Prudente
3534906,Pacaembu,Adamantina,Presidente Prudente,SP,Adamantina - Lucélia,Presidente Prudente
3535002,Palestina,São José do Rio Preto,São José do Rio Preto,SP,São José do Rio Preto,São José do Rio Preto
3535101,Palmares Paulista,Catanduva,São José do Rio Preto,SP,Catanduva,São José do Rio Preto
3535200,Palmeira d'Oeste,Jales,São José do Rio Preto,SP,Jales,São José do Rio Preto
3535309,Palmital,Assis,Assis,SP,Assis,Marília
3535408,Panorama,Dracena,Presidente Prudente,SP,Dracena,Presidente Prudente
3535507,Paraguaçu Paulista,Assis,Assis,SP,Assis,Marília
3535606,Paraibuna,Paraibuna/Paraitinga,Vale do Paraíba Paulista,SP,São José dos Campos,São José dos Campos
3535705,Paraíso,Catanduva,São José do Rio Preto,SP,Catanduva,São José do Rio Preto
3535804,Paranapanema,Avaré,Bauru,SP,Avaré,Sorocaba
3535903,Paranapuã,Jales,São José do Rio Preto,SP,Jales,São José do Rio Preto
3536000,Parapuã,Adamantina,Presidente Prudente,SP,Tupã,Marília
3536109,Pardinho,Botucatu,Bauru,SP,Botucatu,Bauru
3536208,Pariquera-Açu,Registro,Litoral Sul Paulista,SP,Registro,Sorocaba
3536257,Parisi,Votuporanga,São José do Rio Preto,SP,Votuporanga,São José do Rio Preto
3536307,Patrocínio Paulista,Franca,Ribeirão Preto,SP,Franca,Ribeirão Preto
3536406,Paulicéia,Dracena,Presidente Prudente,SP,Dracena,Presidente Prudente
3536505,Paulínia,Campinas,Campinas,SP,Campinas,Campinas
3536570,Paulistânia,Bauru,Bauru,SP,Bauru,Bauru
3536604,Paulo de Faria,São José do Rio Preto,São José do Rio Preto,SP,São José do Rio Preto,São José do Rio Preto
3536703,Pederneiras,Jaú,Bauru,SP,Bauru,Bauru
3536802,Pedra Bela,Amparo,Campinas,SP,Bragança Paulista,Campinas
3536901,Pedranópolis,Fernandópolis,São José do Rio Preto,SP,Fernandópolis,São José do Rio Preto
3537008,Pedregulho,Franca,Ribeirão Preto,SP,Franca,Ribeirão Preto
3537107,Pedreira,Campinas,Campinas,SP,Campinas,Campinas
3537156,Pedrinhas Paulista,Assis,Assis,SP,Assis,Marília
3537206,Pedro de Toledo,Itanhaém,Litoral Sul Paulista,SP,Santos,São Paulo
3537305,Penápolis,Birigui,Araçatuba,SP,Birigui - Penápolis,Araçatuba
3537404,Pereira Barreto,Andradina,Araçatuba,SP,Andradina,Araçatuba
3537503,Pereiras,Tatuí,Itapetininga,SP,Tatuí,Sorocaba
3537602,Peruíbe,Itanhaém,Litoral Sul Paulista,SP,Santos,São Paulo
3537701,Piacatu,Birigui,Araçatuba,SP,Birigui - Penápolis,Araçatuba
3537800,Piedade,Piedade,Macro Metropolitana Paulista,SP,Sorocaba,Sorocaba
3537909,Pilar do Sul,Piedade,Macro Metropolitana Paulista,SP,Sorocaba,Sorocaba
3538006,Pindamonhangaba,São José dos Campos,Vale do Paraíba Paulista,SP,Taubaté - Pindamonhangaba,São José dos Campos
3538105,Pindorama,Catanduva,São José do Rio Preto,SP,Catanduva,São José do Rio Preto
3538204,Pinhalzinho,Amparo,Campinas,SP,Bragança Paulista,Campinas
3538303,Piquerobi,Presidente Prudente,Presidente Prudente,SP,Presidente Epitácio-Presidente Venceslau,Presidente Prudente
3538501,Piquete,Guaratinguetá,Vale do Paraíba Paulista,SP,Guaratinguetá,São José dos Campos
3538600,Piracaia,Bragança Paulista,Macro Metropolitana Paulista,SP,Bragança Paulista,Campinas
3538709,Piracicaba,Piracicaba,Piracicaba,SP,Piracicaba,Campinas
3538808,Piraju,Ourinhos,Assis,SP,Piraju,Marília
3538907,Pirajuí,Bauru,Bauru,SP,Bauru,Bauru
3539004,Pirangi,Jaboticabal,Ribeirão Preto,SP,Catanduva,São José do Rio Preto
3539103,Pirapora do Bom Jesus,Osasco,Metropolitana de São Paulo,SP,São Paulo,São Paulo
3539202,Pirapozinho,Presidente Prudente,Presidente Prudente,SP,Presidente Prudente,Presidente Prudente
3539301,Pirassununga,Pirassununga,Campinas,SP,São Carlos,Araraquara
3539400,Piratininga,Bauru,Bauru,SP,Bauru,Bauru
3539509,Pitangueiras,Jaboticabal,Ribeirão Preto,SP,Ribeirão Preto,Ribeirão Preto
3539608,Planalto,São José do Rio Preto,São José do Rio Preto,SP,São José do Rio Preto,São José do Rio Preto
3539707,Platina,Assis,Assis,SP,Assis,Marília
3539806,Poá,Mogi das Cruzes,Metropolitana de São Paulo,SP,São Paulo,São Paulo
3539905,Poloni,Nhandeara,São José do Rio Preto,SP,São José do Rio Preto,São José do Rio Preto
3540002,Pompéia,Marília,Marília,SP,Marília,Marília
3540101,Pongaí,Bauru,Bauru,SP,Lins,Bauru
3540200,Pontal,Ribeirão Preto,Ribeirão Preto,SP,Ribeirão Preto,Ribeirão Preto
3540259,Pontalinda,Jales,São José do Rio Preto,SP,Jales,São José do Rio Preto
3540309,Pontes Gestal,Votuporanga,São José do Rio Preto,SP,Votuporanga,São José do Rio Preto
3540408,Populina,Jales,São José do Rio Preto,SP,Jales,São José do Rio Preto
3540507,Porangaba,Tatuí,Itapetininga,SP,Tatuí,Sorocaba
3540606,Porto Feliz,Sorocaba,Macro Metropolitana Paulista,SP,Sorocaba,Sorocaba
3540705,Porto Ferreira,Pirassununga,Campinas,SP,São Carlos,Araraquara
3540754,Potim,Guaratinguetá,Vale do Paraíba Paulista,SP,Guaratinguetá,São José dos Campos
3540804,Potirendaba,São José do Rio Preto,São José do Rio Preto,SP,São José do Rio Preto,São José do Rio Preto
3540853,Pracinha,Adamantina,Presidente Prudente,SP,Adamantina - Lucélia,Presidente Prudente
3540903,Pradópolis,Ribeirão Preto,Ribeirão Preto,SP,Ribeirão Preto,Ribeirão Preto
3541000,Praia Grande,Santos,Metropolitana de São Paulo,SP,Santos,São Paulo
3541059,Pratânia,Botucatu,Bauru,SP,Botucatu,Bauru
3541109,Presidente Alves,Bauru,Bauru,SP,Bauru,Bauru
3541208,Presidente Bernardes,Presidente Prudente,Presidente Prudente,SP,Presidente Prudente,Presidente Prudente
3541307,Presidente Epitácio,Presidente Prudente,Presidente Prudente,SP,Presidente Epitácio-Presidente Venceslau,Presidente Prudente
3541406,Presidente Prudente,Presidente Prudente,Presidente Prudente,SP,Presidente Prudente,Presidente Prudente
3541505,Presidente Venceslau,Presidente Prudente,Presidente Prudente,SP,Presidente Epitácio-Presidente Venceslau,Presidente Prudente
3541604,Promissão,Lins,Bauru,SP,Lins,Bauru
3541653,Quadra,Tatuí,Itapetininga,SP,Tatuí,Sorocaba
3541703,Quatá,Assis,Assis,SP,Presidente Prudente,Presidente Prudente
3541802,Queiroz,Tupã,Marília,SP,Tupã,Marília
3541901,Queluz,Guaratinguetá,Vale do Paraíba Paulista,SP,Cruzeiro,São José dos Campos
3542008,Quintana,Tupã,Marília,SP,Marília,Marília
3542107,Rafard,Piracicaba,Piracicaba,SP,Piracicaba,Campinas
3542206,Rancharia,Presidente Prudente,Presidente Prudente,SP,Presidente Prudente,Presidente Prudente
3542305,Redenção da Serra,Paraibuna/Paraitinga,Vale do Paraíba Paulista,SP,Taubaté - Pindamonhangaba,São José dos Campos
3542404,Regente Feijó,Presidente Prudente,Presidente Prudente,SP,Presidente Prudente,Presidente Prudente
3542503,Reginópolis,Bauru,Bauru,SP,Bauru,Bauru
3542602,Registro,Registro,Litoral Sul Paulista,SP,Registro,Sorocaba
3542701,Restinga,Franca,Ribeirão Preto,SP,Franca,Ribeirão Preto
3542800,Ribeira,Capão Bonito,Itapetininga,SP,Itapeva,Sorocaba
3542909,Ribeirão Bonito,São Carlos,Araraquara,SP,São Carlos,Araraquara
3543006,Ribeirão Branco,Capão Bonito,Itapetininga,SP,Itapeva,Sorocaba
3543105,Ribeirão Corrente,Franca,Ribeirão Preto,SP,Franca,Ribeirão Preto
3543204,Ribeirão do Sul,Ourinhos,Assis,SP,Ourinhos,Marília
3543238,Ribeirão dos Índios,Presidente Prudente,Presidente Prudente,SP,Presidente Prudente,Presidente Prudente
3543253,Ribeirão Grande,Capão Bonito,Itapetininga,SP,Itapeva,Sorocaba
3543303,Ribeirão Pires,São Paulo,Metropolitana de São Paulo,SP,São Paulo,São Paulo
3543402,Ribeirão Preto,Ribeirão Preto,Ribeirão Preto,SP,Ribeirão Preto,Ribeirão Preto
3543501,Riversul,Itapeva,Itapetininga,SP,Itapeva,Sorocaba
3543600,Rifaina,Franca,Ribeirão Preto,SP,Franca,Ribeirão Preto
3543709,Rincão,Araraquara,Araraquara,SP,Araraquara,Araraquara
3543808,Rinópolis,Adamantina,Presidente Prudente,SP,Tupã,Marília
3543907,Rio Claro,Rio Claro,Piracicaba,SP,Rio Claro,Campinas
3544004,Rio das Pedras,Piracicaba,Piracicaba,SP,Piracicaba,Campinas
3544103,Rio Grande da Serra,São Paulo,Metropolitana de São Paulo,SP,São Paulo,São Paulo
3544202,Riolândia,Votuporanga,São José do Rio Preto,SP,Votuporanga,São José do Rio Preto
3544251,Rosana,Presidente Prudente,Presidente Prudente,SP,Presidente Prudente,Presidente Prudente
3544301,Roseira,Guaratinguetá,Vale do Paraíba Paulista,SP,Guaratinguetá,São José dos Campos
3544400,Rubiácea,Araçatuba,Araçatuba,SP,Araçatuba,Araçatuba
3544509,Rubinéia,Jales,São José do Rio Preto,SP,Santa Fé do Sul,São José do Rio Preto
3544608,Sabino,Lins,Bauru,SP,Lins,Bauru
3544707,Sagres,Adamantina,Presidente Prudente,SP,Adamantina - Lucélia,Presidente Prudente
3544806,Sales,Novo Horizonte,São José do Rio Preto,SP,São José do Rio Preto,São José do Rio Preto
3544905,Sales Oliveira,São Joaquim da Barra,Ribeirão Preto,SP,São Joaquim da Barra ¿ Orlândia,Ribeirão Preto
3545001,Salesópolis,Mogi das Cruzes,Metropolitana de São Paulo,SP,São Paulo,São Paulo
3545100,Salmourão,Adamantina,Presidente Prudente,SP,Adamantina - Lucélia,Presidente Prudente
3545159,Saltinho,Piracicaba,Piracicaba,SP,Piracicaba,Campinas
3545209,Salto,Sorocaba,Macro Metropolitana Paulista,SP,Sorocaba,Sorocaba
3545308,Salto de Pirapora,Sorocaba,Macro Metropolitana Paulista,SP,Sorocaba,Sorocaba
3545407,Salto Grande,Ourinhos,Assis,SP,Ourinhos,Marília
3545506,Sandovalina,Presidente Prudente,Presidente Prudente,SP,Presidente Prudente,Presidente Prudente
3545605,Santa Adélia,Catanduva,São José do Rio Preto,SP,Catanduva,São José do Rio Preto
3545704,Santa Albertina,Jales,São José do Rio Preto,SP,Jales,São José do Rio Preto
3545803,Santa Bárbara d'Oeste,Campinas,Campinas,SP,Campinas,Campinas
3546009,Santa Branca,São José dos Campos,Vale do Paraíba Paulista,SP,São José dos Campos,São José dos Campos
3546108,Santa Clara d'Oeste,Jales,São José do Rio Preto,SP,Santa Fé do Sul,São José do Rio Preto
3546207,Santa Cruz da Conceição,Limeira,Piracicaba,SP,Araras,Campinas
3546256,Santa Cruz da Esperança,Batatais,Ribeirão Preto,SP,Ribeirão Preto,Ribeirão Preto
3546306,Santa Cruz das Palmeiras,Pirassununga,Campinas,SP,São João da Boa Vista,Campinas
3546405,Santa Cruz do Rio Pardo,Ourinhos,Assis,SP,Ourinhos,Marília
3546504,Santa Ernestina,Jaboticabal,Ribeirão Preto,SP,Ribeirão Preto,Ribeirão Preto
3546603,Santa Fé do Sul,Jales,São José do Rio Preto,SP,Santa Fé do Sul,São José do Rio Preto
3546702,Santa Gertrudes,Limeira,Piracicaba,SP,Rio Claro,Campinas
3546801,Santa Isabel,Guarulhos,Metropolitana de São Paulo,SP,São Paulo,São Paulo
3546900,Santa Lúcia,Araraquara,Araraquara,SP,Araraquara,Araraquara
3547007,Santa Maria da Serra,Piracicaba,Piracicaba,SP,Piracicaba,Campinas
3547106,Santa Mercedes,Dracena,Presidente Prudente,SP,Dracena,Presidente Prudente
3547205,Santana da Ponte Pensa,Jales,São José do Rio Preto,SP,Santa Fé do Sul,São José do Rio Preto
3547304,Santana de Parnaíba,Osasco,Metropolitana de São Paulo,SP,São Paulo,São Paulo
3547403,Santa Rita d'Oeste,Jales,São José do Rio Preto,SP,Santa Fé do Sul,São José do Rio Preto
3547502,Santa Rita do Passa Quatro,Ribeirão Preto,Ribeirão Preto,SP,São Carlos,Araraquara
3547601,Santa Rosa de Viterbo,Ribeirão Preto,Ribeirão Preto,SP,Ribeirão Preto,Ribeirão Preto
3547650,Santa Salete,Jales,São José do Rio Preto,SP,Jales,São José do Rio Preto
3547700,Santo Anastácio,Presidente Prudente,Presidente Prudente,SP,Presidente Prudente,Presidente Prudente
3547809,Santo André,São Paulo,Metropolitana de São Paulo,SP,São Paulo,São Paulo
3547908,Santo Antônio da Alegria,Batatais,Ribeirão Preto,SP,Ribeirão Preto,Ribeirão Preto
3548005,Santo Antônio de Posse,Mogi Mirim,Campinas,SP,Campinas,Campinas
3548054,Santo Antônio do Aracanguá,Araçatuba,Araçatuba,SP,Araçatuba,Araçatuba
3548104,Santo Antônio do Jardim,São João da Boa Vista,Campinas,SP,São João da Boa Vista,Campinas
3548203,Santo Antônio do Pinhal,Campos do Jordão,Vale do Paraíba Paulista,SP,Taubaté - Pindamonhangaba,São José dos Campos
3548302,Santo Expedito,Presidente Prudente,Presidente Prudente,SP,Presidente Prudente,Presidente Prudente
3548401,Santópolis do Aguapeí,Birigui,Araçatuba,SP,Birigui - Penápolis,Araçatuba
3548500,Santos,Santos,Metropolitana de São Paulo,SP,Santos,São Paulo
3548609,São Bento do Sapucaí,Campos do Jordão,Vale do Paraíba Paulista,SP,Taubaté - Pindamonhangaba,São José dos Campos
3548708,São Bernardo do Campo,São Paulo,Metropolitana de São Paulo,SP,São Paulo,São Paulo
3548807,São Caetano do Sul,São Paulo,Metropolitana de São Paulo,SP,São Paulo,São Paulo
3548906,São Carlos,São Carlos,Araraquara,SP,São Carlos,Araraquara
3549003,São Francisco,Jales,São José do Rio Preto,SP,Jales,São José do Rio Preto
3549102,São João da Boa Vista,São João da Boa Vista,Campinas,SP,São João da Boa Vista,Campinas
3549201,São João das Duas Pontes,Fernandópolis,São José do Rio Preto,SP,Fernandópolis,São José do Rio Preto
3549250,São João de Iracema,Auriflama,São José do Rio Preto,SP,Fernandópolis,São José do Rio Preto
3549300,São João do Pau d'Alho,Dracena,Presidente Prudente,SP,Dracena,Presidente Prudente
3549409,São Joaquim da Barra,São Joaquim da Barra,Ribeirão Preto,SP,São Joaquim da Barra ¿ Orlândia,Ribeirão Preto
3549508,São José da Bela Vista,Franca,Ribeirão Preto,SP,Franca,Ribeirão Preto
3549607,São José do Barreiro,Bananal,Vale do Paraíba Paulista,SP,Cruzeiro,São José dos Campos
3549706,São José do Rio Pardo,São João da Boa Vista,Campinas,SP,São José do Rio Pardo - Mococa,Campinas
3549805,São José do Rio Preto,São José do Rio Preto,São José do Rio Preto,SP,São José do Rio Preto,São José do Rio Preto
3549904,São José dos Campos,São José dos Campos,Vale do Paraíba Paulista,SP,São José dos Campos,São José dos Campos
3549953,São Lourenço da Serra,Itapecerica da Serra,Metropolitana de São Paulo,SP,São Paulo,São Paulo
3550001,São Luiz do Paraitinga,Paraibuna/Paraitinga,Vale do Paraíba Paulista,SP,Taubaté - Pindamonhangaba,São José dos Campos
3550100,São Manuel,Botucatu,Bauru,SP,Botucatu,Bauru
3550209,São Miguel Arcanjo,Piedade,Macro Metropolitana Paulista,SP,Itapetininga,Sorocaba
3550308,São Paulo,São Paulo,Metropolitana de São Paulo,SP,São Paulo,São Paulo
3550407,São Pedro,Piracicaba,Piracicaba,SP,Piracicaba,Campinas
3550506,São Pedro do Turvo,Ourinhos,Assis,SP,Ourinhos,Marília
3550605,São Roque,Sorocaba,Macro Metropolitana Paulista,SP,Sorocaba,Sorocaba
3550704,São Sebastião,Caraguatatuba,Vale do Paraíba Paulista,SP,Caraguatatuba - Ubatuba - São Sebastião,São José dos Campos
3550803,São Sebastião da Grama,São João da Boa Vista,Campinas,SP,São José do Rio Pardo - Mococa,Campinas
3550902,São Simão,Ribeirão Preto,Ribeirão Preto,SP,Ribeirão Preto,Ribeirão Preto
3551009,São Vicente,Santos,Metropolitana de São Paulo,SP,Santos,São Paulo
3551108,Sarapuí,Sorocaba,Macro Metropolitana Paulista,SP,Sorocaba,Sorocaba
3551207,Sarutaiá,Ourinhos,Assis,SP,Piraju,Marília
3551306,Sebastianópolis do Sul,Nhandeara,São José do Rio Preto,SP,Votuporanga,São José do Rio Preto
3551405,Serra Azul,Ribeirão Preto,Ribeirão Preto,SP,Ribeirão Preto,Ribeirão Preto
3551504,Serrana,Ribeirão Preto,Ribeirão Preto,SP,Ribeirão Preto,Ribeirão Preto
3551603,Serra Negra,Amparo,Campinas,SP,Amparo,Campinas
3551702,Sertãozinho,Ribeirão Preto,Ribeirão Preto,SP,Ribeirão Preto,Ribeirão Preto
3551801,Sete Barras,Registro,Litoral Sul Paulista,SP,Registro,Sorocaba
3551900,Severínia,Catanduva,São José do Rio Preto,SP,Barretos,Ribeirão Preto
3552007,Silveiras,Bananal,Vale do Paraíba Paulista,SP,Cruzeiro,São José dos Campos
3552106,Socorro,Amparo,Campinas,SP,Bragança Paulista,Campinas
3552205,Sorocaba,Sorocaba,Macro Metropolitana Paulista,SP,Sorocaba,Sorocaba
3552304,Sud Mennucci,Andradina,Araçatuba,SP,Andradina,Araçatuba
3552403,Sumaré,Campinas,Campinas,SP,Campinas,Campinas
3552502,Suzano,Mogi das Cruzes,Metropolitana de São Paulo,SP,São Paulo,São Paulo
3552551,Suzanápolis,Andradina,Araçatuba,SP,Jales,São José do Rio Preto
3552601,Tabapuã,Catanduva,São José do Rio Preto,SP,Catanduva,São José do Rio Preto
3552700,Tabatinga,Araraquara,Araraquara,SP,Araraquara,Araraquara
3552809,Taboão da Serra,Itapecerica da Serra,Metropolitana de São Paulo,SP,São Paulo,São Paulo
3552908,Taciba,Presidente Prudente,Presidente Prudente,SP,Presidente Prudente,Presidente Prudente
3553005,Taguaí,Ourinhos,Assis,SP,Avaré,Sorocaba
3553104,Taiaçu,Jaboticabal,Ribeirão Preto,SP,Barretos,Ribeirão Preto
3553203,Taiúva,Jaboticabal,Ribeirão Preto,SP,Barretos,Ribeirão Preto
3553302,Tambaú,São João da Boa Vista,Campinas,SP,São João da Boa Vista,Campinas
3553401,Tanabi,São José do Rio Preto,São José do Rio Preto,SP,São José do Rio Preto,São José do Rio Preto
3553500,Tapiraí,Piedade,Macro Metropolitana Paulista,SP,Sorocaba,Sorocaba
3553609,Tapiratiba,São João da Boa Vista,Campinas,SP,São José do Rio Pardo - Mococa,Campinas
3553658,Taquaral,Jaboticabal,Ribeirão Preto,SP,Barretos,Ribeirão Preto
3553708,Taquaritinga,Jaboticabal,Ribeirão Preto,SP,Araraquara,Araraquara
3553807,Taquarituba,Itapeva,Itapetininga,SP,Avaré,Sorocaba
3553856,Taquarivaí,Itapeva,Itapetininga,SP,Itapeva,Sorocaba
3553906,Tarabai,Presidente Prudente,Presidente Prudente,SP,Presidente Prudente,Presidente Prudente
3553955,Tarumã,Assis,Assis,SP,Assis,Marília
3554003,Tatuí,Tatuí,Itapetininga,SP,Tatuí,Sorocaba
3554102,Taubaté,São José dos Campos,Vale do Paraíba Paulista,SP,Taubaté - Pindamonhangaba,São José dos Campos
3554201,Tejupá,Ourinhos,Assis,SP,Piraju,Marília
3554300,Teodoro Sampaio,Presidente Prudente,Presidente Prudente,SP,Presidente Prudente,Presidente Prudente
3554409,Terra Roxa,Jaboticabal,Ribeirão Preto,SP,Barretos,Ribeirão Preto
3554508,Tietê,Piracicaba,Piracicaba,SP,Sorocaba,Sorocaba
3554607,Timburi,Ourinhos,Assis,SP,Piraju,Marília
3554656,Torre de Pedra,Tatuí,Itapetininga,SP,Tatuí,Sorocaba
3554706,Torrinha,Rio Claro,Piracicaba,SP,Jaú,Bauru
3554755,Trabiju,Araraquara,Araraquara,SP,Araraquara,Araraquara
3554805,Tremembé,São José dos Campos,Vale do Paraíba Paulista,SP,Taubaté - Pindamonhangaba,São José dos Campos
3554904,Três Fronteiras,Jales,São José do Rio Preto,SP,Santa Fé do Sul,São José do Rio Preto
3554953,Tuiuti,Bragança Paulista,Macro Metropolitana Paulista,SP,Bragança Paulista,Campinas
3555000,Tupã,Tupã,Marília,SP,Tupã,Marília
3555109,Tupi Paulista,Dracena,Presidente Prudente,SP,Dracena,Presidente Prudente
3555208,Turiúba,Birigui,Araçatuba,SP,Birigui - Penápolis,Araçatuba
3555307,Turmalina,Fernandópolis,São José do Rio Preto,SP,Jales,São José do Rio Preto
3555356,Ubarana,São José do Rio Preto,São José do Rio Preto,SP,São José do Rio Preto,São José do Rio Preto
3555406,Ubatuba,Caraguatatuba,Vale do Paraíba Paulista,SP,Caraguatatuba - Ubatuba - São Sebastião,São José dos Campos
3555505,Ubirajara,Bauru,Bauru,SP,Bauru,Bauru
3555604,Uchoa,São José do Rio Preto,São José do Rio Preto,SP,São José do Rio Preto,São José do Rio Preto
3555703,União Paulista,Nhandeara,São José do Rio Preto,SP,São José do Rio Preto,São José do Rio Preto
3555802,Urânia,Jales,São José do Rio Preto,SP,Jales,São José do Rio Preto
3555901,Uru,Bauru,Bauru,SP,Lins,Bauru
3556008,Urupês,Novo Horizonte,São José do Rio Preto,SP,São José do Rio Preto,São José do Rio Preto
3556107,Valentim Gentil,Votuporanga,São José do Rio Preto,SP,Votuporanga,São José do Rio Preto
3556206,Valinhos,Campinas,Campinas,SP,Campinas,Campinas
3556305,Valparaíso,Araçatuba,Araçatuba,SP,Araçatuba,Araçatuba
3556354,Vargem,Bragança Paulista,Macro Metropolitana Paulista,SP,Bragança Paulista,Campinas
3556404,Vargem Grande do Sul,São João da Boa Vista,Campinas,SP,São João da Boa Vista,Campinas
3556453,Vargem Grande Paulista,Itapecerica da Serra,Metropolitana de São Paulo,SP,São Paulo,São Paulo
3556503,Várzea Paulista,Jundiaí,Macro Metropolitana Paulista,SP,Jundiaí,Campinas
3556602,Vera Cruz,Marília,Marília,SP,Marília,Marília
3556701,Vinhedo,Campinas,Campinas,SP,Campinas,Campinas
3556800,Viradouro,Jaboticabal,Ribeirão Preto,SP,Barretos,Ribeirão Preto
3556909,Vista Alegre do Alto,Jaboticabal,Ribeirão Preto,SP,Catanduva,São José do Rio Preto
3556958,Vitória Brasil,Jales,São José do Rio Preto,SP,Jales,São José do Rio Preto
3557006,Votorantim,Sorocaba,Macro Metropolitana Paulista,SP,Sorocaba,Sorocaba
3557105,Votuporanga,Votuporanga,São José do Rio Preto,SP,Votuporanga,São José do Rio Preto
3557154,Zacarias,São José do Rio Preto,São José do Rio Preto,SP,Birigui - Penápolis,Araçatuba
3557204,Chavantes,Ourinhos,Assis,SP,Ourinhos,Marília
3557303,Estiva Gerbi,Mogi Mirim,Campinas,SP,Mogi Guaçu,Campinas
4100103,Abatiá,Cornélio Procópio,Norte Pioneiro Paranaense,PR,Santo Antônio da Platina,Londrina
4100202,Adrianópolis,Cerro Azul,Metropolitana de Curitiba,PR,Curitiba,Curitiba
4100301,Agudos do Sul,Rio Negro,Metropolitana de Curitiba,PR,Curitiba,Curitiba
4100400,Almirante Tamandaré,Curitiba,Metropolitana de Curitiba,PR,Curitiba,Curitiba
4100459,Altamira do Paraná,Goioerê,Centro Ocidental Paranaense,PR,Campo Mourão,Maringá
4100509,Altônia,Umuarama,Noroeste Paranaense,PR,Umuarama,Maringá
4100608,Alto Paraná,Paranavaí,Noroeste Paranaense,PR,Paranavaí,Maringá
4100707,Alto Piquiri,Umuarama,Noroeste Paranaense,PR,Umuarama,Maringá
4100806,Alvorada do Sul,Porecatu,Norte Central Paranaense,PR,Londrina,Londrina
4100905,Amaporã,Paranavaí,Noroeste Paranaense,PR,Paranavaí,Maringá
4101002,Ampére,Capanema,Sudoeste Paranaense,PR,Francisco Beltrão,Cascavel
4101051,Anahy,Cascavel,Oeste Paranaense,PR,Cascavel,Cascavel
4101101,Andirá,Cornélio Procópio,Norte Pioneiro Paranaense,PR,Santo Antônio da Platina,Londrina
4101150,Ângulo,Astorga,Norte Central Paranaense,PR,Maringá,Maringá
4101200,Antonina,Paranaguá,Metropolitana de Curitiba,PR,Paranaguá,Curitiba
4101309,Antônio Olinto,São Mateus do Sul,Sudeste Paranaense,PR,União da Vitória,Curitiba
4101408,Apucarana,Apucarana,Norte Central Paranaense,PR,Apucarana,Londrina
4101507,Arapongas,Apucarana,Norte Central Paranaense,PR,Londrina,Londrina
4101606,Arapoti,Jaguariaíva,Centro Oriental Paranaense,PR,Ponta Grossa,Ponta Grossa
4101655,Arapuã,Ivaiporã,Norte Central Paranaense,PR,Ivaiporã,Londrina
4101705,Araruna,Campo Mourão,Centro Ocidental Paranaense,PR,Campo Mourão,Maringá
4101804,Araucária,Curitiba,Metropolitana de Curitiba,PR,Curitiba,Curitiba
4101853,Ariranha do Ivaí,Ivaiporã,Norte Central Paranaense,PR,Ivaiporã,Londrina
4101903,Assaí,Assaí,Norte Pioneiro Paranaense,PR,Londrina,Londrina
4102000,Assis Chateaubriand,Toledo,Oeste Paranaense,PR,Toledo,Cascavel
4102109,Astorga,Astorga,Norte Central Paranaense,PR,Maringá,Maringá
4102208,Atalaia,Astorga,Norte Central Paranaense,PR,Maringá,Maringá
4102307,Balsa Nova,Curitiba,Metropolitana de Curitiba,PR,Curitiba,Curitiba
4102406,Bandeirantes,Cornélio Procópio,Norte Pioneiro Paranaense,PR,Cornélio Procópio ¿ Bandeirantes,Londrina
4102505,Barbosa Ferraz,Campo Mourão,Centro Ocidental Paranaense,PR,Campo Mourão,Maringá
4102604,Barracão,Francisco Beltrão,Sudoeste Paranaense,PR,Francisco Beltrão,Cascavel
4102703,Barra do Jacaré,Jacarezinho,Norte Pioneiro Paranaense,PR,Santo Antônio da Platina,Londrina
4102752,Bela Vista da Caroba,Capanema,Sudoeste Paranaense,PR,Francisco Beltrão,Cascavel
4102802,Bela Vista do Paraíso,Porecatu,Norte Central Paranaense,PR,Londrina,Londrina
4102901,Bituruna,União da Vitória,Sudeste Paranaense,PR,União da Vitória,Curitiba
4103008,Boa Esperança,Goioerê,Centro Ocidental Paranaense,PR,Campo Mourão,Maringá
4103024,Boa Esperança do Iguaçu,Francisco Beltrão,Sudoeste Paranaense,PR,Dois Vizinhos,Cascavel
4103040,Boa Ventura de São Roque,Pitanga,Centro-Sul Paranaense,PR,Pitanga,Guarapuava
4103057,Boa Vista da Aparecida,Cascavel,Oeste Paranaense,PR,Cascavel,Cascavel
4103107,Bocaiúva do Sul,Curitiba,Metropolitana de Curitiba,PR,Curitiba,Curitiba
4103156,Bom Jesus do Sul,Francisco Beltrão,Sudoeste Paranaense,PR,Francisco Beltrão,Cascavel
4103206,Bom Sucesso,Faxinal,Norte Central Paranaense,PR,Apucarana,Londrina
4103222,Bom Sucesso do Sul,Pato Branco,Sudoeste Paranaense,PR,Pato Branco,Cascavel
4103305,Borrazópolis,Faxinal,Norte Central Paranaense,PR,Apucarana,Londrina
4103354,Braganey,Cascavel,Oeste Paranaense,PR,Cascavel,Cascavel
4103370,Brasilândia do Sul,Umuarama,Noroeste Paranaense,PR,Umuarama,Maringá
4103404,Cafeara,Astorga,Norte Central Paranaense,PR,Londrina,Londrina
4103453,Cafelândia,Cascavel,Oeste Paranaense,PR,Cascavel,Cascavel
4103479,Cafezal do Sul,Umuarama,Noroeste Paranaense,PR,Umuarama,Maringá
4103503,Califórnia,Apucarana,Norte Central Paranaense,PR,Apucarana,Londrina
4103602,Cambará,Jacarezinho,Norte Pioneiro Paranaense,PR,Santo Antônio da Platina,Londrina
4103701,Cambé,Londrina,Norte Central Paranaense,PR,Londrina,Londrina
4103800,Cambira,Apucarana,Norte Central Paranaense,PR,Apucarana,Londrina
4103909,Campina da Lagoa,Goioerê,Centro Ocidental Paranaense,PR,Campo Mourão,Maringá
4103958,Campina do Simão,Guarapuava,Centro-Sul Paranaense,PR,Guarapuava,Guarapuava
4104006,Campina Grande do Sul,Curitiba,Metropolitana de Curitiba,PR,Curitiba,Curitiba
4104055,Campo Bonito,Cascavel,Oeste Paranaense,PR,Cascavel,Cascavel
4104105,Campo do Tenente,Rio Negro,Metropolitana de Curitiba,PR,Curitiba,Curitiba
4104204,Campo Largo,Curitiba,Metropolitana de Curitiba,PR,Curitiba,Curitiba
4104253,Campo Magro,Curitiba,Metropolitana de Curitiba,PR,Curitiba,Curitiba
4104303,Campo Mourão,Campo Mourão,Centro Ocidental Paranaense,PR,Campo Mourão,Maringá
4104402,Cândido de Abreu,Ivaiporã,Norte Central Paranaense,PR,Ivaiporã,Londrina
4104428,Candói,Guarapuava,Centro-Sul Paranaense,PR,Guarapuava,Guarapuava
4104451,Cantagalo,Guarapuava,Centro-Sul Paranaense,PR,Guarapuava,Guarapuava
4104501,Capanema,Capanema,Sudoeste Paranaense,PR,Francisco Beltrão,Cascavel
4104600,Capitão Leônidas Marques,Cascavel,Oeste Paranaense,PR,Cascavel,Cascavel
4104659,Carambeí,Ponta Grossa,Centro Oriental Paranaense,PR,Ponta Grossa,Ponta Grossa
4104709,Carlópolis,Wenceslau Braz,Norte Pioneiro Paranaense,PR,Santo Antônio da Platina,Londrina
4104808,Cascavel,Cascavel,Oeste Paranaense,PR,Cascavel,Cascavel
4104907,Castro,Ponta Grossa,Centro Oriental Paranaense,PR,Ponta Grossa,Ponta Grossa
4105003,Catanduvas,Cascavel,Oeste Paranaense,PR,Cascavel,Cascavel
4105102,Centenário do Sul,Astorga,Norte Central Paranaense,PR,Londrina,Londrina
4105201,Cerro Azul,Cerro Azul,Metropolitana de Curitiba,PR,Curitiba,Curitiba
4105300,Céu Azul,Foz do Iguaçu,Oeste Paranaense,PR,Cascavel,Cascavel
4105409,Chopinzinho,Pato Branco,Sudoeste Paranaense,PR,Pato Branco,Cascavel
4105508,Cianorte,Cianorte,Noroeste Paranaense,PR,Cianorte,Maringá
4105607,Cidade Gaúcha,Cianorte,Noroeste Paranaense,PR,Umuarama,Maringá
4105706,Clevelândia,Palmas,Centro-Sul Paranaense,PR,Pato Branco,Cascavel
4105805,Colombo,Curitiba,Metropolitana de Curitiba,PR,Curitiba,Curitiba
4105904,Colorado,Astorga,Norte Central Paranaense,PR,Paranacity - Colorado,Maringá
4106001,Congonhinhas,Cornélio Procópio,Norte Pioneiro Paranaense,PR,Cornélio Procópio ¿ Bandeirantes,Londrina
4106100,Conselheiro Mairinck,Ibaiti,Norte Pioneiro Paranaense,PR,Ibaiti,Londrina
4106209,Contenda,Curitiba,Metropolitana de Curitiba,PR,Curitiba,Curitiba
4106308,Corbélia,Cascavel,Oeste Paranaense,PR,Cascavel,Cascavel
4106407,Cornélio Procópio,Cornélio Procópio,Norte Pioneiro Paranaense,PR,Cornélio Procópio ¿ Bandeirantes,Londrina
4106456,Coronel Domingos Soares,Palmas,Centro-Sul Paranaense,PR,Pato Branco,Cascavel
4106506,Coronel Vivida,Pato Branco,Sudoeste Paranaense,PR,Pato Branco,Cascavel
4106555,Corumbataí do Sul,Campo Mourão,Centro Ocidental Paranaense,PR,Campo Mourão,Maringá
4106571,Cruzeiro do Iguaçu,Francisco Beltrão,Sudoeste Paranaense,PR,Dois Vizinhos,Cascavel
4106605,Cruzeiro do Oeste,Umuarama,Noroeste Paranaense,PR,Umuarama,Maringá
4106704,Cruzeiro do Sul,Paranavaí,Noroeste Paranaense,PR,Paranacity - Colorado,Maringá
4106803,Cruz Machado,União da Vitória,Sudeste Paranaense,PR,União da Vitória,Curitiba
4106852,Cruzmaltina,Faxinal,Norte Central Paranaense,PR,Ivaiporã,Londrina
4106902,Curitiba,Curitiba,Metropolitana de Curitiba,PR,Curitiba,Curitiba
4107009,Curiúva,Ibaiti,Norte Pioneiro Paranaense,PR,Telêmaco Borba,Ponta Grossa
4107108,Diamante do Norte,Paranavaí,Noroeste Paranaense,PR,Paranavaí,Maringá
4107124,Diamante do Sul,Cascavel,Oeste Paranaense,PR,Cascavel,Cascavel
4107157,Diamante D'Oeste,Toledo,Oeste Paranaense,PR,Cascavel,Cascavel
4107207,Dois Vizinhos,Francisco Beltrão,Sudoeste Paranaense,PR,Dois Vizinhos,Cascavel
4107256,Douradina,Umuarama,Noroeste Paranaense,PR,Umuarama,Maringá
4107306,Doutor Camargo,Floraí,Norte Central Paranaense,PR,Maringá,Maringá
4107405,Enéas Marques,Francisco Beltrão,Sudoeste Paranaense,PR,Francisco Beltrão,Cascavel
4107504,Engenheiro Beltrão,Campo Mourão,Centro Ocidental Paranaense,PR,Campo Mourão,Maringá
4107520,Esperança Nova,Umuarama,Noroeste Paranaense,PR,Umuarama,Maringá
4107538,Entre Rios do Oeste,Toledo,Oeste Paranaense,PR,Marechal Cândido Rondon,Cascavel
4107546,Espigão Alto do Iguaçu,Guarapuava,Centro-Sul Paranaense,PR,Laranjeiras do Sul - Quedas do Iguaçu,Cascavel
4107553,Farol,Campo Mourão,Centro Ocidental Paranaense,PR,Campo Mourão,Maringá
4107603,Faxinal,Faxinal,Norte Central Paranaense,PR,Ivaiporã,Londrina
4107652,Fazenda Rio Grande,Curitiba,Metropolitana de Curitiba,PR,Curitiba,Curitiba
4107702,Fênix,Campo Mourão,Centro Ocidental Paranaense,PR,Campo Mourão,Maringá
4107736,Fernandes Pinheiro,Prudentópolis,Sudeste Paranaense,PR,Irati,Ponta Grossa
4107751,Figueira,Ibaiti,Norte Pioneiro Paranaense,PR,Ibaiti,Londrina
4107801,Floraí,Floraí,Norte Central Paranaense,PR,Maringá,Maringá
4107850,Flor da Serra do Sul,Francisco Beltrão,Sudoeste Paranaense,PR,Francisco Beltrão,Cascavel
4107900,Floresta,Floraí,Norte Central Paranaense,PR,Maringá,Maringá
4108007,Florestópolis,Porecatu,Norte Central Paranaense,PR,Londrina,Londrina
4108106,Flórida,Astorga,Norte Central Paranaense,PR,Maringá,Maringá
4108205,Formosa do Oeste,Toledo,Oeste Paranaense,PR,Toledo,Cascavel
4108304,Foz do Iguaçu,Foz do Iguaçu,Oeste Paranaense,PR,Foz do Iguaçu,Cascavel
4108320,Francisco Alves,Umuarama,Noroeste Paranaense,PR,Umuarama,Maringá
4108403,Francisco Beltrão,Francisco Beltrão,Sudoeste Paranaense,PR,Francisco Beltrão,Cascavel
4108452,Foz do Jordão,Guarapuava,Centro-Sul Paranaense,PR,Guarapuava,Guarapuava
4108502,General Carneiro,União da Vitória,Sudeste Paranaense,PR,União da Vitória,Curitiba
4108551,Godoy Moreira,Ivaiporã,Norte Central Paranaense,PR,Ivaiporã,Londrina
4108601,Goioerê,Goioerê,Centro Ocidental Paranaense,PR,Campo Mourão,Maringá
4108650,Goioxim,Guarapuava,Centro-Sul Paranaense,PR,Guarapuava,Guarapuava
4108700,Grandes Rios,Ivaiporã,Norte Central Paranaense,PR,Ivaiporã,Londrina
4108809,Guaíra,Toledo,Oeste Paranaense,PR,Toledo,Cascavel
4108908,Guairaçá,Paranavaí,Noroeste Paranaense,PR,Paranavaí,Maringá
4108957,Guamiranga,Prudentópolis,Sudeste Paranaense,PR,Guarapuava,Guarapuava
4109005,Guapirama,Wenceslau Braz,Norte Pioneiro Paranaense,PR,Santo Antônio da Platina,Londrina
4109104,Guaporema,Cianorte,Noroeste Paranaense,PR,Cianorte,Maringá
4109203,Guaraci,Astorga,Norte Central Paranaense,PR,Londrina,Londrina
4109302,Guaraniaçu,Cascavel,Oeste Paranaense,PR,Cascavel,Cascavel
4109401,Guarapuava,Guarapuava,Centro-Sul Paranaense,PR,Guarapuava,Guarapuava
4109500,Guaraqueçaba,Paranaguá,Metropolitana de Curitiba,PR,Paranaguá,Curitiba
4109609,Guaratuba,Paranaguá,Metropolitana de Curitiba,PR,Paranaguá,Curitiba
4109658,Honório Serpa,Palmas,Centro-Sul Paranaense,PR,Pato Branco,Cascavel
4109708,Ibaiti,Ibaiti,Norte Pioneiro Paranaense,PR,Ibaiti,Londrina
4109757,Ibema,Cascavel,Oeste Paranaense,PR,Cascavel,Cascavel
4109807,Ibiporã,Londrina,Norte Central Paranaense,PR,Londrina,Londrina
4109906,Icaraíma,Umuarama,Noroeste Paranaense,PR,Umuarama,Maringá
4110003,Iguaraçu,Astorga,Norte Central Paranaense,PR,Maringá,Maringá
4110052,Iguatu,Cascavel,Oeste Paranaense,PR,Cascavel,Cascavel
4110078,Imbaú,Telêmaco Borba,Centro Oriental Paranaense,PR,Telêmaco Borba,Ponta Grossa
4110102,Imbituva,Prudentópolis,Sudeste Paranaense,PR,Irati,Ponta Grossa
4110201,Inácio Martins,Guarapuava,Centro-Sul Paranaense,PR,Guarapuava,Guarapuava
4110300,Inajá,Paranavaí,Noroeste Paranaense,PR,Paranacity - Colorado,Maringá
4110409,Indianópolis,Cianorte,Noroeste Paranaense,PR,Cianorte,Maringá
4110508,Ipiranga,Prudentópolis,Sudeste Paranaense,PR,Ponta Grossa,Ponta Grossa
4110607,Iporã,Umuarama,Noroeste Paranaense,PR,Umuarama,Maringá
4110656,Iracema do Oeste,Toledo,Oeste Paranaense,PR,Toledo,Cascavel
4110706,Irati,Irati,Sudeste Paranaense,PR,Irati,Ponta Grossa
4110805,Iretama,Campo Mourão,Centro Ocidental Paranaense,PR,Campo Mourão,Maringá
4110904,Itaguajé,Astorga,Norte Central Paranaense,PR,Paranacity - Colorado,Maringá
4110953,Itaipulândia,Foz do Iguaçu,Oeste Paranaense,PR,Foz do Iguaçu,Cascavel
4111001,Itambaracá,Cornélio Procópio,Norte Pioneiro Paranaense,PR,Cornélio Procópio ¿ Bandeirantes,Londrina
4111100,Itambé,Floraí,Norte Central Paranaense,PR,Maringá,Maringá
4111209,Itapejara d'Oeste,Pato Branco,Sudoeste Paranaense,PR,Pato Branco,Cascavel
4111258,Itaperuçu,Curitiba,Metropolitana de Curitiba,PR,Curitiba,Curitiba
4111308,Itaúna do Sul,Paranavaí,Noroeste Paranaense,PR,Paranavaí,Maringá
4111407,Ivaí,Prudentópolis,Sudeste Paranaense,PR,Ponta Grossa,Ponta Grossa
4111506,Ivaiporã,Ivaiporã,Norte Central Paranaense,PR,Ivaiporã,Londrina
4111555,Ivaté,Umuarama,Noroeste Paranaense,PR,Umuarama,Maringá
4111605,Ivatuba,Floraí,Norte Central Paranaense,PR,Maringá,Maringá
4111704,Jaboti,Ibaiti,Norte Pioneiro Paranaense,PR,Ibaiti,Londrina
4111803,Jacarezinho,Jacarezinho,Norte Pioneiro Paranaense,PR,Santo Antônio da Platina,Londrina
4111902,Jaguapitã,Astorga,Norte Central Paranaense,PR,Londrina,Londrina
4112009,Jaguariaíva,Jaguariaíva,Centro Oriental Paranaense,PR,Ponta Grossa,Ponta Grossa
4112108,Jandaia do Sul,Apucarana,Norte Central Paranaense,PR,Apucarana,Londrina
4112207,Janiópolis,Goioerê,Centro Ocidental Paranaense,PR,Campo Mourão,Maringá
4112306,Japira,Ibaiti,Norte Pioneiro Paranaense,PR,Ibaiti,Londrina
4112405,Japurá,Cianorte,Noroeste Paranaense,PR,Cianorte,Maringá
4112504,Jardim Alegre,Ivaiporã,Norte Central Paranaense,PR,Ivaiporã,Londrina
4112603,Jardim Olinda,Paranavaí,Noroeste Paranaense,PR,Paranacity - Colorado,Maringá
4112702,Jataizinho,Assaí,Norte Pioneiro Paranaense,PR,Londrina,Londrina
4112751,Jesuítas,Toledo,Oeste Paranaense,PR,Toledo,Cascavel
4112801,Joaquim Távora,Wenceslau Braz,Norte Pioneiro Paranaense,PR,Santo Antônio da Platina,Londrina
4112900,Jundiaí do Sul,Jacarezinho,Norte Pioneiro Paranaense,PR,Santo Antônio da Platina,Londrina
4112959,Juranda,Goioerê,Centro Ocidental Paranaense,PR,Campo Mourão,Maringá
4113007,Jussara,Cianorte,Noroeste Paranaense,PR,Cianorte,Maringá
4113106,Kaloré,Faxinal,Norte Central Paranaense,PR,Apucarana,Londrina
4113205,Lapa,Lapa,Metropolitana de Curitiba,PR,Curitiba,Curitiba
4113254,Laranjal,Pitanga,Centro-Sul Paranaense,PR,Pitanga,Guarapuava
4113304,Laranjeiras do Sul,Guarapuava,Centro-Sul Paranaense,PR,Laranjeiras do Sul - Quedas do Iguaçu,Cascavel
4113403,Leópolis,Cornélio Procópio,Norte Pioneiro Paranaense,PR,Cornélio Procópio ¿ Bandeirantes,Londrina
4113429,Lidianópolis,Ivaiporã,Norte Central Paranaense,PR,Ivaiporã,Londrina
4113452,Lindoeste,Cascavel,Oeste Paranaense,PR,Cascavel,Cascavel
4113502,Loanda,Paranavaí,Noroeste Paranaense,PR,Loanda,Maringá
4113601,Lobato,Astorga,Norte Central Paranaense,PR,Paranacity - Colorado,Maringá
4113700,Londrina,Londrina,Norte Central Paranaense,PR,Londrina,Londrina
4113734,Luiziana,Campo Mourão,Centro Ocidental Paranaense,PR,Campo Mourão,Maringá
4113759,Lunardelli,Ivaiporã,Norte Central Paranaense,PR,Ivaiporã,Londrina
4113809,Lupionópolis,Astorga,Norte Central Paranaense,PR,Londrina,Londrina
4113908,Mallet,Irati,Sudeste Paranaense,PR,Irati,Ponta Grossa
4114005,Mamborê,Campo Mourão,Centro Ocidental Paranaense,PR,Campo Mourão,Maringá
4114104,Mandaguaçu,Astorga,Norte Central Paranaense,PR,Maringá,Maringá
4114203,Mandaguari,Maringá,Norte Central Paranaense,PR,Maringá,Maringá
4114302,Mandirituba,Curitiba,Metropolitana de Curitiba,PR,Curitiba,Curitiba
4114351,Manfrinópolis,Francisco Beltrão,Sudoeste Paranaense,PR,Francisco Beltrão,Cascavel
4114401,Mangueirinha,Palmas,Centro-Sul Paranaense,PR,Pato Branco,Cascavel
4114500,Manoel Ribas,Ivaiporã,Norte Central Paranaense,PR,Ivaiporã,Londrina
4114609,Marechal Cândido Rondon,Toledo,Oeste Paranaense,PR,Marechal Cândido Rondon,Cascavel
4114708,Maria Helena,Umuarama,Noroeste Paranaense,PR,Umuarama,Maringá
4114807,Marialva,Maringá,Norte Central Paranaense,PR,Maringá,Maringá
4114906,Marilândia do Sul,Apucarana,Norte Central Paranaense,PR,Apucarana,Londrina
4115002,Marilena,Paranavaí,Noroeste Paranaense,PR,Paranavaí,Maringá
4115101,Mariluz,Umuarama,Noroeste Paranaense,PR,Umuarama,Maringá
4115200,Maringá,Maringá,Norte Central Paranaense,PR,Maringá,Maringá
4115309,Mariópolis,Pato Branco,Sudoeste Paranaense,PR,Pato Branco,Cascavel
4115358,Maripá,Toledo,Oeste Paranaense,PR,Toledo,Cascavel
4115408,Marmeleiro,Francisco Beltrão,Sudoeste Paranaense,PR,Francisco Beltrão,Cascavel
4115457,Marquinho,Guarapuava,Centro-Sul Paranaense,PR,Laranjeiras do Sul - Quedas do Iguaçu,Cascavel
4115507,Marumbi,Faxinal,Norte Central Paranaense,PR,Apucarana,Londrina
4115606,Matelândia,Foz do Iguaçu,Oeste Paranaense,PR,Cascavel,Cascavel
4115705,Matinhos,Paranaguá,Metropolitana de Curitiba,PR,Paranaguá,Curitiba
4115739,Mato Rico,Pitanga,Centro-Sul Paranaense,PR,Pitanga,Guarapuava
4115754,Mauá da Serra,Apucarana,Norte Central Paranaense,PR,Apucarana,Londrina
4115804,Medianeira,Foz do Iguaçu,Oeste Paranaense,PR,Foz do Iguaçu,Cascavel
4115853,Mercedes,Toledo,Oeste Paranaense,PR,Marechal Cândido Rondon,Cascavel
4115903,Mirador,Paranavaí,Noroeste Paranaense,PR,Paranavaí,Maringá
4116000,Miraselva,Porecatu,Norte Central Paranaense,PR,Londrina,Londrina
4116059,Missal,Foz do Iguaçu,Oeste Paranaense,PR,Foz do Iguaçu,Cascavel
4116109,Moreira Sales,Goioerê,Centro Ocidental Paranaense,PR,Campo Mourão,Maringá
4116208,Morretes,Paranaguá,Metropolitana de Curitiba,PR,Paranaguá,Curitiba
4116307,Munhoz de Melo,Astorga,Norte Central Paranaense,PR,Maringá,Maringá
4116406,Nossa Senhora das Graças,Astorga,Norte Central Paranaense,PR,Paranacity - Colorado,Maringá
4116505,Nova Aliança do Ivaí,Paranavaí,Noroeste Paranaense,PR,Paranavaí,Maringá
4116604,Nova América da Colina,Cornélio Procópio,Norte Pioneiro Paranaense,PR,Cornélio Procópio ¿ Bandeirantes,Londrina
4116703,Nova Aurora,Cascavel,Oeste Paranaense,PR,Cascavel,Cascavel
4116802,Nova Cantu,Goioerê,Centro Ocidental Paranaense,PR,Campo Mourão,Maringá
4116901,Nova Esperança,Astorga,Norte Central Paranaense,PR,Maringá,Maringá
4116950,Nova Esperança do Sudoeste,Francisco Beltrão,Sudoeste Paranaense,PR,Francisco Beltrão,Cascavel
4117008,Nova Fátima,Cornélio Procópio,Norte Pioneiro Paranaense,PR,Cornélio Procópio ¿ Bandeirantes,Londrina
4117057,Nova Laranjeiras,Guarapuava,Centro-Sul Paranaense,PR,Laranjeiras do Sul - Quedas do Iguaçu,Cascavel
4117107,Nova Londrina,Paranavaí,Noroeste Paranaense,PR,Paranavaí,Maringá
4117206,Nova Olímpia,Umuarama,Noroeste Paranaense,PR,Umuarama,Maringá
4117214,Nova Santa Bárbara,Assaí,Norte Pioneiro Paranaense,PR,Cornélio Procópio ¿ Bandeirantes,Londrina
4117222,Nova Santa Rosa,Toledo,Oeste Paranaense,PR,Marechal Cândido Rondon,Cascavel
4117255,Nova Prata do Iguaçu,Francisco Beltrão,Sudoeste Paranaense,PR,Dois Vizinhos,Cascavel
4117271,Nova Tebas,Ivaiporã,Norte Central Paranaense,PR,Pitanga,Guarapuava
4117297,Novo Itacolomi,Apucarana,Norte Central Paranaense,PR,Apucarana,Londrina
4117305,Ortigueira,Telêmaco Borba,Centro Oriental Paranaense,PR,Telêmaco Borba,Ponta Grossa
4117404,Ourizona,Floraí,Norte Central Paranaense,PR,Maringá,Maringá
4117453,Ouro Verde do Oeste,Toledo,Oeste Paranaense,PR,Toledo,Cascavel
4117503,Paiçandu,Maringá,Norte Central Paranaense,PR,Maringá,Maringá
4117602,Palmas,Palmas,Centro-Sul Paranaense,PR,Pato Branco,Cascavel
4117701,Palmeira,Ponta Grossa,Centro Oriental Paranaense,PR,Ponta Grossa,Ponta Grossa
4117800,Palmital,Pitanga,Centro-Sul Paranaense,PR,Pitanga,Guarapuava
4117909,Palotina,Toledo,Oeste Paranaense,PR,Toledo,Cascavel
4118006,Paraíso do Norte,Paranavaí,Noroeste Paranaense,PR,Paranavaí,Maringá
4118105,Paranacity,Paranavaí,Noroeste Paranaense,PR,Paranacity - Colorado,Maringá
4118204,Paranaguá,Paranaguá,Metropolitana de Curitiba,PR,Paranaguá,Curitiba
4118303,Paranapoema,Paranavaí,Noroeste Paranaense,PR,Paranacity - Colorado,Maringá
4118402,Paranavaí,Paranavaí,Noroeste Paranaense,PR,Paranavaí,Maringá
4118451,Pato Bragado,Toledo,Oeste Paranaense,PR,Marechal Cândido Rondon,Cascavel
4118501,Pato Branco,Pato Branco,Sudoeste Paranaense,PR,Pato Branco,Cascavel
4118600,Paula Freitas,União da Vitória,Sudeste Paranaense,PR,União da Vitória,Curitiba
4118709,Paulo Frontin,União da Vitória,Sudeste Paranaense,PR,União da Vitória,Curitiba
4118808,Peabiru,Campo Mourão,Centro Ocidental Paranaense,PR,Campo Mourão,Maringá
4118857,Perobal,Umuarama,Noroeste Paranaense,PR,Umuarama,Maringá
4118907,Pérola,Umuarama,Noroeste Paranaense,PR,Umuarama,Maringá
4119004,Pérola d'Oeste,Capanema,Sudoeste Paranaense,PR,Francisco Beltrão,Cascavel
4119103,Piên,Rio Negro,Metropolitana de Curitiba,PR,Curitiba,Curitiba
4119152,Pinhais,Curitiba,Metropolitana de Curitiba,PR,Curitiba,Curitiba
4119202,Pinhalão,Ibaiti,Norte Pioneiro Paranaense,PR,Ibaiti,Londrina
4119251,Pinhal de São Bento,Francisco Beltrão,Sudoeste Paranaense,PR,Francisco Beltrão,Cascavel
4119301,Pinhão,Guarapuava,Centro-Sul Paranaense,PR,Guarapuava,Guarapuava
4119400,Piraí do Sul,Jaguariaíva,Centro Oriental Paranaense,PR,Ponta Grossa,Ponta Grossa
4119509,Piraquara,Curitiba,Metropolitana de Curitiba,PR,Curitiba,Curitiba
4119608,Pitanga,Pitanga,Centro-Sul Paranaense,PR,Pitanga,Guarapuava
4119657,Pitangueiras,Londrina,Norte Central Paranaense,PR,Londrina,Londrina
4119707,Planaltina do Paraná,Paranavaí,Noroeste Paranaense,PR,Paranavaí,Maringá
4119806,Planalto,Capanema,Sudoeste Paranaense,PR,Francisco Beltrão,Cascavel
4119905,Ponta Grossa,Ponta Grossa,Centro Oriental Paranaense,PR,Ponta Grossa,Ponta Grossa
4119954,Pontal do Paraná,Paranaguá,Metropolitana de Curitiba,PR,Paranaguá,Curitiba
4120002,Porecatu,Porecatu,Norte Central Paranaense,PR,Londrina,Londrina
4120101,Porto Amazonas,Lapa,Metropolitana de Curitiba,PR,Ponta Grossa,Ponta Grossa
4120150,Porto Barreiro,Guarapuava,Centro-Sul Paranaense,PR,Laranjeiras do Sul - Quedas do Iguaçu,Cascavel
4120200,Porto Rico,Paranavaí,Noroeste Paranaense,PR,Loanda,Maringá
4120309,Porto Vitória,União da Vitória,Sudeste Paranaense,PR,União da Vitória,Curitiba
4120333,Prado Ferreira,Porecatu,Norte Central Paranaense,PR,Londrina,Londrina
4120358,Pranchita,Capanema,Sudoeste Paranaense,PR,Francisco Beltrão,Cascavel
4120408,Presidente Castelo Branco,Astorga,Norte Central Paranaense,PR,Maringá,Maringá
4120507,Primeiro de Maio,Porecatu,Norte Central Paranaense,PR,Londrina,Londrina
4120606,Prudentópolis,Prudentópolis,Sudeste Paranaense,PR,Guarapuava,Guarapuava
4120655,Quarto Centenário,Goioerê,Centro Ocidental Paranaense,PR,Campo Mourão,Maringá
4120705,Quatiguá,Wenceslau Braz,Norte Pioneiro Paranaense,PR,Santo Antônio da Platina,Londrina
4120804,Quatro Barras,Curitiba,Metropolitana de Curitiba,PR,Curitiba,Curitiba
4120853,Quatro Pontes,Toledo,Oeste Paranaense,PR,Marechal Cândido Rondon,Cascavel
4120903,Quedas do Iguaçu,Guarapuava,Centro-Sul Paranaense,PR,Laranjeiras do Sul - Quedas do Iguaçu,Cascavel
4121000,Querência do Norte,Paranavaí,Noroeste Paranaense,PR,Loanda,Maringá
4121109,Quinta do Sol,Campo Mourão,Centro Ocidental Paranaense,PR,Campo Mourão,Maringá
4121208,Quitandinha,Rio Negro,Metropolitana de Curitiba,PR,Curitiba,Curitiba
4121257,Ramilândia,Foz do Iguaçu,Oeste Paranaense,PR,Cascavel,Cascavel
4121307,Rancho Alegre,Assaí,Norte Pioneiro Paranaense,PR,Cornélio Procópio ¿ Bandeirantes,Londrina
4121356,Rancho Alegre D'Oeste,Goioerê,Centro Ocidental Paranaense,PR,Campo Mourão,Maringá
4121406,Realeza,Capanema,Sudoeste Paranaense,PR,Francisco Beltrão,Cascavel
4121505,Rebouças,Irati,Sudeste Paranaense,PR,Irati,Ponta Grossa
4121604,Renascença,Francisco Beltrão,Sudoeste Paranaense,PR,Francisco Beltrão,Cascavel
4121703,Reserva,Telêmaco Borba,Centro Oriental Paranaense,PR,Telêmaco Borba,Ponta Grossa
4121752,Reserva do Iguaçu,Guarapuava,Centro-Sul Paranaense,PR,Guarapuava,Guarapuava
4121802,Ribeirão Claro,Jacarezinho,Norte Pioneiro Paranaense,PR,Santo Antônio da Platina,Londrina
4121901,Ribeirão do Pinhal,Cornélio Procópio,Norte Pioneiro Paranaense,PR,Santo Antônio da Platina,Londrina
4122008,Rio Azul,Irati,Sudeste Paranaense,PR,Irati,Ponta Grossa
4122107,Rio Bom,Faxinal,Norte Central Paranaense,PR,Apucarana,Londrina
4122156,Rio Bonito do Iguaçu,Guarapuava,Centro-Sul Paranaense,PR,Laranjeiras do Sul - Quedas do Iguaçu,Cascavel
4122172,Rio Branco do Ivaí,Ivaiporã,Norte Central Paranaense,PR,Ivaiporã,Londrina
4122206,Rio Branco do Sul,Curitiba,Metropolitana de Curitiba,PR,Curitiba,Curitiba
4122305,Rio Negro,Rio Negro,Metropolitana de Curitiba,PR,Curitiba,Curitiba
4122404,Rolândia,Londrina,Norte Central Paranaense,PR,Londrina,Londrina
4122503,Roncador,Campo Mourão,Centro Ocidental Paranaense,PR,Campo Mourão,Maringá
4122602,Rondon,Cianorte,Noroeste Paranaense,PR,Cianorte,Maringá
4122651,Rosário do Ivaí,Ivaiporã,Norte Central Paranaense,PR,Ivaiporã,Londrina
4122701,Sabáudia,Apucarana,Norte Central Paranaense,PR,Londrina,Londrina
4122800,Salgado Filho,Francisco Beltrão,Sudoeste Paranaense,PR,Francisco Beltrão,Cascavel
4122909,Salto do Itararé,Wenceslau Braz,Norte Pioneiro Paranaense,PR,Santo Antônio da Platina,Londrina
4123006,Salto do Lontra,Francisco Beltrão,Sudoeste Paranaense,PR,Dois Vizinhos,Cascavel
4123105,Santa Amélia,Cornélio Procópio,Norte Pioneiro Paranaense,PR,Cornélio Procópio ¿ Bandeirantes,Londrina
4123204,Santa Cecília do Pavão,Assaí,Norte Pioneiro Paranaense,PR,Cornélio Procópio ¿ Bandeirantes,Londrina
4123303,Santa Cruz de Monte Castelo,Paranavaí,Noroeste Paranaense,PR,Loanda,Maringá
4123402,Santa Fé,Astorga,Norte Central Paranaense,PR,Maringá,Maringá
4123501,Santa Helena,Toledo,Oeste Paranaense,PR,Toledo,Cascavel
4123600,Santa Inês,Astorga,Norte Central Paranaense,PR,Paranacity - Colorado,Maringá
4123709,Santa Isabel do Ivaí,Paranavaí,Noroeste Paranaense,PR,Loanda,Maringá
4123808,Santa Izabel do Oeste,Capanema,Sudoeste Paranaense,PR,Francisco Beltrão,Cascavel
4123824,Santa Lúcia,Cascavel,Oeste Paranaense,PR,Cascavel,Cascavel
4123857,Santa Maria do Oeste,Pitanga,Centro-Sul Paranaense,PR,Pitanga,Guarapuava
4123907,Santa Mariana,Cornélio Procópio,Norte Pioneiro Paranaense,PR,Cornélio Procópio ¿ Bandeirantes,Londrina
4123956,Santa Mônica,Paranavaí,Noroeste Paranaense,PR,Loanda,Maringá
4124004,Santana do Itararé,Wenceslau Braz,Norte Pioneiro Paranaense,PR,Santo Antônio da Platina,Londrina
4124020,Santa Tereza do Oeste,Cascavel,Oeste Paranaense,PR,Cascavel,Cascavel
4124053,Santa Terezinha de Itaipu,Foz do Iguaçu,Oeste Paranaense,PR,Foz do Iguaçu,Cascavel
4124103,Santo Antônio da Platina,Jacarezinho,Norte Pioneiro Paranaense,PR,Santo Antônio da Platina,Londrina
4124202,Santo Antônio do Caiuá,Paranavaí,Noroeste Paranaense,PR,Paranavaí,Maringá
4124301,Santo Antônio do Paraíso,Cornélio Procópio,Norte Pioneiro Paranaense,PR,Cornélio Procópio ¿ Bandeirantes,Londrina
4124400,Santo Antônio do Sudoeste,Francisco Beltrão,Sudoeste Paranaense,PR,Francisco Beltrão,Cascavel
4124509,Santo Inácio,Astorga,Norte Central Paranaense,PR,Paranacity - Colorado,Maringá
4124608,São Carlos do Ivaí,Paranavaí,Noroeste Paranaense,PR,Paranavaí,Maringá
4124707,São Jerônimo da Serra,Assaí,Norte Pioneiro Paranaense,PR,Cornélio Procópio ¿ Bandeirantes,Londrina
4124806,São João,Pato Branco,Sudoeste Paranaense,PR,Pato Branco,Cascavel
4124905,São João do Caiuá,Paranavaí,Noroeste Paranaense,PR,Paranavaí,Maringá
4125001,São João do Ivaí,Ivaiporã,Norte Central Paranaense,PR,Ivaiporã,Londrina
4125100,São João do Triunfo,São Mateus do Sul,Sudeste Paranaense,PR,Ponta Grossa,Ponta Grossa
4125209,São Jorge d'Oeste,Francisco Beltrão,Sudoeste Paranaense,PR,Dois Vizinhos,Cascavel
4125308,São Jorge do Ivaí,Floraí,Norte Central Paranaense,PR,Maringá,Maringá
4125357,São Jorge do Patrocínio,Umuarama,Noroeste Paranaense,PR,Umuarama,Maringá
4125407,São José da Boa Vista,Wenceslau Braz,Norte Pioneiro Paranaense,PR,Santo Antônio da Platina,Londrina
4125456,São José das Palmeiras,Toledo,Oeste Paranaense,PR,Toledo,Cascavel
4125506,São José dos Pinhais,Curitiba,Metropolitana de Curitiba,PR,Curitiba,Curitiba
4125555,São Manoel do Paraná,Cianorte,Noroeste Paranaense,PR,Cianorte,Maringá
4125605,São Mateus do Sul,São Mateus do Sul,Sudeste Paranaense,PR,União da Vitória,Curitiba
4125704,São Miguel do Iguaçu,Foz do Iguaçu,Oeste Paranaense,PR,Foz do Iguaçu,Cascavel
4125753,São Pedro do Iguaçu,Toledo,Oeste Paranaense,PR,Toledo,Cascavel
4125803,São Pedro do Ivaí,Ivaiporã,Norte Central Paranaense,PR,Apucarana,Londrina
4125902,São Pedro do Paraná,Paranavaí,Noroeste Paranaense,PR,Loanda,Maringá
4126009,São Sebastião da Amoreira,Assaí,Norte Pioneiro Paranaense,PR,Cornélio Procópio ¿ Bandeirantes,Londrina
4126108,São Tomé,Cianorte,Noroeste Paranaense,PR,Cianorte,Maringá
4126207,Sapopema,Ibaiti,Norte Pioneiro Paranaense,PR,Cornélio Procópio ¿ Bandeirantes,Londrina
4126256,Sarandi,Maringá,Norte Central Paranaense,PR,Maringá,Maringá
4126272,Saudade do Iguaçu,Pato Branco,Sudoeste Paranaense,PR,Pato Branco,Cascavel
4126306,Sengés,Jaguariaíva,Centro Oriental Paranaense,PR,Ponta Grossa,Ponta Grossa
4126355,Serranópolis do Iguaçu,Foz do Iguaçu,Oeste Paranaense,PR,Foz do Iguaçu,Cascavel
4126405,Sertaneja,Cornélio Procópio,Norte Pioneiro Paranaense,PR,Cornélio Procópio ¿ Bandeirantes,Londrina
4126504,Sertanópolis,Porecatu,Norte Central Paranaense,PR,Londrina,Londrina
4126603,Siqueira Campos,Wenceslau Braz,Norte Pioneiro Paranaense,PR,Santo Antônio da Platina,Londrina
4126652,Sulina,Pato Branco,Sudoeste Paranaense,PR,Pato Branco,Cascavel
4126678,Tamarana,Londrina,Norte Central Paranaense,PR,Londrina,Londrina
4126702,Tamboara,Paranavaí,Noroeste Paranaense,PR,Paranavaí,Maringá
4126801,Tapejara,Cianorte,Noroeste Paranaense,PR,Cianorte,Maringá
4126900,Tapira,Umuarama,Noroeste Paranaense,PR,Umuarama,Maringá
4127007,Teixeira Soares,Prudentópolis,Sudeste Paranaense,PR,Irati,Ponta Grossa
4127106,Telêmaco Borba,Telêmaco Borba,Centro Oriental Paranaense,PR,Telêmaco Borba,Ponta Grossa
4127205,Terra Boa,Campo Mourão,Centro Ocidental Paranaense,PR,Cianorte,Maringá
4127304,Terra Rica,Paranavaí,Noroeste Paranaense,PR,Paranavaí,Maringá
4127403,Terra Roxa,Toledo,Oeste Paranaense,PR,Toledo,Cascavel
4127502,Tibagi,Telêmaco Borba,Centro Oriental Paranaense,PR,Telêmaco Borba,Ponta Grossa
4127601,Tijucas do Sul,Rio Negro,Metropolitana de Curitiba,PR,Curitiba,Curitiba
4127700,Toledo,Toledo,Oeste Paranaense,PR,Toledo,Cascavel
4127809,Tomazina,Wenceslau Braz,Norte Pioneiro Paranaense,PR,Santo Antônio da Platina,Londrina
4127858,Três Barras do Paraná,Cascavel,Oeste Paranaense,PR,Cascavel,Cascavel
4127882,Tunas do Paraná,Curitiba,Metropolitana de Curitiba,PR,Curitiba,Curitiba
4127908,Tuneiras do Oeste,Cianorte,Noroeste Paranaense,PR,Cianorte,Maringá
4127957,Tupãssi,Toledo,Oeste Paranaense,PR,Toledo,Cascavel
4127965,Turvo,Guarapuava,Centro-Sul Paranaense,PR,Guarapuava,Guarapuava
4128005,Ubiratã,Goioerê,Centro Ocidental Paranaense,PR,Campo Mourão,Maringá
4128104,Umuarama,Umuarama,Noroeste Paranaense,PR,Umuarama,Maringá
4128203,União da Vitória,União da Vitória,Sudeste Paranaense,PR,União da Vitória,Curitiba
4128302,Uniflor,Astorga,Norte Central Paranaense,PR,Maringá,Maringá
4128401,Uraí,Assaí,Norte Pioneiro Paranaense,PR,Cornélio Procópio ¿ Bandeirantes,Londrina
4128500,Wenceslau Braz,Wenceslau Braz,Norte Pioneiro Paranaense,PR,Santo Antônio da Platina,Londrina
4128534,Ventania,Telêmaco Borba,Centro Oriental Paranaense,PR,Telêmaco Borba,Ponta Grossa
4128559,Vera Cruz do Oeste,Foz do Iguaçu,Oeste Paranaense,PR,Cascavel,Cascavel
4128609,Verê,Francisco Beltrão,Sudoeste Paranaense,PR,Francisco Beltrão,Cascavel
4128625,Alto Paraíso,Umuarama,Noroeste Paranaense,PR,Umuarama,Maringá
4128633,Doutor Ulysses,Cerro Azul,Metropolitana de Curitiba,PR,Curitiba,Curitiba
4128658,Virmond,Guarapuava,Centro-Sul Paranaense,PR,Laranjeiras do Sul - Quedas do Iguaçu,Cascavel
4128708,Vitorino,Pato Branco,Sudoeste Paranaense,PR,Pato Branco,Cascavel
4128807,Xambrê,Umuarama,Noroeste Paranaense,PR,Umuarama,Maringá
4200051,Abdon Batista,Curitibanos,Serrana,SC,Joaçaba - Herval d'Oeste,Chapecó
4200101,Abelardo Luz,Xanxerê,Oeste Catarinense,SC,Xanxerê,Chapecó
4200200,Agrolândia,Ituporanga,Vale do Itajaí,SC,Rio do Sul,Blumenau
4200309,Agronômica,Rio do Sul,Vale do Itajaí,SC,Rio do Sul,Blumenau
4200408,Água Doce,Joaçaba,Oeste Catarinense,SC,Joaçaba - Herval d'Oeste,Chapecó
4200507,Águas de Chapecó,Chapecó,Oeste Catarinense,SC,Chapecó,Chapecó
4200556,Águas Frias,Chapecó,Oeste Catarinense,SC,Chapecó,Chapecó
4200606,Águas Mornas,Tabuleiro,Grande Florianópolis,SC,Florianópolis,Florianópolis
4200705,Alfredo Wagner,Tabuleiro,Grande Florianópolis,SC,Florianópolis,Florianópolis
4200754,Alto Bela Vista,Concórdia,Oeste Catarinense,SC,Concórdia,Chapecó
4200804,Anchieta,São Miguel do Oeste,Oeste Catarinense,SC,São Miguel do Oeste,Chapecó
4200903,Angelina,Tijucas,Grande Florianópolis,SC,Florianópolis,Florianópolis
4201000,Anita Garibaldi,Campos de Lages,Serrana,SC,Lages,Lages
4201109,Anitápolis,Tabuleiro,Grande Florianópolis,SC,Florianópolis,Florianópolis
4201208,Antônio Carlos,Florianópolis,Grande Florianópolis,SC,Florianópolis,Florianópolis
4201257,Apiúna,Blumenau,Vale do Itajaí,SC,Blumenau,Blumenau
4201273,Arabutã,Concórdia,Oeste Catarinense,SC,Concórdia,Chapecó
4201307,Araquari,Joinville,Norte Catarinense,SC,Joinville,Joinville
4201406,Araranguá,Araranguá,Sul Catarinense,SC,Araranguá,Criciúma
4201505,Armazém,Tubarão,Sul Catarinense,SC,Tubarão,Criciúma
4201604,Arroio Trinta,Joaçaba,Oeste Catarinense,SC,Videira,Caçador
4201653,Arvoredo,Concórdia,Oeste Catarinense,SC,Chapecó,Chapecó
4201703,Ascurra,Blumenau,Vale do Itajaí,SC,Blumenau,Blumenau
4201802,Atalanta,Ituporanga,Vale do Itajaí,SC,Rio do Sul,Blumenau
4201901,Aurora,Rio do Sul,Vale do Itajaí,SC,Rio do Sul,Blumenau
4201950,Balneário Arroio do Silva,Araranguá,Sul Catarinense,SC,Araranguá,Criciúma
4202008,Balneário Camboriú,Itajaí,Vale do Itajaí,SC,Itajaí,Blumenau
4202057,Balneário Barra do Sul,Joinville,Norte Catarinense,SC,Joinville,Joinville
4202073,Balneário Gaivota,Araranguá,Sul Catarinense,SC,Araranguá,Criciúma
4202081,Bandeirante,São Miguel do Oeste,Oeste Catarinense,SC,São Miguel do Oeste,Chapecó
4202099,Barra Bonita,São Miguel do Oeste,Oeste Catarinense,SC,São Miguel do Oeste,Chapecó
4202107,Barra Velha,Itajaí,Vale do Itajaí,SC,Itajaí,Blumenau
4202131,Bela Vista do Toldo,Canoinhas,Norte Catarinense,SC,Mafra,Joinville
4202156,Belmonte,São Miguel do Oeste,Oeste Catarinense,SC,São Miguel do Oeste,Chapecó
4202206,Benedito Novo,Blumenau,Vale do Itajaí,SC,Blumenau,Blumenau
4202305,Biguaçu,Florianópolis,Grande Florianópolis,SC,Florianópolis,Florianópolis
4202404,Blumenau,Blumenau,Vale do Itajaí,SC,Blumenau,Blumenau
4202438,Bocaina do Sul,Campos de Lages,Serrana,SC,Lages,Lages
4202453,Bombinhas,Itajaí,Vale do Itajaí,SC,Itajaí,Blumenau
4202503,Bom Jardim da Serra,Campos de Lages,Serrana,SC,Lages,Lages
4202537,Bom Jesus,Xanxerê,Oeste Catarinense,SC,Xanxerê,Chapecó
4202578,Bom Jesus do Oeste,Chapecó,Oeste Catarinense,SC,Maravilha,Chapecó
4202602,Bom Retiro,Campos de Lages,Serrana,SC,Lages,Lages
4202701,Botuverá,Blumenau,Vale do Itajaí,SC,Brusque,Blumenau
4202800,Braço do Norte,Tubarão,Sul Catarinense,SC,Tubarão,Criciúma
4202859,Braço do Trombudo,Rio do Sul,Vale do Itajaí,SC,Rio do Sul,Blumenau
4202875,Brunópolis,Curitibanos,Serrana,SC,Curitibanos,Lages
4202909,Brusque,Blumenau,Vale do Itajaí,SC,Brusque,Blumenau
4203006,Caçador,Joaçaba,Oeste Catarinense,SC,Caçador,Caçador
4203105,Caibi,Chapecó,Oeste Catarinense,SC,Chapecó,Chapecó
4203154,Calmon,Joaçaba,Oeste Catarinense,SC,Caçador,Caçador
4203204,Camboriú,Itajaí,Vale do Itajaí,SC,Itajaí,Blumenau
4203253,Capão Alto,Campos de Lages,Serrana,SC,Lages,Lages
4203303,Campo Alegre,São Bento do Sul,Norte Catarinense,SC,São Bento do Sul - Rio Negrinho,Joinville
4203402,Campo Belo do Sul,Campos de Lages,Serrana,SC,Lages,Lages
4203501,Campo Erê,Chapecó,Oeste Catarinense,SC,São Lourenço do Oeste,Chapecó
4203600,Campos Novos,Curitibanos,Serrana,SC,Joaçaba - Herval d'Oeste,Chapecó
4203709,Canelinha,Tijucas,Grande Florianópolis,SC,Brusque,Blumenau
4203808,Canoinhas,Canoinhas,Norte Catarinense,SC,Mafra,Joinville
4203907,Capinzal,Joaçaba,Oeste Catarinense,SC,Joaçaba - Herval d'Oeste,Chapecó
4203956,Capivari de Baixo,Tubarão,Sul Catarinense,SC,Tubarão,Criciúma
4204004,Catanduvas,Joaçaba,Oeste Catarinense,SC,Joaçaba - Herval d'Oeste,Chapecó
4204103,Caxambu do Sul,Chapecó,Oeste Catarinense,SC,Chapecó,Chapecó
4204152,Celso Ramos,Campos de Lages,Serrana,SC,Joaçaba - Herval d'Oeste,Chapecó
4204178,Cerro Negro,Campos de Lages,Serrana,SC,Lages,Lages
4204194,Chapadão do Lageado,Ituporanga,Vale do Itajaí,SC,Ituporanga,Blumenau
4204202,Chapecó,Chapecó,Oeste Catarinense,SC,Chapecó,Chapecó
4204251,Cocal do Sul,Criciúma,Sul Catarinense,SC,Criciúma,Criciúma
4204301,Concórdia,Concórdia,Oeste Catarinense,SC,Concórdia,Chapecó
4204350,Cordilheira Alta,Chapecó,Oeste Catarinense,SC,Chapecó,Chapecó
4204400,Coronel Freitas,Chapecó,Oeste Catarinense,SC,Chapecó,Chapecó
4204459,Coronel Martins,Xanxerê,Oeste Catarinense,SC,Xanxerê,Chapecó
4204509,Corupá,Joinville,Norte Catarinense,SC,Joinville,Joinville
4204558,Correia Pinto,Campos de Lages,Serrana,SC,Lages,Lages
4204608,Criciúma,Criciúma,Sul Catarinense,SC,Criciúma,Criciúma
4204707,Cunha Porã,Chapecó,Oeste Catarinense,SC,Maravilha,Chapecó
4204756,Cunhataí,Chapecó,Oeste Catarinense,SC,Chapecó,Chapecó
4204806,Curitibanos,Curitibanos,Serrana,SC,Curitibanos,Lages
4204905,Descanso,São Miguel do Oeste,Oeste Catarinense,SC,São Miguel do Oeste,Chapecó
4205001,Dionísio Cerqueira,São Miguel do Oeste,Oeste Catarinense,SC,São Miguel do Oeste,Chapecó
4205100,Dona Emma,Rio do Sul,Vale do Itajaí,SC,Ibirama - Presidente Getúlio,Blumenau
4205159,Doutor Pedrinho,Blumenau,Vale do Itajaí,SC,Blumenau,Blumenau
4205175,Entre Rios,Xanxerê,Oeste Catarinense,SC,Xanxerê,Chapecó
4205191,Ermo,Araranguá,Sul Catarinense,SC,Araranguá,Criciúma
4205209,Erval Velho,Joaçaba,Oeste Catarinense,SC,Joaçaba - Herval d'Oeste,Chapecó
4205308,Faxinal dos Guedes,Xanxerê,Oeste Catarinense,SC,Xanxerê,Chapecó
4205357,Flor do Sertão,Chapecó,Oeste Catarinense,SC,São Miguel do Oeste,Chapecó
4205407,Florianópolis,Florianópolis,Grande Florianópolis,SC,Florianópolis,Florianópolis
4205431,Formosa do Sul,Chapecó,Oeste Catarinense,SC,Chapecó,Chapecó
4205456,Forquilhinha,Criciúma,Sul Catarinense,SC,Criciúma,Criciúma
4205506,Fraiburgo,Joaçaba,Oeste Catarinense,SC,Videira,Caçador
4205555,Frei Rogério,Curitibanos,Serrana,SC,Curitibanos,Lages
4205605,Galvão,Xanxerê,Oeste Catarinense,SC,São Lourenço do Oeste,Chapecó
4205704,Garopaba,Tubarão,Sul Catarinense,SC,Florianópolis,Florianópolis
4205803,Garuva,Joinville,Norte Catarinense,SC,Joinville,Joinville
4205902,Gaspar,Blumenau,Vale do Itajaí,SC,Blumenau,Blumenau
4206009,Governador Celso Ramos,Florianópolis,Grande Florianópolis,SC,Florianópolis,Florianópolis
4206108,Grão-Pará,Tubarão,Sul Catarinense,SC,Tubarão,Criciúma
4206207,Gravatal,Tubarão,Sul Catarinense,SC,Tubarão,Criciúma
4206306,Guabiruba,Blumenau,Vale do Itajaí,SC,Brusque,Blumenau
4206405,Guaraciaba,São Miguel do Oeste,Oeste Catarinense,SC,São Miguel do Oeste,Chapecó
4206504,Guaramirim,Joinville,Norte Catarinense,SC,Joinville,Joinville
4206603,Guarujá do Sul,São Miguel do Oeste,Oeste Catarinense,SC,São Miguel do Oeste,Chapecó
4206652,Guatambú,Chapecó,Oeste Catarinense,SC,Chapecó,Chapecó
4206702,Herval d'Oeste,Joaçaba,Oeste Catarinense,SC,Joaçaba - Herval d'Oeste,Chapecó
4206751,Ibiam,Joaçaba,Oeste Catarinense,SC,Videira,Caçador
4206801,Ibicaré,Joaçaba,Oeste Catarinense,SC,Joaçaba - Herval d'Oeste,Chapecó
4206900,Ibirama,Rio do Sul,Vale do Itajaí,SC,Ibirama - Presidente Getúlio,Blumenau
4207007,Içara,Criciúma,Sul Catarinense,SC,Criciúma,Criciúma
4207106,Ilhota,Itajaí,Vale do Itajaí,SC,Blumenau,Blumenau
4207205,Imaruí,Tubarão,Sul Catarinense,SC,Tubarão,Criciúma
4207304,Imbituba,Tubarão,Sul Catarinense,SC,Florianópolis,Florianópolis
4207403,Imbuia,Ituporanga,Vale do Itajaí,SC,Ituporanga,Blumenau
4207502,Indaial,Blumenau,Vale do Itajaí,SC,Blumenau,Blumenau
4207577,Iomerê,Joaçaba,Oeste Catarinense,SC,Videira,Caçador
4207601,Ipira,Concórdia,Oeste Catarinense,SC,Concórdia,Chapecó
4207650,Iporã do Oeste,São Miguel do Oeste,Oeste Catarinense,SC,São Miguel do Oeste,Chapecó
4207684,Ipuaçu,Xanxerê,Oeste Catarinense,SC,Xanxerê,Chapecó
4207700,Ipumirim,Concórdia,Oeste Catarinense,SC,Concórdia,Chapecó
4207759,Iraceminha,Chapecó,Oeste Catarinense,SC,Maravilha,Chapecó
4207809,Irani,Concórdia,Oeste Catarinense,SC,Concórdia,Chapecó
4207858,Irati,Chapecó,Oeste Catarinense,SC,Chapecó,Chapecó
4207908,Irineópolis,Canoinhas,Norte Catarinense,SC,Mafra,Joinville
4208005,Itá,Concórdia,Oeste Catarinense,SC,Concórdia,Chapecó
4208104,Itaiópolis,Canoinhas,Norte Catarinense,SC,Mafra,Joinville
4208203,Itajaí,Itajaí,Vale do Itajaí,SC,Itajaí,Blumenau
4208302,Itapema,Itajaí,Vale do Itajaí,SC,Itajaí,Blumenau
4208401,Itapiranga,São Miguel do Oeste,Oeste Catarinense,SC,São Miguel do Oeste,Chapecó
4208450,Itapoá,Joinville,Norte Catarinense,SC,Joinville,Joinville
4208500,Ituporanga,Ituporanga,Vale do Itajaí,SC,Ituporanga,Blumenau
4208609,Jaborá,Joaçaba,Oeste Catarinense,SC,Joaçaba - Herval d'Oeste,Chapecó
4208708,Jacinto Machado,Araranguá,Sul Catarinense,SC,Araranguá,Criciúma
4208807,Jaguaruna,Tubarão,Sul Catarinense,SC,Tubarão,Criciúma
4208906,Jaraguá do Sul,Joinville,Norte Catarinense,SC,Joinville,Joinville
4208955,Jardinópolis,Chapecó,Oeste Catarinense,SC,Chapecó,Chapecó
4209003,Joaçaba,Joaçaba,Oeste Catarinense,SC,Joaçaba - Herval d'Oeste,Chapecó
4209102,Joinville,Joinville,Norte Catarinense,SC,Joinville,Joinville
4209151,José Boiteux,Rio do Sul,Vale do Itajaí,SC,Ibirama - Presidente Getúlio,Blumenau
4209177,Jupiá,Xanxerê,Oeste Catarinense,SC,São Lourenço do Oeste,Chapecó
4209201,Lacerdópolis,Joaçaba,Oeste Catarinense,SC,Joaçaba - Herval d'Oeste,Chapecó
4209300,Lages,Campos de Lages,Serrana,SC,Lages,Lages
4209409,Laguna,Tubarão,Sul Catarinense,SC,Tubarão,Criciúma
4209458,Lajeado Grande,Xanxerê,Oeste Catarinense,SC,Chapecó,Chapecó
4209508,Laurentino,Rio do Sul,Vale do Itajaí,SC,Rio do Sul,Blumenau
4209607,Lauro Müller,Criciúma,Sul Catarinense,SC,Criciúma,Criciúma
4209706,Lebon Régis,Joaçaba,Oeste Catarinense,SC,Caçador,Caçador
4209805,Leoberto Leal,Tijucas,Grande Florianópolis,SC,Ituporanga,Blumenau
4209854,Lindóia do Sul,Concórdia,Oeste Catarinense,SC,Concórdia,Chapecó
4209904,Lontras,Rio do Sul,Vale do Itajaí,SC,Rio do Sul,Blumenau
4210001,Luiz Alves,Blumenau,Vale do Itajaí,SC,Itajaí,Blumenau
4210035,Luzerna,Joaçaba,Oeste Catarinense,SC,Joaçaba - Herval d'Oeste,Chapecó
4210050,Macieira,Joaçaba,Oeste Catarinense,SC,Caçador,Caçador
4210100,Mafra,Canoinhas,Norte Catarinense,SC,Mafra,Joinville
4210209,Major Gercino,Tijucas,Grande Florianópolis,SC,Brusque,Blumenau
4210308,Major Vieira,Canoinhas,Norte Catarinense,SC,Mafra,Joinville
4210407,Maracajá,Araranguá,Sul Catarinense,SC,Araranguá,Criciúma
4210506,Maravilha,Chapecó,Oeste Catarinense,SC,Maravilha,Chapecó
4210555,Marema,Xanxerê,Oeste Catarinense,SC,Chapecó,Chapecó
4210605,Massaranduba,Joinville,Norte Catarinense,SC,Joinville,Joinville
4210704,Matos Costa,Joaçaba,Oeste Catarinense,SC,Caçador,Caçador
4210803,Meleiro,Araranguá,Sul Catarinense,SC,Araranguá,Criciúma
4210852,Mirim Doce,Rio do Sul,Vale do Itajaí,SC,Rio do Sul,Blumenau
4210902,Modelo,Chapecó,Oeste Catarinense,SC,Chapecó,Chapecó
4211009,Mondaí,São Miguel do Oeste,Oeste Catarinense,SC,Chapecó,Chapecó
4211058,Monte Carlo,Curitibanos,Serrana,SC,Videira,Caçador
4211108,Monte Castelo,Canoinhas,Norte Catarinense,SC,Mafra,Joinville
4211207,Morro da Fumaça,Criciúma,Sul Catarinense,SC,Criciúma,Criciúma
4211256,Morro Grande,Araranguá,Sul Catarinense,SC,Criciúma,Criciúma
4211306,Navegantes,Itajaí,Vale do Itajaí,SC,Itajaí,Blumenau
4211405,Nova Erechim,Chapecó,Oeste Catarinense,SC,Chapecó,Chapecó
4211454,Nova Itaberaba,Chapecó,Oeste Catarinense,SC,Chapecó,Chapecó
4211504,Nova Trento,Tijucas,Grande Florianópolis,SC,Brusque,Blumenau
4211603,Nova Veneza,Criciúma,Sul Catarinense,SC,Criciúma,Criciúma
4211652,Novo Horizonte,Chapecó,Oeste Catarinense,SC,São Lourenço do Oeste,Chapecó
4211702,Orleans,Tubarão,Sul Catarinense,SC,Criciúma,Criciúma
4211751,Otacílio Costa,Campos de Lages,Serrana,SC,Lages,Lages
4211801,Ouro,Joaçaba,Oeste Catarinense,SC,Joaçaba - Herval d'Oeste,Chapecó
4211850,Ouro Verde,Xanxerê,Oeste Catarinense,SC,Xanxerê,Chapecó
4211876,Paial,Concórdia,Oeste Catarinense,SC,Chapecó,Chapecó
4211892,Painel,Campos de Lages,Serrana,SC,Lages,Lages
4211900,Palhoça,Florianópolis,Grande Florianópolis,SC,Florianópolis,Florianópolis
4212007,Palma Sola,São Miguel do Oeste,Oeste Catarinense,SC,São Miguel do Oeste,Chapecó
4212056,Palmeira,Campos de Lages,Serrana,SC,Lages,Lages
4212106,Palmitos,Chapecó,Oeste Catarinense,SC,Chapecó,Chapecó
4212205,Papanduva,Canoinhas,Norte Catarinense,SC,Mafra,Joinville
4212239,Paraíso,São Miguel do Oeste,Oeste Catarinense,SC,São Miguel do Oeste,Chapecó
4212254,Passo de Torres,Araranguá,Sul Catarinense,SC,Araranguá,Criciúma
4212270,Passos Maia,Xanxerê,Oeste Catarinense,SC,Xanxerê,Chapecó
4212304,Paulo Lopes,Florianópolis,Grande Florianópolis,SC,Florianópolis,Florianópolis
4212403,Pedras Grandes,Tubarão,Sul Catarinense,SC,Tubarão,Criciúma
4212502,Penha,Itajaí,Vale do Itajaí,SC,Itajaí,Blumenau
4212601,Peritiba,Concórdia,Oeste Catarinense,SC,Concórdia,Chapecó
4212650,Pescaria Brava,Tubarão,Sul Catarinense,SC,Tubarão,Criciúma
4212700,Petrolândia,Ituporanga,Vale do Itajaí,SC,Ituporanga,Blumenau
4212809,Balneário Piçarras,Itajaí,Vale do Itajaí,SC,Itajaí,Blumenau
4212908,Pinhalzinho,Chapecó,Oeste Catarinense,SC,Chapecó,Chapecó
4213005,Pinheiro Preto,Joaçaba,Oeste Catarinense,SC,Videira,Caçador
4213104,Piratuba,Concórdia,Oeste Catarinense,SC,Concórdia,Chapecó
4213153,Planalto Alegre,Chapecó,Oeste Catarinense,SC,Chapecó,Chapecó
4213203,Pomerode,Blumenau,Vale do Itajaí,SC,Blumenau,Blumenau
4213302,Ponte Alta,Curitibanos,Serrana,SC,Lages,Lages
4213351,Ponte Alta do Norte,Curitibanos,Serrana,SC,Curitibanos,Lages
4213401,Ponte Serrada,Xanxerê,Oeste Catarinense,SC,Xanxerê,Chapecó
4213500,Porto Belo,Itajaí,Vale do Itajaí,SC,Itajaí,Blumenau
4213609,Porto União,Canoinhas,Norte Catarinense,SC,Mafra,Joinville
4213708,Pouso Redondo,Rio do Sul,Vale do Itajaí,SC,Rio do Sul,Blumenau
4213807,Praia Grande,Araranguá,Sul Catarinense,SC,Araranguá,Criciúma
4213906,Presidente Castello Branco,Concórdia,Oeste Catarinense,SC,Concórdia,Chapecó
4214003,Presidente Getúlio,Rio do Sul,Vale do Itajaí,SC,Ibirama - Presidente Getúlio,Blumenau
4214102,Presidente Nereu,Rio do Sul,Vale do Itajaí,SC,Rio do Sul,Blumenau
4214151,Princesa,São Miguel do Oeste,Oeste Catarinense,SC,São Miguel do Oeste,Chapecó
4214201,Quilombo,Chapecó,Oeste Catarinense,SC,Chapecó,Chapecó
4214300,Rancho Queimado,Tabuleiro,Grande Florianópolis,SC,Florianópolis,Florianópolis
4214409,Rio das Antas,Joaçaba,Oeste Catarinense,SC,Videira,Caçador
4214508,Rio do Campo,Rio do Sul,Vale do Itajaí,SC,Rio do Sul,Blumenau
4214607,Rio do Oeste,Rio do Sul,Vale do Itajaí,SC,Rio do Sul,Blumenau
4214706,Rio dos Cedros,Blumenau,Vale do Itajaí,SC,Blumenau,Blumenau
4214805,Rio do Sul,Rio do Sul,Vale do Itajaí,SC,Rio do Sul,Blumenau
4214904,Rio Fortuna,Tubarão,Sul Catarinense,SC,Tubarão,Criciúma
4215000,Rio Negrinho,São Bento do Sul,Norte Catarinense,SC,São Bento do Sul - Rio Negrinho,Joinville
4215059,Rio Rufino,Campos de Lages,Serrana,SC,Lages,Lages
4215075,Riqueza,São Miguel do Oeste,Oeste Catarinense,SC,Chapecó,Chapecó
4215109,Rodeio,Blumenau,Vale do Itajaí,SC,Blumenau,Blumenau
4215208,Romelândia,São Miguel do Oeste,Oeste Catarinense,SC,São Miguel do Oeste,Chapecó
4215307,Salete,Rio do Sul,Vale do Itajaí,SC,Rio do Sul,Blumenau
4215356,Saltinho,Chapecó,Oeste Catarinense,SC,Maravilha,Chapecó
4215406,Salto Veloso,Joaçaba,Oeste Catarinense,SC,Videira,Caçador
4215455,Sangão,Tubarão,Sul Catarinense,SC,Tubarão,Criciúma
4215505,Santa Cecília,Curitibanos,Serrana,SC,Curitibanos,Lages
4215554,Santa Helena,São Miguel do Oeste,Oeste Catarinense,SC,São Miguel do Oeste,Chapecó
4215604,Santa Rosa de Lima,Tubarão,Sul Catarinense,SC,Tubarão,Criciúma
4215653,Santa Rosa do Sul,Araranguá,Sul Catarinense,SC,Araranguá,Criciúma
4215679,Santa Terezinha,Canoinhas,Norte Catarinense,SC,Rio do Sul,Blumenau
4215687,Santa Terezinha do Progresso,Chapecó,Oeste Catarinense,SC,Maravilha,Chapecó
4215695,Santiago do Sul,Chapecó,Oeste Catarinense,SC,Chapecó,Chapecó
4215703,Santo Amaro da Imperatriz,Florianópolis,Grande Florianópolis,SC,Florianópolis,Florianópolis
4215752,São Bernardino,Chapecó,Oeste Catarinense,SC,São Lourenço do Oeste,Chapecó
4215802,São Bento do Sul,São Bento do Sul,Norte Catarinense,SC,São Bento do Sul - Rio Negrinho,Joinville
4215901,São Bonifácio,Tabuleiro,Grande Florianópolis,SC,Florianópolis,Florianópolis
4216008,São Carlos,Chapecó,Oeste Catarinense,SC,Chapecó,Chapecó
4216057,São Cristóvão do Sul,Curitibanos,Serrana,SC,Curitibanos,Lages
4216107,São Domingos,Xanxerê,Oeste Catarinense,SC,Xanxerê,Chapecó
4216206,São Francisco do Sul,Joinville,Norte Catarinense,SC,Joinville,Joinville
4216255,São João do Oeste,São Miguel do Oeste,Oeste Catarinense,SC,São Miguel do Oeste,Chapecó
4216305,São João Batista,Tijucas,Grande Florianópolis,SC,Brusque,Blumenau
4216354,São João do Itaperiú,Itajaí,Vale do Itajaí,SC,Joinville,Joinville
4216404,São João do Sul,Araranguá,Sul Catarinense,SC,Araranguá,Criciúma
4216503,São Joaquim,Campos de Lages,Serrana,SC,Lages,Lages
4216602,São José,Florianópolis,Grande Florianópolis,SC,Florianópolis,Florianópolis
4216701,São José do Cedro,São Miguel do Oeste,Oeste Catarinense,SC,São Miguel do Oeste,Chapecó
4216800,São José do Cerrito,Campos de Lages,Serrana,SC,Lages,Lages
4216909,São Lourenço do Oeste,Chapecó,Oeste Catarinense,SC,São Lourenço do Oeste,Chapecó
4217006,São Ludgero,Tubarão,Sul Catarinense,SC,Tubarão,Criciúma
4217105,São Martinho,Tubarão,Sul Catarinense,SC,Tubarão,Criciúma
4217154,São Miguel da Boa Vista,Chapecó,Oeste Catarinense,SC,Maravilha,Chapecó
4217204,São Miguel do Oeste,São Miguel do Oeste,Oeste Catarinense,SC,São Miguel do Oeste,Chapecó
4217253,São Pedro de Alcântara,Florianópolis,Grande Florianópolis,SC,Florianópolis,Florianópolis
4217303,Saudades,Chapecó,Oeste Catarinense,SC,Chapecó,Chapecó
4217402,Schroeder,Joinville,Norte Catarinense,SC,Joinville,Joinville
4217501,Seara,Concórdia,Oeste Catarinense,SC,Concórdia,Chapecó
4217550,Serra Alta,Chapecó,Oeste Catarinense,SC,Chapecó,Chapecó
4217600,Siderópolis,Criciúma,Sul Catarinense,SC,Criciúma,Criciúma
4217709,Sombrio,Araranguá,Sul Catarinense,SC,Araranguá,Criciúma
4217758,Sul Brasil,Chapecó,Oeste Catarinense,SC,Chapecó,Chapecó
4217808,Taió,Rio do Sul,Vale do Itajaí,SC,Rio do Sul,Blumenau
4217907,Tangará,Joaçaba,Oeste Catarinense,SC,Videira,Caçador
4217956,Tigrinhos,Chapecó,Oeste Catarinense,SC,Maravilha,Chapecó
4218004,Tijucas,Tijucas,Grande Florianópolis,SC,Itajaí,Blumenau
4218103,Timbé do Sul,Araranguá,Sul Catarinense,SC,Araranguá,Criciúma
4218202,Timbó,Blumenau,Vale do Itajaí,SC,Blumenau,Blumenau
4218251,Timbó Grande,Canoinhas,Norte Catarinense,SC,Caçador,Caçador
4218301,Três Barras,Canoinhas,Norte Catarinense,SC,Mafra,Joinville
4218350,Treviso,Criciúma,Sul Catarinense,SC,Criciúma,Criciúma
4218400,Treze de Maio,Tubarão,Sul Catarinense,SC,Tubarão,Criciúma
4218509,Treze Tílias,Joaçaba,Oeste Catarinense,SC,Joaçaba - Herval d'Oeste,Chapecó
4218608,Trombudo Central,Rio do Sul,Vale do Itajaí,SC,Rio do Sul,Blumenau
4218707,Tubarão,Tubarão,Sul Catarinense,SC,Tubarão,Criciúma
4218756,Tunápolis,São Miguel do Oeste,Oeste Catarinense,SC,São Miguel do Oeste,Chapecó
4218806,Turvo,Araranguá,Sul Catarinense,SC,Araranguá,Criciúma
4218855,União do Oeste,Chapecó,Oeste Catarinense,SC,Chapecó,Chapecó
4218905,Urubici,Campos de Lages,Serrana,SC,Lages,Lages
4218954,Urupema,Campos de Lages,Serrana,SC,Lages,Lages
4219002,Urussanga,Criciúma,Sul Catarinense,SC,Criciúma,Criciúma
4219101,Vargeão,Xanxerê,Oeste Catarinense,SC,Xanxerê,Chapecó
4219150,Vargem,Curitibanos,Serrana,SC,Joaçaba - Herval d'Oeste,Chapecó
4219176,Vargem Bonita,Joaçaba,Oeste Catarinense,SC,Joaçaba - Herval d'Oeste,Chapecó
4219200,Vidal Ramos,Ituporanga,Vale do Itajaí,SC,Ituporanga,Blumenau
4219309,Videira,Joaçaba,Oeste Catarinense,SC,Videira,Caçador
4219358,Vitor Meireles,Rio do Sul,Vale do Itajaí,SC,Ibirama - Presidente Getúlio,Blumenau
4219408,Witmarsum,Rio do Sul,Vale do Itajaí,SC,Ibirama - Presidente Getúlio,Blumenau
4219507,Xanxerê,Xanxerê,Oeste Catarinense,SC,Xanxerê,Chapecó
4219606,Xavantina,Concórdia,Oeste Catarinense,SC,Xanxerê,Chapecó
4219705,Xaxim,Xanxerê,Oeste Catarinense,SC,Chapecó,Chapecó
4219853,Zortéa,Curitibanos,Serrana,SC,Joaçaba - Herval d'Oeste,Chapecó
4220000,Balneário Rincão,Criciúma,Sul Catarinense,SC,Criciúma,Criciúma
4300034,Aceguá,Campanha Meridional,Sudoeste Rio-grandense,RS,Bagé,Pelotas
4300059,Água Santa,Passo Fundo,Noroeste Rio-grandense,RS,Tapejara - Sananduva,Passo Fundo
4300109,Agudo,Restinga Seca,Centro Ocidental Rio-grandense,RS,Santa Maria,Santa Maria
4300208,Ajuricaba,Ijuí,Noroeste Rio-grandense,RS,Ijuí,Ijuí
4300307,Alecrim,Santa Rosa,Noroeste Rio-grandense,RS,Santa Rosa,Ijuí
4300406,Alegrete,Campanha Ocidental,Sudoeste Rio-grandense,RS,Uruguaiana,Uruguaiana
4300455,Alegria,Ijuí,Noroeste Rio-grandense,RS,Três de Maio,Ijuí
4300471,Almirante Tamandaré do Sul,Carazinho,Noroeste Rio-grandense,RS,Carazinho,Passo Fundo
4300505,Alpestre,Frederico Westphalen,Noroeste Rio-grandense,RS,Nonoai,Passo Fundo
4300554,Alto Alegre,Cruz Alta,Noroeste Rio-grandense,RS,Passo Fundo,Passo Fundo
4300570,Alto Feliz,Montenegro,Metropolitana de Porto Alegre,RS,Caxias do Sul,Caxias do Sul
4300604,Alvorada,Porto Alegre,Metropolitana de Porto Alegre,RS,Porto Alegre,Porto Alegre
4300638,Amaral Ferrador,Serras de Sudeste,Sudeste Rio-grandense,RS,Camaquã,Porto Alegre
4300646,Ametista do Sul,Frederico Westphalen,Noroeste Rio-grandense,RS,Frederico Westphalen,Passo Fundo
4300661,André da Rocha,Guaporé,Nordeste Rio-grandense,RS,Nova Prata - Guaporé,Caxias do Sul
4300703,Anta Gorda,Guaporé,Nordeste Rio-grandense,RS,Encantado,Santa Cruz do Sul - Lajeado
4300802,Antônio Prado,Caxias do Sul,Nordeste Rio-grandense,RS,Caxias do Sul,Caxias do Sul
4300851,Arambaré,Camaquã,Metropolitana de Porto Alegre,RS,Camaquã,Porto Alegre
4300877,Araricá,Porto Alegre,Metropolitana de Porto Alegre,RS,Novo Hamburgo - São Leopoldo,Porto Alegre
4300901,Aratiba,Erechim,Noroeste Rio-grandense,RS,Erechim,Passo Fundo
4301008,Arroio do Meio,Lajeado-Estrela,Centro Oriental Rio-grandense,RS,Lajeado,Santa Cruz do Sul - Lajeado
4301057,Arroio do Sal,Osório,Metropolitana de Porto Alegre,RS,Torres,Porto Alegre
4301073,Arroio do Padre,Pelotas,Sudeste Rio-grandense,RS,Pelotas,Pelotas
4301107,Arroio dos Ratos,São Jerônimo,Metropolitana de Porto Alegre,RS,Porto Alegre,Porto Alegre
4301206,Arroio do Tigre,Santa Cruz do Sul,Centro Oriental Rio-grandense,RS,Sobradinho,Santa Cruz do Sul - Lajeado
4301305,Arroio Grande,Jaguarão,Sudeste Rio-grandense,RS,Pelotas,Pelotas
4301404,Arvorezinha,Guaporé,Nordeste Rio-grandense,RS,Soledade,Passo Fundo
4301503,Augusto Pestana,Ijuí,Noroeste Rio-grandense,RS,Ijuí,Ijuí
4301552,Áurea,Erechim,Noroeste Rio-grandense,RS,Erechim,Passo Fundo
4301602,Bagé,Campanha Meridional,Sudoeste Rio-grandense,RS,Bagé,Pelotas
4301636,Balneário Pinhal,Osório,Metropolitana de Porto Alegre,RS,Tramandaí - Osório,Porto Alegre
4301651,Barão,Montenegro,Metropolitana de Porto Alegre,RS,Bento Gonçalves,Caxias do Sul
4301701,Barão de Cotegipe,Erechim,Noroeste Rio-grandense,RS,Erechim,Passo Fundo
4301750,Barão do Triunfo,São Jerônimo,Metropolitana de Porto Alegre,RS,Porto Alegre,Porto Alegre
4301800,Barracão,Sananduva,Noroeste Rio-grandense,RS,Lagoa Vermelha,Passo Fundo
4301859,Barra do Guarita,Três Passos,Noroeste Rio-grandense,RS,Três Passos,Ijuí
4301875,Barra do Quaraí,Campanha Ocidental,Sudoeste Rio-grandense,RS,Uruguaiana,Uruguaiana
4301909,Barra do Ribeiro,Camaquã,Metropolitana de Porto Alegre,RS,Porto Alegre,Porto Alegre
4301925,Barra do Rio Azul,Erechim,Noroeste Rio-grandense,RS,Erechim,Passo Fundo
4301958,Barra Funda,Carazinho,Noroeste Rio-grandense,RS,Carazinho,Passo Fundo
4302006,Barros Cassal,Soledade,Noroeste Rio-grandense,RS,Soledade,Passo Fundo
4302055,Benjamin Constant do Sul,Erechim,Noroeste Rio-grandense,RS,Erechim,Passo Fundo
4302105,Bento Gonçalves,Caxias do Sul,Nordeste Rio-grandense,RS,Bento Gonçalves,Caxias do Sul
4302154,Boa Vista das Missões,Carazinho,Noroeste Rio-grandense,RS,Frederico Westphalen,Passo Fundo
4302204,Boa Vista do Buricá,Três Passos,Noroeste Rio-grandense,RS,Três de Maio,Ijuí
4302220,Boa Vista do Cadeado,Cruz Alta,Noroeste Rio-grandense,RS,Cruz Alta,Passo Fundo
4302238,Boa Vista do Incra,Cruz Alta,Noroeste Rio-grandense,RS,Cruz Alta,Passo Fundo
4302253,Boa Vista do Sul,Caxias do Sul,Nordeste Rio-grandense,RS,Bento Gonçalves,Caxias do Sul
4302303,Bom Jesus,Vacaria,Nordeste Rio-grandense,RS,Vacaria,Caxias do Sul
4302352,Bom Princípio,Montenegro,Metropolitana de Porto Alegre,RS,Novo Hamburgo - São Leopoldo,Porto Alegre
4302378,Bom Progresso,Três Passos,Noroeste Rio-grandense,RS,Três Passos,Ijuí
4302402,Bom Retiro do Sul,Lajeado-Estrela,Centro Oriental Rio-grandense,RS,Lajeado,Santa Cruz do Sul - Lajeado
4302451,Boqueirão do Leão,Lajeado-Estrela,Centro Oriental Rio-grandense,RS,Lajeado,Santa Cruz do Sul - Lajeado
4302501,Bossoroca,Santo Ângelo,Noroeste Rio-grandense,RS,São Luiz Gonzaga,Ijuí
4302584,Bozano,Ijuí,Noroeste Rio-grandense,RS,Ijuí,Ijuí
4302600,Braga,Três Passos,Noroeste Rio-grandense,RS,Três Passos,Ijuí
4302659,Brochier,Montenegro,Metropolitana de Porto Alegre,RS,Montenegro,Porto Alegre
4302709,Butiá,São Jerônimo,Metropolitana de Porto Alegre,RS,Charqueadas - Triunfo - São Jerônimo,Porto Alegre
4302808,Caçapava do Sul,Serras de Sudeste,Sudeste Rio-grandense,RS,São Gabriel - Caçapava do Sul,Santa Maria
4302907,Cacequi,Santa Maria,Centro Ocidental Rio-grandense,RS,Santa Maria,Santa Maria
4303004,Cachoeira do Sul,Cachoeira do Sul,Centro Oriental Rio-grandense,RS,Cachoeira do Sul,Santa Maria
4303103,Cachoeirinha,Porto Alegre,Metropolitana de Porto Alegre,RS,Porto Alegre,Porto Alegre
4303202,Cacique Doble,Sananduva,Noroeste Rio-grandense,RS,Lagoa Vermelha,Passo Fundo
4303301,Caibaté,Cerro Largo,Noroeste Rio-grandense,RS,São Luiz Gonzaga,Ijuí
4303400,Caiçara,Frederico Westphalen,Noroeste Rio-grandense,RS,Frederico Westphalen,Passo Fundo
4303509,Camaquã,Camaquã,Metropolitana de Porto Alegre,RS,Camaquã,Porto Alegre
4303558,Camargo,Passo Fundo,Noroeste Rio-grandense,RS,Marau,Passo Fundo
4303608,Cambará do Sul,Vacaria,Nordeste Rio-grandense,RS,Caxias do Sul,Caxias do Sul
4303673,Campestre da Serra,Vacaria,Nordeste Rio-grandense,RS,Caxias do Sul,Caxias do Sul
4303707,Campina das Missões,Cerro Largo,Noroeste Rio-grandense,RS,Santa Rosa,Ijuí
4303806,Campinas do Sul,Erechim,Noroeste Rio-grandense,RS,Erechim,Passo Fundo
4303905,Campo Bom,Porto Alegre,Metropolitana de Porto Alegre,RS,Novo Hamburgo - São Leopoldo,Porto Alegre
4304002,Campo Novo,Três Passos,Noroeste Rio-grandense,RS,Três Passos,Ijuí
4304101,Campos Borges,Cruz Alta,Noroeste Rio-grandense,RS,Passo Fundo,Passo Fundo
4304200,Candelária,Santa Cruz do Sul,Centro Oriental Rio-grandense,RS,Santa Cruz do Sul,Santa Cruz do Sul - Lajeado
4304309,Cândido Godói,Santa Rosa,Noroeste Rio-grandense,RS,Santa Rosa,Ijuí
4304358,Candiota,Serras de Sudeste,Sudeste Rio-grandense,RS,Bagé,Pelotas
4304408,Canela,Gramado-Canela,Metropolitana de Porto Alegre,RS,Caxias do Sul,Caxias do Sul
4304507,Canguçu,Pelotas,Sudeste Rio-grandense,RS,Pelotas,Pelotas
4304606,Canoas,Porto Alegre,Metropolitana de Porto Alegre,RS,Porto Alegre,Porto Alegre
4304614,Canudos do Vale,Lajeado-Estrela,Centro Oriental Rio-grandense,RS,Lajeado,Santa Cruz do Sul - Lajeado
4304622,Capão Bonito do Sul,Vacaria,Nordeste Rio-grandense,RS,Lagoa Vermelha,Passo Fundo
4304630,Capão da Canoa,Osório,Metropolitana de Porto Alegre,RS,Tramandaí - Osório,Porto Alegre
4304655,Capão do Cipó,Santiago,Centro Ocidental Rio-grandense,RS,Santiago,Santa Maria
4304663,Capão do Leão,Pelotas,Sudeste Rio-grandense,RS,Pelotas,Pelotas
4304671,Capivari do Sul,Osório,Metropolitana de Porto Alegre,RS,Porto Alegre,Porto Alegre
4304689,Capela de Santana,Montenegro,Metropolitana de Porto Alegre,RS,Novo Hamburgo - São Leopoldo,Porto Alegre
4304697,Capitão,Lajeado-Estrela,Centro Oriental Rio-grandense,RS,Lajeado,Santa Cruz do Sul - Lajeado
4304705,Carazinho,Carazinho,Noroeste Rio-grandense,RS,Carazinho,Passo Fundo
4304713,Caraá,Osório,Metropolitana de Porto Alegre,RS,Porto Alegre,Porto Alegre
4304804,Carlos Barbosa,Caxias do Sul,Nordeste Rio-grandense,RS,Bento Gonçalves,Caxias do Sul
4304853,Carlos Gomes,Erechim,Noroeste Rio-grandense,RS,Erechim,Passo Fundo
4304903,Casca,Passo Fundo,Noroeste Rio-grandense,RS,Marau,Passo Fundo
4304952,Caseiros,Passo Fundo,Noroeste Rio-grandense,RS,Lagoa Vermelha,Passo Fundo
4305009,Catuípe,Santo Ângelo,Noroeste Rio-grandense,RS,Ijuí,Ijuí
4305108,Caxias do Sul,Caxias do Sul,Nordeste Rio-grandense,RS,Caxias do Sul,Caxias do Sul
4305116,Centenário,Erechim,Noroeste Rio-grandense,RS,Erechim,Passo Fundo
4305124,Cerrito,Pelotas,Sudeste Rio-grandense,RS,Pelotas,Pelotas
4305132,Cerro Branco,Cachoeira do Sul,Centro Oriental Rio-grandense,RS,Cachoeira do Sul,Santa Maria
4305157,Cerro Grande,Carazinho,Noroeste Rio-grandense,RS,Palmeira das Missões,Passo Fundo
4305173,Cerro Grande do Sul,Camaquã,Metropolitana de Porto Alegre,RS,Camaquã,Porto Alegre
4305207,Cerro Largo,Cerro Largo,Noroeste Rio-grandense,RS,Cerro Largo,Ijuí
4305306,Chapada,Carazinho,Noroeste Rio-grandense,RS,Carazinho,Passo Fundo
4305355,Charqueadas,São Jerônimo,Metropolitana de Porto Alegre,RS,Charqueadas - Triunfo - São Jerônimo,Porto Alegre
4305371,Charrua,Passo Fundo,Noroeste Rio-grandense,RS,Tapejara - Sananduva,Passo Fundo
4305405,Chiapetta,Ijuí,Noroeste Rio-grandense,RS,Ijuí,Ijuí
4305439,Chuí,Litoral Lagunar,Sudeste Rio-grandense,RS,Pelotas,Pelotas
4305447,Chuvisca,Camaquã,Metropolitana de Porto Alegre,RS,Camaquã,Porto Alegre
4305454,Cidreira,Osório,Metropolitana de Porto Alegre,RS,Tramandaí - Osório,Porto Alegre
4305504,Ciríaco,Passo Fundo,Noroeste Rio-grandense,RS,Marau,Passo Fundo
4305587,Colinas,Lajeado-Estrela,Centro Oriental Rio-grandense,RS,Lajeado,Santa Cruz do Sul - Lajeado
4305603,Colorado,Não-Me-Toque,Noroeste Rio-grandense,RS,Carazinho,Passo Fundo
4305702,Condor,Ijuí,Noroeste Rio-grandense,RS,Ijuí,Ijuí
4305801,Constantina,Frederico Westphalen,Noroeste Rio-grandense,RS,Carazinho,Passo Fundo
4305835,Coqueiro Baixo,Lajeado-Estrela,Centro Oriental Rio-grandense,RS,Lajeado,Santa Cruz do Sul - Lajeado
4305850,Coqueiros do Sul,Carazinho,Noroeste Rio-grandense,RS,Carazinho,Passo Fundo
4305871,Coronel Barros,Ijuí,Noroeste Rio-grandense,RS,Ijuí,Ijuí
4305900,Coronel Bicaco,Ijuí,Noroeste Rio-grandense,RS,Ijuí,Ijuí
4305934,Coronel Pilar,Caxias do Sul,Nordeste Rio-grandense,RS,Bento Gonçalves,Caxias do Sul
4305959,Cotiporã,Caxias do Sul,Nordeste Rio-grandense,RS,Bento Gonçalves,Caxias do Sul
4305975,Coxilha,Passo Fundo,Noroeste Rio-grandense,RS,Passo Fundo,Passo Fundo
4306007,Crissiumal,Três Passos,Noroeste Rio-grandense,RS,Três Passos,Ijuí
4306056,Cristal,Pelotas,Sudeste Rio-grandense,RS,Camaquã,Porto Alegre
4306072,Cristal do Sul,Frederico Westphalen,Noroeste Rio-grandense,RS,Frederico Westphalen,Passo Fundo
4306106,Cruz Alta,Cruz Alta,Noroeste Rio-grandense,RS,Cruz Alta,Passo Fundo
4306130,Cruzaltense,Erechim,Noroeste Rio-grandense,RS,Erechim,Passo Fundo
4306205,Cruzeiro do Sul,Lajeado-Estrela,Centro Oriental Rio-grandense,RS,Lajeado,Santa Cruz do Sul - Lajeado
4306304,David Canabarro,Passo Fundo,Noroeste Rio-grandense,RS,Marau,Passo Fundo
4306320,Derrubadas,Três Passos,Noroeste Rio-grandense,RS,Três Passos,Ijuí
4306353,Dezesseis de Novembro,Santo Ângelo,Noroeste Rio-grandense,RS,São Luiz Gonzaga,Ijuí
4306379,Dilermando de Aguiar,Santa Maria,Centro Ocidental Rio-grandense,RS,Santa Maria,Santa Maria
4306403,Dois Irmãos,Gramado-Canela,Metropolitana de Porto Alegre,RS,Novo Hamburgo - São Leopoldo,Porto Alegre
4306429,Dois Irmãos das Missões,Frederico Westphalen,Noroeste Rio-grandense,RS,Palmeira das Missões,Passo Fundo
4306452,Dois Lajeados,Guaporé,Nordeste Rio-grandense,RS,Nova Prata - Guaporé,Caxias do Sul
4306502,Dom Feliciano,Camaquã,Metropolitana de Porto Alegre,RS,Camaquã,Porto Alegre
4306551,Dom Pedro de Alcântara,Osório,Metropolitana de Porto Alegre,RS,Torres,Porto Alegre
4306601,Dom Pedrito,Campanha Meridional,Sudoeste Rio-grandense,RS,Bagé,Pelotas
4306700,Dona Francisca,Restinga Seca,Centro Ocidental Rio-grandense,RS,Santa Maria,Santa Maria
4306734,Doutor Maurício Cardoso,Três Passos,Noroeste Rio-grandense,RS,Três de Maio,Ijuí
4306759,Doutor Ricardo,Lajeado-Estrela,Centro Oriental Rio-grandense,RS,Encantado,Santa Cruz do Sul - Lajeado
4306767,Eldorado do Sul,Porto Alegre,Metropolitana de Porto Alegre,RS,Porto Alegre,Porto Alegre
4306809,Encantado,Lajeado-Estrela,Centro Oriental Rio-grandense,RS,Encantado,Santa Cruz do Sul - Lajeado
4306908,Encruzilhada do Sul,Serras de Sudeste,Sudeste Rio-grandense,RS,Santa Cruz do Sul,Santa Cruz do Sul - Lajeado
4306924,Engenho Velho,Frederico Westphalen,Noroeste Rio-grandense,RS,Carazinho,Passo Fundo
4306932,Entre-Ijuís,Santo Ângelo,Noroeste Rio-grandense,RS,Santo Ângelo,Ijuí
4306957,Entre Rios do Sul,Erechim,Noroeste Rio-grandense,RS,Erechim,Passo Fundo
4306973,Erebango,Erechim,Noroeste Rio-grandense,RS,Erechim,Passo Fundo
4307005,Erechim,Erechim,Noroeste Rio-grandense,RS,Erechim,Passo Fundo
4307054,Ernestina,Passo Fundo,Noroeste Rio-grandense,RS,Passo Fundo,Passo Fundo
4307104,Herval,Jaguarão,Sudeste Rio-grandense,RS,Pelotas,Pelotas
4307203,Erval Grande,Erechim,Noroeste Rio-grandense,RS,Erechim,Passo Fundo
4307302,Erval Seco,Frederico Westphalen,Noroeste Rio-grandense,RS,Frederico Westphalen,Passo Fundo
4307401,Esmeralda,Vacaria,Nordeste Rio-grandense,RS,Vacaria,Caxias do Sul
4307450,Esperança do Sul,Três Passos,Noroeste Rio-grandense,RS,Três Passos,Ijuí
4307500,Espumoso,Cruz Alta,Noroeste Rio-grandense,RS,Passo Fundo,Passo Fundo
4307559,Estação,Erechim,Noroeste Rio-grandense,RS,Erechim,Passo Fundo
4307609,Estância Velha,Porto Alegre,Metropolitana de Porto Alegre,RS,Novo Hamburgo - São Leopoldo,Porto Alegre
4307708,Esteio,Porto Alegre,Metropolitana de Porto Alegre,RS,Porto Alegre,Porto Alegre
4307807,Estrela,Lajeado-Estrela,Centro Oriental Rio-grandense,RS,Lajeado,Santa Cruz do Sul - Lajeado
4307815,Estrela Velha,Santa Cruz do Sul,Centro Oriental Rio-grandense,RS,Sobradinho,Santa Cruz do Sul - Lajeado
4307831,Eugênio de Castro,Santo Ângelo,Noroeste Rio-grandense,RS,Santo Ângelo,Ijuí
4307864,Fagundes Varela,Caxias do Sul,Nordeste Rio-grandense,RS,Bento Gonçalves,Caxias do Sul
4307906,Farroupilha,Caxias do Sul,Nordeste Rio-grandense,RS,Caxias do Sul,Caxias do Sul
4308003,Faxinal do Soturno,Restinga Seca,Centro Ocidental Rio-grandense,RS,Santa Maria,Santa Maria
4308052,Faxinalzinho,Erechim,Noroeste Rio-grandense,RS,Erechim,Passo Fundo
4308078,Fazenda Vilanova,Lajeado-Estrela,Centro Oriental Rio-grandense,RS,Lajeado,Santa Cruz do Sul - Lajeado
4308102,Feliz,Montenegro,Metropolitana de Porto Alegre,RS,Caxias do Sul,Caxias do Sul
4308201,Flores da Cunha,Caxias do Sul,Nordeste Rio-grandense,RS,Caxias do Sul,Caxias do Sul
4308250,Floriano Peixoto,Erechim,Noroeste Rio-grandense,RS,Erechim,Passo Fundo
4308300,Fontoura Xavier,Soledade,Noroeste Rio-grandense,RS,Soledade,Passo Fundo
4308409,Formigueiro,Restinga Seca,Centro Ocidental Rio-grandense,RS,Santa Maria,Santa Maria
4308433,Forquetinha,Lajeado-Estrela,Centro Oriental Rio-grandense,RS,Lajeado,Santa Cruz do Sul - Lajeado
4308458,Fortaleza dos Valos,Cruz Alta,Noroeste Rio-grandense,RS,Cruz Alta,Passo Fundo
4308508,Frederico Westphalen,Frederico Westphalen,Noroeste Rio-grandense,RS,Frederico Westphalen,Passo Fundo
4308607,Garibaldi,Caxias do Sul,Nordeste Rio-grandense,RS,Bento Gonçalves,Caxias do Sul
4308656,Garruchos,Campanha Ocidental,Sudoeste Rio-grandense,RS,São Luiz Gonzaga,Ijuí
4308706,Gaurama,Erechim,Noroeste Rio-grandense,RS,Erechim,Passo Fundo
4308805,General Câmara,São Jerônimo,Metropolitana de Porto Alegre,RS,Charqueadas - Triunfo - São Jerônimo,Porto Alegre
4308854,Gentil,Passo Fundo,Noroeste Rio-grandense,RS,Marau,Passo Fundo
4308904,Getúlio Vargas,Erechim,Noroeste Rio-grandense,RS,Erechim,Passo Fundo
4309001,Giruá,Santo Ângelo,Noroeste Rio-grandense,RS,Santo Ângelo,Ijuí
4309050,Glorinha,Porto Alegre,Metropolitana de Porto Alegre,RS,Porto Alegre,Porto Alegre
4309100,Gramado,Gramado-Canela,Metropolitana de Porto Alegre,RS,Caxias do Sul,Caxias do Sul
4309126,Gramado dos Loureiros,Frederico Westphalen,Noroeste Rio-grandense,RS,Nonoai,Passo Fundo
4309159,Gramado Xavier,Santa Cruz do Sul,Centro Oriental Rio-grandense,RS,Santa Cruz do Sul,Santa Cruz do Sul - Lajeado
4309209,Gravataí,Porto Alegre,Metropolitana de Porto Alegre,RS,Porto Alegre,Porto Alegre
4309258,Guabiju,Guaporé,Nordeste Rio-grandense,RS,Nova Prata - Guaporé,Caxias do Sul
4309308,Guaíba,Porto Alegre,Metropolitana de Porto Alegre,RS,Porto Alegre,Porto Alegre
4309407,Guaporé,Guaporé,Nordeste Rio-grandense,RS,Nova Prata - Guaporé,Caxias do Sul
4309506,Guarani das Missões,Cerro Largo,Noroeste Rio-grandense,RS,Santo Ângelo,Ijuí
4309555,Harmonia,Montenegro,Metropolitana de Porto Alegre,RS,Novo Hamburgo - São Leopoldo,Porto Alegre
4309571,Herveiras,Santa Cruz do Sul,Centro Oriental Rio-grandense,RS,Santa Cruz do Sul,Santa Cruz do Sul - Lajeado
4309605,Horizontina,Três Passos,Noroeste Rio-grandense,RS,Três de Maio,Ijuí
4309654,Hulha Negra,Campanha Meridional,Sudoeste Rio-grandense,RS,Bagé,Pelotas
4309704,Humaitá,Três Passos,Noroeste Rio-grandense,RS,Três Passos,Ijuí
4309753,Ibarama,Santa Cruz do Sul,Centro Oriental Rio-grandense,RS,Sobradinho,Santa Cruz do Sul - Lajeado
4309803,Ibiaçá,Sananduva,Noroeste Rio-grandense,RS,Tapejara - Sananduva,Passo Fundo
4309902,Ibiraiaras,Passo Fundo,Noroeste Rio-grandense,RS,Lagoa Vermelha,Passo Fundo
4309951,Ibirapuitã,Soledade,Noroeste Rio-grandense,RS,Soledade,Passo Fundo
4310009,Ibirubá,Cruz Alta,Noroeste Rio-grandense,RS,Cruz Alta,Passo Fundo
4310108,Igrejinha,Gramado-Canela,Metropolitana de Porto Alegre,RS,Taquara - Parobé - Igrejinha,Porto Alegre
4310207,Ijuí,Ijuí,Noroeste Rio-grandense,RS,Ijuí,Ijuí
4310306,Ilópolis,Guaporé,Nordeste Rio-grandense,RS,Encantado,Santa Cruz do Sul - Lajeado
4310330,Imbé,Osório,Metropolitana de Porto Alegre,RS,Tramandaí - Osório,Porto Alegre
4310363,Imigrante,Lajeado-Estrela,Centro Oriental Rio-grandense,RS,Lajeado,Santa Cruz do Sul - Lajeado
4310405,Independência,Santa Rosa,Noroeste Rio-grandense,RS,Três de Maio,Ijuí
4310413,Inhacorá,Ijuí,Noroeste Rio-grandense,RS,Ijuí,Ijuí
4310439,Ipê,Vacaria,Nordeste Rio-grandense,RS,Caxias do Sul,Caxias do Sul
4310462,Ipiranga do Sul,Erechim,Noroeste Rio-grandense,RS,Erechim,Passo Fundo
4310504,Iraí,Frederico Westphalen,Noroeste Rio-grandense,RS,Frederico Westphalen,Passo Fundo
4310538,Itaara,Santa Maria,Centro Ocidental Rio-grandense,RS,Santa Maria,Santa Maria
4310553,Itacurubi,Santiago,Centro Ocidental Rio-grandense,RS,Santiago,Santa Maria
4310579,Itapuca,Guaporé,Nordeste Rio-grandense,RS,Soledade,Passo Fundo
4310603,Itaqui,Campanha Ocidental,Sudoeste Rio-grandense,RS,São Borja,Uruguaiana
4310652,Itati,Osório,Metropolitana de Porto Alegre,RS,Tramandaí - Osório,Porto Alegre
4310702,Itatiba do Sul,Erechim,Noroeste Rio-grandense,RS,Erechim,Passo Fundo
4310751,Ivorá,Restinga Seca,Centro Ocidental Rio-grandense,RS,Santa Maria,Santa Maria
4310801,Ivoti,Gramado-Canela,Metropolitana de Porto Alegre,RS,Novo Hamburgo - São Leopoldo,Porto Alegre
4310850,Jaboticaba,Carazinho,Noroeste Rio-grandense,RS,Frederico Westphalen,Passo Fundo
4310876,Jacuizinho,Cruz Alta,Noroeste Rio-grandense,RS,Cruz Alta,Passo Fundo
4310900,Jacutinga,Erechim,Noroeste Rio-grandense,RS,Erechim,Passo Fundo
4311007,Jaguarão,Jaguarão,Sudeste Rio-grandense,RS,Pelotas,Pelotas
4311106,Jaguari,Santa Maria,Centro Ocidental Rio-grandense,RS,Santa Maria,Santa Maria
4311122,Jaquirana,Vacaria,Nordeste Rio-grandense,RS,Vacaria,Caxias do Sul
4311130,Jari,Santiago,Centro Ocidental Rio-grandense,RS,Santa Maria,Santa Maria
4311155,Jóia,Cruz Alta,Noroeste Rio-grandense,RS,Ijuí,Ijuí
4311205,Júlio de Castilhos,Santiago,Centro Ocidental Rio-grandense,RS,Santa Maria,Santa Maria
4311239,Lagoa Bonita do Sul,Santa Cruz do Sul,Centro Oriental Rio-grandense,RS,Sobradinho,Santa Cruz do Sul - Lajeado
4311254,Lagoão,Soledade,Noroeste Rio-grandense,RS,Sobradinho,Santa Cruz do Sul - Lajeado
4311270,Lagoa dos Três Cantos,Não-Me-Toque,Noroeste Rio-grandense,RS,Passo Fundo,Passo Fundo
4311304,Lagoa Vermelha,Vacaria,Nordeste Rio-grandense,RS,Lagoa Vermelha,Passo Fundo
4311403,Lajeado,Lajeado-Estrela,Centro Oriental Rio-grandense,RS,Lajeado,Santa Cruz do Sul - Lajeado
4311429,Lajeado do Bugre,Carazinho,Noroeste Rio-grandense,RS,Palmeira das Missões,Passo Fundo
4311502,Lavras do Sul,Campanha Meridional,Sudoeste Rio-grandense,RS,São Gabriel - Caçapava do Sul,Santa Maria
4311601,Liberato Salzano,Frederico Westphalen,Noroeste Rio-grandense,RS,Frederico Westphalen,Passo Fundo
4311627,Lindolfo Collor,Gramado-Canela,Metropolitana de Porto Alegre,RS,Novo Hamburgo - São Leopoldo,Porto Alegre
4311643,Linha Nova,Montenegro,Metropolitana de Porto Alegre,RS,Novo Hamburgo - São Leopoldo,Porto Alegre
4311700,Machadinho,Sananduva,Noroeste Rio-grandense,RS,Lagoa Vermelha,Passo Fundo
4311718,Maçambará,Campanha Ocidental,Sudoeste Rio-grandense,RS,São Borja,Uruguaiana
4311734,Mampituba,Osório,Metropolitana de Porto Alegre,RS,Torres,Porto Alegre
4311759,Manoel Viana,Campanha Ocidental,Sudoeste Rio-grandense,RS,Uruguaiana,Uruguaiana
4311775,Maquiné,Osório,Metropolitana de Porto Alegre,RS,Tramandaí - Osório,Porto Alegre
4311791,Maratá,Montenegro,Metropolitana de Porto Alegre,RS,Montenegro,Porto Alegre
4311809,Marau,Passo Fundo,Noroeste Rio-grandense,RS,Marau,Passo Fundo
4311908,Marcelino Ramos,Erechim,Noroeste Rio-grandense,RS,Erechim,Passo Fundo
4311981,Mariana Pimentel,Porto Alegre,Metropolitana de Porto Alegre,RS,Porto Alegre,Porto Alegre
4312005,Mariano Moro,Erechim,Noroeste Rio-grandense,RS,Erechim,Passo Fundo
4312054,Marques de Souza,Lajeado-Estrela,Centro Oriental Rio-grandense,RS,Lajeado,Santa Cruz do Sul - Lajeado
4312104,Mata,Santa Maria,Centro Ocidental Rio-grandense,RS,Santa Maria,Santa Maria
4312138,Mato Castelhano,Passo Fundo,Noroeste Rio-grandense,RS,Passo Fundo,Passo Fundo
4312153,Mato Leitão,Santa Cruz do Sul,Centro Oriental Rio-grandense,RS,Santa Cruz do Sul,Santa Cruz do Sul - Lajeado
4312179,Mato Queimado,Cerro Largo,Noroeste Rio-grandense,RS,Cerro Largo,Ijuí
4312203,Maximiliano de Almeida,Sananduva,Noroeste Rio-grandense,RS,Tapejara - Sananduva,Passo Fundo
4312252,Minas do Leão,São Jerônimo,Metropolitana de Porto Alegre,RS,Charqueadas - Triunfo - São Jerônimo,Porto Alegre
4312302,Miraguaí,Três Passos,Noroeste Rio-grandense,RS,Três Passos,Ijuí
4312351,Montauri,Guaporé,Nordeste Rio-grandense,RS,Nova Prata - Guaporé,Caxias do Sul
4312377,Monte Alegre dos Campos,Vacaria,Nordeste Rio-grandense,RS,Vacaria,Caxias do Sul
4312385,Monte Belo do Sul,Caxias do Sul,Nordeste Rio-grandense,RS,Bento Gonçalves,Caxias do Sul
4312401,Montenegro,Montenegro,Metropolitana de Porto Alegre,RS,Montenegro,Porto Alegre
4312427,Mormaço,Soledade,Noroeste Rio-grandense,RS,Soledade,Passo Fundo
4312443,Morrinhos do Sul,Osório,Metropolitana de Porto Alegre,RS,Torres,Porto Alegre
4312450,Morro Redondo,Pelotas,Sudeste Rio-grandense,RS,Pelotas,Pelotas
4312476,Morro Reuter,Gramado-Canela,Metropolitana de Porto Alegre,RS,Novo Hamburgo - São Leopoldo,Porto Alegre
4312500,Mostardas,Osório,Metropolitana de Porto Alegre,RS,Porto Alegre,Porto Alegre
4312609,Muçum,Lajeado-Estrela,Centro Oriental Rio-grandense,RS,Encantado,Santa Cruz do Sul - Lajeado
4312617,Muitos Capões,Vacaria,Nordeste Rio-grandense,RS,Vacaria,Caxias do Sul
4312625,Muliterno,Passo Fundo,Noroeste Rio-grandense,RS,Marau,Passo Fundo
4312658,Não-Me-Toque,Não-Me-Toque,Noroeste Rio-grandense,RS,Carazinho,Passo Fundo
4312674,Nicolau Vergueiro,Passo Fundo,Noroeste Rio-grandense,RS,Passo Fundo,Passo Fundo
4312708,Nonoai,Frederico Westphalen,Noroeste Rio-grandense,RS,Nonoai,Passo Fundo
4312757,Nova Alvorada,Guaporé,Nordeste Rio-grandense,RS,Marau,Passo Fundo
4312807,Nova Araçá,Guaporé,Nordeste Rio-grandense,RS,Nova Prata - Guaporé,Caxias do Sul
4312906,Nova Bassano,Guaporé,Nordeste Rio-grandense,RS,Nova Prata - Guaporé,Caxias do Sul
4312955,Nova Boa Vista,Carazinho,Noroeste Rio-grandense,RS,Carazinho,Passo Fundo
4313003,Nova Bréscia,Lajeado-Estrela,Centro Oriental Rio-grandense,RS,Encantado,Santa Cruz do Sul - Lajeado
4313011,Nova Candelária,Três Passos,Noroeste Rio-grandense,RS,Três de Maio,Ijuí
4313037,Nova Esperança do Sul,Santa Maria,Centro Ocidental Rio-grandense,RS,Santiago,Santa Maria
4313060,Nova Hartz,Porto Alegre,Metropolitana de Porto Alegre,RS,Novo Hamburgo - São Leopoldo,Porto Alegre
4313086,Nova Pádua,Caxias do Sul,Nordeste Rio-grandense,RS,Caxias do Sul,Caxias do Sul
4313102,Nova Palma,Restinga Seca,Centro Ocidental Rio-grandense,RS,Santa Maria,Santa Maria
4313201,Nova Petrópolis,Gramado-Canela,Metropolitana de Porto Alegre,RS,Caxias do Sul,Caxias do Sul
4313300,Nova Prata,Guaporé,Nordeste Rio-grandense,RS,Nova Prata - Guaporé,Caxias do Sul
4313334,Nova Ramada,Ijuí,Noroeste Rio-grandense,RS,Ijuí,Ijuí
4313359,Nova Roma do Sul,Caxias do Sul,Nordeste Rio-grandense,RS,Caxias do Sul,Caxias do Sul
4313375,Nova Santa Rita,Porto Alegre,Metropolitana de Porto Alegre,RS,Porto Alegre,Porto Alegre
4313391,Novo Cabrais,Cachoeira do Sul,Centro Oriental Rio-grandense,RS,Cachoeira do Sul,Santa Maria
4313409,Novo Hamburgo,Porto Alegre,Metropolitana de Porto Alegre,RS,Novo Hamburgo - São Leopoldo,Porto Alegre
4313425,Novo Machado,Santa Rosa,Noroeste Rio-grandense,RS,Santa Rosa,Ijuí
4313441,Novo Tiradentes,Frederico Westphalen,Noroeste Rio-grandense,RS,Frederico Westphalen,Passo Fundo
4313466,Novo Xingu,Frederico Westphalen,Noroeste Rio-grandense,RS,Carazinho,Passo Fundo
4313490,Novo Barreiro,Carazinho,Noroeste Rio-grandense,RS,Palmeira das Missões,Passo Fundo
4313508,Osório,Osório,Metropolitana de Porto Alegre,RS,Tramandaí - Osório,Porto Alegre
4313607,Paim Filho,Sananduva,Noroeste Rio-grandense,RS,Tapejara - Sananduva,Passo Fundo
4313656,Palmares do Sul,Osório,Metropolitana de Porto Alegre,RS,Porto Alegre,Porto Alegre
4313706,Palmeira das Missões,Carazinho,Noroeste Rio-grandense,RS,Palmeira das Missões,Passo Fundo
4313805,Palmitinho,Frederico Westphalen,Noroeste Rio-grandense,RS,Frederico Westphalen,Passo Fundo
4313904,Panambi,Ijuí,Noroeste Rio-grandense,RS,Ijuí,Ijuí
4313953,Pantano Grande,Cachoeira do Sul,Centro Oriental Rio-grandense,RS,Santa Cruz do Sul,Santa Cruz do Sul - Lajeado
4314001,Paraí,Guaporé,Nordeste Rio-grandense,RS,Nova Prata - Guaporé,Caxias do Sul
4314027,Paraíso do Sul,Cachoeira do Sul,Centro Oriental Rio-grandense,RS,Cachoeira do Sul,Santa Maria
4314035,Pareci Novo,Montenegro,Metropolitana de Porto Alegre,RS,Montenegro,Porto Alegre
4314050,Parobé,Porto Alegre,Metropolitana de Porto Alegre,RS,Taquara - Parobé - Igrejinha,Porto Alegre
4314068,Passa Sete,Santa Cruz do Sul,Centro Oriental Rio-grandense,RS,Sobradinho,Santa Cruz do Sul - Lajeado
4314076,Passo do Sobrado,Cachoeira do Sul,Centro Oriental Rio-grandense,RS,Santa Cruz do Sul,Santa Cruz do Sul - Lajeado
4314100,Passo Fundo,Passo Fundo,Noroeste Rio-grandense,RS,Passo Fundo,Passo Fundo
4314134,Paulo Bento,Erechim,Noroeste Rio-grandense,RS,Erechim,Passo Fundo
4314159,Paverama,Lajeado-Estrela,Centro Oriental Rio-grandense,RS,Lajeado,Santa Cruz do Sul - Lajeado
4314175,Pedras Altas,Serras de Sudeste,Sudeste Rio-grandense,RS,Bagé,Pelotas
4314209,Pedro Osório,Pelotas,Sudeste Rio-grandense,RS,Pelotas,Pelotas
4314308,Pejuçara,Ijuí,Noroeste Rio-grandense,RS,Ijuí,Ijuí
4314407,Pelotas,Pelotas,Sudeste Rio-grandense,RS,Pelotas,Pelotas
4314423,Picada Café,Gramado-Canela,Metropolitana de Porto Alegre,RS,Caxias do Sul,Caxias do Sul
4314456,Pinhal,Carazinho,Noroeste Rio-grandense,RS,Frederico Westphalen,Passo Fundo
4314464,Pinhal da Serra,Vacaria,Nordeste Rio-grandense,RS,Vacaria,Caxias do Sul
4314472,Pinhal Grande,Santiago,Centro Ocidental Rio-grandense,RS,Santa Maria,Santa Maria
4314498,Pinheirinho do Vale,Frederico Westphalen,Noroeste Rio-grandense,RS,Frederico Westphalen,Passo Fundo
4314506,Pinheiro Machado,Serras de Sudeste,Sudeste Rio-grandense,RS,Bagé,Pelotas
4314548,Pinto Bandeira,Caxias do Sul,Nordeste Rio-grandense,RS,Bento Gonçalves,Caxias do Sul
4314555,Pirapó,Santo Ângelo,Noroeste Rio-grandense,RS,São Luiz Gonzaga,Ijuí
4314605,Piratini,Serras de Sudeste,Sudeste Rio-grandense,RS,Pelotas,Pelotas
4314704,Planalto,Frederico Westphalen,Noroeste Rio-grandense,RS,Nonoai,Passo Fundo
4314753,Poço das Antas,Montenegro,Metropolitana de Porto Alegre,RS,Lajeado,Santa Cruz do Sul - Lajeado
4314779,Pontão,Passo Fundo,Noroeste Rio-grandense,RS,Passo Fundo,Passo Fundo
4314787,Ponte Preta,Erechim,Noroeste Rio-grandense,RS,Erechim,Passo Fundo
4314803,Portão,Montenegro,Metropolitana de Porto Alegre,RS,Novo Hamburgo - São Leopoldo,Porto Alegre
4314902,Porto Alegre,Porto Alegre,Metropolitana de Porto Alegre,RS,Porto Alegre,Porto Alegre
4315008,Porto Lucena,Santa Rosa,Noroeste Rio-grandense,RS,Santa Rosa,Ijuí
4315057,Porto Mauá,Santa Rosa,Noroeste Rio-grandense,RS,Santa Rosa,Ijuí
4315073,Porto Vera Cruz,Santa Rosa,Noroeste Rio-grandense,RS,Santa Rosa,Ijuí
4315107,Porto Xavier,Cerro Largo,Noroeste Rio-grandense,RS,Cerro Largo,Ijuí
4315131,Pouso Novo,Lajeado-Estrela,Centro Oriental Rio-grandense,RS,Lajeado,Santa Cruz do Sul - Lajeado
4315149,Presidente Lucena,Gramado-Canela,Metropolitana de Porto Alegre,RS,Novo Hamburgo - São Leopoldo,Porto Alegre
4315156,Progresso,Lajeado-Estrela,Centro Oriental Rio-grandense,RS,Lajeado,Santa Cruz do Sul - Lajeado
4315172,Protásio Alves,Guaporé,Nordeste Rio-grandense,RS,Nova Prata - Guaporé,Caxias do Sul
4315206,Putinga,Guaporé,Nordeste Rio-grandense,RS,Encantado,Santa Cruz do Sul - Lajeado
4315305,Quaraí,Campanha Ocidental,Sudoeste Rio-grandense,RS,Santana do Livramento,Uruguaiana
4315313,Quatro Irmãos,Erechim,Noroeste Rio-grandense,RS,Erechim,Passo Fundo
4315321,Quevedos,Santiago,Centro Ocidental Rio-grandense,RS,Santa Maria,Santa Maria
4315354,Quinze de Novembro,Cruz Alta,Noroeste Rio-grandense,RS,Cruz Alta,Passo Fundo
4315404,Redentora,Três Passos,Noroeste Rio-grandense,RS,Três Passos,Ijuí
4315453,Relvado,Lajeado-Estrela,Centro Oriental Rio-grandense,RS,Encantado,Santa Cruz do Sul - Lajeado
4315503,Restinga Sêca,Restinga Seca,Centro Ocidental Rio-grandense,RS,Santa Maria,Santa Maria
4315552,Rio dos Índios,Frederico Westphalen,Noroeste Rio-grandense,RS,Nonoai,Passo Fundo
4315602,Rio Grande,Litoral Lagunar,Sudeste Rio-grandense,RS,Pelotas,Pelotas
4315701,Rio Pardo,Cachoeira do Sul,Centro Oriental Rio-grandense,RS,Santa Cruz do Sul,Santa Cruz do Sul - Lajeado
4315750,Riozinho,Gramado-Canela,Metropolitana de Porto Alegre,RS,Taquara - Parobé - Igrejinha,Porto Alegre
4315800,Roca Sales,Lajeado-Estrela,Centro Oriental Rio-grandense,RS,Encantado,Santa Cruz do Sul - Lajeado
4315909,Rodeio Bonito,Frederico Westphalen,Noroeste Rio-grandense,RS,Frederico Westphalen,Passo Fundo
4315958,Rolador,Santo Ângelo,Noroeste Rio-grandense,RS,São Luiz Gonzaga,Ijuí
4316006,Rolante,Gramado-Canela,Metropolitana de Porto Alegre,RS,Taquara - Parobé - Igrejinha,Porto Alegre
4316105,Ronda Alta,Passo Fundo,Noroeste Rio-grandense,RS,Passo Fundo,Passo Fundo
4316204,Rondinha,Frederico Westphalen,Noroeste Rio-grandense,RS,Carazinho,Passo Fundo
4316303,Roque Gonzales,Cerro Largo,Noroeste Rio-grandense,RS,Cerro Largo,Ijuí
4316402,Rosário do Sul,Campanha Central,Sudoeste Rio-grandense,RS,Santana do Livramento,Uruguaiana
4316428,Sagrada Família,Carazinho,Noroeste Rio-grandense,RS,Palmeira das Missões,Passo Fundo
4316436,Saldanha Marinho,Cruz Alta,Noroeste Rio-grandense,RS,Carazinho,Passo Fundo
4316451,Salto do Jacuí,Cruz Alta,Noroeste Rio-grandense,RS,Cruz Alta,Passo Fundo
4316477,Salvador das Missões,Cerro Largo,Noroeste Rio-grandense,RS,Cerro Largo,Ijuí
4316501,Salvador do Sul,Montenegro,Metropolitana de Porto Alegre,RS,Montenegro,Porto Alegre
4316600,Sananduva,Sananduva,Noroeste Rio-grandense,RS,Tapejara - Sananduva,Passo Fundo
4316709,Santa Bárbara do Sul,Cruz Alta,Noroeste Rio-grandense,RS,Cruz Alta,Passo Fundo
4316733,Santa Cecília do Sul,Passo Fundo,Noroeste Rio-grandense,RS,Tapejara - Sananduva,Passo Fundo
4316758,Santa Clara do Sul,Lajeado-Estrela,Centro Oriental Rio-grandense,RS,Lajeado,Santa Cruz do Sul - Lajeado
4316808,Santa Cruz do Sul,Santa Cruz do Sul,Centro Oriental Rio-grandense,RS,Santa Cruz do Sul,Santa Cruz do Sul - Lajeado
4316907,Santa Maria,Santa Maria,Centro Ocidental Rio-grandense,RS,Santa Maria,Santa Maria
4316956,Santa Maria do Herval,Gramado-Canela,Metropolitana de Porto Alegre,RS,Novo Hamburgo - São Leopoldo,Porto Alegre
4316972,Santa Margarida do Sul,Campanha Central,Sudoeste Rio-grandense,RS,São Gabriel - Caçapava do Sul,Santa Maria
4317004,Santana da Boa Vista,Serras de Sudeste,Sudeste Rio-grandense,RS,São Gabriel - Caçapava do Sul,Santa Maria
4317103,Sant'Ana do Livramento,Campanha Central,Sudoeste Rio-grandense,RS,Santana do Livramento,Uruguaiana
4317202,Santa Rosa,Santa Rosa,Noroeste Rio-grandense,RS,Santa Rosa,Ijuí
4317251,Santa Tereza,Caxias do Sul,Nordeste Rio-grandense,RS,Bento Gonçalves,Caxias do Sul
4317301,Santa Vitória do Palmar,Litoral Lagunar,Sudeste Rio-grandense,RS,Pelotas,Pelotas
4317400,Santiago,Santiago,Centro Ocidental Rio-grandense,RS,Santiago,Santa Maria
4317509,Santo Ângelo,Santo Ângelo,Noroeste Rio-grandense,RS,Santo Ângelo,Ijuí
4317558,Santo Antônio do Palma,Passo Fundo,Noroeste Rio-grandense,RS,Marau,Passo Fundo
4317608,Santo Antônio da Patrulha,Osório,Metropolitana de Porto Alegre,RS,Porto Alegre,Porto Alegre
4317707,Santo Antônio das Missões,Santo Ângelo,Noroeste Rio-grandense,RS,São Luiz Gonzaga,Ijuí
4317756,Santo Antônio do Planalto,Carazinho,Noroeste Rio-grandense,RS,Carazinho,Passo Fundo
4317806,Santo Augusto,Ijuí,Noroeste Rio-grandense,RS,Ijuí,Ijuí
4317905,Santo Cristo,Santa Rosa,Noroeste Rio-grandense,RS,Santa Rosa,Ijuí
4317954,Santo Expedito do Sul,Sananduva,Noroeste Rio-grandense,RS,Tapejara - Sananduva,Passo Fundo
4318002,São Borja,Campanha Ocidental,Sudoeste Rio-grandense,RS,São Borja,Uruguaiana
4318051,São Domingos do Sul,Passo Fundo,Noroeste Rio-grandense,RS,Marau,Passo Fundo
4318101,São Francisco de Assis,Campanha Ocidental,Sudoeste Rio-grandense,RS,Santa Maria,Santa Maria
4318200,São Francisco de Paula,Vacaria,Nordeste Rio-grandense,RS,Caxias do Sul,Caxias do Sul
4318309,São Gabriel,Campanha Central,Sudoeste Rio-grandense,RS,São Gabriel - Caçapava do Sul,Santa Maria
4318408,São Jerônimo,São Jerônimo,Metropolitana de Porto Alegre,RS,Charqueadas - Triunfo - São Jerônimo,Porto Alegre
4318424,São João da Urtiga,Sananduva,Noroeste Rio-grandense,RS,Tapejara - Sananduva,Passo Fundo
4318432,São João do Polêsine,Restinga Seca,Centro Ocidental Rio-grandense,RS,Santa Maria,Santa Maria
4318440,São Jorge,Guaporé,Nordeste Rio-grandense,RS,Nova Prata - Guaporé,Caxias do Sul
4318457,São José das Missões,Carazinho,Noroeste Rio-grandense,RS,Palmeira das Missões,Passo Fundo
4318465,São José do Herval,Soledade,Noroeste Rio-grandense,RS,Soledade,Passo Fundo
4318481,São José do Hortêncio,Montenegro,Metropolitana de Porto Alegre,RS,Novo Hamburgo - São Leopoldo,Porto Alegre
4318499,São José do Inhacorá,Santa Rosa,Noroeste Rio-grandense,RS,Três de Maio,Ijuí
4318507,São José do Norte,Litoral Lagunar,Sudeste Rio-grandense,RS,Pelotas,Pelotas
4318606,São José do Ouro,Sananduva,Noroeste Rio-grandense,RS,Lagoa Vermelha,Passo Fundo
4318614,São José do Sul,Montenegro,Metropolitana de Porto Alegre,RS,Montenegro,Porto Alegre
4318622,São José dos Ausentes,Vacaria,Nordeste Rio-grandense,RS,Vacaria,Caxias do Sul
4318705,São Leopoldo,Porto Alegre,Metropolitana de Porto Alegre,RS,Novo Hamburgo - São Leopoldo,Porto Alegre
4318804,São Lourenço do Sul,Pelotas,Sudeste Rio-grandense,RS,Pelotas,Pelotas
4318903,São Luiz Gonzaga,Santo Ângelo,Noroeste Rio-grandense,RS,São Luiz Gonzaga,Ijuí
4319000,São Marcos,Caxias do Sul,Nordeste Rio-grandense,RS,Caxias do Sul,Caxias do Sul
4319109,São Martinho,Três Passos,Noroeste Rio-grandense,RS,Três Passos,Ijuí
4319125,São Martinho da Serra,Santa Maria,Centro Ocidental Rio-grandense,RS,Santa Maria,Santa Maria
4319158,São Miguel das Missões,Santo Ângelo,Noroeste Rio-grandense,RS,Santo Ângelo,Ijuí
4319208,São Nicolau,Santo Ângelo,Noroeste Rio-grandense,RS,São Luiz Gonzaga,Ijuí
4319307,São Paulo das Missões,Cerro Largo,Noroeste Rio-grandense,RS,Cerro Largo,Ijuí
4319356,São Pedro da Serra,Montenegro,Metropolitana de Porto Alegre,RS,Montenegro,Porto Alegre
4319364,São Pedro das Missões,Carazinho,Noroeste Rio-grandense,RS,Palmeira das Missões,Passo Fundo
4319372,São Pedro do Butiá,Cerro Largo,Noroeste Rio-grandense,RS,Cerro Largo,Ijuí
4319406,São Pedro do Sul,Santa Maria,Centro Ocidental Rio-grandense,RS,Santa Maria,Santa Maria
4319505,São Sebastião do Caí,Montenegro,Metropolitana de Porto Alegre,RS,Novo Hamburgo - São Leopoldo,Porto Alegre
4319604,São Sepé,Santa Maria,Centro Ocidental Rio-grandense,RS,Santa Maria,Santa Maria
4319703,São Valentim,Erechim,Noroeste Rio-grandense,RS,Erechim,Passo Fundo
4319711,São Valentim do Sul,Guaporé,Nordeste Rio-grandense,RS,Bento Gonçalves,Caxias do Sul
4319737,São Valério do Sul,Ijuí,Noroeste Rio-grandense,RS,Ijuí,Ijuí
4319752,São Vendelino,Montenegro,Metropolitana de Porto Alegre,RS,Novo Hamburgo - São Leopoldo,Porto Alegre
4319802,São Vicente do Sul,Santa Maria,Centro Ocidental Rio-grandense,RS,Santa Maria,Santa Maria
4319901,Sapiranga,Porto Alegre,Metropolitana de Porto Alegre,RS,Novo Hamburgo - São Leopoldo,Porto Alegre
4320008,Sapucaia do Sul,Porto Alegre,Metropolitana de Porto Alegre,RS,Porto Alegre,Porto Alegre
4320107,Sarandi,Carazinho,Noroeste Rio-grandense,RS,Carazinho,Passo Fundo
4320206,Seberi,Frederico Westphalen,Noroeste Rio-grandense,RS,Frederico Westphalen,Passo Fundo
4320230,Sede Nova,Três Passos,Noroeste Rio-grandense,RS,Três Passos,Ijuí
4320263,Segredo,Santa Cruz do Sul,Centro Oriental Rio-grandense,RS,Sobradinho,Santa Cruz do Sul - Lajeado
4320305,Selbach,Não-Me-Toque,Noroeste Rio-grandense,RS,Cruz Alta,Passo Fundo
4320321,Senador Salgado Filho,Santo Ângelo,Noroeste Rio-grandense,RS,Santa Rosa,Ijuí
4320354,Sentinela do Sul,Camaquã,Metropolitana de Porto Alegre,RS,Camaquã,Porto Alegre
4320404,Serafina Corrêa,Guaporé,Nordeste Rio-grandense,RS,Nova Prata - Guaporé,Caxias do Sul
4320453,Sério,Lajeado-Estrela,Centro Oriental Rio-grandense,RS,Lajeado,Santa Cruz do Sul - Lajeado
4320503,Sertão,Passo Fundo,Noroeste Rio-grandense,RS,Passo Fundo,Passo Fundo
4320552,Sertão Santana,Porto Alegre,Metropolitana de Porto Alegre,RS,Porto Alegre,Porto Alegre
4320578,Sete de Setembro,Cerro Largo,Noroeste Rio-grandense,RS,Santo Ângelo,Ijuí
4320602,Severiano de Almeida,Erechim,Noroeste Rio-grandense,RS,Erechim,Passo Fundo
4320651,Silveira Martins,Restinga Seca,Centro Ocidental Rio-grandense,RS,Santa Maria,Santa Maria
4320677,Sinimbu,Santa Cruz do Sul,Centro Oriental Rio-grandense,RS,Santa Cruz do Sul,Santa Cruz do Sul - Lajeado
4320701,Sobradinho,Santa Cruz do Sul,Centro Oriental Rio-grandense,RS,Sobradinho,Santa Cruz do Sul - Lajeado
4320800,Soledade,Soledade,Noroeste Rio-grandense,RS,Soledade,Passo Fundo
4320859,Tabaí,Lajeado-Estrela,Centro Oriental Rio-grandense,RS,Lajeado,Santa Cruz do Sul - Lajeado
4320909,Tapejara,Passo Fundo,Noroeste Rio-grandense,RS,Tapejara - Sananduva,Passo Fundo
4321006,Tapera,Não-Me-Toque,Noroeste Rio-grandense,RS,Passo Fundo,Passo Fundo
4321105,Tapes,Camaquã,Metropolitana de Porto Alegre,RS,Camaquã,Porto Alegre
4321204,Taquara,Gramado-Canela,Metropolitana de Porto Alegre,RS,Taquara - Parobé - Igrejinha,Porto Alegre
4321303,Taquari,Lajeado-Estrela,Centro Oriental Rio-grandense,RS,Lajeado,Santa Cruz do Sul - Lajeado
4321329,Taquaruçu do Sul,Frederico Westphalen,Noroeste Rio-grandense,RS,Frederico Westphalen,Passo Fundo
4321352,Tavares,Osório,Metropolitana de Porto Alegre,RS,Porto Alegre,Porto Alegre
4321402,Tenente Portela,Três Passos,Noroeste Rio-grandense,RS,Três Passos,Ijuí
4321436,Terra de Areia,Osório,Metropolitana de Porto Alegre,RS,Tramandaí - Osório,Porto Alegre
4321451,Teutônia,Lajeado-Estrela,Centro Oriental Rio-grandense,RS,Lajeado,Santa Cruz do Sul - Lajeado
4321469,Tio Hugo,Não-Me-Toque,Noroeste Rio-grandense,RS,Passo Fundo,Passo Fundo
4321477,Tiradentes do Sul,Três Passos,Noroeste Rio-grandense,RS,Três Passos,Ijuí
4321493,Toropi,Santa Maria,Centro Ocidental Rio-grandense,RS,Santa Maria,Santa Maria
4321501,Torres,Osório,Metropolitana de Porto Alegre,RS,Torres,Porto Alegre
4321600,Tramandaí,Osório,Metropolitana de Porto Alegre,RS,Tramandaí - Osório,Porto Alegre
4321626,Travesseiro,Lajeado-Estrela,Centro Oriental Rio-grandense,RS,Lajeado,Santa Cruz do Sul - Lajeado
4321634,Três Arroios,Erechim,Noroeste Rio-grandense,RS,Erechim,Passo Fundo
4321667,Três Cachoeiras,Osório,Metropolitana de Porto Alegre,RS,Torres,Porto Alegre
4321709,Três Coroas,Gramado-Canela,Metropolitana de Porto Alegre,RS,Taquara - Parobé - Igrejinha,Porto Alegre
4321808,Três de Maio,Santa Rosa,Noroeste Rio-grandense,RS,Três de Maio,Ijuí
4321832,Três Forquilhas,Osório,Metropolitana de Porto Alegre,RS,Torres,Porto Alegre
4321857,Três Palmeiras,Frederico Westphalen,Noroeste Rio-grandense,RS,Passo Fundo,Passo Fundo
4321907,Três Passos,Três Passos,Noroeste Rio-grandense,RS,Três Passos,Ijuí
4321956,Trindade do Sul,Frederico Westphalen,Noroeste Rio-grandense,RS,Nonoai,Passo Fundo
4322004,Triunfo,São Jerônimo,Metropolitana de Porto Alegre,RS,Charqueadas - Triunfo - São Jerônimo,Porto Alegre
4322103,Tucunduva,Santa Rosa,Noroeste Rio-grandense,RS,Santa Rosa,Ijuí
4322152,Tunas,Soledade,Noroeste Rio-grandense,RS,Sobradinho,Santa Cruz do Sul - Lajeado
4322186,Tupanci do Sul,Sananduva,Noroeste Rio-grandense,RS,Lagoa Vermelha,Passo Fundo
4322202,Tupanciretã,Santiago,Centro Ocidental Rio-grandense,RS,Cruz Alta,Passo Fundo
4322251,Tupandi,Montenegro,Metropolitana de Porto Alegre,RS,Novo Hamburgo - São Leopoldo,Porto Alegre
4322301,Tuparendi,Santa Rosa,Noroeste Rio-grandense,RS,Santa Rosa,Ijuí
4322327,Turuçu,Pelotas,Sudeste Rio-grandense,RS,Pelotas,Pelotas
4322343,Ubiretama,Santo Ângelo,Noroeste Rio-grandense,RS,Cerro Largo,Ijuí
4322350,União da Serra,Guaporé,Nordeste Rio-grandense,RS,Nova Prata - Guaporé,Caxias do Sul
4322376,Unistalda,Santiago,Centro Ocidental Rio-grandense,RS,Santiago,Santa Maria
4322400,Uruguaiana,Campanha Ocidental,Sudoeste Rio-grandense,RS,Uruguaiana,Uruguaiana
4322509,Vacaria,Vacaria,Nordeste Rio-grandense,RS,Vacaria,Caxias do Sul
4322525,Vale Verde,São Jerônimo,Metropolitana de Porto Alegre,RS,Santa Cruz do Sul,Santa Cruz do Sul - Lajeado
4322533,Vale do Sol,Santa Cruz do Sul,Centro Oriental Rio-grandense,RS,Santa Cruz do Sul,Santa Cruz do Sul - Lajeado
4322541,Vale Real,Montenegro,Metropolitana de Porto Alegre,RS,Caxias do Sul,Caxias do Sul
4322558,Vanini,Passo Fundo,Noroeste Rio-grandense,RS,Marau,Passo Fundo
4322608,Venâncio Aires,Santa Cruz do Sul,Centro Oriental Rio-grandense,RS,Santa Cruz do Sul,Santa Cruz do Sul - Lajeado
4322707,Vera Cruz,Santa Cruz do Sul,Centro Oriental Rio-grandense,RS,Santa Cruz do Sul,Santa Cruz do Sul - Lajeado
4322806,Veranópolis,Caxias do Sul,Nordeste Rio-grandense,RS,Bento Gonçalves,Caxias do Sul
4322855,Vespasiano Corrêa,Lajeado-Estrela,Centro Oriental Rio-grandense,RS,Encantado,Santa Cruz do Sul - Lajeado
4322905,Viadutos,Erechim,Noroeste Rio-grandense,RS,Erechim,Passo Fundo
4323002,Viamão,Porto Alegre,Metropolitana de Porto Alegre,RS,Porto Alegre,Porto Alegre
4323101,Vicente Dutra,Frederico Westphalen,Noroeste Rio-grandense,RS,Frederico Westphalen,Passo Fundo
4323200,Victor Graeff,Não-Me-Toque,Noroeste Rio-grandense,RS,Passo Fundo,Passo Fundo
4323309,Vila Flores,Caxias do Sul,Nordeste Rio-grandense,RS,Bento Gonçalves,Caxias do Sul
4323358,Vila Lângaro,Passo Fundo,Noroeste Rio-grandense,RS,Tapejara - Sananduva,Passo Fundo
4323408,Vila Maria,Passo Fundo,Noroeste Rio-grandense,RS,Marau,Passo Fundo
4323457,Vila Nova do Sul,Santa Maria,Centro Ocidental Rio-grandense,RS,São Gabriel - Caçapava do Sul,Santa Maria
4323507,Vista Alegre,Frederico Westphalen,Noroeste Rio-grandense,RS,Frederico Westphalen,Passo Fundo
4323606,Vista Alegre do Prata,Guaporé,Nordeste Rio-grandense,RS,Nova Prata - Guaporé,Caxias do Sul
4323705,Vista Gaúcha,Três Passos,Noroeste Rio-grandense,RS,Três Passos,Ijuí
4323754,Vitória das Missões,Santo Ângelo,Noroeste Rio-grandense,RS,Santo Ângelo,Ijuí
4323770,Westfália,Lajeado-Estrela,Centro Oriental Rio-grandense,RS,Lajeado,Santa Cruz do Sul - Lajeado
4323804,Xangri-lá,Osório,Metropolitana de Porto Alegre,RS,Tramandaí - Osório,Porto Alegre
5000203,Água Clara,Três Lagoas,Leste de Mato Grosso do Sul,MS,Três Lagoas,Campo Grande
5000252,Alcinópolis,Alto Taquari,Centro Norte de Mato Grosso do Sul,MS,Coxim,Campo Grande
5000609,Amambai,Dourados,Sudoeste de Mato Grosso do Sul,MS,Amambai,Dourados
5000708,Anastácio,Aquidauana,Pantanais Sul Mato-grossense,MS,Aquidauana - Anastácio,Corumbá
5000807,Anaurilândia,Nova Andradina,Leste de Mato Grosso do Sul,MS,Nova Andradina,Dourados
5000856,Angélica,Iguatemi,Sudoeste de Mato Grosso do Sul,MS,Nova Andradina,Dourados
5000906,Antônio João,Dourados,Sudoeste de Mato Grosso do Sul,MS,Ponta Porã,Dourados
5001003,Aparecida do Taboado,Paranaíba,Leste de Mato Grosso do Sul,MS,Paranaíba - Chapadão do Sul - Cassilândia,Campo Grande
5001102,Aquidauana,Aquidauana,Pantanais Sul Mato-grossense,MS,Aquidauana - Anastácio,Corumbá
5001243,Aral Moreira,Dourados,Sudoeste de Mato Grosso do Sul,MS,Ponta Porã,Dourados
5001508,Bandeirantes,Campo Grande,Centro Norte de Mato Grosso do Sul,MS,Campo Grande,Campo Grande
5001904,Bataguassu,Nova Andradina,Leste de Mato Grosso do Sul,MS,Três Lagoas,Campo Grande
5002001,Batayporã,Nova Andradina,Leste de Mato Grosso do Sul,MS,Nova Andradina,Dourados
5002100,Bela Vista,Bodoquena,Sudoeste de Mato Grosso do Sul,MS,Jardim,Corumbá
5002159,Bodoquena,Bodoquena,Sudoeste de Mato Grosso do Sul,MS,Aquidauana - Anastácio,Corumbá
5002209,Bonito,Bodoquena,Sudoeste de Mato Grosso do Sul,MS,Jardim,Corumbá
5002308,Brasilândia,Três Lagoas,Leste de Mato Grosso do Sul,MS,Três Lagoas,Campo Grande
5002407,Caarapó,Dourados,Sudoeste de Mato Grosso do Sul,MS,Dourados,Dourados
5002605,Camapuã,Alto Taquari,Centro Norte de Mato Grosso do Sul,MS,Campo Grande,Campo Grande
5002704,Campo Grande,Campo Grande,Centro Norte de Mato Grosso do Sul,MS,Campo Grande,Campo Grande
5002803,Caracol,Bodoquena,Sudoeste de Mato Grosso do Sul,MS,Jardim,Corumbá
5002902,Cassilândia,Cassilândia,Leste de Mato Grosso do Sul,MS,Paranaíba - Chapadão do Sul - Cassilândia,Campo Grande
5002951,Chapadão do Sul,Cassilândia,Leste de Mato Grosso do Sul,MS,Paranaíba - Chapadão do Sul - Cassilândia,Campo Grande
5003108,Corguinho,Campo Grande,Centro Norte de Mato Grosso do Sul,MS,Campo Grande,Campo Grande
5003157,Coronel Sapucaia,Iguatemi,Sudoeste de Mato Grosso do Sul,MS,Amambai,Dourados
5003207,Corumbá,Baixo Pantanal,Pantanais Sul Mato-grossense,MS,Corumbá,Corumbá
5003256,Costa Rica,Cassilândia,Leste de Mato Grosso do Sul,MS,Coxim,Campo Grande
5003306,Coxim,Alto Taquari,Centro Norte de Mato Grosso do Sul,MS,Coxim,Campo Grande
5003454,Deodápolis,Iguatemi,Sudoeste de Mato Grosso do Sul,MS,Dourados,Dourados
5003488,Dois Irmãos do Buriti,Aquidauana,Pantanais Sul Mato-grossense,MS,Campo Grande,Campo Grande
5003504,Douradina,Dourados,Sudoeste de Mato Grosso do Sul,MS,Dourados,Dourados
5003702,Dourados,Dourados,Sudoeste de Mato Grosso do Sul,MS,Dourados,Dourados
5003751,Eldorado,Iguatemi,Sudoeste de Mato Grosso do Sul,MS,Naviraí - Mundo Novo,Dourados
5003801,Fátima do Sul,Dourados,Sudoeste de Mato Grosso do Sul,MS,Dourados,Dourados
5003900,Figueirão,Alto Taquari,Centro Norte de Mato Grosso do Sul,MS,Coxim,Campo Grande
5004007,Glória de Dourados,Iguatemi,Sudoeste de Mato Grosso do Sul,MS,Dourados,Dourados
5004106,Guia Lopes da Laguna,Bodoquena,Sudoeste de Mato Grosso do Sul,MS,Jardim,Corumbá
5004304,Iguatemi,Iguatemi,Sudoeste de Mato Grosso do Sul,MS,Naviraí - Mundo Novo,Dourados
5004403,Inocência,Paranaíba,Leste de Mato Grosso do Sul,MS,Paranaíba - Chapadão do Sul - Cassilândia,Campo Grande
5004502,Itaporã,Dourados,Sudoeste de Mato Grosso do Sul,MS,Dourados,Dourados
5004601,Itaquiraí,Iguatemi,Sudoeste de Mato Grosso do Sul,MS,Naviraí - Mundo Novo,Dourados
5004700,Ivinhema,Iguatemi,Sudoeste de Mato Grosso do Sul,MS,Nova Andradina,Dourados
5004809,Japorã,Iguatemi,Sudoeste de Mato Grosso do Sul,MS,Naviraí - Mundo Novo,Dourados
5004908,Jaraguari,Campo Grande,Centro Norte de Mato Grosso do Sul,MS,Campo Grande,Campo Grande
5005004,Jardim,Bodoquena,Sudoeste de Mato Grosso do Sul,MS,Jardim,Corumbá
5005103,Jateí,Iguatemi,Sudoeste de Mato Grosso do Sul,MS,Dourados,Dourados
5005152,Juti,Dourados,Sudoeste de Mato Grosso do Sul,MS,Dourados,Dourados
5005202,Ladário,Baixo Pantanal,Pantanais Sul Mato-grossense,MS,Corumbá,Corumbá
5005251,Laguna Carapã,Dourados,Sudoeste de Mato Grosso do Sul,MS,Dourados,Dourados
5005400,Maracaju,Dourados,Sudoeste de Mato Grosso do Sul,MS,Dourados,Dourados
5005608,Miranda,Aquidauana,Pantanais Sul Mato-grossense,MS,Aquidauana - Anastácio,Corumbá
5005681,Mundo Novo,Iguatemi,Sudoeste de Mato Grosso do Sul,MS,Naviraí - Mundo Novo,Dourados
5005707,Naviraí,Iguatemi,Sudoeste de Mato Grosso do Sul,MS,Naviraí - Mundo Novo,Dourados
5005806,Nioaque,Bodoquena,Sudoeste de Mato Grosso do Sul,MS,Jardim,Corumbá
5006002,Nova Alvorada do Sul,Dourados,Sudoeste de Mato Grosso do Sul,MS,Campo Grande,Campo Grande
5006200,Nova Andradina,Nova Andradina,Leste de Mato Grosso do Sul,MS,Nova Andradina,Dourados
5006259,Novo Horizonte do Sul,Iguatemi,Sudoeste de Mato Grosso do Sul,MS,Nova Andradina,Dourados
5006275,Paraíso das Águas,Cassilândia,Leste de Mato Grosso do Sul,MS,Paranaíba - Chapadão do Sul - Cassilândia,Campo Grande
5006309,Paranaíba,Paranaíba,Leste de Mato Grosso do Sul,MS,Paranaíba - Chapadão do Sul - Cassilândia,Campo Grande
5006358,Paranhos,Iguatemi,Sudoeste de Mato Grosso do Sul,MS,Amambai,Dourados
5006408,Pedro Gomes,Alto Taquari,Centro Norte de Mato Grosso do Sul,MS,Coxim,Campo Grande
5006606,Ponta Porã,Dourados,Sudoeste de Mato Grosso do Sul,MS,Ponta Porã,Dourados
5006903,Porto Murtinho,Baixo Pantanal,Pantanais Sul Mato-grossense,MS,Jardim,Corumbá
5007109,Ribas do Rio Pardo,Três Lagoas,Leste de Mato Grosso do Sul,MS,Campo Grande,Campo Grande
5007208,Rio Brilhante,Dourados,Sudoeste de Mato Grosso do Sul,MS,Dourados,Dourados
5007307,Rio Negro,Campo Grande,Centro Norte de Mato Grosso do Sul,MS,Campo Grande,Campo Grande
5007406,Rio Verde de Mato Grosso,Alto Taquari,Centro Norte de Mato Grosso do Sul,MS,Coxim,Campo Grande
5007505,Rochedo,Campo Grande,Centro Norte de Mato Grosso do Sul,MS,Campo Grande,Campo Grande
5007554,Santa Rita do Pardo,Três Lagoas,Leste de Mato Grosso do Sul,MS,Três Lagoas,Campo Grande
5007695,São Gabriel do Oeste,Alto Taquari,Centro Norte de Mato Grosso do Sul,MS,Campo Grande,Campo Grande
5007703,Sete Quedas,Iguatemi,Sudoeste de Mato Grosso do Sul,MS,Amambai,Dourados
5007802,Selvíria,Paranaíba,Leste de Mato Grosso do Sul,MS,Três Lagoas,Campo Grande
5007901,Sidrolândia,Campo Grande,Centro Norte de Mato Grosso do Sul,MS,Campo Grande,Campo Grande
5007935,Sonora,Alto Taquari,Centro Norte de Mato Grosso do Sul,MS,Coxim,Campo Grande
5007950,Tacuru,Iguatemi,Sudoeste de Mato Grosso do Sul,MS,Amambai,Dourados
5007976,Taquarussu,Nova Andradina,Leste de Mato Grosso do Sul,MS,Nova Andradina,Dourados
5008008,Terenos,Campo Grande,Centro Norte de Mato Grosso do Sul,MS,Campo Grande,Campo Grande
5008305,Três Lagoas,Três Lagoas,Leste de Mato Grosso do Sul,MS,Três Lagoas,Campo Grande
5008404,Vicentina,Dourados,Sudoeste de Mato Grosso do Sul,MS,Dourados,Dourados
5100102,Acorizal,Rosário Oeste,Centro-Sul Mato-grossense,MT,Cuiabá,Cuiabá
5100201,Água Boa,Canarana,Nordeste Mato-grossense,MT,Água Boa,Barra do Garças
5100250,Alta Floresta,Alta Floresta,Norte Mato-grossense,MT,Alta Floresta,Sinop
5100300,Alto Araguaia,Alto Araguaia,Sudeste Mato-grossense,MT,Rondonópolis,Rondonópolis
5100359,Alto Boa Vista,Norte Araguaia,Nordeste Mato-grossense,MT,Confresa - Vila Rica,Barra do Garças
5100409,Alto Garças,Alto Araguaia,Sudeste Mato-grossense,MT,Rondonópolis,Rondonópolis
5100508,Alto Paraguai,Alto Paraguai,Centro-Sul Mato-grossense,MT,Diamantino,Cuiabá
5100607,Alto Taquari,Alto Araguaia,Sudeste Mato-grossense,MT,Rondonópolis,Rondonópolis
5100805,Apiacás,Alta Floresta,Norte Mato-grossense,MT,Alta Floresta,Sinop
5101001,Araguaiana,Médio Araguaia,Nordeste Mato-grossense,MT,Barra do Garças,Barra do Garças
5101209,Araguainha,Tesouro,Sudeste Mato-grossense,MT,Rondonópolis,Rondonópolis
5101258,Araputanga,Jauru,Sudoeste Mato-grossense,MT,Mirassol D'oeste,Cáceres
5101308,Arenápolis,Alto Paraguai,Centro-Sul Mato-grossense,MT,Diamantino,Cuiabá
5101407,Aripuanã,Aripuanã,Norte Mato-grossense,MT,Juína,Sinop
5101605,Barão de Melgaço,Alto Pantanal,Centro-Sul Mato-grossense,MT,Cuiabá,Cuiabá
5101704,Barra do Bugres,Tangará da Serra,Sudoeste Mato-grossense,MT,Tangará da Serra,Cuiabá
5101803,Barra do Garças,Médio Araguaia,Nordeste Mato-grossense,MT,Barra do Garças,Barra do Garças
5101837,Boa Esperança do Norte,,,,Sorriso,Sinop
5101852,Bom Jesus do Araguaia,Norte Araguaia,Nordeste Mato-grossense,MT,Confresa - Vila Rica,Barra do Garças
5101902,Brasnorte,Aripuanã,Norte Mato-grossense,MT,Tangará da Serra,Cuiabá
5102504,Cáceres,Alto Pantanal,Centro-Sul Mato-grossense,MT,Cáceres,Cáceres
5102603,Campinápolis,Canarana,Nordeste Mato-grossense,MT,Água Boa,Barra do Garças
5102637,Campo Novo do Parecis,Parecis,Norte Mato-grossense,MT,Tangará da Serra,Cuiabá
5102678,Campo Verde,Primavera do Leste,Sudeste Mato-grossense,MT,Cuiabá,Cuiabá
5102686,Campos de Júlio,Parecis,Norte Mato-grossense,MT,Pontes e Lacerda - Comodoro,Cáceres
5102694,Canabrava do Norte,Norte Araguaia,Nordeste Mato-grossense,MT,Confresa - Vila Rica,Barra do Garças
5102702,Canarana,Canarana,Nordeste Mato-grossense,MT,Água Boa,Barra do Garças
5102793,Carlinda,Alta Floresta,Norte Mato-grossense,MT,Alta Floresta,Sinop
5102850,Castanheira,Aripuanã,Norte Mato-grossense,MT,Juína,Sinop
5103007,Chapada dos Guimarães,Cuiabá,Centro-Sul Mato-grossense,MT,Cuiabá,Cuiabá
5103056,Cláudia,Sinop,Norte Mato-grossense,MT,Sinop,Sinop
5103106,Cocalinho,Médio Araguaia,Nordeste Mato-grossense,MT,Água Boa,Barra do Garças
5103205,Colíder,Colíder,Norte Mato-grossense,MT,Sinop,Sinop
5103254,Colniza,Aripuanã,Norte Mato-grossense,MT,Juína,Sinop
5103304,Comodoro,Parecis,Norte Mato-grossense,MT,Pontes e Lacerda - Comodoro,Cáceres
5103353,Confresa,Norte Araguaia,Nordeste Mato-grossense,MT,Confresa - Vila Rica,Barra do Garças
5103361,Conquista D'Oeste,Alto Guaporé,Sudoeste Mato-grossense,MT,Pontes e Lacerda - Comodoro,Cáceres
5103379,Cotriguaçu,Aripuanã,Norte Mato-grossense,MT,Juína,Sinop
5103403,Cuiabá,Cuiabá,Centro-Sul Mato-grossense,MT,Cuiabá,Cuiabá
5103437,Curvelândia,Alto Pantanal,Centro-Sul Mato-grossense,MT,Cáceres,Cáceres
5103452,Denise,Tangará da Serra,Sudoeste Mato-grossense,MT,Tangará da Serra,Cuiabá
5103502,Diamantino,Parecis,Norte Mato-grossense,MT,Diamantino,Cuiabá
5103601,Dom Aquino,Rondonópolis,Sudeste Mato-grossense,MT,Jaciara,Rondonópolis
5103700,Feliz Natal,Sinop,Norte Mato-grossense,MT,Sinop,Sinop
5103809,Figueirópolis D'Oeste,Jauru,Sudoeste Mato-grossense,MT,Mirassol D'oeste,Cáceres
5103858,Gaúcha do Norte,Paranatinga,Norte Mato-grossense,MT,Água Boa,Barra do Garças
5103908,General Carneiro,Tesouro,Sudeste Mato-grossense,MT,Barra do Garças,Barra do Garças
5103957,Glória D'Oeste,Jauru,Sudoeste Mato-grossense,MT,Mirassol D'oeste,Cáceres
5104104,Guarantã do Norte,Colíder,Norte Mato-grossense,MT,Peixoto de Azevedo - Guarantã do Norte,Sinop
5104203,Guiratinga,Tesouro,Sudeste Mato-grossense,MT,Rondonópolis,Rondonópolis
5104500,Indiavaí,Jauru,Sudoeste Mato-grossense,MT,Mirassol D'oeste,Cáceres
5104526,Ipiranga do Norte,Alto Teles Pires,Norte Mato-grossense,MT,Sorriso,Sinop
5104542,Itanhangá,Alto Teles Pires,Norte Mato-grossense,MT,Sorriso,Sinop
5104559,Itaúba,Sinop,Norte Mato-grossense,MT,Sinop,Sinop
5104609,Itiquira,Rondonópolis,Sudeste Mato-grossense,MT,Rondonópolis,Rondonópolis
5104807,Jaciara,Rondonópolis,Sudeste Mato-grossense,MT,Jaciara,Rondonópolis
5104906,Jangada,Rosário Oeste,Centro-Sul Mato-grossense,MT,Cuiabá,Cuiabá
5105002,Jauru,Jauru,Sudoeste Mato-grossense,MT,Mirassol D'oeste,Cáceres
5105101,Juara,Arinos,Norte Mato-grossense,MT,Juara,Sinop
5105150,Juína,Aripuanã,Norte Mato-grossense,MT,Juína,Sinop
5105176,Juruena,Aripuanã,Norte Mato-grossense,MT,Juína,Sinop
5105200,Juscimeira,Rondonópolis,Sudeste Mato-grossense,MT,Jaciara,Rondonópolis
5105234,Lambari D'Oeste,Jauru,Sudoeste Mato-grossense,MT,Cáceres,Cáceres
5105259,Lucas do Rio Verde,Alto Teles Pires,Norte Mato-grossense,MT,Sorriso,Sinop
5105309,Luciara,Norte Araguaia,Nordeste Mato-grossense,MT,Confresa - Vila Rica,Barra do Garças
5105507,Vila Bela da Santíssima Trindade,Alto Guaporé,Sudoeste Mato-grossense,MT,Pontes e Lacerda - Comodoro,Cáceres
5105580,Marcelândia,Sinop,Norte Mato-grossense,MT,Sinop,Sinop
5105606,Matupá,Colíder,Norte Mato-grossense,MT,Peixoto de Azevedo - Guarantã do Norte,Sinop
5105622,Mirassol d'Oeste,Jauru,Sudoeste Mato-grossense,MT,Mirassol D'oeste,Cáceres
5105903,Nobres,Alto Teles Pires,Norte Mato-grossense,MT,Cuiabá,Cuiabá
5106000,Nortelândia,Alto Paraguai,Centro-Sul Mato-grossense,MT,Diamantino,Cuiabá
5106109,Nossa Senhora do Livramento,Cuiabá,Centro-Sul Mato-grossense,MT,Cuiabá,Cuiabá
5106158,Nova Bandeirantes,Alta Floresta,Norte Mato-grossense,MT,Alta Floresta,Sinop
5106174,Nova Nazaré,Canarana,Nordeste Mato-grossense,MT,Água Boa,Barra do Garças
5106182,Nova Lacerda,Alto Guaporé,Sudoeste Mato-grossense,MT,Pontes e Lacerda - Comodoro,Cáceres
5106190,Nova Santa Helena,Sinop,Norte Mato-grossense,MT,Sinop,Sinop
5106208,Nova Brasilândia,Paranatinga,Norte Mato-grossense,MT,Cuiabá,Cuiabá
5106216,Nova Canaã do Norte,Colíder,Norte Mato-grossense,MT,Sinop,Sinop
5106224,Nova Mutum,Alto Teles Pires,Norte Mato-grossense,MT,Sorriso,Sinop
5106232,Nova Olímpia,Tangará da Serra,Sudoeste Mato-grossense,MT,Tangará da Serra,Cuiabá
5106240,Nova Ubiratã,Alto Teles Pires,Norte Mato-grossense,MT,Sorriso,Sinop
5106257,Nova Xavantina,Canarana,Nordeste Mato-grossense,MT,Barra do Garças,Barra do Garças
5106265,Novo Mundo,Colíder,Norte Mato-grossense,MT,Peixoto de Azevedo - Guarantã do Norte,Sinop
5106273,Novo Horizonte do Norte,Arinos,Norte Mato-grossense,MT,Juara,Sinop
5106281,Novo São Joaquim,Canarana,Nordeste Mato-grossense,MT,Barra do Garças,Barra do Garças
5106299,Paranaíta,Alta Floresta,Norte Mato-grossense,MT,Alta Floresta,Sinop
5106307,Paranatinga,Paranatinga,Norte Mato-grossense,MT,Primavera do Leste,Rondonópolis
5106315,Novo Santo Antônio,Norte Araguaia,Nordeste Mato-grossense,MT,Confresa - Vila Rica,Barra do Garças
5106372,Pedra Preta,Rondonópolis,Sudeste Mato-grossense,MT,Rondonópolis,Rondonópolis
5106422,Peixoto de Azevedo,Colíder,Norte Mato-grossense,MT,Peixoto de Azevedo - Guarantã do Norte,Sinop
5106455,Planalto da Serra,Paranatinga,Norte Mato-grossense,MT,Cuiabá,Cuiabá
5106505,Poconé,Alto Pantanal,Centro-Sul Mato-grossense,MT,Cuiabá,Cuiabá
5106653,Pontal do Araguaia,Tesouro,Sudeste Mato-grossense,MT,Barra do Garças,Barra do Garças
5106703,Ponte Branca,Tesouro,Sudeste Mato-grossense,MT,Barra do Garças,Barra do Garças
5106752,Pontes e Lacerda,Alto Guaporé,Sudoeste Mato-grossense,MT,Pontes e Lacerda - Comodoro,Cáceres
5106778,Porto Alegre do Norte,Norte Araguaia,Nordeste Mato-grossense,MT,Confresa - Vila Rica,Barra do Garças
5106802,Porto dos Gaúchos,Arinos,Norte Mato-grossense,MT,Juara,Sinop
5106828,Porto Esperidião,Jauru,Sudoeste Mato-grossense,MT,Mirassol D'oeste,Cáceres
5106851,Porto Estrela,Tangará da Serra,Sudoeste Mato-grossense,MT,Tangará da Serra,Cuiabá
5107008,Poxoréu,Tesouro,Sudeste Mato-grossense,MT,Primavera do Leste,Rondonópolis
5107040,Primavera do Leste,Primavera do Leste,Sudeste Mato-grossense,MT,Primavera do Leste,Rondonópolis
5107065,Querência,Canarana,Nordeste Mato-grossense,MT,Água Boa,Barra do Garças
5107107,São José dos Quatro Marcos,Jauru,Sudoeste Mato-grossense,MT,Mirassol D'oeste,Cáceres
5107156,Reserva do Cabaçal,Jauru,Sudoeste Mato-grossense,MT,Mirassol D'oeste,Cáceres
5107180,Ribeirão Cascalheira,Norte Araguaia,Nordeste Mato-grossense,MT,Água Boa,Barra do Garças
5107198,Ribeirãozinho,Tesouro,Sudeste Mato-grossense,MT,Barra do Garças,Barra do Garças
5107206,Rio Branco,Jauru,Sudoeste Mato-grossense,MT,Cáceres,Cáceres
5107248,Santa Carmem,Sinop,Norte Mato-grossense,MT,Sinop,Sinop
5107263,Santo Afonso,Alto Paraguai,Centro-Sul Mato-grossense,MT,Diamantino,Cuiabá
5107297,São José do Povo,Rondonópolis,Sudeste Mato-grossense,MT,Rondonópolis,Rondonópolis
5107305,São José do Rio Claro,Arinos,Norte Mato-grossense,MT,Diamantino,Cuiabá
5107354,São José do Xingu,Norte Araguaia,Nordeste Mato-grossense,MT,Confresa - Vila Rica,Barra do Garças
5107404,São Pedro da Cipa,Rondonópolis,Sudeste Mato-grossense,MT,Jaciara,Rondonópolis
5107578,Rondolândia,Aripuanã,Norte Mato-grossense,MT,Juína,Sinop
5107602,Rondonópolis,Rondonópolis,Sudeste Mato-grossense,MT,Rondonópolis,Rondonópolis
5107701,Rosário Oeste,Rosário Oeste,Centro-Sul Mato-grossense,MT,Cuiabá,Cuiabá
5107743,Santa Cruz do Xingu,Norte Araguaia,Nordeste Mato-grossense,MT,Confresa - Vila Rica,Barra do Garças
5107750,Salto do Céu,Jauru,Sudoeste Mato-grossense,MT,Cáceres,Cáceres
5107768,Santa Rita do Trivelato,Alto Teles Pires,Norte Mato-grossense,MT,Sorriso,Sinop
5107776,Santa Terezinha,Norte Araguaia,Nordeste Mato-grossense,MT,Confresa - Vila Rica,Barra do Garças
5107792,Santo Antônio do Leste,Canarana,Nordeste Mato-grossense,MT,Primavera do Leste,Rondonópolis
5107800,Santo Antônio de Leverger,Cuiabá,Centro-Sul Mato-grossense,MT,Cuiabá,Cuiabá
5107859,São Félix do Araguaia,Norte Araguaia,Nordeste Mato-grossense,MT,Confresa - Vila Rica,Barra do Garças
5107875,Sapezal,Parecis,Norte Mato-grossense,MT,Tangará da Serra,Cuiabá
5107883,Serra Nova Dourada,Norte Araguaia,Nordeste Mato-grossense,MT,Confresa - Vila Rica,Barra do Garças
5107909,Sinop,Sinop,Norte Mato-grossense,MT,Sinop,Sinop
5107925,Sorriso,Alto Teles Pires,Norte Mato-grossense,MT,Sorriso,Sinop
5107941,Tabaporã,Arinos,Norte Mato-grossense,MT,Juara,Sinop
5107958,Tangará da Serra,Tangará da Serra,Sudoeste Mato-grossense,MT,Tangará da Serra,Cuiabá
5108006,Tapurah,Alto Teles Pires,Norte Mato-grossense,MT,Sorriso,Sinop
5108055,Terra Nova do Norte,Colíder,Norte Mato-grossense,MT,Sinop,Sinop
5108105,Tesouro,Tesouro,Sudeste Mato-grossense,MT,Rondonópolis,Rondonópolis
5108204,Torixoréu,Tesouro,Sudeste Mato-grossense,MT,Barra do Garças,Barra do Garças
5108303,União do Sul,Sinop,Norte Mato-grossense,MT,Sinop,Sinop
5108352,Vale de São Domingos,Alto Guaporé,Sudoeste Mato-grossense,MT,Pontes e Lacerda - Comodoro,Cáceres
5108402,Várzea Grande,Cuiabá,Centro-Sul Mato-grossense,MT,Cuiabá,Cuiabá
5108501,Vera,Sinop,Norte Mato-grossense,MT,Sorriso,Sinop
5108600,Vila Rica,Norte Araguaia,Nordeste Mato-grossense,MT,Confresa - Vila Rica,Barra do Garças
5108808,Nova Guarita,Colíder,Norte Mato-grossense,MT,Sinop,Sinop
5108857,Nova Marilândia,Alto Paraguai,Centro-Sul Mato-grossense,MT,Diamantino,Cuiabá
5108907,Nova Maringá,Arinos,Norte Mato-grossense,MT,Diamantino,Cuiabá
5108956,Nova Monte Verde,Alta Floresta,Norte Mato-grossense,MT,Alta Floresta,Sinop
5200050,Abadia de Goiás,Goiânia,Centro Goiano,GO,Goiânia,Goiânia
5200100,Abadiânia,Entorno de Brasília,Leste Goiano,GO,Anápolis,Goiânia
5200134,Acreúna,Vale do Rio dos Bois,Sul Goiano,GO,Palmeiras de Goiás,São Luís de Montes Belos - Iporá
5200159,Adelândia,Anicuns,Centro Goiano,GO,Inhumas - Itaberaí - Anicuns,Goiânia
5200175,Água Fria de Goiás,Entorno de Brasília,Leste Goiano,GO,Flores de Goiás,Luziânia - Águas Lindas de Goiás
5200209,Água Limpa,Meia Ponte,Sul Goiano,GO,Caldas Novas-Morrinhos,Itumbiara
5200258,Águas Lindas de Goiás,Entorno de Brasília,Leste Goiano,GO,Águas Lindas de Goiás,Luziânia - Águas Lindas de Goiás
5200308,Alexânia,Entorno de Brasília,Leste Goiano,GO,Anápolis,Goiânia
5200506,Aloândia,Meia Ponte,Sul Goiano,GO,Itumbiara,Itumbiara
5200555,Alto Horizonte,Porangatu,Norte Goiano,GO,Uruaçu - Niquelândia,Porangatu - Uruaçu
5200605,Alto Paraíso de Goiás,Chapada dos Veadeiros,Norte Goiano,GO,Flores de Goiás,Luziânia - Águas Lindas de Goiás
5200803,Alvorada do Norte,Vão do Paranã,Leste Goiano,GO,Posse-Campos Belos,Luziânia - Águas Lindas de Goiás
5200829,Amaralina,Porangatu,Norte Goiano,GO,Uruaçu - Niquelândia,Porangatu - Uruaçu
5200852,Americano do Brasil,Anicuns,Centro Goiano,GO,Inhumas - Itaberaí - Anicuns,Goiânia
5200902,Amorinópolis,Iporá,Centro Goiano,GO,Iporá,São Luís de Montes Belos - Iporá
5201108,Anápolis,Anápolis,Centro Goiano,GO,Anápolis,Goiânia
5201207,Anhanguera,Catalão,Sul Goiano,GO,Catalão,Goiânia
5201306,Anicuns,Anicuns,Centro Goiano,GO,Inhumas - Itaberaí - Anicuns,Goiânia
5201405,Aparecida de Goiânia,Goiânia,Centro Goiano,GO,Goiânia,Goiânia
5201454,Aparecida do Rio Doce,Sudoeste de Goiás,Sul Goiano,GO,Rio Verde,Rio Verde
5201504,Aporé,Sudoeste de Goiás,Sul Goiano,GO,Jataí-Mineiros,Rio Verde
5201603,Araçu,Anápolis,Centro Goiano,GO,Inhumas - Itaberaí - Anicuns,Goiânia
5201702,Aragarças,Aragarças,Noroeste Goiano,GO,Iporá,São Luís de Montes Belos - Iporá
5201801,Aragoiânia,Goiânia,Centro Goiano,GO,Goiânia,Goiânia
5202155,Araguapaz,Rio Vermelho,Noroeste Goiano,GO,Goiás - Itapuranga,Goiânia
5202353,Arenópolis,Aragarças,Noroeste Goiano,GO,Iporá,São Luís de Montes Belos - Iporá
5202502,Aruanã,Rio Vermelho,Noroeste Goiano,GO,Goiás - Itapuranga,Goiânia
5202601,Aurilândia,Anicuns,Centro Goiano,GO,São Luís de Montes Belos,São Luís de Montes Belos - Iporá
5202809,Avelinópolis,Anicuns,Centro Goiano,GO,Inhumas - Itaberaí - Anicuns,Goiânia
5203104,Baliza,Aragarças,Noroeste Goiano,GO,Iporá,São Luís de Montes Belos - Iporá
5203203,Barro Alto,Ceres,Centro Goiano,GO,Ceres - Rialma - Goianésia,Porangatu - Uruaçu
5203302,Bela Vista de Goiás,Goiânia,Centro Goiano,GO,Goiânia,Goiânia
5203401,Bom Jardim de Goiás,Aragarças,Noroeste Goiano,GO,Iporá,São Luís de Montes Belos - Iporá
5203500,Bom Jesus de Goiás,Meia Ponte,Sul Goiano,GO,Itumbiara,Itumbiara
5203559,Bonfinópolis,Goiânia,Centro Goiano,GO,Goiânia,Goiânia
5203575,Bonópolis,Porangatu,Norte Goiano,GO,Porangatu,Porangatu - Uruaçu
5203609,Brazabrantes,Anápolis,Centro Goiano,GO,Goiânia,Goiânia
5203807,Britânia,Rio Vermelho,Noroeste Goiano,GO,Goiás - Itapuranga,Goiânia
5203906,Buriti Alegre,Meia Ponte,Sul Goiano,GO,Itumbiara,Itumbiara
5203939,Buriti de Goiás,Anicuns,Centro Goiano,GO,São Luís de Montes Belos,São Luís de Montes Belos - Iporá
5203962,Buritinópolis,Vão do Paranã,Leste Goiano,GO,Posse-Campos Belos,Luziânia - Águas Lindas de Goiás
5204003,Cabeceiras,Entorno de Brasília,Leste Goiano,GO,Águas Lindas de Goiás,Luziânia - Águas Lindas de Goiás
5204102,Cachoeira Alta,Quirinópolis,Sul Goiano,GO,Rio Verde,Rio Verde
5204201,Cachoeira de Goiás,Iporá,Centro Goiano,GO,São Luís de Montes Belos,São Luís de Montes Belos - Iporá
5204250,Cachoeira Dourada,Meia Ponte,Sul Goiano,GO,Itumbiara,Itumbiara
5204300,Caçu,Quirinópolis,Sul Goiano,GO,Rio Verde,Rio Verde
5204409,Caiapônia,Sudoeste de Goiás,Sul Goiano,GO,Jataí-Mineiros,Rio Verde
5204508,Caldas Novas,Meia Ponte,Sul Goiano,GO,Caldas Novas-Morrinhos,Itumbiara
5204557,Caldazinha,Goiânia,Centro Goiano,GO,Goiânia,Goiânia
5204607,Campestre de Goiás,Vale do Rio dos Bois,Sul Goiano,GO,Palmeiras de Goiás,São Luís de Montes Belos - Iporá
5204656,Campinaçu,Porangatu,Norte Goiano,GO,Porangatu,Porangatu - Uruaçu
5204706,Campinorte,Porangatu,Norte Goiano,GO,Uruaçu - Niquelândia,Porangatu - Uruaçu
5204805,Campo Alegre de Goiás,Catalão,Sul Goiano,GO,Catalão,Goiânia
5204854,Campo Limpo de Goiás,Anápolis,Centro Goiano,GO,Anápolis,Goiânia
5204904,Campos Belos,Chapada dos Veadeiros,Norte Goiano,GO,Posse-Campos Belos,Luziânia - Águas Lindas de Goiás
5204953,Campos Verdes,Porangatu,Norte Goiano,GO,Ceres - Rialma - Goianésia,Porangatu - Uruaçu
5205000,Carmo do Rio Verde,Ceres,Centro Goiano,GO,Ceres - Rialma - Goianésia,Porangatu - Uruaçu
5205059,Castelândia,Sudoeste de Goiás,Sul Goiano,GO,Rio Verde,Rio Verde
5205109,Catalão,Catalão,Sul Goiano,GO,Catalão,Goiânia
5205208,Caturaí,Anápolis,Centro Goiano,GO,Goiânia,Goiânia
5205307,Cavalcante,Chapada dos Veadeiros,Norte Goiano,GO,Flores de Goiás,Luziânia - Águas Lindas de Goiás
5205406,Ceres,Ceres,Centro Goiano,GO,Ceres - Rialma - Goianésia,Porangatu - Uruaçu
5205455,Cezarina,Vale do Rio dos Bois,Sul Goiano,GO,Palmeiras de Goiás,São Luís de Montes Belos - Iporá
5205471,Chapadão do Céu,Sudoeste de Goiás,Sul Goiano,GO,Jataí-Mineiros,Rio Verde
5205497,Cidade Ocidental,Entorno de Brasília,Leste Goiano,GO,Luziânia,Luziânia - Águas Lindas de Goiás
5205513,Cocalzinho de Goiás,Entorno de Brasília,Leste Goiano,GO,Águas Lindas de Goiás,Luziânia - Águas Lindas de Goiás
5205521,Colinas do Sul,Chapada dos Veadeiros,Norte Goiano,GO,Uruaçu - Niquelândia,Porangatu - Uruaçu
5205703,Córrego do Ouro,Iporá,Centro Goiano,GO,São Luís de Montes Belos,São Luís de Montes Belos - Iporá
5205802,Corumbá de Goiás,Entorno de Brasília,Leste Goiano,GO,Anápolis,Goiânia
5205901,Corumbaíba,Catalão,Sul Goiano,GO,Caldas Novas-Morrinhos,Itumbiara
5206206,Cristalina,Entorno de Brasília,Leste Goiano,GO,Luziânia,Luziânia - Águas Lindas de Goiás
5206305,Cristianópolis,Pires do Rio,Sul Goiano,GO,Piracanjuba,Itumbiara
5206404,Crixás,São Miguel do Araguaia,Noroeste Goiano,GO,Ceres - Rialma - Goianésia,Porangatu - Uruaçu
5206503,Cromínia,Meia Ponte,Sul Goiano,GO,Piracanjuba,Itumbiara
5206602,Cumari,Catalão,Sul Goiano,GO,Catalão,Goiânia
5206701,Damianópolis,Vão do Paranã,Leste Goiano,GO,Posse-Campos Belos,Luziânia - Águas Lindas de Goiás
5206800,Damolândia,Anápolis,Centro Goiano,GO,Inhumas - Itaberaí - Anicuns,Goiânia
5206909,Davinópolis,Catalão,Sul Goiano,GO,Catalão,Goiânia
5207105,Diorama,Aragarças,Noroeste Goiano,GO,Iporá,São Luís de Montes Belos - Iporá
5207253,Doverlândia,Sudoeste de Goiás,Sul Goiano,GO,Jataí-Mineiros,Rio Verde
5207352,Edealina,Vale do Rio dos Bois,Sul Goiano,GO,Piracanjuba,Itumbiara
5207402,Edéia,Vale do Rio dos Bois,Sul Goiano,GO,Palmeiras de Goiás,São Luís de Montes Belos - Iporá
5207501,Estrela do Norte,Porangatu,Norte Goiano,GO,Porangatu,Porangatu - Uruaçu
5207535,Faina,Rio Vermelho,Noroeste Goiano,GO,Goiás - Itapuranga,Goiânia
5207600,Fazenda Nova,Iporá,Centro Goiano,GO,São Luís de Montes Belos,São Luís de Montes Belos - Iporá
5207808,Firminópolis,Anicuns,Centro Goiano,GO,Palmeiras de Goiás,São Luís de Montes Belos - Iporá
5207907,Flores de Goiás,Vão do Paranã,Leste Goiano,GO,Flores de Goiás,Luziânia - Águas Lindas de Goiás
5208004,Formosa,Entorno de Brasília,Leste Goiano,GO,Águas Lindas de Goiás,Luziânia - Águas Lindas de Goiás
5208103,Formoso,Porangatu,Norte Goiano,GO,Porangatu,Porangatu - Uruaçu
5208152,Gameleira de Goiás,Pires do Rio,Sul Goiano,GO,Anápolis,Goiânia
5208301,Divinópolis de Goiás,Vão do Paranã,Leste Goiano,GO,Posse-Campos Belos,Luziânia - Águas Lindas de Goiás
5208400,Goianápolis,Goiânia,Centro Goiano,GO,Anápolis,Goiânia
5208509,Goiandira,Catalão,Sul Goiano,GO,Catalão,Goiânia
5208608,Goianésia,Ceres,Centro Goiano,GO,Ceres - Rialma - Goianésia,Porangatu - Uruaçu
5208707,Goiânia,Goiânia,Centro Goiano,GO,Goiânia,Goiânia
5208806,Goianira,Goiânia,Centro Goiano,GO,Goiânia,Goiânia
5208905,Goiás,Rio Vermelho,Noroeste Goiano,GO,Goiás - Itapuranga,Goiânia
5209101,Goiatuba,Meia Ponte,Sul Goiano,GO,Itumbiara,Itumbiara
5209150,Gouvelândia,Quirinópolis,Sul Goiano,GO,Quirinópolis,Rio Verde
5209200,Guapó,Goiânia,Centro Goiano,GO,Goiânia,Goiânia
5209291,Guaraíta,Ceres,Centro Goiano,GO,Goiás - Itapuranga,Goiânia
5209408,Guarani de Goiás,Vão do Paranã,Leste Goiano,GO,Posse-Campos Belos,Luziânia - Águas Lindas de Goiás
5209457,Guarinos,Ceres,Centro Goiano,GO,Ceres - Rialma - Goianésia,Porangatu - Uruaçu
5209606,Heitoraí,Anápolis,Centro Goiano,GO,Inhumas - Itaberaí - Anicuns,Goiânia
5209705,Hidrolândia,Goiânia,Centro Goiano,GO,Goiânia,Goiânia
5209804,Hidrolina,Ceres,Centro Goiano,GO,Uruaçu - Niquelândia,Porangatu - Uruaçu
5209903,Iaciara,Vão do Paranã,Leste Goiano,GO,Posse-Campos Belos,Luziânia - Águas Lindas de Goiás
5209937,Inaciolândia,Meia Ponte,Sul Goiano,GO,Quirinópolis,Rio Verde
5209952,Indiara,Vale do Rio dos Bois,Sul Goiano,GO,Palmeiras de Goiás,São Luís de Montes Belos - Iporá
5210000,Inhumas,Anápolis,Centro Goiano,GO,Inhumas - Itaberaí - Anicuns,Goiânia
5210109,Ipameri,Catalão,Sul Goiano,GO,Catalão,Goiânia
5210158,Ipiranga de Goiás,Ceres,Centro Goiano,GO,Ceres - Rialma - Goianésia,Porangatu - Uruaçu
5210208,Iporá,Iporá,Centro Goiano,GO,Iporá,São Luís de Montes Belos - Iporá
5210307,Israelândia,Iporá,Centro Goiano,GO,Iporá,São Luís de Montes Belos - Iporá
5210406,Itaberaí,Anápolis,Centro Goiano,GO,Inhumas - Itaberaí - Anicuns,Goiânia
5210562,Itaguari,Anápolis,Centro Goiano,GO,Inhumas - Itaberaí - Anicuns,Goiânia
5210604,Itaguaru,Anápolis,Centro Goiano,GO,Inhumas - Itaberaí - Anicuns,Goiânia
5210802,Itajá,Quirinópolis,Sul Goiano,GO,Rio Verde,Rio Verde
5210901,Itapaci,Ceres,Centro Goiano,GO,Ceres - Rialma - Goianésia,Porangatu - Uruaçu
5211008,Itapirapuã,Rio Vermelho,Noroeste Goiano,GO,Goiás - Itapuranga,Goiânia
5211206,Itapuranga,Ceres,Centro Goiano,GO,Goiás - Itapuranga,Goiânia
5211305,Itarumã,Quirinópolis,Sul Goiano,GO,Rio Verde,Rio Verde
5211404,Itauçu,Anápolis,Centro Goiano,GO,Inhumas - Itaberaí - Anicuns,Goiânia
5211503,Itumbiara,Meia Ponte,Sul Goiano,GO,Itumbiara,Itumbiara
5211602,Ivolândia,Iporá,Centro Goiano,GO,São Luís de Montes Belos,São Luís de Montes Belos - Iporá
5211701,Jandaia,Vale do Rio dos Bois,Sul Goiano,GO,Palmeiras de Goiás,São Luís de Montes Belos - Iporá
5211800,Jaraguá,Anápolis,Centro Goiano,GO,Anápolis,Goiânia
5211909,Jataí,Sudoeste de Goiás,Sul Goiano,GO,Jataí-Mineiros,Rio Verde
5212006,Jaupaci,Iporá,Centro Goiano,GO,Iporá,São Luís de Montes Belos - Iporá
5212055,Jesúpolis,Anápolis,Centro Goiano,GO,Anápolis,Goiânia
5212105,Joviânia,Meia Ponte,Sul Goiano,GO,Itumbiara,Itumbiara
5212204,Jussara,Rio Vermelho,Noroeste Goiano,GO,Goiás - Itapuranga,Goiânia
5212253,Lagoa Santa,Quirinópolis,Sul Goiano,GO,Rio Verde,Rio Verde
5212303,Leopoldo de Bulhões,Goiânia,Centro Goiano,GO,Anápolis,Goiânia
5212501,Luziânia,Entorno de Brasília,Leste Goiano,GO,Luziânia,Luziânia - Águas Lindas de Goiás
5212600,Mairipotaba,Meia Ponte,Sul Goiano,GO,Piracanjuba,Itumbiara
5212709,Mambaí,Vão do Paranã,Leste Goiano,GO,Posse-Campos Belos,Luziânia - Águas Lindas de Goiás
5212808,Mara Rosa,Porangatu,Norte Goiano,GO,Uruaçu - Niquelândia,Porangatu - Uruaçu
5212907,Marzagão,Meia Ponte,Sul Goiano,GO,Caldas Novas-Morrinhos,Itumbiara
5212956,Matrinchã,Rio Vermelho,Noroeste Goiano,GO,Goiás - Itapuranga,Goiânia
5213004,Maurilândia,Sudoeste de Goiás,Sul Goiano,GO,Rio Verde,Rio Verde
5213053,Mimoso de Goiás,Entorno de Brasília,Leste Goiano,GO,Águas Lindas de Goiás,Luziânia - Águas Lindas de Goiás
5213087,Minaçu,Porangatu,Norte Goiano,GO,Porangatu,Porangatu - Uruaçu
5213103,Mineiros,Sudoeste de Goiás,Sul Goiano,GO,Jataí-Mineiros,Rio Verde
5213400,Moiporá,Iporá,Centro Goiano,GO,São Luís de Montes Belos,São Luís de Montes Belos - Iporá
5213509,Monte Alegre de Goiás,Chapada dos Veadeiros,Norte Goiano,GO,Posse-Campos Belos,Luziânia - Águas Lindas de Goiás
5213707,Montes Claros de Goiás,Aragarças,Noroeste Goiano,GO,Iporá,São Luís de Montes Belos - Iporá
5213756,Montividiu,Sudoeste de Goiás,Sul Goiano,GO,Rio Verde,Rio Verde
5213772,Montividiu do Norte,Porangatu,Norte Goiano,GO,Porangatu,Porangatu - Uruaçu
5213806,Morrinhos,Meia Ponte,Sul Goiano,GO,Caldas Novas-Morrinhos,Itumbiara
5213855,Morro Agudo de Goiás,Ceres,Centro Goiano,GO,Ceres - Rialma - Goianésia,Porangatu - Uruaçu
5213905,Mossâmedes,Anicuns,Centro Goiano,GO,Goiás - Itapuranga,Goiânia
5214002,Mozarlândia,São Miguel do Araguaia,Noroeste Goiano,GO,Goiás - Itapuranga,Goiânia
5214051,Mundo Novo,São Miguel do Araguaia,Noroeste Goiano,GO,Porangatu,Porangatu - Uruaçu
5214101,Mutunópolis,Porangatu,Norte Goiano,GO,Porangatu,Porangatu - Uruaçu
5214408,Nazário,Anicuns,Centro Goiano,GO,Palmeiras de Goiás,São Luís de Montes Belos - Iporá
5214507,Nerópolis,Goiânia,Centro Goiano,GO,Goiânia,Goiânia
5214606,Niquelândia,Porangatu,Norte Goiano,GO,Uruaçu - Niquelândia,Porangatu - Uruaçu
5214705,Nova América,Ceres,Centro Goiano,GO,Ceres - Rialma - Goianésia,Porangatu - Uruaçu
5214804,Nova Aurora,Catalão,Sul Goiano,GO,Catalão,Goiânia
5214838,Nova Crixás,São Miguel do Araguaia,Noroeste Goiano,GO,Goiás - Itapuranga,Goiânia
5214861,Nova Glória,Ceres,Centro Goiano,GO,Ceres - Rialma - Goianésia,Porangatu - Uruaçu
5214879,Nova Iguaçu de Goiás,Porangatu,Norte Goiano,GO,Uruaçu - Niquelândia,Porangatu - Uruaçu
5214903,Nova Roma,Chapada dos Veadeiros,Norte Goiano,GO,Posse-Campos Belos,Luziânia - Águas Lindas de Goiás
5215009,Nova Veneza,Anápolis,Centro Goiano,GO,Goiânia,Goiânia
5215207,Novo Brasil,Iporá,Centro Goiano,GO,Goiás - Itapuranga,Goiânia
5215231,Novo Gama,Entorno de Brasília,Leste Goiano,GO,Luziânia,Luziânia - Águas Lindas de Goiás
5215256,Novo Planalto,São Miguel do Araguaia,Noroeste Goiano,GO,Porangatu,Porangatu - Uruaçu
5215306,Orizona,Pires do Rio,Sul Goiano,GO,Pires do Rio,Goiânia
5215405,Ouro Verde de Goiás,Anápolis,Centro Goiano,GO,Anápolis,Goiânia
5215504,Ouvidor,Catalão,Sul Goiano,GO,Catalão,Goiânia
5215603,Padre Bernardo,Entorno de Brasília,Leste Goiano,GO,Águas Lindas de Goiás,Luziânia - Águas Lindas de Goiás
5215652,Palestina de Goiás,Sudoeste de Goiás,Sul Goiano,GO,Iporá,São Luís de Montes Belos - Iporá
5215702,Palmeiras de Goiás,Vale do Rio dos Bois,Sul Goiano,GO,Palmeiras de Goiás,São Luís de Montes Belos - Iporá
5215801,Palmelo,Pires do Rio,Sul Goiano,GO,Pires do Rio,Goiânia
5215900,Palminópolis,Vale do Rio dos Bois,Sul Goiano,GO,Palmeiras de Goiás,São Luís de Montes Belos - Iporá
5216007,Panamá,Meia Ponte,Sul Goiano,GO,Itumbiara,Itumbiara
5216304,Paranaiguara,Quirinópolis,Sul Goiano,GO,Quirinópolis,Rio Verde
5216403,Paraúna,Vale do Rio dos Bois,Sul Goiano,GO,Palmeiras de Goiás,São Luís de Montes Belos - Iporá
5216452,Perolândia,Sudoeste de Goiás,Sul Goiano,GO,Jataí-Mineiros,Rio Verde
5216809,Petrolina de Goiás,Anápolis,Centro Goiano,GO,Anápolis,Goiânia
5216908,Pilar de Goiás,Ceres,Centro Goiano,GO,Ceres - Rialma - Goianésia,Porangatu - Uruaçu
5217104,Piracanjuba,Meia Ponte,Sul Goiano,GO,Piracanjuba,Itumbiara
5217203,Piranhas,Aragarças,Noroeste Goiano,GO,Iporá,São Luís de Montes Belos - Iporá
5217302,Pirenópolis,Entorno de Brasília,Leste Goiano,GO,Anápolis,Goiânia
5217401,Pires do Rio,Pires do Rio,Sul Goiano,GO,Pires do Rio,Goiânia
5217609,Planaltina,Entorno de Brasília,Leste Goiano,GO,Águas Lindas de Goiás,Luziânia - Águas Lindas de Goiás
5217708,Pontalina,Meia Ponte,Sul Goiano,GO,Piracanjuba,Itumbiara
5218003,Porangatu,Porangatu,Norte Goiano,GO,Porangatu,Porangatu - Uruaçu
5218052,Porteirão,Meia Ponte,Sul Goiano,GO,Rio Verde,Rio Verde
5218102,Portelândia,Sudoeste de Goiás,Sul Goiano,GO,Jataí-Mineiros,Rio Verde
5218300,Posse,Vão do Paranã,Leste Goiano,GO,Posse-Campos Belos,Luziânia - Águas Lindas de Goiás
5218391,Professor Jamil,Meia Ponte,Sul Goiano,GO,Piracanjuba,Itumbiara
5218508,Quirinópolis,Quirinópolis,Sul Goiano,GO,Quirinópolis,Rio Verde
5218607,Rialma,Ceres,Centro Goiano,GO,Ceres - Rialma - Goianésia,Porangatu - Uruaçu
5218706,Rianápolis,Ceres,Centro Goiano,GO,Ceres - Rialma - Goianésia,Porangatu - Uruaçu
5218789,Rio Quente,Meia Ponte,Sul Goiano,GO,Caldas Novas-Morrinhos,Itumbiara
5218805,Rio Verde,Sudoeste de Goiás,Sul Goiano,GO,Rio Verde,Rio Verde
5218904,Rubiataba,Ceres,Centro Goiano,GO,Ceres - Rialma - Goianésia,Porangatu - Uruaçu
5219001,Sanclerlândia,Anicuns,Centro Goiano,GO,São Luís de Montes Belos,São Luís de Montes Belos - Iporá
5219100,Santa Bárbara de Goiás,Anicuns,Centro Goiano,GO,Palmeiras de Goiás,São Luís de Montes Belos - Iporá
5219209,Santa Cruz de Goiás,Pires do Rio,Sul Goiano,GO,Pires do Rio,Goiânia
5219258,Santa Fé de Goiás,Rio Vermelho,Noroeste Goiano,GO,Goiás - Itapuranga,Goiânia
5219308,Santa Helena de Goiás,Sudoeste de Goiás,Sul Goiano,GO,Rio Verde,Rio Verde
5219357,Santa Isabel,Ceres,Centro Goiano,GO,Ceres - Rialma - Goianésia,Porangatu - Uruaçu
5219407,Santa Rita do Araguaia,Sudoeste de Goiás,Sul Goiano,GO,Jataí-Mineiros,Rio Verde
5219456,Santa Rita do Novo Destino,Ceres,Centro Goiano,GO,Ceres - Rialma - Goianésia,Porangatu - Uruaçu
5219506,Santa Rosa de Goiás,Anápolis,Centro Goiano,GO,Anápolis,Goiânia
5219605,Santa Tereza de Goiás,Porangatu,Norte Goiano,GO,Porangatu,Porangatu - Uruaçu
5219704,Santa Terezinha de Goiás,Porangatu,Norte Goiano,GO,Ceres - Rialma - Goianésia,Porangatu - Uruaçu
5219712,Santo Antônio da Barra,Sudoeste de Goiás,Sul Goiano,GO,Rio Verde,Rio Verde
5219738,Santo Antônio de Goiás,Goiânia,Centro Goiano,GO,Goiânia,Goiânia
5219753,Santo Antônio do Descoberto,Entorno de Brasília,Leste Goiano,GO,Luziânia,Luziânia - Águas Lindas de Goiás
5219803,São Domingos,Vão do Paranã,Leste Goiano,GO,Posse-Campos Belos,Luziânia - Águas Lindas de Goiás
5219902,São Francisco de Goiás,Anápolis,Centro Goiano,GO,Anápolis,Goiânia
5220009,São João d'Aliança,Chapada dos Veadeiros,Norte Goiano,GO,Flores de Goiás,Luziânia - Águas Lindas de Goiás
5220058,São João da Paraúna,Vale do Rio dos Bois,Sul Goiano,GO,Palmeiras de Goiás,São Luís de Montes Belos - Iporá
5220108,São Luís de Montes Belos,Anicuns,Centro Goiano,GO,São Luís de Montes Belos,São Luís de Montes Belos - Iporá
5220157,São Luiz do Norte,Ceres,Centro Goiano,GO,Uruaçu - Niquelândia,Porangatu - Uruaçu
5220207,São Miguel do Araguaia,São Miguel do Araguaia,Noroeste Goiano,GO,Porangatu,Porangatu - Uruaçu
5220264,São Miguel do Passa Quatro,Pires do Rio,Sul Goiano,GO,Anápolis,Goiânia
5220280,São Patrício,Ceres,Centro Goiano,GO,Ceres - Rialma - Goianésia,Porangatu - Uruaçu
5220405,São Simão,Quirinópolis,Sul Goiano,GO,Quirinópolis,Rio Verde
5220454,Senador Canedo,Goiânia,Centro Goiano,GO,Goiânia,Goiânia
5220504,Serranópolis,Sudoeste de Goiás,Sul Goiano,GO,Jataí-Mineiros,Rio Verde
5220603,Silvânia,Pires do Rio,Sul Goiano,GO,Anápolis,Goiânia
5220686,Simolândia,Vão do Paranã,Leste Goiano,GO,Posse-Campos Belos,Luziânia - Águas Lindas de Goiás
5220702,Sítio d'Abadia,Vão do Paranã,Leste Goiano,GO,Posse-Campos Belos,Luziânia - Águas Lindas de Goiás
5221007,Taquaral de Goiás,Anápolis,Centro Goiano,GO,Inhumas - Itaberaí - Anicuns,Goiânia
5221080,Teresina de Goiás,Chapada dos Veadeiros,Norte Goiano,GO,Flores de Goiás,Luziânia - Águas Lindas de Goiás
5221197,Terezópolis de Goiás,Goiânia,Centro Goiano,GO,Goiânia,Goiânia
5221304,Três Ranchos,Catalão,Sul Goiano,GO,Catalão,Goiânia
5221403,Trindade,Goiânia,Centro Goiano,GO,Goiânia,Goiânia
5221452,Trombas,Porangatu,Norte Goiano,GO,Porangatu,Porangatu - Uruaçu
5221502,Turvânia,Anicuns,Centro Goiano,GO,Palmeiras de Goiás,São Luís de Montes Belos - Iporá
5221551,Turvelândia,Vale do Rio dos Bois,Sul Goiano,GO,Rio Verde,Rio Verde
5221577,Uirapuru,São Miguel do Araguaia,Noroeste Goiano,GO,Ceres - Rialma - Goianésia,Porangatu - Uruaçu
5221601,Uruaçu,Porangatu,Norte Goiano,GO,Uruaçu - Niquelândia,Porangatu - Uruaçu
5221700,Uruana,Ceres,Centro Goiano,GO,Ceres - Rialma - Goianésia,Porangatu - Uruaçu
5221809,Urutaí,Pires do Rio,Sul Goiano,GO,Pires do Rio,Goiânia
5221858,Valparaíso de Goiás,Entorno de Brasília,Leste Goiano,GO,Luziânia,Luziânia - Águas Lindas de Goiás
5221908,Varjão,Vale do Rio dos Bois,Sul Goiano,GO,Goiânia,Goiânia
5222005,Vianópolis,Pires do Rio,Sul Goiano,GO,Anápolis,Goiânia
5222054,Vicentinópolis,Meia Ponte,Sul Goiano,GO,Piracanjuba,Itumbiara
5222203,Vila Boa,Entorno de Brasília,Leste Goiano,GO,Flores de Goiás,Luziânia - Águas Lindas de Goiás
5222302,Vila Propício,Entorno de Brasília,Leste Goiano,GO,Ceres - Rialma - Goianésia,Porangatu - Uruaçu
5300108,Brasília,Brasília,Distrito Federal,DF,Distrito Federal,Distrito Federal
